"","Scientific_name","Iconic_taxa","Match NPSpecies","iNaturalist_Entry_count"
"1","Buteo jamaicensis","Aves","No Match","1"
"2","Buteo lineatus","Aves","No Match","1"
"3","Cardinalis cardinalis","Aves","No Match","1"
"4","Piranga rubra","Aves","No Match","1"
"5","Polioptila caerulea","Aves","No Match","1"
"6","Sialia sialis","Aves","No Match","3"
"7","Zenaida macroura","Aves","No Match","1"
"8","Didelphis virginiana","Mammalia","Match","1"
"9","Allium vineale","Plantae","No Match","1"
"10","Alocasia macrorrhizos","Plantae","No Match","1"
"11","Ambrosia artemisiifolia","Plantae","No Match","1"
"12","Ampelopsis arborea","Plantae","No Match","1"
"13","Aralia spinosa","Plantae","No Match","1"
"14","Arundinaria tecta","Plantae","No Match","1"
"15","Asplenium platyneuron","Plantae","No Match","1"
"16","Baccharis halimifolia","Plantae","Match","1"
"17","Berchemia scandens","Plantae","No Match","1"
"18","Borrichia frutescens","Plantae","No Match","1"
"19","Bromus catharticus","Plantae","No Match","1"
"20","Callicarpa americana","Plantae","Match","1"
"21","Campsis radicans","Plantae","No Match","1"
"22","Carex longii","Plantae","No Match","1"
"23","Carya illinoinensis","Plantae","Match","1"
"24","Castanea mollissima","Plantae","No Match","1"
"25","Chimaphila maculata","Plantae","No Match","1"
"26","Commelina erecta","Plantae","No Match","1"
"27","Dichondra carolinensis","Plantae","No Match","1"
"28","Diospyros virginiana","Plantae","No Match","1"
"29","Elaeagnus pungens","Plantae","Match","1"
"30","Eriobotrya japonica","Plantae","No Match","1"
"31","Erythrina herbacea","Plantae","No Match","1"
"32","Eupatorium capillifolium","Plantae","Match","1"
"33","Hedera helix","Plantae","No Match","1"
"34","Hydrocotyle bonariensis","Plantae","No Match","1"
"35","Ilex opaca","Plantae","No Match","1"
"36","Ilex vomitoria","Plantae","No Match","1"
"37","Juncus roemerianus","Plantae","Match","1"
"38","Juniperus virginiana","Plantae","Match","1"
"39","Lactuca graminifolia","Plantae","No Match","1"
"40","Lathyrus latifolius","Plantae","No Match","1"
"41","Lespedeza cuneata","Plantae","Match","2"
"42","Ligustrum japonicum","Plantae","Match","1"
"43","Ligustrum sinense","Plantae","Match","2"
"44","Liquidambar styraciflua","Plantae","Match","1"
"45","Liriodendron tulipifera","Plantae","No Match","1"
"46","Lonicera japonica","Plantae","Match","1"
"47","Magnolia grandiflora","Plantae","Match","2"
"48","Mitchella repens","Plantae","No Match","1"
"49","Morella cerifera","Plantae","Match","1"
"50","Oplismenus hirtellus","Plantae","No Match","1"
"51","Oxalis articulata","Plantae","No Match","2"
"52","Parthenocissus quinquefolia","Plantae","No Match","2"
"53","Passiflora incarnata","Plantae","No Match","1"
"54","Passiflora lutea","Plantae","Match","1"
"55","Phyla nodiflora","Plantae","No Match","1"
"56","Phytolacca americana","Plantae","No Match","1"
"57","Plantago major","Plantae","No Match","1"
"58","Platanus occidentalis","Plantae","Match","1"
"59","Pleopeltis michauxiana","Plantae","No Match","3"
"60","Podocarpus macrophyllus","Plantae","No Match","1"
"61","Polypremum procumbens","Plantae","No Match","1"
"62","Prunus caroliniana","Plantae","Match","1"
"63","Quercus nigra","Plantae","Match","1"
"64","Quercus velutina","Plantae","No Match","1"
"65","Quercus virginiana","Plantae","Match","1"
"66","Rhus copallinum","Plantae","No Match","1"
"67","Sassafras albidum","Plantae","No Match","1"
"68","Saururus cernuus","Plantae","Match","1"
"69","Smilax bona-nox","Plantae","No Match","1"
"70","Sorghum halepense","Plantae","No Match","1"
"71","Stachys floridana","Plantae","No Match","1"
"72","Stellaria media","Plantae","No Match","1"
"73","Tillandsia usneoides","Plantae","Match","3"
"74","Toxicodendron radicans","Plantae","No Match","2"
"75","Triadica sebifera","Plantae","Match","5"
"76","Trifolium repens","Plantae","Match","1"
"77","Vitis rotundifolia","Plantae","Match","1"
"78","Wahlenbergia marginata","Plantae","No Match","1"
"79","Wisteria sinensis","Plantae","Match","2"
"80","Woodwardia areolata","Plantae","Match","1"
"81","Anolis carolinensis","Reptilia","Match","5"
"82","Opheodrys aestivus","Reptilia","No Match","1"
"83","Ophisaurus ventralis","Reptilia","No Match","1"
"84","Plestiodon fasciatus","Reptilia","No Match","1"
"85","Euphoria sepulcralis","Insecta","Table 4","2"
"86","Sceliphron caementarium","Insecta","Table 4","1"
"87","Alaus oculatus","Insecta","Table 4","2"
"88","Plecia nearctica","Insecta","Table 4","6"
"89","Vanessa virginiensis","Insecta","Table 4","6"
"90","Schistocerca americana","Insecta","Table 4","2"
"91","Arilus cristatus","Insecta","Table 4","4"
"92","Junonia coenia","Insecta","Table 4","2"
"93","Libellula needhami","Insecta","Table 4","2"
"94","Minuca minax","Animalia","Table 4","2"
"95","Erythemis simplicicollis","Insecta","Table 4","2"
"96","Coccinella septempunctata","Insecta","Table 4","2"
