"","Iconic.taxon.name","Scientific.name","Common.name"
"1","Animalia","Minuca minax","Red-jointed Fiddler Crab"
"2","Insecta","Alaus oculatus","Eastern Eyed Click Beetle"
"3","Insecta","Arilus cristatus","Wheel Bug"
"4","Insecta","Coccinella septempunctata","Seven-spotted Lady Beetle"
"5","Insecta","Erythemis simplicicollis","Eastern Pondhawk"
"6","Insecta","Euphoria sepulcralis","Dark Flower Scarab"
"7","Insecta","Junonia coenia","Common Buckeye"
"8","Insecta","Libellula needhami","Needham's Skimmer"
"9","Insecta","Plecia nearctica","Common Lovebug"
"10","Insecta","Sceliphron caementarium","Yellow-legged Mud-dauber Wasp"
"11","Insecta","Schistocerca americana","American Bird Grasshopper"
"12","Insecta","Vanessa virginiensis","American Lady"
