"","Scientific_name","Iconic_taxa","iNat_NPS_matches","iNat_NPSsynonym_matches","iNat_ITIS_synonym_matches","iNat_ITIS_nonsyn_matches","iNaturalist_URL"
"1","Buteo jamaicensis","Aves","FALSE","FALSE","FALSE","FALSE","http://www.inaturalist.org/observations/3247087"
"2","Buteo lineatus","Aves","FALSE","FALSE","FALSE","FALSE","http://www.inaturalist.org/observations/3232081"
"3","Cardinalis cardinalis","Aves","FALSE","FALSE","FALSE","FALSE","http://www.inaturalist.org/observations/3251795"
"4","Piranga rubra","Aves","FALSE","FALSE","FALSE","FALSE","http://www.inaturalist.org/observations/3244378"
"5","Polioptila caerulea","Aves","FALSE","FALSE","FALSE","FALSE","http://www.inaturalist.org/observations/3242808"
"6","Sialia sialis","Aves","FALSE","FALSE","FALSE","FALSE","http://www.inaturalist.org/observations/3299017"
"7","Sialia sialis","Aves","FALSE","FALSE","FALSE","FALSE","http://www.inaturalist.org/observations/3230298"
"8","Sialia sialis","Aves","FALSE","FALSE","FALSE","FALSE","http://www.inaturalist.org/observations/3230389"
"9","Zenaida macroura","Aves","FALSE","FALSE","FALSE","FALSE","http://www.inaturalist.org/observations/3250300"
"10","Didelphis virginiana","Mammalia","TRUE","FALSE","FALSE","FALSE","http://www.inaturalist.org/observations/3232079"
"11","Allium vineale","Plantae","FALSE","FALSE","FALSE","FALSE","http://www.inaturalist.org/observations/3252553"
"12","Alocasia macrorrhizos","Plantae","FALSE","FALSE","FALSE","FALSE","http://www.inaturalist.org/observations/3243458"
"13","Ambrosia artemisiifolia","Plantae","FALSE","FALSE","FALSE","FALSE","http://www.inaturalist.org/observations/3232107"
"14","Ampelopsis arborea","Plantae","FALSE","FALSE","FALSE","FALSE","http://www.inaturalist.org/observations/3252539"
"15","Aralia spinosa","Plantae","FALSE","FALSE","FALSE","FALSE","http://www.inaturalist.org/observations/3232090"
"16","Arundinaria tecta","Plantae","FALSE","FALSE","FALSE","FALSE","http://www.inaturalist.org/observations/3243427"
"17","Asplenium platyneuron","Plantae","FALSE","FALSE","FALSE","FALSE","http://www.inaturalist.org/observations/3243449"
"18","Baccharis halimifolia","Plantae","TRUE","FALSE","TRUE","TRUE","http://www.inaturalist.org/observations/3222299"
"19","Berchemia scandens","Plantae","FALSE","FALSE","FALSE","FALSE","http://www.inaturalist.org/observations/3252545"
"20","Borrichia frutescens","Plantae","FALSE","FALSE","FALSE","FALSE","http://www.inaturalist.org/observations/3220718"
"21","Bromus catharticus","Plantae","FALSE","FALSE","FALSE","FALSE","http://www.inaturalist.org/observations/3256070"
"22","Callicarpa americana","Plantae","TRUE","FALSE","FALSE","TRUE","http://www.inaturalist.org/observations/3232082"
"23","Campsis radicans","Plantae","FALSE","FALSE","FALSE","FALSE","http://www.inaturalist.org/observations/3222309"
"24","Carex longii","Plantae","FALSE","FALSE","FALSE","FALSE","http://www.inaturalist.org/observations/3256066"
"25","Carya illinoinensis","Plantae","TRUE","FALSE","FALSE","TRUE","http://www.inaturalist.org/observations/3243457"
"26","Castanea mollissima","Plantae","FALSE","FALSE","FALSE","FALSE","http://www.inaturalist.org/observations/3252561"
"27","Chimaphila maculata","Plantae","FALSE","FALSE","FALSE","FALSE","http://www.inaturalist.org/observations/3243434"
"28","Commelina erecta","Plantae","FALSE","FALSE","FALSE","FALSE","http://www.inaturalist.org/observations/3243459"
"29","Dichondra carolinensis","Plantae","FALSE","FALSE","FALSE","FALSE","http://www.inaturalist.org/observations/3227923"
"30","Diospyros virginiana","Plantae","FALSE","FALSE","FALSE","FALSE","http://www.inaturalist.org/observations/3252558"
"31","Elaeagnus pungens","Plantae","TRUE","FALSE","FALSE","TRUE","http://www.inaturalist.org/observations/3243419"
"32","Eriobotrya japonica","Plantae","FALSE","FALSE","FALSE","FALSE","http://www.inaturalist.org/observations/3252569"
"33","Erythrina herbacea","Plantae","FALSE","FALSE","FALSE","FALSE","http://www.inaturalist.org/observations/3220448"
"34","Eupatorium capillifolium","Plantae","TRUE","FALSE","FALSE","FALSE","http://www.inaturalist.org/observations/3256067"
"35","Hedera helix","Plantae","FALSE","FALSE","FALSE","FALSE","http://www.inaturalist.org/observations/3243431"
"36","Hydrocotyle bonariensis","Plantae","FALSE","FALSE","FALSE","FALSE","http://www.inaturalist.org/observations/3220710"
"37","Ilex opaca","Plantae","FALSE","FALSE","FALSE","FALSE","http://www.inaturalist.org/observations/3243425"
"38","Ilex vomitoria","Plantae","FALSE","FALSE","FALSE","FALSE","http://www.inaturalist.org/observations/3243450"
"39","Juncus roemerianus","Plantae","TRUE","FALSE","FALSE","FALSE","http://www.inaturalist.org/observations/3243451"
"40","Juniperus virginiana","Plantae","TRUE","FALSE","FALSE","FALSE","http://www.inaturalist.org/observations/3243433"
"41","Lactuca graminifolia","Plantae","FALSE","FALSE","FALSE","FALSE","http://www.inaturalist.org/observations/3252538"
"42","Lathyrus latifolius","Plantae","FALSE","FALSE","FALSE","FALSE","http://www.inaturalist.org/observations/3232100"
"43","Lespedeza cuneata","Plantae","TRUE","FALSE","FALSE","TRUE","http://www.inaturalist.org/observations/3442927"
"44","Lespedeza cuneata","Plantae","TRUE","FALSE","FALSE","TRUE","http://www.inaturalist.org/observations/3232106"
"45","Ligustrum japonicum","Plantae","TRUE","FALSE","FALSE","TRUE","http://www.inaturalist.org/observations/3443022"
"46","Ligustrum sinense","Plantae","TRUE","FALSE","FALSE","TRUE","http://www.inaturalist.org/observations/3443324"
"47","Ligustrum sinense","Plantae","TRUE","FALSE","FALSE","TRUE","http://www.inaturalist.org/observations/3232101"
"48","Liquidambar styraciflua","Plantae","TRUE","FALSE","FALSE","FALSE","http://www.inaturalist.org/observations/3220712"
"49","Liriodendron tulipifera","Plantae","FALSE","FALSE","FALSE","FALSE","http://www.inaturalist.org/observations/3227951"
"50","Lonicera japonica","Plantae","TRUE","FALSE","FALSE","TRUE","http://www.inaturalist.org/observations/3232099"
"51","Magnolia grandiflora","Plantae","TRUE","FALSE","FALSE","FALSE","http://www.inaturalist.org/observations/3222404"
"52","Magnolia grandiflora","Plantae","TRUE","FALSE","FALSE","FALSE","http://www.inaturalist.org/observations/3222293"
"53","Mitchella repens","Plantae","FALSE","FALSE","FALSE","FALSE","http://www.inaturalist.org/observations/3227944"
"54","Morella cerifera","Plantae","TRUE","FALSE","FALSE","TRUE","http://www.inaturalist.org/observations/3232098"
"55","Oplismenus hirtellus","Plantae","FALSE","FALSE","FALSE","FALSE","http://www.inaturalist.org/observations/3227966"
"56","Oxalis articulata","Plantae","FALSE","FALSE","FALSE","FALSE","http://www.inaturalist.org/observations/3244461"
"57","Oxalis articulata","Plantae","FALSE","FALSE","FALSE","FALSE","http://www.inaturalist.org/observations/3232111"
"58","Parthenocissus quinquefolia","Plantae","FALSE","FALSE","FALSE","FALSE","http://www.inaturalist.org/observations/3231370"
"59","Parthenocissus quinquefolia","Plantae","FALSE","FALSE","FALSE","FALSE","http://www.inaturalist.org/observations/3220717"
"60","Passiflora incarnata","Plantae","FALSE","FALSE","FALSE","FALSE","http://www.inaturalist.org/observations/3220447"
"61","Passiflora lutea","Plantae","TRUE","FALSE","FALSE","TRUE","http://www.inaturalist.org/observations/3220716"
"62","Phyla nodiflora","Plantae","FALSE","FALSE","FALSE","FALSE","http://www.inaturalist.org/observations/3232104"
"63","Phytolacca americana","Plantae","FALSE","FALSE","FALSE","FALSE","http://www.inaturalist.org/observations/3243418"
"64","Plantago major","Plantae","FALSE","FALSE","FALSE","FALSE","http://www.inaturalist.org/observations/3243442"
"65","Platanus occidentalis","Plantae","TRUE","FALSE","FALSE","TRUE","http://www.inaturalist.org/observations/3222353"
"66","Pleopeltis michauxiana","Plantae","FALSE","FALSE","FALSE","FALSE","http://www.inaturalist.org/observations/3233013"
"67","Pleopeltis michauxiana","Plantae","FALSE","FALSE","FALSE","FALSE","http://www.inaturalist.org/observations/3242276"
"68","Pleopeltis michauxiana","Plantae","FALSE","FALSE","FALSE","FALSE","http://www.inaturalist.org/observations/3232086"
"69","Podocarpus macrophyllus","Plantae","FALSE","FALSE","FALSE","FALSE","http://www.inaturalist.org/observations/3243436"
"70","Polypremum procumbens","Plantae","FALSE","FALSE","FALSE","FALSE","http://www.inaturalist.org/observations/3227953"
"71","Prunus caroliniana","Plantae","TRUE","FALSE","FALSE","TRUE","http://www.inaturalist.org/observations/3222349"
"72","Quercus nigra","Plantae","TRUE","FALSE","FALSE","TRUE","http://www.inaturalist.org/observations/3227949"
"73","Quercus velutina","Plantae","FALSE","FALSE","FALSE","FALSE","http://www.inaturalist.org/observations/3232113"
"74","Quercus virginiana","Plantae","TRUE","FALSE","FALSE","TRUE","http://www.inaturalist.org/observations/3232103"
"75","Rhus copallinum","Plantae","FALSE","FALSE","FALSE","FALSE","http://www.inaturalist.org/observations/3220713"
"76","Sassafras albidum","Plantae","FALSE","FALSE","FALSE","FALSE","http://www.inaturalist.org/observations/3252541"
"77","Saururus cernuus","Plantae","TRUE","FALSE","FALSE","FALSE","http://www.inaturalist.org/observations/3222331"
"78","Smilax bona-nox","Plantae","FALSE","FALSE","FALSE","FALSE","http://www.inaturalist.org/observations/3232083"
"79","Sorghum halepense","Plantae","FALSE","FALSE","FALSE","FALSE","http://www.inaturalist.org/observations/3256064"
"80","Stachys floridana","Plantae","FALSE","FALSE","FALSE","FALSE","http://www.inaturalist.org/observations/3232095"
"81","Stellaria media","Plantae","FALSE","FALSE","FALSE","FALSE","http://www.inaturalist.org/observations/3243439"
"82","Tillandsia usneoides","Plantae","TRUE","FALSE","FALSE","TRUE","http://www.inaturalist.org/observations/3231305"
"83","Tillandsia usneoides","Plantae","TRUE","FALSE","FALSE","TRUE","http://www.inaturalist.org/observations/3226001"
"84","Tillandsia usneoides","Plantae","TRUE","FALSE","FALSE","TRUE","http://www.inaturalist.org/observations/3227968"
"85","Toxicodendron radicans","Plantae","FALSE","FALSE","FALSE","FALSE","http://www.inaturalist.org/observations/3252390"
"86","Toxicodendron radicans","Plantae","FALSE","FALSE","FALSE","FALSE","http://www.inaturalist.org/observations/3220714"
"87","Triadica sebifera","Plantae","TRUE","FALSE","FALSE","TRUE","http://www.inaturalist.org/observations/3442996"
"88","Triadica sebifera","Plantae","TRUE","FALSE","FALSE","TRUE","http://www.inaturalist.org/observations/3232096"
"89","Triadica sebifera","Plantae","TRUE","FALSE","FALSE","TRUE","http://www.inaturalist.org/observations/3243460"
"90","Triadica sebifera","Plantae","TRUE","FALSE","FALSE","TRUE","http://www.inaturalist.org/observations/3227930"
"91","Triadica sebifera","Plantae","TRUE","FALSE","FALSE","TRUE","http://www.inaturalist.org/observations/3222328"
"92","Trifolium repens","Plantae","TRUE","FALSE","FALSE","TRUE","http://www.inaturalist.org/observations/3232091"
"93","Vitis rotundifolia","Plantae","TRUE","FALSE","FALSE","FALSE","http://www.inaturalist.org/observations/3243420"
"94","Wahlenbergia marginata","Plantae","FALSE","FALSE","FALSE","FALSE","http://www.inaturalist.org/observations/3256077"
"95","Wisteria sinensis","Plantae","TRUE","FALSE","FALSE","TRUE","http://www.inaturalist.org/observations/3443294"
"96","Wisteria sinensis","Plantae","TRUE","FALSE","FALSE","TRUE","http://www.inaturalist.org/observations/3232084"
"97","Woodwardia areolata","Plantae","TRUE","FALSE","FALSE","TRUE","http://www.inaturalist.org/observations/3243430"
"98","Anolis carolinensis","Reptilia","TRUE","FALSE","FALSE","TRUE","http://www.inaturalist.org/observations/3248193"
"99","Anolis carolinensis","Reptilia","TRUE","FALSE","FALSE","TRUE","http://www.inaturalist.org/observations/3248203"
"100","Anolis carolinensis","Reptilia","TRUE","FALSE","FALSE","TRUE","http://www.inaturalist.org/observations/3232457"
"101","Anolis carolinensis","Reptilia","TRUE","FALSE","FALSE","TRUE","http://www.inaturalist.org/observations/3226230"
"102","Anolis carolinensis","Reptilia","TRUE","FALSE","FALSE","TRUE","http://www.inaturalist.org/observations/3228761"
"103","Opheodrys aestivus","Reptilia","FALSE","FALSE","FALSE","FALSE","http://www.inaturalist.org/observations/3299024"
"104","Ophisaurus ventralis","Reptilia","FALSE","FALSE","FALSE","FALSE","http://www.inaturalist.org/observations/3251706"
"105","Plestiodon fasciatus","Reptilia","FALSE","FALSE","FALSE","FALSE","http://www.inaturalist.org/observations/3248276"
