"","Scientific_name","Iconic_taxa","Match NPSpecies","iNaturalist_Entry_count"
"1","Plethodon cinereus","Amphibia","Match","1"
"2","Icterus galbula","Aves","Match","1"
"3","Piranga olivacea","Aves","Match","2"
"4","Sturnus vulgaris","Aves","Match","1"
"5","Canis latrans","Mammalia","Match","1"
"6","Odocoileus virginianus","Mammalia","Match","1"
"7","Arisaema triphyllum","Plantae","Match","1"
"8","Erigeron philadelphicus","Plantae","Match","1"
"9","Hesperis matronalis","Plantae","Match","1"
"10","Maianthemum racemosum","Plantae","No Match","1"
"11","Lampropeltis triangulum","Reptilia","Match","1"
"12","Epargyreus clarus","Insecta","Table 4","1"
"13","Malacosoma americana","Insecta","Table 4","7"
"14","Chrysopilus thoracicus","Insecta","Table 4","1"
