"","Scientific_name","Iconic_taxa","iNat_NPS_matches","iNat_NPSsynonym_matches","iNat_ITIS_synonym_matches","iNat_ITIS_nonsyn_matches","iNaturalist_URL"
"1","Plethodon cinereus","Amphibia","TRUE","FALSE","FALSE","TRUE","http://www.inaturalist.org/observations/3273078"
"2","Icterus galbula","Aves","TRUE","FALSE","FALSE","TRUE","http://www.inaturalist.org/observations/3213728"
"3","Piranga olivacea","Aves","TRUE","FALSE","FALSE","FALSE","http://www.inaturalist.org/observations/3202067"
"4","Piranga olivacea","Aves","TRUE","FALSE","FALSE","FALSE","http://www.inaturalist.org/observations/3273110"
"5","Sturnus vulgaris","Aves","TRUE","FALSE","FALSE","FALSE","http://www.inaturalist.org/observations/3209053"
"6","Canis latrans","Mammalia","TRUE","FALSE","FALSE","FALSE","http://www.inaturalist.org/observations/3206600"
"7","Odocoileus virginianus","Mammalia","TRUE","FALSE","FALSE","TRUE","http://www.inaturalist.org/observations/3190492"
"8","Arisaema triphyllum","Plantae","TRUE","FALSE","FALSE","TRUE","http://www.inaturalist.org/observations/3190583"
"9","Erigeron philadelphicus","Plantae","TRUE","FALSE","FALSE","FALSE","http://www.inaturalist.org/observations/3190359"
"10","Hesperis matronalis","Plantae","TRUE","FALSE","FALSE","TRUE","http://www.inaturalist.org/observations/3287058"
"11","Maianthemum racemosum","Plantae","FALSE","FALSE","FALSE","FALSE","http://www.inaturalist.org/observations/3665190"
"12","Lampropeltis triangulum","Reptilia","TRUE","TRUE","FALSE","TRUE","http://www.inaturalist.org/observations/3208885"
