"","Scientific_name","Iconic_taxa","Match NPSpecies","iNaturalist_Entry_count"
"1","Cathartes aura","Aves","Match","3"
"2","Selasphorus rufus","Aves","Match","2"
"3","Odocoileus hemionus","Mammalia","Match","3"
"4","Achillea millefolium","Plantae","Match","3"
"5","Aliciella pinnatifida","Plantae","ITIS Match","3"
"6","Allium cernuum","Plantae","Match","3"
"7","Andropogon gerardii","Plantae","Match","1"
"8","Aristida purpurea","Plantae","Match","1"
"9","Artemisia frigida","Plantae","Match","6"
"10","Asclepias pumila","Plantae","Match","1"
"11","Bouteloua gracilis","Plantae","Match","3"
"12","Brickellia grandiflora","Plantae","Match","1"
"13","Cercocarpus montanus","Plantae","Match","1"
"14","Chenopodium leptophyllum","Plantae","Match","1"
"15","Echinocereus viridiflorus","Plantae","Match","4"
"16","Elymus elymoides","Plantae","Match","2"
"17","Eriogonum jamesii","Plantae","Match","1"
"18","Frasera speciosa","Plantae","Match","2"
"19","Helianthus annuus","Plantae","Match","1"
"20","Heterotheca villosa","Plantae","Match","2"
"21","Jamesia americana","Plantae","Match","2"
"22","Liatris punctata","Plantae","Match","1"
"23","Maianthemum stellatum","Plantae","Match","1"
"24","Medicago sativa","Plantae","No Match","1"
"25","Monarda fistulosa","Plantae","Match","3"
"26","Opuntia polyacantha","Plantae","Match","3"
"27","Parthenocissus inserta","Plantae","No Match","1"
"28","Penstemon barbatus","Plantae","Match","3"
"29","Pericome caudata","Plantae","Match","2"
"30","Pinus edulis","Plantae","Match","3"
"31","Pinus ponderosa","Plantae","Match","1"
"32","Quercus gambelii","Plantae","Match","1"
"33","Ratibida tagetes","Plantae","Match","2"
"34","Rhus aromatica","Plantae","NPSpecies synonym match","1"
"35","Rosa woodsii","Plantae","Match","1"
"36","Rubus neomexicanus","Plantae","Match","1"
"37","Schizachyrium scoparium","Plantae","Match","1"
"38","Sphaeralcea coccinea","Plantae","Match","1"
"39","Thelesperma megapotamicum","Plantae","Match","3"
"40","Verbascum thapsus","Plantae","Match","3"
"41","Verbena bracteata","Plantae","No Match","1"
"42","Hippodamia convergens","Insecta","Table 4","7"
"43","Prionus californicus","Insecta","Table 4","2"
"44","Apiomerus spissipes","Insecta","Table 4","3"
"45","Anatis lecontei","Insecta","Table 4","1"
"46","Leptotes marina","Insecta","Table 4","2"
