"","Scientific_name","Iconic_taxa","iNat_NPS_matches","iNat_NPSsynonym_matches","iNat_ITIS_synonym_matches","iNat_ITIS_nonsyn_matches","iNaturalist_URL"
"1","Cathartes aura","Aves","TRUE","FALSE","FALSE","FALSE","http://www.inaturalist.org/observations/3774541"
"2","Cathartes aura","Aves","TRUE","FALSE","FALSE","FALSE","http://www.inaturalist.org/observations/3774580"
"3","Cathartes aura","Aves","TRUE","FALSE","FALSE","FALSE","http://www.inaturalist.org/observations/3773076"
"4","Selasphorus rufus","Aves","TRUE","FALSE","FALSE","FALSE","http://www.inaturalist.org/observations/3774565"
"5","Selasphorus rufus","Aves","TRUE","FALSE","FALSE","FALSE","http://www.inaturalist.org/observations/3774540"
"6","Odocoileus hemionus","Mammalia","TRUE","FALSE","FALSE","FALSE","http://www.inaturalist.org/observations/3775147"
"7","Odocoileus hemionus","Mammalia","TRUE","FALSE","FALSE","FALSE","http://www.inaturalist.org/observations/3774410"
"8","Odocoileus hemionus","Mammalia","TRUE","FALSE","FALSE","FALSE","http://www.inaturalist.org/observations/3769997"
"9","Achillea millefolium","Plantae","TRUE","FALSE","FALSE","TRUE","http://www.inaturalist.org/observations/3773249"
"10","Achillea millefolium","Plantae","TRUE","FALSE","FALSE","TRUE","http://www.inaturalist.org/observations/3774612"
"11","Achillea millefolium","Plantae","TRUE","FALSE","FALSE","TRUE","http://www.inaturalist.org/observations/3773083"
"12","Aliciella pinnatifida","Plantae","FALSE","FALSE","FALSE","TRUE","http://www.inaturalist.org/observations/3774814"
"13","Aliciella pinnatifida","Plantae","FALSE","FALSE","FALSE","TRUE","http://www.inaturalist.org/observations/3774894"
"14","Aliciella pinnatifida","Plantae","FALSE","FALSE","FALSE","TRUE","http://www.inaturalist.org/observations/3773098"
"15","Allium cernuum","Plantae","TRUE","FALSE","FALSE","TRUE","http://www.inaturalist.org/observations/3774959"
"16","Allium cernuum","Plantae","TRUE","FALSE","FALSE","TRUE","http://www.inaturalist.org/observations/3774433"
"17","Allium cernuum","Plantae","TRUE","FALSE","FALSE","TRUE","http://www.inaturalist.org/observations/3773069"
"18","Andropogon gerardii","Plantae","TRUE","FALSE","FALSE","FALSE","http://www.inaturalist.org/observations/3772952"
"19","Aristida purpurea","Plantae","TRUE","FALSE","FALSE","FALSE","http://www.inaturalist.org/observations/3773257"
"20","Artemisia frigida","Plantae","TRUE","FALSE","FALSE","TRUE","http://www.inaturalist.org/observations/3774775"
"21","Artemisia frigida","Plantae","TRUE","FALSE","FALSE","TRUE","http://www.inaturalist.org/observations/3774995"
"22","Artemisia frigida","Plantae","TRUE","FALSE","FALSE","TRUE","http://www.inaturalist.org/observations/3775095"
"23","Artemisia frigida","Plantae","TRUE","FALSE","FALSE","TRUE","http://www.inaturalist.org/observations/3774469"
"24","Artemisia frigida","Plantae","TRUE","FALSE","FALSE","TRUE","http://www.inaturalist.org/observations/3771956"
"25","Artemisia frigida","Plantae","TRUE","FALSE","FALSE","TRUE","http://www.inaturalist.org/observations/3772928"
"26","Asclepias pumila","Plantae","TRUE","FALSE","FALSE","FALSE","http://www.inaturalist.org/observations/3773246"
"27","Bouteloua gracilis","Plantae","TRUE","FALSE","TRUE","TRUE","http://www.inaturalist.org/observations/3774750"
"28","Bouteloua gracilis","Plantae","TRUE","FALSE","TRUE","TRUE","http://www.inaturalist.org/observations/3773093"
"29","Bouteloua gracilis","Plantae","TRUE","FALSE","TRUE","TRUE","http://www.inaturalist.org/observations/3773260"
"30","Brickellia grandiflora","Plantae","TRUE","FALSE","FALSE","TRUE","http://www.inaturalist.org/observations/3774929"
"31","Cercocarpus montanus","Plantae","TRUE","FALSE","FALSE","TRUE","http://www.inaturalist.org/observations/3774833"
"32","Chenopodium leptophyllum","Plantae","TRUE","FALSE","FALSE","TRUE","http://www.inaturalist.org/observations/3773347"
"33","Echinocereus viridiflorus","Plantae","TRUE","FALSE","FALSE","FALSE","http://www.inaturalist.org/observations/3775043"
"34","Echinocereus viridiflorus","Plantae","TRUE","FALSE","FALSE","FALSE","http://www.inaturalist.org/observations/3775151"
"35","Echinocereus viridiflorus","Plantae","TRUE","FALSE","FALSE","FALSE","http://www.inaturalist.org/observations/3774503"
"36","Echinocereus viridiflorus","Plantae","TRUE","FALSE","FALSE","FALSE","http://www.inaturalist.org/observations/3773071"
"37","Elymus elymoides","Plantae","TRUE","FALSE","FALSE","TRUE","http://www.inaturalist.org/observations/3774753"
"38","Elymus elymoides","Plantae","TRUE","FALSE","FALSE","TRUE","http://www.inaturalist.org/observations/3773345"
"39","Eriogonum jamesii","Plantae","TRUE","FALSE","FALSE","FALSE","http://www.inaturalist.org/observations/3774787"
"40","Frasera speciosa","Plantae","TRUE","FALSE","FALSE","TRUE","http://www.inaturalist.org/observations/3775056"
"41","Frasera speciosa","Plantae","TRUE","FALSE","FALSE","TRUE","http://www.inaturalist.org/observations/3773110"
"42","Helianthus annuus","Plantae","TRUE","FALSE","FALSE","TRUE","http://www.inaturalist.org/observations/3772048"
"43","Heterotheca villosa","Plantae","TRUE","FALSE","FALSE","FALSE","http://www.inaturalist.org/observations/3774793"
"44","Heterotheca villosa","Plantae","TRUE","FALSE","FALSE","FALSE","http://www.inaturalist.org/observations/3772070"
"45","Jamesia americana","Plantae","TRUE","FALSE","FALSE","FALSE","http://www.inaturalist.org/observations/3774948"
"46","Jamesia americana","Plantae","TRUE","FALSE","FALSE","FALSE","http://www.inaturalist.org/observations/3773106"
"47","Liatris punctata","Plantae","TRUE","FALSE","FALSE","FALSE","http://www.inaturalist.org/observations/3772945"
"48","Maianthemum stellatum","Plantae","TRUE","FALSE","FALSE","TRUE","http://www.inaturalist.org/observations/3774955"
"49","Medicago sativa","Plantae","FALSE","FALSE","FALSE","FALSE","http://www.inaturalist.org/observations/3773072"
"50","Monarda fistulosa","Plantae","TRUE","FALSE","FALSE","FALSE","http://www.inaturalist.org/observations/3774901"
"51","Monarda fistulosa","Plantae","TRUE","FALSE","FALSE","FALSE","http://www.inaturalist.org/observations/3775028"
"52","Monarda fistulosa","Plantae","TRUE","FALSE","FALSE","FALSE","http://www.inaturalist.org/observations/3773102"
"53","Opuntia polyacantha","Plantae","TRUE","FALSE","FALSE","TRUE","http://www.inaturalist.org/observations/3774844"
"54","Opuntia polyacantha","Plantae","TRUE","FALSE","FALSE","TRUE","http://www.inaturalist.org/observations/3773311"
"55","Opuntia polyacantha","Plantae","TRUE","FALSE","FALSE","TRUE","http://www.inaturalist.org/observations/3774544"
"56","Parthenocissus inserta","Plantae","FALSE","FALSE","FALSE","FALSE","http://www.inaturalist.org/observations/3772041"
"57","Penstemon barbatus","Plantae","TRUE","FALSE","FALSE","FALSE","http://www.inaturalist.org/observations/3774655"
"58","Penstemon barbatus","Plantae","TRUE","FALSE","FALSE","FALSE","http://www.inaturalist.org/observations/3772043"
"59","Penstemon barbatus","Plantae","TRUE","FALSE","FALSE","FALSE","http://www.inaturalist.org/observations/3773086"
"60","Pericome caudata","Plantae","TRUE","FALSE","FALSE","TRUE","http://www.inaturalist.org/observations/3775039"
"61","Pericome caudata","Plantae","TRUE","FALSE","FALSE","TRUE","http://www.inaturalist.org/observations/3773108"
"62","Pinus edulis","Plantae","TRUE","FALSE","FALSE","TRUE","http://www.inaturalist.org/observations/3774782"
"63","Pinus edulis","Plantae","TRUE","FALSE","FALSE","TRUE","http://www.inaturalist.org/observations/3774734"
"64","Pinus edulis","Plantae","TRUE","FALSE","FALSE","TRUE","http://www.inaturalist.org/observations/3773261"
"65","Pinus ponderosa","Plantae","TRUE","FALSE","FALSE","FALSE","http://www.inaturalist.org/observations/3775067"
"66","Quercus gambelii","Plantae","TRUE","FALSE","FALSE","TRUE","http://www.inaturalist.org/observations/3773403"
"67","Ratibida tagetes","Plantae","TRUE","FALSE","FALSE","TRUE","http://www.inaturalist.org/observations/3775029"
"68","Ratibida tagetes","Plantae","TRUE","FALSE","FALSE","TRUE","http://www.inaturalist.org/observations/3773258"
"69","Rhus aromatica","Plantae","FALSE","TRUE","FALSE","TRUE","http://www.inaturalist.org/observations/3774887"
"70","Rosa woodsii","Plantae","TRUE","FALSE","FALSE","FALSE","http://www.inaturalist.org/observations/3774889"
"71","Rubus neomexicanus","Plantae","TRUE","FALSE","FALSE","TRUE","http://www.inaturalist.org/observations/3774960"
"72","Schizachyrium scoparium","Plantae","TRUE","FALSE","FALSE","TRUE","http://www.inaturalist.org/observations/3774854"
"73","Sphaeralcea coccinea","Plantae","TRUE","FALSE","FALSE","FALSE","http://www.inaturalist.org/observations/3775078"
"74","Thelesperma megapotamicum","Plantae","TRUE","FALSE","FALSE","TRUE","http://www.inaturalist.org/observations/3775020"
"75","Thelesperma megapotamicum","Plantae","TRUE","FALSE","FALSE","TRUE","http://www.inaturalist.org/observations/3775101"
"76","Thelesperma megapotamicum","Plantae","TRUE","FALSE","FALSE","TRUE","http://www.inaturalist.org/observations/3772044"
"77","Verbascum thapsus","Plantae","TRUE","FALSE","FALSE","FALSE","http://www.inaturalist.org/observations/3774421"
"78","Verbascum thapsus","Plantae","TRUE","FALSE","FALSE","FALSE","http://www.inaturalist.org/observations/3774607"
"79","Verbascum thapsus","Plantae","TRUE","FALSE","FALSE","FALSE","http://www.inaturalist.org/observations/3774557"
"80","Verbena bracteata","Plantae","FALSE","FALSE","FALSE","FALSE","http://www.inaturalist.org/observations/3775026"
