"","Scientific_name","Iconic_taxa","Match NPSpecies","iNaturalist_Entry_count"
"1","Tachycineta thalassina","Aves","Match","1"
"2","Allium textile","Plantae","Match","1"
"3","Chaenactis douglasii","Plantae","Match","1"
"4","Chamaebatiaria millefolium","Plantae","Match","1"
"5","Collinsia parviflora","Plantae","Match","1"
"6","Dicentra uniflora","Plantae","Match","1"
"7","Diplacus nanus","Plantae","No Match","2"
"8","Drymocallis glandulosa","Plantae","No Match","1"
"9","Eremogone kingii","Plantae","No Match","1"
"10","Eriogonum ovalifolium","Plantae","Match","1"
"11","Erythranthe suksdorfii","Plantae","NPSpecies synonym match","1"
"12","Hydrophyllum capitatum","Plantae","Match","1"
"13","Oenothera cespitosa","Plantae","ITIS Match","1"
"14","Penstemon deustus","Plantae","Match","2"
"15","Phacelia hastata","Plantae","Match","1"
"16","Pinus flexilis","Plantae","Match","1"
"17","Purshia tridentata","Plantae","Match","1"
"18","Viola vallicola","Plantae","Match","1"
"19","Letharia columbiana","Fungi","Table 4","5"
"20","Malacosoma californica","Insecta","Table 4","1"
"21","Parvoplaca tiroliensis","Fungi","Table 4","3"
"22","Rhizoplaca chrysoleuca","Fungi","Table 4","3"
