"","Scientific_name","Iconic_taxa","iNat_NPS_matches","iNat_NPSsynonym_matches","iNat_ITIS_synonym_matches","iNat_ITIS_nonsyn_matches","iNaturalist_URL"
"1","Tachycineta thalassina","Aves","TRUE","FALSE","FALSE","FALSE","http://www.inaturalist.org/observations/3268286"
"2","Allium textile","Plantae","TRUE","FALSE","FALSE","TRUE","https://www.inaturalist.org/observations/8861429"
"3","Chaenactis douglasii","Plantae","TRUE","FALSE","FALSE","FALSE","https://www.inaturalist.org/observations/9047720"
"4","Chamaebatiaria millefolium","Plantae","TRUE","FALSE","FALSE","TRUE","http://www.inaturalist.org/observations/3173693"
"5","Collinsia parviflora","Plantae","TRUE","FALSE","FALSE","TRUE","https://www.inaturalist.org/observations/9047730"
"6","Dicentra uniflora","Plantae","TRUE","FALSE","FALSE","FALSE","http://www.inaturalist.org/observations/3176177"
"7","Diplacus nanus","Plantae","FALSE","FALSE","FALSE","FALSE","https://www.inaturalist.org/observations/9113901"
"8","Diplacus nanus","Plantae","FALSE","FALSE","FALSE","FALSE","http://www.inaturalist.org/observations/3173747"
"9","Drymocallis glandulosa","Plantae","FALSE","FALSE","FALSE","FALSE","http://www.inaturalist.org/observations/3173727"
"10","Eremogone kingii","Plantae","FALSE","FALSE","FALSE","FALSE","https://www.inaturalist.org/observations/9075676"
"11","Eriogonum ovalifolium","Plantae","TRUE","TRUE","FALSE","FALSE","https://www.inaturalist.org/observations/9075701"
"12","Erythranthe suksdorfii","Plantae","FALSE","TRUE","FALSE","FALSE","https://www.inaturalist.org/observations/9113913"
"13","Hydrophyllum capitatum","Plantae","TRUE","FALSE","FALSE","FALSE","http://www.inaturalist.org/observations/3176156"
"14","Oenothera cespitosa","Plantae","FALSE","FALSE","FALSE","TRUE","https://www.inaturalist.org/observations/9113929"
"15","Penstemon deustus","Plantae","TRUE","TRUE","FALSE","FALSE","https://www.inaturalist.org/observations/9113935"
"16","Penstemon deustus","Plantae","TRUE","TRUE","FALSE","FALSE","http://www.inaturalist.org/observations/3173762"
"17","Phacelia hastata","Plantae","TRUE","FALSE","FALSE","FALSE","https://www.inaturalist.org/observations/9113957"
"18","Pinus flexilis","Plantae","TRUE","FALSE","FALSE","TRUE","http://www.inaturalist.org/observations/3173817"
"19","Purshia tridentata","Plantae","TRUE","FALSE","FALSE","TRUE","https://www.inaturalist.org/observations/9113966"
"20","Viola vallicola","Plantae","TRUE","FALSE","FALSE","FALSE","https://www.inaturalist.org/observations/9132710"
