"","Iconic_taxa","iNat_entry","NPSpecies_name","Accepted_TSN","NPS_entry_TSN"
"1","Aves","Cardellina pusilla","Wilsonia pusilla","950080","178973"
"2","Aves","Setophaga petechia","Dendroica petechia","950039","178878"
"3","Aves","Spizelloides arborea","Spizella arborea","997961","179432"
"4","Plantae","Achillea alpina","Achillea sibirica","780142","35430"
"5","Plantae","Empetrum nigrum","Empetrum hermaphroditum","23743","23744"
"6","Plantae","Kalmia procumbens","Loiseleuria procumbens","565766","23556"
"7","Plantae","Rhododendron tomentosum","Ledum palustre ssp. decumbens","894434","524215"
