"","Iconic_taxa","Scientific_name","Occurences in BISON","Invasive.Record"
"1","Mammalia","Castor canadensis","NC 98; IN 10; WY 58; BC CAN 106; SK CAN 17; PE CAN 5; UT 82; YT CAN 30; AB CAN 51; AZ 35; MT 69; KY 10; CA 226; KS 44; FL 294; DE 12; PA 124; IA 14; MS 9; TX 388; IL 115; NS CAN 18; CT 37; GA 32; VA 137; MD 81; ID 193; VT 403; OR 155; TN 561; OK 65; ME 40; AL 25; AR 26; WA 213; SC 20; NE 36; ON CAN 398; WV 20; MB CAN 23; CO 88; MA 72; QC CAN 49; MO 36; AK 1435; ND 11; WI 26; NV 33; NY 228; DC 17; SD 12; MN 153; NL CAN 5; NJ 41; MI 74; NB CAN 24; NM 120; NH 30; LA 34; OH 132; NT CAN 197","No"
"2","Plantae","Artemisia norvegica","MB CAN 1; WY 1; CO 3; BC CAN 53; AK 30; CA 20; NT CAN 10; AB CAN 36; WA 5; YT CAN 5; UT 1","No"
"3","Plantae","Chamaenerion angustifolium","OR 123; VT 50; NC 6; IN 1; WY 51; ME 42; BC CAN 94; SK CAN 10; PE CAN 6; WA 168; UT 31; YT CAN 19; ON CAN 102; WV 3; MB CAN 23; CO 158; MA 3; QC CAN 56; AK 376; AB CAN 40; WI 17; AZ 7; NV 12; NY 11; MT 64; SD 12; MN 56; CA 201; NL CAN 39; NB CAN 34; MI 30; PA 4; NU CAN 11; NM 17; NS CAN 32; NH 9; OH 3; NT CAN 17; VA 9; MD 1; ID 46","No"
"4","Plantae","Cherleria arctica","No data available","No"
"5","Plantae","Cornus canadensis","VT 298; OR 14; IN 15; WY 7; ME 323; BC CAN 162; SK CAN 14; PE CAN 30; AL 1; WA 56; YT CAN 18; ON CAN 503; WV 49; MB CAN 74; MA 90; CO 34; QC CAN 348; AK 325; AB CAN 101; ND 30; WI 302; NY 156; RI 6; MT 123; SD 35; MN 881; NL CAN 63; CA 35; KS 1; NJ 34; MI 392; NB CAN 114; PA 56; IA 11; NU CAN 1; NM 9; NS CAN 255; IL 14; NH 161; CT 86; OH 23; NT CAN 17; VA 13; MD 3; ID 33","No"
"6","Plantae","Heracleum maximum","NC 30; IN 21; WY 23; BC CAN 23; SK CAN 8; PE CAN 7; UT 39; YT CAN 8; AB CAN 78; AZ 17; MT 170; KY 9; CA 1037; KS 4; DE 4; PA 47; IA 19; IL 168; NS CAN 28; CT 27; GA 3; VA 40; MD 8; ID 35; OR 266; VT 114; TN 48; ME 20; WA 88; SC 1; NE 9; ON CAN 70; WV 32; MB CAN 9; CO 714; MA 22; QC CAN 230; MO 19; AK 169; ND 34; WI 97; NV 8; NY 57; RI 3; SD 16; MN 103; NL CAN 6; NJ 14; MI 96; NB CAN 13; NU CAN 1; NM 36; NH 9; OH 73; NT CAN 1","No"
"7","Plantae","Platanthera convallariifolia","AK 31","No"
"8","Plantae","Rhodiola rosea","NC 11; VT 4; NY 9; MT 1; WY 1; ME 20; TN 1; BC CAN 2; NL CAN 18; CA 3; WA 1; YT CAN 1; NB CAN 8; PA 7; NM 2; NS CAN 34; CO 12; QC CAN 25; AK 3; NT CAN 2; AB CAN 2; ID 1","No"
"9","Plantae","Rhododendron glandulosum","OR 4; MT 1; BC CAN 8; AK 1; CA 3; AB CAN 1; WA 2","No"
"10","Plantae","Salix planifolia","VT 17; OR 9; WY 30; ME 7; BC CAN 9; SK CAN 8; UT 63; YT CAN 47; WA 16; ON CAN 67; MB CAN 183; CO 664; QC CAN 234; AK 24; AB CAN 79; ND 1; WI 13; AZ 1; NV 3; MT 14; SD 19; MN 20; CA 160; NL CAN 81; KS 1; MI 2; NU CAN 118; NM 23; NH 48; NT CAN 146; ID 11","No"
"11","Plantae","Viola langsdorffii","OR 13; QC CAN 1; BC CAN 10; AK 330; CA 8; YT CAN 6; WA 2","No"
