"","Scientific_name","Iconic_taxa","Match NPSpecies","iNaturalist_Entry_count"
"1","Calidris mauri","Aves","Match","2"
"2","Cardellina pusilla","Aves","ITIS Match","1"
"3","Catharus minimus","Aves","Match","1"
"4","Charadrius semipalmatus","Aves","Match","1"
"5","Luscinia svecica","Aves","Match","1"
"6","Mergus serrator","Aves","Match","2"
"7","Oenanthe oenanthe","Aves","Match","1"
"8","Passerculus sandwichensis","Aves","Match","2"
"9","Phylloscopus borealis","Aves","Match","1"
"10","Setophaga petechia","Aves","ITIS Match","3"
"11","Spizelloides arborea","Aves","ITIS Match","2"
"12","Turdus migratorius","Aves","Match","1"
"13","Zonotrichia atricapilla","Aves","Match","7"
"14","Zonotrichia leucophrys","Aves","Match","1"
"15","Alces alces","Mammalia","Match","3"
"16","Castor canadensis","Mammalia","No Match","3"
"17","Rangifer tarandus","Mammalia","Match","3"
"18","Ursus arctos","Mammalia","Match","1"
"19","Achillea alpina","Plantae","ITIS Match","1"
"20","Aconitum delphiniifolium","Plantae","Match","7"
"21","Anemone parviflora","Plantae","Match","1"
"22","Arctous rubra","Plantae","Match","1"
"23","Artemisia norvegica","Plantae","No Match","1"
"24","Artemisia tilesii","Plantae","Match","4"
"25","Astragalus alpinus","Plantae","Match","1"
"26","Betula nana","Plantae","Match","4"
"27","Bupleurum americanum","Plantae","Match","1"
"28","Calamagrostis canadensis","Plantae","Match","1"
"29","Caltha palustris","Plantae","Match","1"
"30","Campanula lasiocarpa","Plantae","Match","2"
"31","Chamaenerion angustifolium","Plantae","No Match","8"
"32","Cherleria arctica","Plantae","No Match","1"
"33","Cornus canadensis","Plantae","No Match","1"
"34","Empetrum nigrum","Plantae","ITIS Match","1"
"35","Epilobium hornemannii","Plantae","Match","5"
"36","Equisetum arvense","Plantae","Match","4"
"37","Eurybia sibirica","Plantae","Match","1"
"38","Galium boreale","Plantae","Match","7"
"39","Heracleum maximum","Plantae","No Match","3"
"40","Hippuris vulgaris","Plantae","Match","2"
"41","Kalmia procumbens","Plantae","ITIS Match","2"
"42","Linnaea borealis","Plantae","Match","1"
"43","Moehringia lateriflora","Plantae","Match","2"
"44","Parnassia kotzebuei","Plantae","Match","1"
"45","Parnassia palustris","Plantae","Match","1"
"46","Pedicularis labradorica","Plantae","Match","1"
"47","Petasites frigidus","Plantae","Match","3"
"48","Platanthera convallariifolia","Plantae","No Match","1"
"49","Polemonium acutiflorum","Plantae","Match","4"
"50","Rhodiola rosea","Plantae","No Match","1"
"51","Rhododendron glandulosum","Plantae","No Match","1"
"52","Rhododendron tomentosum","Plantae","ITIS Match","2"
"53","Rubus arcticus","Plantae","Match","6"
"54","Salix planifolia","Plantae","No Match","1"
"55","Senecio lugens","Plantae","Match","1"
"56","Solidago multiradiata","Plantae","Match","2"
"57","Spiraea stevenii","Plantae","Match","2"
"58","Vaccinium uliginosum","Plantae","Match","2"
"59","Vaccinium vitis-idaea","Plantae","Match","2"
"60","Viola langsdorffii","Plantae","No Match","1"
"61","Bryocaulon divergens","Fungi","Table 4","1"
"62","Cladonia uncialis","Fungi","Table 4","1"
"63","Alectoria ochroleuca","Fungi","Table 4","1"
"64","Papilio machaon","Insecta","Table 4","2"
"65","Colias palaeno","Insecta","Table 4","1"
