"","Scientific_name","Iconic_taxa","iNat_NPS_matches","iNat_NPSsynonym_matches","iNat_ITIS_synonym_matches","iNat_ITIS_nonsyn_matches","iNaturalist_URL"
"1","Calidris mauri","Aves","TRUE","FALSE","FALSE","FALSE","http://www.inaturalist.org/observations/3719600"
"2","Calidris mauri","Aves","TRUE","FALSE","FALSE","FALSE","http://www.inaturalist.org/observations/3663032"
"3","Cardellina pusilla","Aves","FALSE","FALSE","FALSE","TRUE","http://www.inaturalist.org/observations/3719578"
"4","Catharus minimus","Aves","TRUE","FALSE","FALSE","FALSE","http://www.inaturalist.org/observations/3719607"
"5","Charadrius semipalmatus","Aves","TRUE","FALSE","FALSE","FALSE","http://www.inaturalist.org/observations/3719557"
"6","Luscinia svecica","Aves","TRUE","FALSE","FALSE","FALSE","http://www.inaturalist.org/observations/3719593"
"7","Mergus serrator","Aves","TRUE","FALSE","FALSE","TRUE","http://www.inaturalist.org/observations/3719606"
"8","Mergus serrator","Aves","TRUE","FALSE","FALSE","TRUE","http://www.inaturalist.org/observations/3663008"
"9","Oenanthe oenanthe","Aves","TRUE","FALSE","FALSE","FALSE","http://www.inaturalist.org/observations/3719609"
"10","Passerculus sandwichensis","Aves","TRUE","FALSE","FALSE","TRUE","http://www.inaturalist.org/observations/3719588"
"11","Passerculus sandwichensis","Aves","TRUE","FALSE","FALSE","TRUE","http://www.inaturalist.org/observations/3719539"
"12","Phylloscopus borealis","Aves","TRUE","FALSE","FALSE","FALSE","http://www.inaturalist.org/observations/3719594"
"13","Setophaga petechia","Aves","FALSE","FALSE","FALSE","TRUE","http://www.inaturalist.org/observations/3719555"
"14","Setophaga petechia","Aves","FALSE","FALSE","FALSE","TRUE","http://www.inaturalist.org/observations/3663030"
"15","Setophaga petechia","Aves","FALSE","FALSE","FALSE","TRUE","http://www.inaturalist.org/observations/3663031"
"16","Spizelloides arborea","Aves","FALSE","FALSE","FALSE","TRUE","http://www.inaturalist.org/observations/3719543"
"17","Spizelloides arborea","Aves","FALSE","FALSE","FALSE","TRUE","http://www.inaturalist.org/observations/3663007"
"18","Turdus migratorius","Aves","TRUE","FALSE","FALSE","FALSE","http://www.inaturalist.org/observations/3719608"
"19","Zonotrichia atricapilla","Aves","TRUE","FALSE","FALSE","FALSE","http://www.inaturalist.org/observations/3719577"
"20","Zonotrichia atricapilla","Aves","TRUE","FALSE","FALSE","FALSE","http://www.inaturalist.org/observations/3678543"
"21","Zonotrichia atricapilla","Aves","TRUE","FALSE","FALSE","FALSE","http://www.inaturalist.org/observations/3678544"
"22","Zonotrichia atricapilla","Aves","TRUE","FALSE","FALSE","FALSE","http://www.inaturalist.org/observations/3663006"
"23","Zonotrichia atricapilla","Aves","TRUE","FALSE","FALSE","FALSE","http://www.inaturalist.org/observations/3663014"
"24","Zonotrichia atricapilla","Aves","TRUE","FALSE","FALSE","FALSE","http://www.inaturalist.org/observations/3662984"
"25","Zonotrichia atricapilla","Aves","TRUE","FALSE","FALSE","FALSE","http://www.inaturalist.org/observations/3662976"
"26","Zonotrichia leucophrys","Aves","TRUE","FALSE","FALSE","FALSE","http://www.inaturalist.org/observations/3719549"
"27","Alces alces","Mammalia","TRUE","FALSE","FALSE","TRUE","http://www.inaturalist.org/observations/3677749"
"28","Alces alces","Mammalia","TRUE","FALSE","FALSE","TRUE","http://www.inaturalist.org/observations/3664682"
"29","Alces alces","Mammalia","TRUE","FALSE","FALSE","TRUE","http://www.inaturalist.org/observations/3661495"
"30","Castor canadensis","Mammalia","FALSE","FALSE","FALSE","FALSE","http://www.inaturalist.org/observations/3719599"
"31","Castor canadensis","Mammalia","FALSE","FALSE","FALSE","FALSE","http://www.inaturalist.org/observations/3719604"
"32","Castor canadensis","Mammalia","FALSE","FALSE","FALSE","FALSE","http://www.inaturalist.org/observations/3662983"
"33","Rangifer tarandus","Mammalia","TRUE","FALSE","FALSE","FALSE","http://www.inaturalist.org/observations/3663025"
"34","Rangifer tarandus","Mammalia","TRUE","FALSE","FALSE","FALSE","http://www.inaturalist.org/observations/3663970"
"35","Rangifer tarandus","Mammalia","TRUE","FALSE","FALSE","FALSE","http://www.inaturalist.org/observations/3661408"
"36","Ursus arctos","Mammalia","TRUE","FALSE","FALSE","FALSE","http://www.inaturalist.org/observations/3664680"
"37","Achillea alpina","Plantae","FALSE","FALSE","FALSE","TRUE","http://www.inaturalist.org/observations/3663010"
"38","Aconitum delphiniifolium","Plantae","TRUE","TRUE","TRUE","TRUE","http://www.inaturalist.org/observations/3719611"
"39","Aconitum delphiniifolium","Plantae","TRUE","TRUE","TRUE","TRUE","http://www.inaturalist.org/observations/3719631"
"40","Aconitum delphiniifolium","Plantae","TRUE","TRUE","TRUE","TRUE","http://www.inaturalist.org/observations/3719587"
"41","Aconitum delphiniifolium","Plantae","TRUE","TRUE","TRUE","TRUE","http://www.inaturalist.org/observations/3667761"
"42","Aconitum delphiniifolium","Plantae","TRUE","TRUE","TRUE","TRUE","http://www.inaturalist.org/observations/3667986"
"43","Aconitum delphiniifolium","Plantae","TRUE","TRUE","TRUE","TRUE","http://www.inaturalist.org/observations/3667725"
"44","Aconitum delphiniifolium","Plantae","TRUE","TRUE","TRUE","TRUE","http://www.inaturalist.org/observations/3667731"
"45","Anemone parviflora","Plantae","TRUE","FALSE","FALSE","TRUE","http://www.inaturalist.org/observations/3719521"
"46","Arctous rubra","Plantae","TRUE","FALSE","FALSE","TRUE","http://www.inaturalist.org/observations/3719515"
"47","Artemisia norvegica","Plantae","FALSE","FALSE","FALSE","FALSE","http://www.inaturalist.org/observations/3719617"
"48","Artemisia tilesii","Plantae","TRUE","TRUE","TRUE","TRUE","http://www.inaturalist.org/observations/3719610"
"49","Artemisia tilesii","Plantae","TRUE","TRUE","TRUE","TRUE","http://www.inaturalist.org/observations/3719574"
"50","Artemisia tilesii","Plantae","TRUE","TRUE","TRUE","TRUE","http://www.inaturalist.org/observations/3668082"
"51","Artemisia tilesii","Plantae","TRUE","TRUE","TRUE","TRUE","http://www.inaturalist.org/observations/3667709"
"52","Astragalus alpinus","Plantae","TRUE","FALSE","FALSE","FALSE","http://www.inaturalist.org/observations/3719563"
"53","Betula nana","Plantae","TRUE","TRUE","FALSE","FALSE","http://www.inaturalist.org/observations/3667802"
"54","Betula nana","Plantae","TRUE","TRUE","FALSE","FALSE","http://www.inaturalist.org/observations/3719516"
"55","Betula nana","Plantae","TRUE","TRUE","FALSE","FALSE","http://www.inaturalist.org/observations/3663223"
"56","Betula nana","Plantae","TRUE","TRUE","FALSE","FALSE","http://www.inaturalist.org/observations/3664703"
"57","Bupleurum americanum","Plantae","TRUE","FALSE","FALSE","TRUE","http://www.inaturalist.org/observations/3719628"
"58","Calamagrostis canadensis","Plantae","TRUE","FALSE","FALSE","TRUE","http://www.inaturalist.org/observations/3667737"
"59","Caltha palustris","Plantae","TRUE","TRUE","FALSE","TRUE","http://www.inaturalist.org/observations/3719589"
"60","Campanula lasiocarpa","Plantae","TRUE","TRUE","FALSE","TRUE","http://www.inaturalist.org/observations/3719512"
"61","Campanula lasiocarpa","Plantae","TRUE","TRUE","FALSE","TRUE","http://www.inaturalist.org/observations/3663028"
"62","Chamaenerion angustifolium","Plantae","FALSE","FALSE","FALSE","FALSE","http://www.inaturalist.org/observations/3719525"
"63","Chamaenerion angustifolium","Plantae","FALSE","FALSE","FALSE","FALSE","http://www.inaturalist.org/observations/3667809"
"64","Chamaenerion angustifolium","Plantae","FALSE","FALSE","FALSE","FALSE","http://www.inaturalist.org/observations/3668081"
"65","Chamaenerion angustifolium","Plantae","FALSE","FALSE","FALSE","FALSE","http://www.inaturalist.org/observations/3667607"
"66","Chamaenerion angustifolium","Plantae","FALSE","FALSE","FALSE","FALSE","http://www.inaturalist.org/observations/3667626"
"67","Chamaenerion angustifolium","Plantae","FALSE","FALSE","FALSE","FALSE","http://www.inaturalist.org/observations/3667668"
"68","Chamaenerion angustifolium","Plantae","FALSE","FALSE","FALSE","FALSE","http://www.inaturalist.org/observations/3667734"
"69","Chamaenerion angustifolium","Plantae","FALSE","FALSE","FALSE","FALSE","http://www.inaturalist.org/observations/3678534"
"70","Cherleria arctica","Plantae","FALSE","FALSE","FALSE","FALSE","http://www.inaturalist.org/observations/3719519"
"71","Cornus canadensis","Plantae","FALSE","FALSE","FALSE","FALSE","http://www.inaturalist.org/observations/3719523"
"72","Empetrum nigrum","Plantae","FALSE","FALSE","FALSE","TRUE","http://www.inaturalist.org/observations/3719518"
"73","Epilobium hornemannii","Plantae","TRUE","FALSE","FALSE","FALSE","http://www.inaturalist.org/observations/3719569"
"74","Epilobium hornemannii","Plantae","TRUE","FALSE","FALSE","FALSE","http://www.inaturalist.org/observations/3719615"
"75","Epilobium hornemannii","Plantae","TRUE","FALSE","FALSE","FALSE","http://www.inaturalist.org/observations/3667770"
"76","Epilobium hornemannii","Plantae","TRUE","FALSE","FALSE","FALSE","http://www.inaturalist.org/observations/3667812"
"77","Epilobium hornemannii","Plantae","TRUE","FALSE","FALSE","FALSE","http://www.inaturalist.org/observations/3668083"
"78","Equisetum arvense","Plantae","TRUE","FALSE","FALSE","TRUE","http://www.inaturalist.org/observations/3719630"
"79","Equisetum arvense","Plantae","TRUE","FALSE","FALSE","TRUE","http://www.inaturalist.org/observations/3667620"
"80","Equisetum arvense","Plantae","TRUE","FALSE","FALSE","TRUE","http://www.inaturalist.org/observations/3664717"
"81","Equisetum arvense","Plantae","TRUE","FALSE","FALSE","TRUE","http://www.inaturalist.org/observations/3663212"
"82","Eurybia sibirica","Plantae","TRUE","FALSE","FALSE","TRUE","http://www.inaturalist.org/observations/3719558"
"83","Galium boreale","Plantae","TRUE","TRUE","TRUE","TRUE","http://www.inaturalist.org/observations/3719571"
"84","Galium boreale","Plantae","TRUE","TRUE","TRUE","TRUE","http://www.inaturalist.org/observations/3719614"
"85","Galium boreale","Plantae","TRUE","TRUE","TRUE","TRUE","http://www.inaturalist.org/observations/3719536"
"86","Galium boreale","Plantae","TRUE","TRUE","TRUE","TRUE","http://www.inaturalist.org/observations/3667804"
"87","Galium boreale","Plantae","TRUE","TRUE","TRUE","TRUE","http://www.inaturalist.org/observations/3667811"
"88","Galium boreale","Plantae","TRUE","TRUE","TRUE","TRUE","http://www.inaturalist.org/observations/3667677"
"89","Galium boreale","Plantae","TRUE","TRUE","TRUE","TRUE","http://www.inaturalist.org/observations/3663216"
"90","Heracleum maximum","Plantae","FALSE","FALSE","FALSE","FALSE","http://www.inaturalist.org/observations/3719559"
"91","Heracleum maximum","Plantae","FALSE","FALSE","FALSE","FALSE","http://www.inaturalist.org/observations/3667716"
"92","Heracleum maximum","Plantae","FALSE","FALSE","FALSE","FALSE","http://www.inaturalist.org/observations/3678539"
"93","Hippuris vulgaris","Plantae","TRUE","FALSE","FALSE","FALSE","http://www.inaturalist.org/observations/3667818"
"94","Hippuris vulgaris","Plantae","TRUE","FALSE","FALSE","FALSE","http://www.inaturalist.org/observations/3663023"
"95","Kalmia procumbens","Plantae","FALSE","FALSE","FALSE","TRUE","http://www.inaturalist.org/observations/3719513"
"96","Kalmia procumbens","Plantae","FALSE","FALSE","FALSE","TRUE","http://www.inaturalist.org/observations/3663027"
"97","Linnaea borealis","Plantae","TRUE","FALSE","FALSE","FALSE","http://www.inaturalist.org/observations/3719533"
"98","Moehringia lateriflora","Plantae","TRUE","FALSE","FALSE","TRUE","http://www.inaturalist.org/observations/3667640"
"99","Moehringia lateriflora","Plantae","TRUE","FALSE","FALSE","TRUE","http://www.inaturalist.org/observations/3664713"
"100","Parnassia kotzebuei","Plantae","TRUE","FALSE","FALSE","TRUE","http://www.inaturalist.org/observations/3667796"
"101","Parnassia palustris","Plantae","TRUE","FALSE","FALSE","TRUE","http://www.inaturalist.org/observations/3719581"
"102","Pedicularis labradorica","Plantae","TRUE","FALSE","FALSE","TRUE","http://www.inaturalist.org/observations/3719591"
"103","Petasites frigidus","Plantae","TRUE","TRUE","FALSE","FALSE","http://www.inaturalist.org/observations/3719612"
"104","Petasites frigidus","Plantae","TRUE","TRUE","FALSE","FALSE","http://www.inaturalist.org/observations/3719583"
"105","Petasites frigidus","Plantae","TRUE","TRUE","FALSE","FALSE","http://www.inaturalist.org/observations/3667799"
"106","Platanthera convallariifolia","Plantae","FALSE","FALSE","FALSE","FALSE","http://www.inaturalist.org/observations/3667760"
"107","Polemonium acutiflorum","Plantae","TRUE","FALSE","TRUE","FALSE","http://www.inaturalist.org/observations/3719572"
"108","Polemonium acutiflorum","Plantae","TRUE","FALSE","TRUE","FALSE","http://www.inaturalist.org/observations/3667765"
"109","Polemonium acutiflorum","Plantae","TRUE","FALSE","TRUE","FALSE","http://www.inaturalist.org/observations/3668079"
"110","Polemonium acutiflorum","Plantae","TRUE","FALSE","TRUE","FALSE","http://www.inaturalist.org/observations/3664619"
"111","Rhodiola rosea","Plantae","FALSE","FALSE","FALSE","FALSE","http://www.inaturalist.org/observations/3719603"
"112","Rhododendron glandulosum","Plantae","FALSE","FALSE","FALSE","FALSE","http://www.inaturalist.org/observations/3719520"
"113","Rhododendron tomentosum","Plantae","FALSE","FALSE","FALSE","TRUE","http://www.inaturalist.org/observations/3719517"
"114","Rhododendron tomentosum","Plantae","FALSE","FALSE","FALSE","TRUE","http://www.inaturalist.org/observations/3664698"
"115","Rubus arcticus","Plantae","TRUE","FALSE","FALSE","FALSE","http://www.inaturalist.org/observations/3719522"
"116","Rubus arcticus","Plantae","TRUE","FALSE","FALSE","FALSE","http://www.inaturalist.org/observations/3667990"
"117","Rubus arcticus","Plantae","TRUE","FALSE","FALSE","FALSE","http://www.inaturalist.org/observations/3667622"
"118","Rubus arcticus","Plantae","TRUE","FALSE","FALSE","FALSE","http://www.inaturalist.org/observations/3667634"
"119","Rubus arcticus","Plantae","TRUE","FALSE","FALSE","FALSE","http://www.inaturalist.org/observations/3667700"
"120","Rubus arcticus","Plantae","TRUE","FALSE","FALSE","FALSE","http://www.inaturalist.org/observations/3664622"
"121","Salix planifolia","Plantae","FALSE","FALSE","FALSE","FALSE","http://www.inaturalist.org/observations/3719570"
"122","Senecio lugens","Plantae","TRUE","FALSE","FALSE","TRUE","http://www.inaturalist.org/observations/3719562"
"123","Solidago multiradiata","Plantae","TRUE","FALSE","FALSE","TRUE","http://www.inaturalist.org/observations/3719526"
"124","Solidago multiradiata","Plantae","TRUE","FALSE","FALSE","TRUE","http://www.inaturalist.org/observations/3664704"
"125","Spiraea stevenii","Plantae","TRUE","FALSE","FALSE","TRUE","http://www.inaturalist.org/observations/3719532"
"126","Spiraea stevenii","Plantae","TRUE","FALSE","FALSE","TRUE","http://www.inaturalist.org/observations/3667609"
"127","Vaccinium uliginosum","Plantae","TRUE","FALSE","FALSE","TRUE","http://www.inaturalist.org/observations/3719529"
"128","Vaccinium uliginosum","Plantae","TRUE","FALSE","FALSE","TRUE","http://www.inaturalist.org/observations/3664700"
"129","Vaccinium vitis-idaea","Plantae","TRUE","FALSE","FALSE","TRUE","http://www.inaturalist.org/observations/3719531"
"130","Vaccinium vitis-idaea","Plantae","TRUE","FALSE","FALSE","TRUE","http://www.inaturalist.org/observations/3663001"
"131","Viola langsdorffii","Plantae","FALSE","FALSE","FALSE","FALSE","http://www.inaturalist.org/observations/3719629"
