"","Scientific_name","Iconic_taxa","Match NPSpecies","iNaturalist_Entry_count"
"1","Chondestes grammacus","Aves","Match","1"
"2","Sturnella magna","Aves","Match","1"
"3","Amorpha canescens","Plantae","Match","1"
"4","Apocynum cannabinum","Plantae","Match","1"
"5","Arnoglossum plantagineum","Plantae","ITIS Match","1"
"6","Asclepias stenophylla","Plantae","Match","1"
"7","Asclepias verticillata","Plantae","Match","1"
"8","Bothriochloa laguroides","Plantae","ITIS Match","1"
"9","Dalea candida","Plantae","Match","1"
"10","Dalea purpurea","Plantae","Match","1"
"11","Desmodium illinoense","Plantae","Match","1"
"12","Echinacea angustifolia","Plantae","Match","1"
"13","Glycyrrhiza lepidota","Plantae","Match","1"
"14","Koeleria macrantha","Plantae","No Match","1"
"15","Lythrum californicum","Plantae","No Match","1"
"16","Mimosa nuttallii","Plantae","ITIS Match","1"
"17","Parthenocissus quinquefolia","Plantae","Match","1"
"18","Rhus glabra","Plantae","Match","1"
"19","Sambucus canadensis","Plantae","Match","1"
"20","Stenaria nigricans","Plantae","No Match","1"
"21","Verbena simplex","Plantae","Match","1"
"22","Verbena stricta","Plantae","Match","1"
"23","Crotaphytus collaris","Reptilia","Match","1"
"24","Phrynosoma cornutum","Reptilia","Match","1"
"25","Speyeria idalia","Insecta","Table 4","1"
