"","Scientific_name","Iconic_taxa","iNat_NPS_matches","iNat_NPSsynonym_matches","iNat_ITIS_synonym_matches","iNat_ITIS_nonsyn_matches","iNaturalist_URL"
"1","Chondestes grammacus","Aves","TRUE","FALSE","FALSE","FALSE","https://www.inaturalist.org/observations/20493376"
"2","Sturnella magna","Aves","TRUE","FALSE","FALSE","FALSE","https://www.inaturalist.org/observations/20492836"
"3","Amorpha canescens","Plantae","TRUE","FALSE","FALSE","TRUE","http://www.inaturalist.org/observations/3479527"
"4","Apocynum cannabinum","Plantae","TRUE","FALSE","FALSE","TRUE","http://www.inaturalist.org/observations/3479375"
"5","Arnoglossum plantagineum","Plantae","FALSE","FALSE","FALSE","TRUE","http://www.inaturalist.org/observations/3479374"
"6","Asclepias stenophylla","Plantae","TRUE","FALSE","FALSE","TRUE","http://www.inaturalist.org/observations/3479528"
"7","Asclepias verticillata","Plantae","TRUE","FALSE","FALSE","FALSE","http://www.inaturalist.org/observations/3479379"
"8","Bothriochloa laguroides","Plantae","FALSE","FALSE","FALSE","TRUE","http://www.inaturalist.org/observations/3479381"
"9","Dalea candida","Plantae","TRUE","FALSE","FALSE","FALSE","http://www.inaturalist.org/observations/3479045"
"10","Dalea purpurea","Plantae","TRUE","FALSE","FALSE","FALSE","http://www.inaturalist.org/observations/3479043"
"11","Desmodium illinoense","Plantae","TRUE","FALSE","FALSE","TRUE","http://www.inaturalist.org/observations/3479039"
"12","Echinacea angustifolia","Plantae","TRUE","FALSE","FALSE","TRUE","http://www.inaturalist.org/observations/3479047"
"13","Glycyrrhiza lepidota","Plantae","TRUE","FALSE","FALSE","TRUE","http://www.inaturalist.org/observations/3479532"
"14","Koeleria macrantha","Plantae","FALSE","FALSE","FALSE","FALSE","http://www.inaturalist.org/observations/3479041"
"15","Lythrum californicum","Plantae","FALSE","FALSE","FALSE","FALSE","http://www.inaturalist.org/observations/3479050"
"16","Mimosa nuttallii","Plantae","FALSE","FALSE","FALSE","TRUE","http://www.inaturalist.org/observations/3479533"
"17","Parthenocissus quinquefolia","Plantae","TRUE","FALSE","FALSE","TRUE","http://www.inaturalist.org/observations/3479529"
"18","Rhus glabra","Plantae","TRUE","FALSE","FALSE","TRUE","http://www.inaturalist.org/observations/3479042"
"19","Sambucus canadensis","Plantae","TRUE","FALSE","TRUE","FALSE","http://www.inaturalist.org/observations/3479530"
"20","Stenaria nigricans","Plantae","FALSE","FALSE","FALSE","FALSE","http://www.inaturalist.org/observations/3479049"
"21","Verbena simplex","Plantae","TRUE","FALSE","FALSE","TRUE","http://www.inaturalist.org/observations/3479376"
"22","Verbena stricta","Plantae","TRUE","FALSE","FALSE","FALSE","http://www.inaturalist.org/observations/3479534"
"23","Crotaphytus collaris","Reptilia","TRUE","FALSE","FALSE","TRUE","https://www.inaturalist.org/observations/20492864"
"24","Phrynosoma cornutum","Reptilia","TRUE","FALSE","FALSE","TRUE","http://www.inaturalist.org/observations/3479377"
