"","Iconic_taxa","Scientific_name","Occurences in BISON","Invasive.Record"
"1","Plantae","Abies grandis","OR 30741; NY 2; MT 4632; BC CAN 89; CA 702; WA 15789; UT 3; MI 1; NM 1; CO 2; MA 2; MO 1; ID 26676","No"
"2","Plantae","Achlys triphylla","OR 262; BC CAN 123; CA 255; WA 642","No"
"3","Plantae","Asarum caudatum","OR 269; ON CAN 1; MT 22; BC CAN 57; AK 1; CA 849; ID 244; WA 205","No"
"4","Plantae","Populus alba","NC 37; IN 39; WY 6; BC CAN 7; PE CAN 3; UT 29; AB CAN 1; AZ 4; MT 14; KY 50; CA 104; KS 83; FL 3; DE 1; PA 32; IA 12; MS 9; IL 104; NS CAN 24; TX 10; CT 62; GA 12; VA 96; MD 7; ID 15; VT 32; OR 22; TN 33; ME 19; OK 3; AL 15; AR 40; SC 31; WA 25; NE 11; ON CAN 49; WV 39; MB CAN 3; MA 98; CO 15; MO 60; QC CAN 24; ND 4; WI 54; NV 17; NY 276; RI 13; DC 12; SD 8; MN 18; NJ 23; MI 53; NB CAN 6; NM 17; NH 14; LA 28; OH 89","Yes"
"5","Plantae","Vicia villosa","NC 101; IN 50; WY 4; BC CAN 15; UT 27; YT CAN 1; AZ 5; MT 36; KY 67; CA 1274; KS 64; FL 34; DE 2; PA 59; MS 58; IA 8; TX 186; IL 103; NS CAN 4; CT 61; GA 15; VA 104; MD 30; ID 96; OR 195; VT 17; TN 47; OK 38; ME 20; AL 16; AR 56; WA 218; SC 89; NE 41; WV 17; ON CAN 17; MA 51; CO 39; MO 100; QC CAN 2; AK 6; ND 5; WI 92; NV 16; NY 67; DC 22; RI 6; HI 9; SD 5; MN 37; NJ 24; MI 185; NB CAN 1; NM 16; NH 12; LA 62; OH 64","Yes"
