"","Scientific_name","Iconic_taxa","Match NPSpecies","iNaturalist_Entry_count"
"1","Ensatina eschscholtzii","Amphibia","Match","5"
"2","Abies grandis","Plantae","No Match","1"
"3","Acer macrophyllum","Plantae","Match","1"
"4","Achlys triphylla","Plantae","No Match","2"
"5","Adiantum aleuticum","Plantae","Match","2"
"6","Arbutus menziesii","Plantae","Match","2"
"7","Asarum caudatum","Plantae","No Match","1"
"8","Berberis nervosa","Plantae","Match","1"
"9","Cephalanthera austiniae","Plantae","Match","1"
"10","Chamaecyparis lawsoniana","Plantae","Match","2"
"11","Cornus nuttallii","Plantae","Match","1"
"12","Dicentra formosa","Plantae","Match","1"
"13","Fragaria vesca","Plantae","Match","1"
"14","Iris chrysophylla","Plantae","Match","1"
"15","Lysimachia latifolia","Plantae","Match","1"
"16","Notholithocarpus densiflorus","Plantae","Match","2"
"17","Pinus ponderosa","Plantae","Match","2"
"18","Polystichum munitum","Plantae","Match","1"
"19","Populus alba","Plantae","No Match","1"
"20","Pseudotsuga menziesii","Plantae","Match","2"
"21","Quercus garryana","Plantae","Match","1"
"22","Quercus kelloggii","Plantae","Match","1"
"23","Ribes sanguineum","Plantae","Match","1"
"24","Tellima grandiflora","Plantae","Match","1"
"25","Vicia villosa","Plantae","No Match","1"
"26","Whipplea modesta","Plantae","Match","1"
"27","Uroctonus mordax","Animalia","Table 4","1"
"28","Monadenia fidelis","Mollusca","Table 4","2"
