"","Scientific_name","Iconic_taxa","iNat_NPS_matches","iNat_NPSsynonym_matches","iNat_ITIS_synonym_matches","iNat_ITIS_nonsyn_matches","iNaturalist_URL"
"1","Ensatina eschscholtzii","Amphibia","TRUE","TRUE","FALSE","FALSE","http://www.inaturalist.org/observations/3264614"
"2","Ensatina eschscholtzii","Amphibia","TRUE","TRUE","FALSE","FALSE","http://www.inaturalist.org/observations/3261908"
"3","Ensatina eschscholtzii","Amphibia","TRUE","TRUE","FALSE","FALSE","http://www.inaturalist.org/observations/3599428"
"4","Ensatina eschscholtzii","Amphibia","TRUE","TRUE","FALSE","FALSE","http://www.inaturalist.org/observations/3257659"
"5","Ensatina eschscholtzii","Amphibia","TRUE","TRUE","FALSE","FALSE","http://www.inaturalist.org/observations/3257673"
"6","Abies grandis","Plantae","FALSE","FALSE","FALSE","FALSE","http://www.inaturalist.org/observations/3258305"
"7","Acer macrophyllum","Plantae","TRUE","FALSE","FALSE","FALSE","http://www.inaturalist.org/observations/3257610"
"8","Achlys triphylla","Plantae","FALSE","FALSE","FALSE","FALSE","http://www.inaturalist.org/observations/3259220"
"9","Achlys triphylla","Plantae","FALSE","FALSE","FALSE","FALSE","http://www.inaturalist.org/observations/3599563"
"10","Adiantum aleuticum","Plantae","TRUE","FALSE","FALSE","TRUE","http://www.inaturalist.org/observations/3259759"
"11","Adiantum aleuticum","Plantae","TRUE","FALSE","FALSE","TRUE","http://www.inaturalist.org/observations/3599478"
"12","Arbutus menziesii","Plantae","TRUE","FALSE","FALSE","FALSE","http://www.inaturalist.org/observations/3261142"
"13","Arbutus menziesii","Plantae","TRUE","FALSE","FALSE","FALSE","http://www.inaturalist.org/observations/3237249"
"14","Asarum caudatum","Plantae","FALSE","FALSE","FALSE","FALSE","http://www.inaturalist.org/observations/3599463"
"15","Berberis nervosa","Plantae","TRUE","FALSE","FALSE","TRUE","http://www.inaturalist.org/observations/3260274"
"16","Cephalanthera austiniae","Plantae","TRUE","FALSE","FALSE","TRUE","http://www.inaturalist.org/observations/3259320"
"17","Chamaecyparis lawsoniana","Plantae","TRUE","FALSE","FALSE","TRUE","http://www.inaturalist.org/observations/3261802"
"18","Chamaecyparis lawsoniana","Plantae","TRUE","FALSE","FALSE","TRUE","http://www.inaturalist.org/observations/3259384"
"19","Cornus nuttallii","Plantae","TRUE","FALSE","FALSE","FALSE","http://www.inaturalist.org/observations/3261512"
"20","Dicentra formosa","Plantae","TRUE","FALSE","FALSE","FALSE","http://www.inaturalist.org/observations/3259675"
"21","Fragaria vesca","Plantae","TRUE","TRUE","FALSE","FALSE","http://www.inaturalist.org/observations/3261891"
"22","Iris chrysophylla","Plantae","TRUE","FALSE","FALSE","TRUE","http://www.inaturalist.org/observations/3260346"
"23","Lysimachia latifolia","Plantae","TRUE","FALSE","FALSE","FALSE","http://www.inaturalist.org/observations/3265704"
"24","Notholithocarpus densiflorus","Plantae","TRUE","FALSE","FALSE","FALSE","http://www.inaturalist.org/observations/3256948"
"25","Notholithocarpus densiflorus","Plantae","TRUE","FALSE","FALSE","FALSE","http://www.inaturalist.org/observations/3274151"
"26","Pinus ponderosa","Plantae","TRUE","FALSE","FALSE","FALSE","http://www.inaturalist.org/observations/3261386"
"27","Pinus ponderosa","Plantae","TRUE","FALSE","FALSE","FALSE","http://www.inaturalist.org/observations/3239809"
"28","Polystichum munitum","Plantae","TRUE","FALSE","FALSE","TRUE","http://www.inaturalist.org/observations/3237234"
"29","Populus alba","Plantae","FALSE","FALSE","FALSE","FALSE","http://www.inaturalist.org/observations/3240106"
"30","Pseudotsuga menziesii","Plantae","TRUE","FALSE","FALSE","FALSE","http://www.inaturalist.org/observations/3260832"
"31","Pseudotsuga menziesii","Plantae","TRUE","FALSE","FALSE","FALSE","http://www.inaturalist.org/observations/3239851"
"32","Quercus garryana","Plantae","TRUE","FALSE","FALSE","FALSE","http://www.inaturalist.org/observations/3239965"
"33","Quercus kelloggii","Plantae","TRUE","FALSE","FALSE","TRUE","http://www.inaturalist.org/observations/3239668"
"34","Ribes sanguineum","Plantae","TRUE","FALSE","FALSE","FALSE","http://www.inaturalist.org/observations/3259543"
"35","Tellima grandiflora","Plantae","TRUE","FALSE","FALSE","TRUE","http://www.inaturalist.org/observations/3259603"
"36","Vicia villosa","Plantae","FALSE","FALSE","FALSE","FALSE","http://www.inaturalist.org/observations/3239800"
"37","Whipplea modesta","Plantae","TRUE","FALSE","FALSE","FALSE","http://www.inaturalist.org/observations/3271104"
