"","Scientific_name","Iconic_taxa","iNat_NPS_matches","iNat_NPSsynonym_matches","iNat_ITIS_synonym_matches","iNat_ITIS_nonsyn_matches","iNaturalist_URL"
"1","Anaxyrus americanus","Amphibia","FALSE","FALSE","FALSE","FALSE","http://www.inaturalist.org/observations/3246488"
"2","Sayornis phoebe","Aves","TRUE","FALSE","FALSE","FALSE","http://www.inaturalist.org/observations/3255149"
"3","Achillea millefolium","Plantae","TRUE","TRUE","FALSE","TRUE","http://www.inaturalist.org/observations/3247190"
"4","Arisaema dracontium","Plantae","TRUE","FALSE","FALSE","TRUE","http://www.inaturalist.org/observations/3246022"
"5","Botrypus virginianus","Plantae","FALSE","FALSE","FALSE","FALSE","http://www.inaturalist.org/observations/3248915"
"6","Carduus nutans","Plantae","TRUE","FALSE","FALSE","TRUE","http://www.inaturalist.org/observations/3246890"
"7","Dactylis glomerata","Plantae","TRUE","TRUE","FALSE","TRUE","http://www.inaturalist.org/observations/3245481"
"8","Dianthus armeria","Plantae","TRUE","FALSE","FALSE","FALSE","http://www.inaturalist.org/observations/3248245"
"9","Glandularia canadensis","Plantae","TRUE","FALSE","FALSE","TRUE","http://www.inaturalist.org/observations/3256116"
"10","Nasturtium officinale","Plantae","FALSE","FALSE","FALSE","TRUE","http://www.inaturalist.org/observations/3246354"
"11","Podophyllum peltatum","Plantae","TRUE","FALSE","FALSE","FALSE","http://www.inaturalist.org/observations/3251258"
"12","Ribes missouriense","Plantae","TRUE","FALSE","FALSE","TRUE","http://www.inaturalist.org/observations/3255620"
"13","Toxicodendron radicans","Plantae","TRUE","TRUE","FALSE","FALSE","http://www.inaturalist.org/observations/3255399"
"14","Toxicodendron radicans","Plantae","TRUE","TRUE","FALSE","FALSE","http://www.inaturalist.org/observations/3245751"
"15","Trifolium pratense","Plantae","TRUE","TRUE","FALSE","TRUE","http://www.inaturalist.org/observations/3251709"
"16","Plestiodon fasciatus","Reptilia","FALSE","FALSE","FALSE","FALSE","http://www.inaturalist.org/observations/3251545"
