"","Scientific_name","Iconic_taxa","Match NPSpecies","iNaturalist_Entry_count"
"1","Anaxyrus americanus","Amphibia","No Match","1"
"2","Sayornis phoebe","Aves","Match","1"
"3","Achillea millefolium","Plantae","Match","1"
"4","Arisaema dracontium","Plantae","Match","1"
"5","Botrypus virginianus","Plantae","No Match","1"
"6","Carduus nutans","Plantae","Match","1"
"7","Dactylis glomerata","Plantae","Match","1"
"8","Dianthus armeria","Plantae","Match","1"
"9","Glandularia canadensis","Plantae","Match","1"
"10","Nasturtium officinale","Plantae","ITIS Match","1"
"11","Podophyllum peltatum","Plantae","Match","1"
"12","Ribes missouriense","Plantae","Match","1"
"13","Toxicodendron radicans","Plantae","Match","2"
"14","Trifolium pratense","Plantae","Match","1"
"15","Plestiodon fasciatus","Reptilia","No Match","1"
"16","Coccinella septempunctata","Insecta","Table 4","2"
"17","Danaus plexippus","Insecta","Table 4","1"
"18","Dermacentor variabilis","Arachnida","Table 4","1"
"19","Coprinopsis variegata","Fungi","Table 4","3"
"20","Sarcoscypha occidentalis","Fungi","Table 4","3"
"21","Coprinellus disseminatus","Fungi","Table 4","2"
"22","Tremella mesenterica","Fungi","Table 4","2"
"23","Entonaema liquescens","Fungi","Table 4","3"
"24","Schizophyllum commune","Fungi","Table 4","2"
"25","Irpex lacteus","Fungi","Table 4","2"
"26","Rhodotus palmatus","Fungi","Table 4","2"
"27","Artomyces pyxidatus","Fungi","Table 4","2"
"28","Marasmius rotula","Fungi","Table 4","2"
"29","Xylocoremium flabelliforme","Fungi","Table 4","3"
"30","Neofavolus alveolaris","Fungi","Table 4","1"
"31","Exidia glandulosa","Fungi","Table 4","2"
"32","Chauliognathus marginatus","Insecta","Table 4","1"
"33","Lentinus arcularius","Fungi","Table 4","2"
