"","Iconic.taxon.name","Scientific.name","Common.name"
"1","Arachnida","Dermacentor variabilis","American Dog Tick"
"2","Fungi","Artomyces pyxidatus","crown-tipped coral fungus"
"3","Fungi","Coprinellus disseminatus","Trooping Crumble Cap"
"4","Fungi","Coprinopsis variegata","scaly ink cap"
"5","Fungi","Entonaema liquescens",""
"6","Fungi","Exidia glandulosa","Black Witches' Butter"
"7","Fungi","Irpex lacteus","Milk-white Toothed Polypore"
"8","Fungi","Lentinus arcularius","Spring Polypore"
"9","Fungi","Marasmius rotula","collared parachute"
"10","Fungi","Neofavolus alveolaris","hexagonal-pored polypore"
"11","Fungi","Rhodotus palmatus","Wrinkled Peach"
"12","Fungi","Sarcoscypha occidentalis","stalked scarlet cup"
"13","Fungi","Schizophyllum commune","splitgill mushroom"
"14","Fungi","Tremella mesenterica","witch's butter"
"15","Fungi","Xylocoremium flabelliforme",""
"16","Insecta","Chauliognathus marginatus","Margined Leatherwing Beetle"
"17","Insecta","Coccinella septempunctata","Seven-spotted Lady Beetle"
"18","Insecta","Danaus plexippus","Monarch"
