"","Scientific_name","Iconic_taxa","Match NPSpecies","iNaturalist_Entry_count"
"1","Anas platyrhynchos","Aves","No Match","1"
"2","Columba livia","Aves","No Match","1"
"3","Mimus polyglottos","Aves","No Match","2"
"4","Passer domesticus","Aves","No Match","5"
"5","Quiscalus quiscula","Aves","No Match","2"
"6","Sturnus vulgaris","Aves","No Match","2"
"7","Turdus migratorius","Aves","No Match","3"
"8","Zenaida macroura","Aves","No Match","1"
"9","Sciurus carolinensis","Mammalia","No Match","4"
"10","Plantago major","Plantae","No Match","1"
"11","Potentilla indica","Plantae","No Match","3"
"12","Taraxacum officinale","Plantae","No Match","1"
"13","Taxodium distichum","Plantae","Match","1"
"14","Trifolium repens","Plantae","No Match","1"
"15","Xylocopa virginica","Insecta","Table 4","1"
"16","Polistes dominula","Insecta","Table 4","3"
"17","Forficula auricularia","Insecta","Table 4","1"
"18","Eriophyes tiliae","Arachnida","Table 4","1"
"19","Apis mellifera","Insecta","Table 4","3"
"20","Pachypsylla celtidismamma","Insecta","Table 4","1"
"21","Armadillidium vulgare","Animalia","Table 4","1"
