"","Scientific_name","Iconic_taxa","iNat_NPS_matches","iNat_NPSsynonym_matches","iNat_ITIS_synonym_matches","iNat_ITIS_nonsyn_matches","iNaturalist_URL"
"1","Anas platyrhynchos","Aves","FALSE","FALSE","FALSE","FALSE","http://www.inaturalist.org/observations/3242223"
"2","Columba livia","Aves","FALSE","FALSE","FALSE","FALSE","http://www.inaturalist.org/observations/3221050"
"3","Mimus polyglottos","Aves","FALSE","FALSE","FALSE","FALSE","http://www.inaturalist.org/observations/3221099"
"4","Mimus polyglottos","Aves","FALSE","FALSE","FALSE","FALSE","http://www.inaturalist.org/observations/3222723"
"5","Passer domesticus","Aves","FALSE","FALSE","FALSE","FALSE","http://www.inaturalist.org/observations/3242585"
"6","Passer domesticus","Aves","FALSE","FALSE","FALSE","FALSE","http://www.inaturalist.org/observations/3220770"
"7","Passer domesticus","Aves","FALSE","FALSE","FALSE","FALSE","http://www.inaturalist.org/observations/3221043"
"8","Passer domesticus","Aves","FALSE","FALSE","FALSE","FALSE","http://www.inaturalist.org/observations/3221579"
"9","Passer domesticus","Aves","FALSE","FALSE","FALSE","FALSE","http://www.inaturalist.org/observations/3222261"
"10","Quiscalus quiscula","Aves","FALSE","FALSE","FALSE","FALSE","http://www.inaturalist.org/observations/3224254"
"11","Quiscalus quiscula","Aves","FALSE","FALSE","FALSE","FALSE","http://www.inaturalist.org/observations/3222092"
"12","Sturnus vulgaris","Aves","FALSE","FALSE","FALSE","FALSE","http://www.inaturalist.org/observations/3258876"
"13","Sturnus vulgaris","Aves","FALSE","FALSE","FALSE","FALSE","http://www.inaturalist.org/observations/3221243"
"14","Turdus migratorius","Aves","FALSE","FALSE","FALSE","FALSE","http://www.inaturalist.org/observations/3241769"
"15","Turdus migratorius","Aves","FALSE","FALSE","FALSE","FALSE","http://www.inaturalist.org/observations/3221196"
"16","Turdus migratorius","Aves","FALSE","FALSE","FALSE","FALSE","http://www.inaturalist.org/observations/3221378"
"17","Zenaida macroura","Aves","FALSE","FALSE","FALSE","FALSE","http://www.inaturalist.org/observations/3221838"
"18","Sciurus carolinensis","Mammalia","FALSE","FALSE","FALSE","FALSE","http://www.inaturalist.org/observations/3220512"
"19","Sciurus carolinensis","Mammalia","FALSE","FALSE","FALSE","FALSE","http://www.inaturalist.org/observations/3220521"
"20","Sciurus carolinensis","Mammalia","FALSE","FALSE","FALSE","FALSE","http://www.inaturalist.org/observations/3222182"
"21","Sciurus carolinensis","Mammalia","FALSE","FALSE","FALSE","FALSE","http://www.inaturalist.org/observations/3222879"
"22","Plantago major","Plantae","FALSE","FALSE","FALSE","FALSE","http://www.inaturalist.org/observations/3241966"
"23","Potentilla indica","Plantae","FALSE","FALSE","FALSE","FALSE","http://www.inaturalist.org/observations/3224064"
"24","Potentilla indica","Plantae","FALSE","FALSE","FALSE","FALSE","http://www.inaturalist.org/observations/3230662"
"25","Potentilla indica","Plantae","FALSE","FALSE","FALSE","FALSE","http://www.inaturalist.org/observations/3223727"
"26","Taraxacum officinale","Plantae","FALSE","FALSE","FALSE","FALSE","http://www.inaturalist.org/observations/3242092"
"27","Taxodium distichum","Plantae","TRUE","FALSE","FALSE","TRUE","http://www.inaturalist.org/observations/3222166"
"28","Trifolium repens","Plantae","FALSE","FALSE","FALSE","FALSE","http://www.inaturalist.org/observations/3242005"
