"","Scientific_name","Iconic_taxa","Match NPSpecies","iNaturalist_Entry_count"
"1","Branta canadensis","Aves","Match","1"
"2","Haemorhous mexicanus","Aves","No Match","1"
"3","Hirundo rustica","Aves","Match","2"
"4","Melospiza melodia","Aves","Match","1"
"5","Molothrus ater","Aves","Match","1"
"6","Passer domesticus","Aves","Match","1"
"7","Setophaga petechia","Aves","ITIS Match","1"
"8","Setophaga striata","Aves","ITIS Match","1"
"9","Spinus tristis","Aves","ITIS Match","1"
"10","Spizella pusilla","Aves","Match","1"
"11","Tyrannus tyrannus","Aves","Match","1"
"12","Acer negundo","Plantae","Match","2"
"13","Acer saccharinum","Plantae","No Match","1"
"14","Achillea millefolium","Plantae","Match","1"
"15","Asclepias syriaca","Plantae","Match","2"
"16","Cynoglossum officinale","Plantae","No Match","1"
"17","Cystopteris fragilis","Plantae","Match","1"
"18","Heracleum maximum","Plantae","Match","1"
"19","Hesperis matronalis","Plantae","Match","1"
"20","Lithospermum canescens","Plantae","Match","1"
"21","Maianthemum racemosum","Plantae","Match","1"
"22","Maianthemum stellatum","Plantae","Match","1"
"23","Menispermum canadense","Plantae","Match","1"
"24","Nepeta cataria","Plantae","Match","1"
"25","Opuntia fragilis","Plantae","Match","1"
"26","Parthenocissus quinquefolia","Plantae","Match","1"
"27","Plantago major","Plantae","Match","1"
"28","Quercus macrocarpa","Plantae","Match","1"
"29","Solanum dulcamara","Plantae","Match","1"
"30","Taraxacum officinale","Plantae","Match","1"
"31","Tradescantia bracteata","Plantae","Match","1"
"32","Ulmus pumila","Plantae","Match","1"
"33","Urtica dioica","Plantae","Match","1"
"34","Viola canadensis","Plantae","Match","3"
"35","Vitis riparia","Plantae","Match","2"
"36","Zizia aurea","Plantae","Match","1"
"37","Chelydra serpentina","Reptilia","Match","1"
"38","Toxomerus marginatus","Insecta","Table 4","1"
"39","Semotilus atromaculatus","Actinopterygii","Table 4","1"
"40","Labidomera clivicollis","Insecta","Table 4","4"
"41","Malacosoma americana","Insecta","Table 4","6"
