"","Scientific_name","Iconic_taxa","iNat_NPS_matches","iNat_NPSsynonym_matches","iNat_ITIS_synonym_matches","iNat_ITIS_nonsyn_matches","iNaturalist_URL"
"1","Branta canadensis","Aves","TRUE","FALSE","FALSE","TRUE","http://www.inaturalist.org/observations/3246111"
"2","Haemorhous mexicanus","Aves","FALSE","FALSE","FALSE","FALSE","http://www.inaturalist.org/observations/3251282"
"3","Hirundo rustica","Aves","TRUE","FALSE","FALSE","FALSE","http://www.inaturalist.org/observations/3249175"
"4","Hirundo rustica","Aves","TRUE","FALSE","FALSE","FALSE","http://www.inaturalist.org/observations/3245905"
"5","Melospiza melodia","Aves","TRUE","FALSE","FALSE","TRUE","http://www.inaturalist.org/observations/3251321"
"6","Molothrus ater","Aves","TRUE","FALSE","FALSE","FALSE","http://www.inaturalist.org/observations/3252022"
"7","Passer domesticus","Aves","TRUE","FALSE","FALSE","FALSE","http://www.inaturalist.org/observations/3251172"
"8","Setophaga petechia","Aves","FALSE","FALSE","FALSE","TRUE","http://www.inaturalist.org/observations/3252079"
"9","Setophaga striata","Aves","FALSE","FALSE","FALSE","TRUE","http://www.inaturalist.org/observations/3252159"
"10","Spinus tristis","Aves","FALSE","FALSE","FALSE","TRUE","http://www.inaturalist.org/observations/3251873"
"11","Spizella pusilla","Aves","TRUE","FALSE","FALSE","FALSE","http://www.inaturalist.org/observations/3251996"
"12","Tyrannus tyrannus","Aves","TRUE","FALSE","FALSE","TRUE","http://www.inaturalist.org/observations/3251908"
"13","Acer negundo","Plantae","TRUE","FALSE","FALSE","FALSE","http://www.inaturalist.org/observations/3245591"
"14","Acer negundo","Plantae","TRUE","FALSE","FALSE","FALSE","http://www.inaturalist.org/observations/3289127"
"15","Acer saccharinum","Plantae","FALSE","FALSE","FALSE","FALSE","http://www.inaturalist.org/observations/3289128"
"16","Achillea millefolium","Plantae","TRUE","FALSE","FALSE","TRUE","http://www.inaturalist.org/observations/3473452"
"17","Asclepias syriaca","Plantae","TRUE","FALSE","FALSE","TRUE","http://www.inaturalist.org/observations/3245467"
"18","Asclepias syriaca","Plantae","TRUE","FALSE","FALSE","TRUE","http://www.inaturalist.org/observations/3249637"
"19","Cynoglossum officinale","Plantae","FALSE","FALSE","FALSE","FALSE","http://www.inaturalist.org/observations/3249512"
"20","Cystopteris fragilis","Plantae","TRUE","FALSE","FALSE","TRUE","http://www.inaturalist.org/observations/3289130"
"21","Heracleum maximum","Plantae","TRUE","FALSE","TRUE","FALSE","http://www.inaturalist.org/observations/3283810"
"22","Hesperis matronalis","Plantae","TRUE","FALSE","FALSE","TRUE","http://www.inaturalist.org/observations/3245616"
"23","Lithospermum canescens","Plantae","TRUE","FALSE","FALSE","TRUE","http://www.inaturalist.org/observations/3249925"
"24","Maianthemum racemosum","Plantae","TRUE","FALSE","FALSE","FALSE","http://www.inaturalist.org/observations/3249571"
"25","Maianthemum stellatum","Plantae","TRUE","FALSE","FALSE","TRUE","http://www.inaturalist.org/observations/3250575"
"26","Menispermum canadense","Plantae","TRUE","FALSE","FALSE","FALSE","http://www.inaturalist.org/observations/3284090"
"27","Nepeta cataria","Plantae","TRUE","FALSE","FALSE","FALSE","http://www.inaturalist.org/observations/3245348"
"28","Opuntia fragilis","Plantae","TRUE","FALSE","FALSE","TRUE","http://www.inaturalist.org/observations/3245734"
"29","Parthenocissus quinquefolia","Plantae","TRUE","FALSE","FALSE","TRUE","http://www.inaturalist.org/observations/3244980"
"30","Plantago major","Plantae","TRUE","FALSE","FALSE","TRUE","http://www.inaturalist.org/observations/3245232"
"31","Quercus macrocarpa","Plantae","TRUE","FALSE","FALSE","TRUE","http://www.inaturalist.org/observations/3289129"
"32","Solanum dulcamara","Plantae","TRUE","FALSE","FALSE","TRUE","http://www.inaturalist.org/observations/3289131"
"33","Taraxacum officinale","Plantae","TRUE","FALSE","FALSE","TRUE","http://www.inaturalist.org/observations/3245027"
"34","Tradescantia bracteata","Plantae","TRUE","FALSE","FALSE","FALSE","http://www.inaturalist.org/observations/3250717"
"35","Ulmus pumila","Plantae","TRUE","FALSE","FALSE","FALSE","http://www.inaturalist.org/observations/3249817"
"36","Urtica dioica","Plantae","TRUE","FALSE","FALSE","FALSE","http://www.inaturalist.org/observations/3246880"
"37","Viola canadensis","Plantae","TRUE","FALSE","FALSE","FALSE","http://www.inaturalist.org/observations/3245144"
"38","Viola canadensis","Plantae","TRUE","FALSE","FALSE","FALSE","http://www.inaturalist.org/observations/3250649"
"39","Viola canadensis","Plantae","TRUE","FALSE","FALSE","FALSE","http://www.inaturalist.org/observations/3290975"
"40","Vitis riparia","Plantae","TRUE","FALSE","FALSE","TRUE","http://www.inaturalist.org/observations/3245272"
"41","Vitis riparia","Plantae","TRUE","FALSE","FALSE","TRUE","http://www.inaturalist.org/observations/3284091"
"42","Zizia aurea","Plantae","TRUE","FALSE","FALSE","FALSE","http://www.inaturalist.org/observations/3246491"
"43","Chelydra serpentina","Reptilia","TRUE","TRUE","FALSE","TRUE","http://www.inaturalist.org/observations/3251226"
