"","Scientific_name","Iconic_taxa","Match NPSpecies","iNaturalist_Entry_count"
"1","Corvus brachyrhynchos","Aves","Match","1"
"2","Acer saccharum","Plantae","Match","1"
"3","Asimina triloba","Plantae","Match","2"
"4","Cercis canadensis","Plantae","Match","2"
"5","Chimaphila maculata","Plantae","Match","2"
"6","Diphasiastrum digitatum","Plantae","ITIS Match","1"
"7","Fagus grandifolia","Plantae","Match","2"
"8","Hedera helix","Plantae","Match","4"
"9","Ilex opaca","Plantae","Match","3"
"10","Liquidambar styraciflua","Plantae","Match","2"
"11","Liriodendron tulipifera","Plantae","Match","2"
"12","Lonicera japonica","Plantae","Match","1"
"13","Magnolia grandiflora","Plantae","Match","5"
"14","Microstegium vimineum","Plantae","Match","5"
"15","Parthenocissus quinquefolia","Plantae","Match","3"
"16","Phytolacca americana","Plantae","Match","4"
"17","Polystichum acrostichoides","Plantae","Match","2"
"18","Quercus alba","Plantae","Match","1"
"19","Trifolium repens","Plantae","Match","1"
"20","Vinca minor","Plantae","Match","2"
"21","Micrathena sagittata","Arachnida","Table 4","1"
"22","Halyomorpha halys","Insecta","Table 4","2"
"23","Campaea perlata","Insecta","Table 4","1"
"24","Limax maximus","Mollusca","Table 4","1"
"25","Cupido comyntas","Insecta","Table 4","1"
