"","Scientific_name","Iconic_taxa","iNat_NPS_matches","iNat_NPSsynonym_matches","iNat_ITIS_synonym_matches","iNat_ITIS_nonsyn_matches","iNaturalist_URL"
"1","Corvus brachyrhynchos","Aves","TRUE","FALSE","FALSE","FALSE","http://www.inaturalist.org/observations/4193808"
"2","Acer saccharum","Plantae","TRUE","TRUE","FALSE","FALSE","http://www.inaturalist.org/observations/4189640"
"3","Asimina triloba","Plantae","TRUE","FALSE","FALSE","TRUE","http://www.inaturalist.org/observations/4190707"
"4","Asimina triloba","Plantae","TRUE","FALSE","FALSE","TRUE","http://www.inaturalist.org/observations/4190709"
"5","Cercis canadensis","Plantae","TRUE","TRUE","FALSE","FALSE","http://www.inaturalist.org/observations/4191205"
"6","Cercis canadensis","Plantae","TRUE","TRUE","FALSE","FALSE","http://www.inaturalist.org/observations/4190617"
"7","Chimaphila maculata","Plantae","TRUE","FALSE","FALSE","TRUE","http://www.inaturalist.org/observations/4190350"
"8","Chimaphila maculata","Plantae","TRUE","FALSE","FALSE","TRUE","http://www.inaturalist.org/observations/4190503"
"9","Diphasiastrum digitatum","Plantae","FALSE","FALSE","TRUE","FALSE","http://www.inaturalist.org/observations/4193832"
"10","Fagus grandifolia","Plantae","TRUE","FALSE","FALSE","TRUE","http://www.inaturalist.org/observations/4189609"
"11","Fagus grandifolia","Plantae","TRUE","FALSE","FALSE","TRUE","http://www.inaturalist.org/observations/4189623"
"12","Hedera helix","Plantae","TRUE","FALSE","FALSE","TRUE","http://www.inaturalist.org/observations/4192596"
"13","Hedera helix","Plantae","TRUE","FALSE","FALSE","TRUE","http://www.inaturalist.org/observations/4190087"
"14","Hedera helix","Plantae","TRUE","FALSE","FALSE","TRUE","http://www.inaturalist.org/observations/4189851"
"15","Hedera helix","Plantae","TRUE","FALSE","FALSE","TRUE","http://www.inaturalist.org/observations/4189832"
"16","Ilex opaca","Plantae","TRUE","TRUE","FALSE","FALSE","http://www.inaturalist.org/observations/4193813"
"17","Ilex opaca","Plantae","TRUE","TRUE","FALSE","FALSE","http://www.inaturalist.org/observations/4190133"
"18","Ilex opaca","Plantae","TRUE","TRUE","FALSE","FALSE","http://www.inaturalist.org/observations/4189922"
"19","Liquidambar styraciflua","Plantae","TRUE","FALSE","FALSE","FALSE","http://www.inaturalist.org/observations/4192428"
"20","Liquidambar styraciflua","Plantae","TRUE","FALSE","FALSE","FALSE","http://www.inaturalist.org/observations/4189879"
"21","Liriodendron tulipifera","Plantae","TRUE","FALSE","FALSE","FALSE","http://www.inaturalist.org/observations/4190027"
"22","Liriodendron tulipifera","Plantae","TRUE","FALSE","FALSE","FALSE","http://www.inaturalist.org/observations/4190116"
"23","Lonicera japonica","Plantae","TRUE","FALSE","FALSE","TRUE","http://www.inaturalist.org/observations/4192350"
"24","Magnolia grandiflora","Plantae","TRUE","FALSE","FALSE","FALSE","http://www.inaturalist.org/observations/4191004"
"25","Magnolia grandiflora","Plantae","TRUE","FALSE","FALSE","FALSE","http://www.inaturalist.org/observations/4191591"
"26","Magnolia grandiflora","Plantae","TRUE","FALSE","FALSE","FALSE","http://www.inaturalist.org/observations/4191612"
"27","Magnolia grandiflora","Plantae","TRUE","FALSE","FALSE","FALSE","http://www.inaturalist.org/observations/4192329"
"28","Magnolia grandiflora","Plantae","TRUE","FALSE","FALSE","FALSE","http://www.inaturalist.org/observations/4189753"
"29","Microstegium vimineum","Plantae","TRUE","FALSE","FALSE","TRUE","http://www.inaturalist.org/observations/4192248"
"30","Microstegium vimineum","Plantae","TRUE","FALSE","FALSE","TRUE","http://www.inaturalist.org/observations/4192807"
"31","Microstegium vimineum","Plantae","TRUE","FALSE","FALSE","TRUE","http://www.inaturalist.org/observations/4190869"
"32","Microstegium vimineum","Plantae","TRUE","FALSE","FALSE","TRUE","http://www.inaturalist.org/observations/4189540"
"33","Microstegium vimineum","Plantae","TRUE","FALSE","FALSE","TRUE","http://www.inaturalist.org/observations/4189757"
"34","Parthenocissus quinquefolia","Plantae","TRUE","FALSE","FALSE","TRUE","http://www.inaturalist.org/observations/4181677"
"35","Parthenocissus quinquefolia","Plantae","TRUE","FALSE","FALSE","TRUE","http://www.inaturalist.org/observations/4189637"
"36","Parthenocissus quinquefolia","Plantae","TRUE","FALSE","FALSE","TRUE","http://www.inaturalist.org/observations/4189845"
"37","Phytolacca americana","Plantae","TRUE","FALSE","FALSE","FALSE","http://www.inaturalist.org/observations/4192581"
"38","Phytolacca americana","Plantae","TRUE","FALSE","FALSE","FALSE","http://www.inaturalist.org/observations/4194126"
"39","Phytolacca americana","Plantae","TRUE","FALSE","FALSE","FALSE","http://www.inaturalist.org/observations/4190876"
"40","Phytolacca americana","Plantae","TRUE","FALSE","FALSE","FALSE","http://www.inaturalist.org/observations/4182335"
"41","Polystichum acrostichoides","Plantae","TRUE","TRUE","FALSE","TRUE","http://www.inaturalist.org/observations/4193810"
"42","Polystichum acrostichoides","Plantae","TRUE","TRUE","FALSE","TRUE","http://www.inaturalist.org/observations/4193689"
"43","Quercus alba","Plantae","TRUE","FALSE","FALSE","TRUE","http://www.inaturalist.org/observations/4191157"
"44","Trifolium repens","Plantae","TRUE","FALSE","FALSE","TRUE","http://www.inaturalist.org/observations/4191226"
"45","Vinca minor","Plantae","TRUE","FALSE","FALSE","FALSE","http://www.inaturalist.org/observations/4191201"
"46","Vinca minor","Plantae","TRUE","FALSE","FALSE","FALSE","http://www.inaturalist.org/observations/4190892"
