"","Iconic_taxa","Scientific_name","Occurences in BISON","Invasive.Record"
"1","Plantae","Chamaenerion angustifolium","OR 123; VT 50; NC 6; IN 1; WY 51; ME 42; BC CAN 94; SK CAN 10; PE CAN 6; WA 168; UT 31; YT CAN 19; ON CAN 102; WV 3; MB CAN 23; CO 158; MA 3; QC CAN 56; AK 376; AB CAN 40; WI 17; AZ 7; NV 12; NY 11; MT 64; SD 12; MN 56; CA 201; NL CAN 39; NB CAN 34; MI 30; PA 4; NU CAN 11; NM 17; NS CAN 32; NH 9; OH 3; NT CAN 17; VA 9; MD 1; ID 46","No"
"2","Plantae","Cornus ×","No data available","No"
"3","Plantae","Erythranthe alsinoides","OR 101; BC CAN 13; CA 31","No"
"4","Plantae","Hylocomium splendens","VT 115; OR 70; NC 66; WY 22; ME 151; TN 28; BC CAN 374; SK CAN 6; PE CAN 17; WA 385; YT CAN 84; SC 2; ON CAN 135; WV 39; MB CAN 17; MA 32; CO 30; QC CAN 94; AK 1515; AB CAN 53; ND 8; WI 30; NY 140; RI 5; MT 44; SD 27; MN 53; NL CAN 27; CA 2; NJ 8; MI 75; PA 55; NB CAN 28; NU CAN 19; IA 8; NM 6; NS CAN 60; NH 54; CT 12; LA 2; OH 3; NT CAN 88; GA 2; VA 31; MD 1; ID 51","No"
"5","Plantae","Kindbergia oregana","OR 88; MT 1; BC CAN 103; AK 36; CA 114; WA 167; ID 18","No"
"6","Plantae","Lysimachia latifolia","OR 86; BC CAN 32; CA 627; WA 113","No"
