"","Scientific_name","Iconic_taxa","Match NPSpecies","iNaturalist_Entry_count"
"1","Pseudacris regilla","Amphibia","Match","1"
"2","Rana aurora","Amphibia","Match","2"
"3","Branta canadensis","Aves","Match","1"
"4","Corvus corax","Aves","Match","2"
"5","Cyanocitta stelleri","Aves","Match","1"
"6","Junco hyemalis","Aves","Match","1"
"7","Ochotona princeps","Mammalia","Match","1"
"8","Odocoileus hemionus","Mammalia","Match","2"
"9","Acer circinatum","Plantae","Match","1"
"10","Achlys triphylla","Plantae","Match","3"
"11","Actaea rubra","Plantae","Match","1"
"12","Adiantum aleuticum","Plantae","Match","2"
"13","Alnus rubra","Plantae","Match","1"
"14","Anaphalis margaritacea","Plantae","Match","1"
"15","Aquilegia formosa","Plantae","Match","2"
"16","Aruncus dioicus","Plantae","Match","1"
"17","Asarum caudatum","Plantae","Match","1"
"18","Asplenium trichomanes","Plantae","Match","1"
"19","Athyrium filix-femina","Plantae","Match","1"
"20","Berberis nervosa","Plantae","NPSpecies synonym match","3"
"21","Calypso bulbosa","Plantae","Match","1"
"22","Castilleja hispida","Plantae","Match","2"
"23","Cerastium fontanum","Plantae","Match","1"
"24","Chamaenerion angustifolium","Plantae","No Match","1"
"25","Chimaphila menziesii","Plantae","Match","2"
"26","Cirsium vulgare","Plantae","Match","1"
"27","Clintonia uniflora","Plantae","Match","1"
"28","Comarum palustre","Plantae","Match","1"
"29","Corallorhiza maculata","Plantae","ITIS Match","1"
"30","Cornus ×","Plantae","No Match","3"
"31","Corydalis scouleri","Plantae","Match","1"
"32","Cystopteris fragilis","Plantae","Match","1"
"33","Digitalis purpurea","Plantae","Match","1"
"34","Drosera rotundifolia","Plantae","Match","1"
"35","Dryopteris expansa","Plantae","Match","1"
"36","Erythranthe alsinoides","Plantae","No Match","1"
"37","Fragaria vesca","Plantae","Match","2"
"38","Fragaria virginiana","Plantae","Match","1"
"39","Galium triflorum","Plantae","Match","1"
"40","Geranium robertianum","Plantae","Match","1"
"41","Geum macrophyllum","Plantae","Match","1"
"42","Goodyera oblongifolia","Plantae","Match","2"
"43","Gymnocarpium disjunctum","Plantae","Match","1"
"44","Heracleum maximum","Plantae","Match","1"
"45","Hydrophyllum tenuipes","Plantae","Match","1"
"46","Hylocomium splendens","Plantae","No Match","1"
"47","Hypochaeris radicata","Plantae","Match","1"
"48","Kindbergia oregana","Plantae","No Match","1"
"49","Lysimachia latifolia","Plantae","No Match","1"
"50","Maianthemum dilatatum","Plantae","Match","2"
"51","Maianthemum stellatum","Plantae","Match","3"
"52","Mertensia paniculata","Plantae","Match","1"
"53","Nemophila parviflora","Plantae","Match","1"
"54","Neottia cordata","Plantae","ITIS Match","1"
"55","Oplopanax horridus","Plantae","Match","3"
"56","Oxalis oregana","Plantae","Match","1"
"57","Petasites frigidus","Plantae","Match","1"
"58","Platanthera stricta","Plantae","Match","1"
"59","Polystichum munitum","Plantae","Match","3"
"60","Prosartes hookeri","Plantae","ITIS Match","2"
"61","Pseudotsuga menziesii","Plantae","Match","1"
"62","Pteridium aquilinum","Plantae","Match","1"
"63","Rhododendron groenlandicum","Plantae","ITIS Match","1"
"64","Ribes lacustre","Plantae","Match","1"
"65","Rubus parviflorus","Plantae","Match","1"
"66","Rubus pedatus","Plantae","Match","1"
"67","Rubus spectabilis","Plantae","Match","3"
"68","Streptopus amplexifolius","Plantae","Match","1"
"69","Struthiopteris spicant","Plantae","NPSpecies synonym match","2"
"70","Thuja plicata","Plantae","Match","1"
"71","Tiarella trifoliata","Plantae","Match","3"
"72","Tolmiea menziesii","Plantae","Match","2"
"73","Trillium ovatum","Plantae","Match","1"
"74","Tsuga heterophylla","Plantae","Match","2"
"75","Viola glabella","Plantae","Match","1"
"76","Xerophyllum tenax","Plantae","Match","1"
"77","Ariolimax columbianus","Mollusca","Table 4","7"
"78","Harpaphe haydeniana","Animalia","Table 4","6"
"79","Hemphillia dromedarius","Mollusca","Table 4","2"
"80","Ancotrema sportella","Mollusca","Table 4","2"
"81","Pilophorus acicularis","Fungi","Table 4","4"
"82","Cladonia bellidiflora","Fungi","Table 4","2"
"83","Cladonia cornuta","Fungi","Table 4","1"
"84","Deroceras laeve","Mollusca","Table 4","2"
"85","Arion intermedius","Mollusca","Table 4","1"
"86","Deroceras reticulatum","Mollusca","Table 4","1"
"87","Lobaria linita","Fungi","Table 4","1"
"88","Pilophorus clavatus","Fungi","Table 4","2"
"89","Cladonia cristatella","Fungi","Table 4","1"
"90","Haplotrema vancouverense","Mollusca","Table 4","3"
"91","Cryptomastix germana","Mollusca","Table 4","1"
"92","Prophysaon vanattae","Mollusca","Table 4","1"
