"","Iconic.taxon.name","Scientific.name","Common.name"
"1","Animalia","Harpaphe haydeniana","Yellow-spotted Millipede"
"2","Fungi","Cladonia bellidiflora","Toy Soldiers"
"3","Fungi","Cladonia cornuta","Bighorn Lichen"
"4","Fungi","Cladonia cristatella","British soldier lichen"
"5","Fungi","Lobaria linita","Cabbage Lung Lichen"
"6","Fungi","Pilophorus acicularis",""
"7","Fungi","Pilophorus clavatus",""
"8","Mollusca","Ancotrema sportella","Beaded Lancetooth"
"9","Mollusca","Ariolimax columbianus","Pacific Banana Slug"
"10","Mollusca","Arion intermedius","Hedgehog Slug"
"11","Mollusca","Cryptomastix germana","Pygmy Oregonian"
"12","Mollusca","Deroceras laeve","Meadow Slug"
"13","Mollusca","Deroceras reticulatum","Milky Slug"
"14","Mollusca","Haplotrema vancouverense","Robust Lancetooth Snail"
"15","Mollusca","Hemphillia dromedarius","Dromedary Jumping-slug"
"16","Mollusca","Prophysaon vanattae","Scarletback Taildropper"
