"","Scientific_name","Iconic_taxa","iNat_NPS_matches","iNat_NPSsynonym_matches","iNat_ITIS_synonym_matches","iNat_ITIS_nonsyn_matches","iNaturalist_URL"
"1","Pseudacris regilla","Amphibia","TRUE","FALSE","FALSE","TRUE","http://www.inaturalist.org/observations/3264033"
"2","Rana aurora","Amphibia","TRUE","FALSE","FALSE","TRUE","http://www.inaturalist.org/observations/3276000"
"3","Rana aurora","Amphibia","TRUE","FALSE","FALSE","TRUE","http://www.inaturalist.org/observations/3261947"
"4","Branta canadensis","Aves","TRUE","FALSE","FALSE","TRUE","http://www.inaturalist.org/observations/3261421"
"5","Corvus corax","Aves","TRUE","FALSE","FALSE","FALSE","http://www.inaturalist.org/observations/3260605"
"6","Corvus corax","Aves","TRUE","FALSE","FALSE","FALSE","http://www.inaturalist.org/observations/3264037"
"7","Cyanocitta stelleri","Aves","TRUE","FALSE","FALSE","FALSE","http://www.inaturalist.org/observations/3260938"
"8","Junco hyemalis","Aves","TRUE","TRUE","FALSE","FALSE","http://www.inaturalist.org/observations/3261153"
"9","Ochotona princeps","Mammalia","TRUE","FALSE","FALSE","FALSE","http://www.inaturalist.org/observations/3261231"
"10","Odocoileus hemionus","Mammalia","TRUE","TRUE","FALSE","FALSE","http://www.inaturalist.org/observations/3310670"
"11","Odocoileus hemionus","Mammalia","TRUE","TRUE","FALSE","FALSE","http://www.inaturalist.org/observations/3261374"
"12","Acer circinatum","Plantae","TRUE","FALSE","FALSE","FALSE","http://www.inaturalist.org/observations/3270388"
"13","Achlys triphylla","Plantae","TRUE","FALSE","FALSE","TRUE","http://www.inaturalist.org/observations/3309310"
"14","Achlys triphylla","Plantae","TRUE","FALSE","FALSE","TRUE","http://www.inaturalist.org/observations/3264914"
"15","Achlys triphylla","Plantae","TRUE","FALSE","FALSE","TRUE","http://www.inaturalist.org/observations/3270141"
"16","Actaea rubra","Plantae","TRUE","FALSE","FALSE","TRUE","http://www.inaturalist.org/observations/3264902"
"17","Adiantum aleuticum","Plantae","TRUE","FALSE","FALSE","TRUE","http://www.inaturalist.org/observations/3264913"
"18","Adiantum aleuticum","Plantae","TRUE","FALSE","FALSE","TRUE","http://www.inaturalist.org/observations/3270418"
"19","Alnus rubra","Plantae","TRUE","FALSE","FALSE","TRUE","http://www.inaturalist.org/observations/3270403"
"20","Anaphalis margaritacea","Plantae","TRUE","FALSE","FALSE","TRUE","http://www.inaturalist.org/observations/3270384"
"21","Aquilegia formosa","Plantae","TRUE","FALSE","FALSE","FALSE","http://www.inaturalist.org/observations/3264917"
"22","Aquilegia formosa","Plantae","TRUE","FALSE","FALSE","FALSE","http://www.inaturalist.org/observations/3265156"
"23","Aruncus dioicus","Plantae","TRUE","FALSE","FALSE","FALSE","http://www.inaturalist.org/observations/3264901"
"24","Asarum caudatum","Plantae","TRUE","TRUE","FALSE","TRUE","http://www.inaturalist.org/observations/3270146"
"25","Asplenium trichomanes","Plantae","TRUE","TRUE","FALSE","FALSE","http://www.inaturalist.org/observations/3264922"
"26","Athyrium filix-femina","Plantae","TRUE","FALSE","TRUE","TRUE","http://www.inaturalist.org/observations/3264906"
"27","Berberis nervosa","Plantae","FALSE","TRUE","FALSE","TRUE","https://www.inaturalist.org/observations/6983204"
"28","Berberis nervosa","Plantae","FALSE","TRUE","FALSE","TRUE","http://www.inaturalist.org/observations/3270150"
"29","Berberis nervosa","Plantae","FALSE","TRUE","FALSE","TRUE","http://www.inaturalist.org/observations/3270399"
"30","Calypso bulbosa","Plantae","TRUE","TRUE","FALSE","FALSE","http://www.inaturalist.org/observations/3264035"
"31","Castilleja hispida","Plantae","TRUE","FALSE","FALSE","FALSE","http://www.inaturalist.org/observations/3264897"
"32","Castilleja hispida","Plantae","TRUE","FALSE","FALSE","FALSE","http://www.inaturalist.org/observations/3264919"
"33","Cerastium fontanum","Plantae","TRUE","FALSE","FALSE","FALSE","http://www.inaturalist.org/observations/3264872"
"34","Chamaenerion angustifolium","Plantae","FALSE","FALSE","FALSE","FALSE","http://www.inaturalist.org/observations/3270389"
"35","Chimaphila menziesii","Plantae","TRUE","FALSE","FALSE","TRUE","http://www.inaturalist.org/observations/3264911"
"36","Chimaphila menziesii","Plantae","TRUE","FALSE","FALSE","TRUE","http://www.inaturalist.org/observations/3270112"
"37","Cirsium vulgare","Plantae","TRUE","FALSE","FALSE","TRUE","http://www.inaturalist.org/observations/3264931"
"38","Clintonia uniflora","Plantae","TRUE","FALSE","FALSE","TRUE","http://www.inaturalist.org/observations/3264893"
"39","Comarum palustre","Plantae","TRUE","FALSE","FALSE","TRUE","http://www.inaturalist.org/observations/3278161"
"40","Corallorhiza maculata","Plantae","FALSE","FALSE","FALSE","TRUE","http://www.inaturalist.org/observations/3270106"
"41","Cornus ×","Plantae","FALSE","FALSE","FALSE","FALSE","http://www.inaturalist.org/observations/3309457"
"42","Cornus ×","Plantae","FALSE","FALSE","FALSE","FALSE","http://www.inaturalist.org/observations/3270127"
"43","Cornus ×","Plantae","FALSE","FALSE","FALSE","FALSE","http://www.inaturalist.org/observations/3270393"
"44","Corydalis scouleri","Plantae","TRUE","FALSE","FALSE","FALSE","http://www.inaturalist.org/observations/3264867"
"45","Cystopteris fragilis","Plantae","TRUE","FALSE","FALSE","TRUE","http://www.inaturalist.org/observations/3264896"
"46","Digitalis purpurea","Plantae","TRUE","TRUE","FALSE","FALSE","http://www.inaturalist.org/observations/3264888"
"47","Drosera rotundifolia","Plantae","TRUE","TRUE","FALSE","FALSE","http://www.inaturalist.org/observations/3278139"
"48","Dryopteris expansa","Plantae","TRUE","FALSE","FALSE","TRUE","http://www.inaturalist.org/observations/3264881"
"49","Erythranthe alsinoides","Plantae","FALSE","FALSE","FALSE","FALSE","http://www.inaturalist.org/observations/3264925"
"50","Fragaria vesca","Plantae","TRUE","TRUE","FALSE","FALSE","http://www.inaturalist.org/observations/3309426"
"51","Fragaria vesca","Plantae","TRUE","TRUE","FALSE","FALSE","http://www.inaturalist.org/observations/3270382"
"52","Fragaria virginiana","Plantae","TRUE","FALSE","FALSE","FALSE","http://www.inaturalist.org/observations/3264920"
"53","Galium triflorum","Plantae","TRUE","FALSE","FALSE","TRUE","http://www.inaturalist.org/observations/3270395"
"54","Geranium robertianum","Plantae","TRUE","FALSE","FALSE","FALSE","http://www.inaturalist.org/observations/3270406"
"55","Geum macrophyllum","Plantae","TRUE","TRUE","FALSE","FALSE","http://www.inaturalist.org/observations/3264871"
"56","Goodyera oblongifolia","Plantae","TRUE","FALSE","FALSE","TRUE","http://www.inaturalist.org/observations/3270111"
"57","Goodyera oblongifolia","Plantae","TRUE","FALSE","FALSE","TRUE","http://www.inaturalist.org/observations/3264886"
"58","Gymnocarpium disjunctum","Plantae","TRUE","FALSE","FALSE","TRUE","http://www.inaturalist.org/observations/3264880"
"59","Heracleum maximum","Plantae","TRUE","FALSE","TRUE","FALSE","http://www.inaturalist.org/observations/3264899"
"60","Hydrophyllum tenuipes","Plantae","TRUE","FALSE","FALSE","TRUE","http://www.inaturalist.org/observations/3264903"
"61","Hylocomium splendens","Plantae","FALSE","FALSE","FALSE","FALSE","http://www.inaturalist.org/observations/3270116"
"62","Hypochaeris radicata","Plantae","TRUE","FALSE","FALSE","FALSE","http://www.inaturalist.org/observations/3264930"
"63","Kindbergia oregana","Plantae","FALSE","FALSE","FALSE","FALSE","http://www.inaturalist.org/observations/3308796"
"64","Lysimachia latifolia","Plantae","FALSE","FALSE","FALSE","FALSE","http://www.inaturalist.org/observations/3309360"
"65","Maianthemum dilatatum","Plantae","TRUE","FALSE","FALSE","TRUE","http://www.inaturalist.org/observations/3264912"
"66","Maianthemum dilatatum","Plantae","TRUE","FALSE","FALSE","TRUE","http://www.inaturalist.org/observations/3270140"
"67","Maianthemum stellatum","Plantae","TRUE","FALSE","FALSE","TRUE","http://www.inaturalist.org/observations/3309325"
"68","Maianthemum stellatum","Plantae","TRUE","FALSE","FALSE","TRUE","http://www.inaturalist.org/observations/3264908"
"69","Maianthemum stellatum","Plantae","TRUE","FALSE","FALSE","TRUE","http://www.inaturalist.org/observations/3270142"
"70","Mertensia paniculata","Plantae","TRUE","TRUE","FALSE","FALSE","http://www.inaturalist.org/observations/3264894"
"71","Nemophila parviflora","Plantae","TRUE","TRUE","FALSE","FALSE","http://www.inaturalist.org/observations/3264890"
"72","Neottia cordata","Plantae","FALSE","FALSE","FALSE","TRUE","http://www.inaturalist.org/observations/3270107"
"73","Oplopanax horridus","Plantae","TRUE","FALSE","FALSE","TRUE","http://www.inaturalist.org/observations/3270132"
"74","Oplopanax horridus","Plantae","TRUE","FALSE","FALSE","TRUE","http://www.inaturalist.org/observations/3270416"
"75","Oplopanax horridus","Plantae","TRUE","FALSE","FALSE","TRUE","http://www.inaturalist.org/observations/3264870"
"76","Oxalis oregana","Plantae","TRUE","FALSE","FALSE","TRUE","http://www.inaturalist.org/observations/3264875"
"77","Petasites frigidus","Plantae","TRUE","FALSE","FALSE","FALSE","http://www.inaturalist.org/observations/3270153"
"78","Platanthera stricta","Plantae","TRUE","FALSE","FALSE","TRUE","http://www.inaturalist.org/observations/3312568"
"79","Polystichum munitum","Plantae","TRUE","FALSE","FALSE","TRUE","http://www.inaturalist.org/observations/3270115"
"80","Polystichum munitum","Plantae","TRUE","FALSE","FALSE","TRUE","http://www.inaturalist.org/observations/3270383"
"81","Polystichum munitum","Plantae","TRUE","FALSE","FALSE","TRUE","http://www.inaturalist.org/observations/3264879"
"82","Prosartes hookeri","Plantae","FALSE","FALSE","FALSE","TRUE","http://www.inaturalist.org/observations/3264909"
"83","Prosartes hookeri","Plantae","FALSE","FALSE","FALSE","TRUE","http://www.inaturalist.org/observations/3270400"
"84","Pseudotsuga menziesii","Plantae","TRUE","TRUE","FALSE","TRUE","http://www.inaturalist.org/observations/3270390"
"85","Pteridium aquilinum","Plantae","TRUE","FALSE","FALSE","FALSE","http://www.inaturalist.org/observations/3270119"
"86","Rhododendron groenlandicum","Plantae","FALSE","FALSE","FALSE","TRUE","http://www.inaturalist.org/observations/3278181"
"87","Ribes lacustre","Plantae","TRUE","FALSE","FALSE","TRUE","http://www.inaturalist.org/observations/3264885"
"88","Rubus parviflorus","Plantae","TRUE","FALSE","FALSE","TRUE","http://www.inaturalist.org/observations/3270419"
"89","Rubus pedatus","Plantae","TRUE","FALSE","FALSE","TRUE","http://www.inaturalist.org/observations/3270138"
"90","Rubus spectabilis","Plantae","TRUE","TRUE","FALSE","TRUE","http://www.inaturalist.org/observations/3270148"
"91","Rubus spectabilis","Plantae","TRUE","TRUE","FALSE","TRUE","http://www.inaturalist.org/observations/3270413"
"92","Rubus spectabilis","Plantae","TRUE","TRUE","FALSE","TRUE","http://www.inaturalist.org/observations/3264868"
"93","Streptopus amplexifolius","Plantae","TRUE","FALSE","FALSE","TRUE","http://www.inaturalist.org/observations/3264878"
"94","Struthiopteris spicant","Plantae","FALSE","TRUE","TRUE","FALSE","http://www.inaturalist.org/observations/3272786"
"95","Struthiopteris spicant","Plantae","FALSE","TRUE","TRUE","FALSE","http://www.inaturalist.org/observations/3270397"
"96","Thuja plicata","Plantae","TRUE","FALSE","FALSE","FALSE","http://www.inaturalist.org/observations/3270385"
"97","Tiarella trifoliata","Plantae","TRUE","FALSE","FALSE","FALSE","http://www.inaturalist.org/observations/3270136"
"98","Tiarella trifoliata","Plantae","TRUE","FALSE","FALSE","FALSE","http://www.inaturalist.org/observations/3270408"
"99","Tiarella trifoliata","Plantae","TRUE","FALSE","FALSE","FALSE","http://www.inaturalist.org/observations/3264882"
"100","Tolmiea menziesii","Plantae","TRUE","FALSE","FALSE","TRUE","http://www.inaturalist.org/observations/3270152"
"101","Tolmiea menziesii","Plantae","TRUE","FALSE","FALSE","TRUE","http://www.inaturalist.org/observations/3270412"
"102","Trillium ovatum","Plantae","TRUE","TRUE","FALSE","FALSE","http://www.inaturalist.org/observations/3270402"
"103","Tsuga heterophylla","Plantae","TRUE","FALSE","FALSE","TRUE","http://www.inaturalist.org/observations/3270117"
"104","Tsuga heterophylla","Plantae","TRUE","FALSE","FALSE","TRUE","http://www.inaturalist.org/observations/3270396"
"105","Viola glabella","Plantae","TRUE","FALSE","FALSE","TRUE","http://www.inaturalist.org/observations/3264874"
"106","Xerophyllum tenax","Plantae","TRUE","FALSE","FALSE","TRUE","http://www.inaturalist.org/observations/3270122"
