"","Scientific_name","Iconic_taxa","iNat_NPS_matches","iNat_NPSsynonym_matches","iNat_ITIS_synonym_matches","iNat_ITIS_nonsyn_matches","iNaturalist_URL"
"1","Turdus migratorius","Aves","TRUE","FALSE","FALSE","FALSE","http://www.inaturalist.org/observations/3411602"
"2","Myotis volans","Mammalia","TRUE","FALSE","FALSE","FALSE","http://www.inaturalist.org/observations/3416445"
"3","Myotis volans","Mammalia","TRUE","FALSE","FALSE","FALSE","http://www.inaturalist.org/observations/3416446"
"4","Acer glabrum","Plantae","TRUE","FALSE","FALSE","FALSE","http://www.inaturalist.org/observations/3412454"
"5","Acer grandidentatum","Plantae","TRUE","FALSE","FALSE","FALSE","http://www.inaturalist.org/observations/3450208"
"6","Acer grandidentatum","Plantae","TRUE","FALSE","FALSE","FALSE","http://www.inaturalist.org/observations/3421534"
"7","Acer grandidentatum","Plantae","TRUE","FALSE","FALSE","FALSE","http://www.inaturalist.org/observations/3462726"
"8","Acer grandidentatum","Plantae","TRUE","FALSE","FALSE","FALSE","http://www.inaturalist.org/observations/3413729"
"9","Acer grandidentatum","Plantae","TRUE","FALSE","FALSE","FALSE","http://www.inaturalist.org/observations/3414030"
"10","Acer grandidentatum","Plantae","TRUE","FALSE","FALSE","FALSE","http://www.inaturalist.org/observations/3413986"
"11","Acer grandidentatum","Plantae","TRUE","FALSE","FALSE","FALSE","http://www.inaturalist.org/observations/3411610"
"12","Acer grandidentatum","Plantae","TRUE","FALSE","FALSE","FALSE","http://www.inaturalist.org/observations/3412427"
"13","Acer grandidentatum","Plantae","TRUE","FALSE","FALSE","FALSE","http://www.inaturalist.org/observations/3412440"
"14","Acer grandidentatum","Plantae","TRUE","FALSE","FALSE","FALSE","http://www.inaturalist.org/observations/3412441"
"15","Acer grandidentatum","Plantae","TRUE","FALSE","FALSE","FALSE","http://www.inaturalist.org/observations/3412453"
"16","Acer negundo","Plantae","TRUE","FALSE","FALSE","FALSE","http://www.inaturalist.org/observations/3421533"
"17","Acer negundo","Plantae","TRUE","FALSE","FALSE","FALSE","http://www.inaturalist.org/observations/3462734"
"18","Acer negundo","Plantae","TRUE","FALSE","FALSE","FALSE","http://www.inaturalist.org/observations/3462740"
"19","Acer negundo","Plantae","TRUE","FALSE","FALSE","FALSE","http://www.inaturalist.org/observations/3505471"
"20","Acer negundo","Plantae","TRUE","FALSE","FALSE","FALSE","http://www.inaturalist.org/observations/3411521"
"21","Acer negundo","Plantae","TRUE","FALSE","FALSE","FALSE","http://www.inaturalist.org/observations/3412430"
"22","Acer negundo","Plantae","TRUE","FALSE","FALSE","FALSE","http://www.inaturalist.org/observations/3412445"
"23","Achillea millefolium","Plantae","TRUE","TRUE","FALSE","TRUE","http://www.inaturalist.org/observations/3411886"
"24","Achnatherum hymenoides","Plantae","FALSE","FALSE","FALSE","TRUE","http://www.inaturalist.org/observations/3414534"
"25","Achnatherum hymenoides","Plantae","FALSE","FALSE","FALSE","TRUE","http://www.inaturalist.org/observations/3411638"
"26","Allium acuminatum","Plantae","TRUE","FALSE","FALSE","TRUE","http://www.inaturalist.org/observations/3412679"
"27","Allium acuminatum","Plantae","TRUE","FALSE","FALSE","TRUE","http://www.inaturalist.org/observations/3411526"
"28","Artemisia tridentata","Plantae","TRUE","FALSE","FALSE","FALSE","http://www.inaturalist.org/observations/3412431"
"29","Berberis repens","Plantae","FALSE","FALSE","FALSE","TRUE","http://www.inaturalist.org/observations/3450288"
"30","Berberis repens","Plantae","FALSE","FALSE","FALSE","TRUE","http://www.inaturalist.org/observations/3413741"
"31","Berberis repens","Plantae","FALSE","FALSE","FALSE","TRUE","http://www.inaturalist.org/observations/3414805"
"32","Berberis repens","Plantae","FALSE","FALSE","FALSE","TRUE","http://www.inaturalist.org/observations/3412439"
"33","Berberis repens","Plantae","FALSE","FALSE","FALSE","TRUE","http://www.inaturalist.org/observations/3412448"
"34","Berberis repens","Plantae","FALSE","FALSE","FALSE","TRUE","http://www.inaturalist.org/observations/3412450"
"35","Berberis repens","Plantae","FALSE","FALSE","FALSE","TRUE","http://www.inaturalist.org/observations/3412625"
"36","Bromus inermis","Plantae","TRUE","TRUE","FALSE","TRUE","http://www.inaturalist.org/observations/3411620"
"37","Bromus inermis","Plantae","TRUE","TRUE","FALSE","TRUE","http://www.inaturalist.org/observations/3412627"
"38","Bromus tectorum","Plantae","TRUE","FALSE","FALSE","TRUE","http://www.inaturalist.org/observations/3450221"
"39","Bromus tectorum","Plantae","TRUE","FALSE","FALSE","TRUE","http://www.inaturalist.org/observations/3414557"
"40","Calochortus nuttallii","Plantae","TRUE","FALSE","FALSE","FALSE","http://www.inaturalist.org/observations/3411839"
"41","Cirsium undulatum","Plantae","FALSE","FALSE","FALSE","FALSE","http://www.inaturalist.org/observations/3411840"
"42","Claytonia perfoliata","Plantae","FALSE","FALSE","FALSE","FALSE","http://www.inaturalist.org/observations/3505450"
"43","Claytonia perfoliata","Plantae","FALSE","FALSE","FALSE","FALSE","http://www.inaturalist.org/observations/3412424"
"44","Corallorhiza striata","Plantae","TRUE","FALSE","FALSE","TRUE","http://www.inaturalist.org/observations/3450283"
"45","Corallorhiza striata","Plantae","TRUE","FALSE","FALSE","TRUE","http://www.inaturalist.org/observations/3413713"
"46","Dactylis glomerata","Plantae","TRUE","FALSE","FALSE","TRUE","http://www.inaturalist.org/observations/3412633"
"47","Ericameria nauseosa","Plantae","FALSE","FALSE","FALSE","FALSE","http://www.inaturalist.org/observations/3450275"
"48","Galium aparine","Plantae","TRUE","TRUE","FALSE","TRUE","http://www.inaturalist.org/observations/3450201"
"49","Galium aparine","Plantae","TRUE","TRUE","FALSE","TRUE","http://www.inaturalist.org/observations/3414556"
"50","Galium aparine","Plantae","TRUE","TRUE","FALSE","TRUE","http://www.inaturalist.org/observations/3412425"
"51","Hackelia patens","Plantae","TRUE","TRUE","FALSE","FALSE","http://www.inaturalist.org/observations/3411853"
"52","Heuchera rubescens","Plantae","TRUE","TRUE","FALSE","TRUE","http://www.inaturalist.org/observations/3450220"
"53","Heuchera rubescens","Plantae","TRUE","TRUE","FALSE","TRUE","http://www.inaturalist.org/observations/3450274"
"54","Heuchera rubescens","Plantae","TRUE","TRUE","FALSE","TRUE","http://www.inaturalist.org/observations/3417883"
"55","Heuchera rubescens","Plantae","TRUE","TRUE","FALSE","TRUE","http://www.inaturalist.org/observations/3418953"
"56","Heuchera rubescens","Plantae","TRUE","TRUE","FALSE","TRUE","http://www.inaturalist.org/observations/3505501"
"57","Heuchera rubescens","Plantae","TRUE","TRUE","FALSE","TRUE","http://www.inaturalist.org/observations/3505504"
"58","Heuchera rubescens","Plantae","TRUE","TRUE","FALSE","TRUE","http://www.inaturalist.org/observations/3414518"
"59","Holodiscus dumosus","Plantae","TRUE","FALSE","TRUE","FALSE","http://www.inaturalist.org/observations/3505482"
"60","Juniperus communis","Plantae","TRUE","TRUE","FALSE","FALSE","http://www.inaturalist.org/observations/3414539"
"61","Juniperus osteosperma","Plantae","TRUE","FALSE","FALSE","TRUE","http://www.inaturalist.org/observations/3411604"
"62","Linum lewisii","Plantae","FALSE","FALSE","FALSE","FALSE","http://www.inaturalist.org/observations/3505466"
"63","Maianthemum racemosum","Plantae","FALSE","FALSE","FALSE","FALSE","http://www.inaturalist.org/observations/3414550"
"64","Maianthemum racemosum","Plantae","FALSE","FALSE","FALSE","FALSE","http://www.inaturalist.org/observations/3414552"
"65","Maianthemum racemosum","Plantae","FALSE","FALSE","FALSE","FALSE","http://www.inaturalist.org/observations/3412426"
"66","Oenothera cespitosa","Plantae","FALSE","FALSE","FALSE","FALSE","http://www.inaturalist.org/observations/3411827"
"67","Oreocarya humilis","Plantae","FALSE","FALSE","TRUE","FALSE","http://www.inaturalist.org/observations/3413779"
"68","Penstemon eatonii","Plantae","TRUE","TRUE","FALSE","FALSE","http://www.inaturalist.org/observations/3450218"
"69","Penstemon eatonii","Plantae","TRUE","TRUE","FALSE","FALSE","http://www.inaturalist.org/observations/3462736"
"70","Penstemon eatonii","Plantae","TRUE","TRUE","FALSE","FALSE","http://www.inaturalist.org/observations/3413723"
"71","Penstemon eatonii","Plantae","TRUE","TRUE","FALSE","FALSE","http://www.inaturalist.org/observations/3413971"
"72","Penstemon eatonii","Plantae","TRUE","TRUE","FALSE","FALSE","http://www.inaturalist.org/observations/3411512"
"73","Penstemon eatonii","Plantae","TRUE","TRUE","FALSE","FALSE","http://www.inaturalist.org/observations/3412428"
"74","Penstemon sepalulus","Plantae","FALSE","FALSE","FALSE","FALSE","http://www.inaturalist.org/observations/3414532"
"75","Physocarpus malvaceus","Plantae","TRUE","FALSE","FALSE","TRUE","http://www.inaturalist.org/observations/3450286"
"76","Physocarpus malvaceus","Plantae","TRUE","FALSE","FALSE","TRUE","http://www.inaturalist.org/observations/3412438"
"77","Pinus flexilis","Plantae","TRUE","FALSE","FALSE","TRUE","http://www.inaturalist.org/observations/3414537"
"78","Poa bulbosa","Plantae","TRUE","FALSE","FALSE","FALSE","http://www.inaturalist.org/observations/3414546"
"79","Prunus virginiana","Plantae","TRUE","TRUE","FALSE","FALSE","http://www.inaturalist.org/observations/3450190"
"80","Prunus virginiana","Plantae","TRUE","TRUE","FALSE","FALSE","http://www.inaturalist.org/observations/3450282"
"81","Prunus virginiana","Plantae","TRUE","TRUE","FALSE","FALSE","http://www.inaturalist.org/observations/3411873"
"82","Pseudotsuga menziesii","Plantae","TRUE","TRUE","FALSE","FALSE","http://www.inaturalist.org/observations/3413984"
"83","Quercus gambelii","Plantae","TRUE","TRUE","FALSE","TRUE","http://www.inaturalist.org/observations/3462744"
"84","Quercus gambelii","Plantae","TRUE","TRUE","FALSE","TRUE","http://www.inaturalist.org/observations/3413725"
"85","Quercus gambelii","Plantae","TRUE","TRUE","FALSE","TRUE","http://www.inaturalist.org/observations/3413981"
"86","Quercus gambelii","Plantae","TRUE","TRUE","FALSE","TRUE","http://www.inaturalist.org/observations/3411836"
"87","Ribes aureum","Plantae","TRUE","FALSE","FALSE","FALSE","http://www.inaturalist.org/observations/3505479"
"88","Rosa woodsii","Plantae","TRUE","FALSE","FALSE","FALSE","http://www.inaturalist.org/observations/3411883"
"89","Symphoricarpos rotundifolius","Plantae","FALSE","FALSE","FALSE","FALSE","http://www.inaturalist.org/observations/3414538"
"90","Symphoricarpos rotundifolius","Plantae","FALSE","FALSE","FALSE","FALSE","http://www.inaturalist.org/observations/3414543"
"91","Tragopogon dubius","Plantae","TRUE","FALSE","FALSE","TRUE","http://www.inaturalist.org/observations/3505495"
"92","Vicia americana","Plantae","TRUE","TRUE","FALSE","FALSE","http://www.inaturalist.org/observations/3411867"
"93","Crotalus oreganus","Reptilia","TRUE","FALSE","FALSE","TRUE","http://www.inaturalist.org/observations/3413772"
"94","Crotalus oreganus","Reptilia","TRUE","FALSE","FALSE","TRUE","http://www.inaturalist.org/observations/3414009"
"95","Crotalus oreganus","Reptilia","TRUE","FALSE","FALSE","TRUE","http://www.inaturalist.org/observations/3411837"
