"","Scientific_name","Iconic_taxa","Match NPSpecies","iNaturalist_Entry_count"
"1","Turdus migratorius","Aves","Match","1"
"2","Myotis volans","Mammalia","Match","2"
"3","Acer glabrum","Plantae","Match","1"
"4","Acer grandidentatum","Plantae","Match","11"
"5","Acer negundo","Plantae","Match","7"
"6","Achillea millefolium","Plantae","Match","1"
"7","Achnatherum hymenoides","Plantae","ITIS Match","2"
"8","Allium acuminatum","Plantae","Match","2"
"9","Artemisia tridentata","Plantae","Match","1"
"10","Berberis repens","Plantae","ITIS Match","7"
"11","Bromus inermis","Plantae","Match","2"
"12","Bromus tectorum","Plantae","Match","2"
"13","Calochortus nuttallii","Plantae","Match","1"
"14","Cirsium undulatum","Plantae","No Match","1"
"15","Claytonia perfoliata","Plantae","No Match","2"
"16","Corallorhiza striata","Plantae","Match","2"
"17","Dactylis glomerata","Plantae","Match","1"
"18","Ericameria nauseosa","Plantae","No Match","1"
"19","Galium aparine","Plantae","Match","3"
"20","Hackelia patens","Plantae","Match","1"
"21","Heuchera rubescens","Plantae","Match","7"
"22","Holodiscus dumosus","Plantae","Match","1"
"23","Juniperus communis","Plantae","Match","1"
"24","Juniperus osteosperma","Plantae","Match","1"
"25","Linum lewisii","Plantae","No Match","1"
"26","Maianthemum racemosum","Plantae","No Match","3"
"27","Oenothera cespitosa","Plantae","No Match","1"
"28","Oreocarya humilis","Plantae","ITIS Match","1"
"29","Penstemon eatonii","Plantae","Match","6"
"30","Penstemon sepalulus","Plantae","No Match","1"
"31","Physocarpus malvaceus","Plantae","Match","2"
"32","Pinus flexilis","Plantae","Match","1"
"33","Poa bulbosa","Plantae","Match","1"
"34","Prunus virginiana","Plantae","Match","3"
"35","Pseudotsuga menziesii","Plantae","Match","1"
"36","Quercus gambelii","Plantae","Match","4"
"37","Ribes aureum","Plantae","Match","1"
"38","Rosa woodsii","Plantae","Match","1"
"39","Symphoricarpos rotundifolius","Plantae","No Match","2"
"40","Tragopogon dubius","Plantae","Match","1"
"41","Vicia americana","Plantae","Match","1"
"42","Crotalus oreganus","Reptilia","Match","3"
"43","Apis mellifera","Insecta","Table 4","1"
"44","Papilio rutulus","Insecta","Table 4","1"
"45","Armadillidium vulgare","Animalia","Table 4","1"
"46","Limax maximus","Mollusca","Table 4","1"
