"","Iconic_taxa","Scientific_name","Occurences in BISON","Invasive.Record"
"1","Plantae","Cirsium undulatum","OR 93; IN 3; WY 70; OK 62; BC CAN 27; SK CAN 9; WA 56; UT 51; NE 87; CO 242; MO 28; AB CAN 15; ND 76; AZ 26; WI 9; NV 9; NY 4; MT 250; SD 132; MN 3; KS 376; CA 76; MI 2; PA 1; IA 17; NM 116; TX 232; IL 3; ID 37","No"
"2","Plantae","Claytonia perfoliata","OR 119; NC 1; MT 10; WY 4; BC CAN 59; SD 1; CA 3079; WA 94; UT 62; MI 1; NH 2; AK 2; MD 1; AZ 175; ID 47; NV 33","No"
"3","Plantae","Ericameria nauseosa","OR 163; MT 107; WY 185; OK 4; SD 33; BC CAN 10; SK CAN 7; CA 465; KS 9; UT 632; WA 32; NE 4; NM 244; CO 866; TX 6; ND 19; AZ 882; ID 187; NV 1370","No"
"4","Plantae","Linum lewisii","OR 55; WY 68; OK 6; BC CAN 23; SK CAN 14; AR 1; UT 133; WA 27; YT CAN 18; NE 4; WV 10; ON CAN 2; MB CAN 23; CO 174; AK 71; AB CAN 67; ND 75; AZ 273; NV 96; MT 219; SD 23; MN 7; CA 804; KS 7; NM 169; TX 32; LA 2; NT CAN 18; ID 79","No"
"5","Plantae","Maianthemum racemosum","NC 363; IN 111; WY 17; BC CAN 33; SK CAN 1; PE CAN 4; UT 37; AB CAN 82; AZ 110; MT 121; KY 160; CA 885; KS 45; DE 13; FL 2; PA 174; IA 88; MS 27; IL 218; NS CAN 10; TX 3; CT 136; GA 69; VA 1022; MD 235; ID 70; VT 321; OR 136; TN 141; ME 48; OK 9; AL 49; AR 49; WA 111; SC 82; NE 9; WV 578; ON CAN 316; CO 150; MA 80; MO 88; QC CAN 36; AK 5; ND 7; WI 224; NV 5; NY 225; DC 26; RI 6; SD 8; MN 118; NL CAN 1; NJ 56; MI 192; NB CAN 18; NM 32; NH 56; LA 1; OH 188","No"
"6","Plantae","Oenothera cespitosa","OR 1; MT 5; WY 5; SD 7; SK CAN 6; CA 39; UT 38; MB CAN 1; NM 16; CO 23; AZ 29; ID 10; NV 8","No"
"7","Plantae","Penstemon sepalulus","UT 87","No"
"8","Plantae","Symphoricarpos rotundifolius","OR 23; WY 4; OK 2; CA 848; KS 2; WA 15; UT 12; NM 224; CO 435; TX 14; IL 1; AZ 113; ID 6; NV 16","No"
