"","Iconic.taxon.name","Scientific.name","Common.name"
"1","Fungi","Evernia prunastri","Oakmoss"
"2","Fungi","Hypogymnia imshaugii","Imshaug's Tube Lichen"
"3","Fungi","Letharia vulpina","wolf lichen"
"4","Fungi","Tuckermannopsis chlorophylla","Powdered Wrinkle Lichen"
"5","Fungi","Umbilicaria phaea","Emery Rocktripe Lichen"
"6","Insecta","Adelpha californica","California Sister"
"7","Insecta","Battus philenor","Pipevine Swallowtail"
"8","Insecta","Lophocampa argentata","Silver-spotted Tiger Moth"
"9","Insecta","Nymphalis antiopa","Mourning Cloak"
"10","Insecta","Pteronarcys californica","California Giant Stonefly"
