"","Iconic_taxa","Scientific_name","Occurences in BISON","Invasive.Record"
"1","Aves","Dryobates villosus","No data available","No"
"2","Plantae","Ceanothus thyrsiflorus","OR 64; BC CAN 1; CA 1539; WA 1","No"
"3","Plantae","Lysimachia latifolia","OR 86; BC CAN 32; CA 627; WA 113","No"
"4","Plantae","Montia parvifolia","OR 241; MT 9; BC CAN 34; AK 23; CA 593; AB CAN 2; WA 114; ID 13","No"
"5","Plantae","Petasites frigidus","OR 43; VT 5; WY 3; ME 13; BC CAN 16; SK CAN 2; PE CAN 3; WA 71; YT CAN 27; ON CAN 27; MB CAN 4; CO 6; MA 5; QC CAN 4; AK 264; AB CAN 8; ND 8; WI 22; NY 14; MT 4; SD 2; MN 163; CA 67; MI 46; NB CAN 2; NU CAN 3; NS CAN 2; NH 5; CT 1; NT CAN 43; ID 7","No"
