"","Scientific_name","Iconic_taxa","Match NPSpecies","iNaturalist_Entry_count"
"1","Branta canadensis","Aves","Match","1"
"2","Contopus sordidulus","Aves","Match","1"
"3","Cyanocitta stelleri","Aves","Match","1"
"4","Dryobates villosus","Aves","No Match","2"
"5","Haliaeetus leucocephalus","Aves","Match","1"
"6","Icteria virens","Aves","Match","1"
"7","Pandion haliaetus","Aves","Match","1"
"8","Pheucticus melanocephalus","Aves","Match","1"
"9","Stelgidopteryx serripennis","Aves","Match","2"
"10","Vireo cassinii","Aves","Match","1"
"11","Antrozous pallidus","Mammalia","Match","1"
"12","Acer macrophyllum","Plantae","Match","2"
"13","Aesculus californica","Plantae","Match","1"
"14","Aira caryophyllea","Plantae","Match","1"
"15","Aristolochia californica","Plantae","Match","1"
"16","Artemisia douglasiana","Plantae","Match","1"
"17","Brassica nigra","Plantae","Match","2"
"18","Castilleja attenuata","Plantae","Match","1"
"19","Ceanothus thyrsiflorus","Plantae","No Match","1"
"20","Cercis occidentalis","Plantae","Match","2"
"21","Claytonia perfoliata","Plantae","Match","1"
"22","Cornus nuttallii","Plantae","Match","1"
"23","Corylus cornuta","Plantae","Match","2"
"24","Cynosurus echinatus","Plantae","Match","1"
"25","Dichelostemma ida-maia","Plantae","Match","2"
"26","Eriogonum nudum","Plantae","Match","1"
"27","Eriophyllum lanatum","Plantae","Match","2"
"28","Eschscholzia californica","Plantae","Match","1"
"29","Heteromeles arbutifolia","Plantae","Match","1"
"30","Holodiscus discolor","Plantae","Match","2"
"31","Hydrophyllum occidentale","Plantae","Match","1"
"32","Hypericum perforatum","Plantae","Match","1"
"33","Lysimachia latifolia","Plantae","No Match","2"
"34","Maianthemum racemosum","Plantae","Match","1"
"35","Micropus californicus","Plantae","Match","1"
"36","Montia parvifolia","Plantae","No Match","2"
"37","Notholithocarpus densiflorus","Plantae","Match","1"
"38","Petasites frigidus","Plantae","No Match","1"
"39","Philadelphus lewisii","Plantae","Match","1"
"40","Pinus ponderosa","Plantae","Match","1"
"41","Pinus sabiniana","Plantae","Match","1"
"42","Poa bulbosa","Plantae","Match","1"
"43","Polystichum imbricans","Plantae","Match","1"
"44","Pseudotsuga menziesii","Plantae","Match","2"
"45","Quercus chrysolepis","Plantae","Match","2"
"46","Quercus kelloggii","Plantae","Match","1"
"47","Rubus ursinus","Plantae","Match","1"
"48","Sedum spathulifolium","Plantae","Match","2"
"49","Silene laciniata","Plantae","Match","1"
"50","Toxicodendron diversilobum","Plantae","Match","2"
"51","Trifolium hirtum","Plantae","Match","1"
"52","Triteleia ixioides","Plantae","Match","1"
"53","Vitis californica","Plantae","Match","1"
"54","Woodwardia fimbriata","Plantae","Match","2"
"55","Sceloporus occidentalis","Reptilia","Match","1"
"56","Letharia vulpina","Fungi","Table 4","2"
"57","Evernia prunastri","Fungi","Table 4","2"
"58","Hypogymnia imshaugii","Fungi","Table 4","1"
"59","Tuckermannopsis chlorophylla","Fungi","Table 4","2"
"60","Umbilicaria phaea","Fungi","Table 4","2"
"61","Battus philenor","Insecta","Table 4","1"
"62","Adelpha californica","Insecta","Table 4","2"
"63","Lophocampa argentata","Insecta","Table 4","1"
"64","Pteronarcys californica","Insecta","Table 4","1"
"65","Nymphalis antiopa","Insecta","Table 4","1"
