"","Scientific_name","Iconic_taxa","iNat_NPS_matches","iNat_NPSsynonym_matches","iNat_ITIS_synonym_matches","iNat_ITIS_nonsyn_matches","iNaturalist_URL"
"1","Branta canadensis","Aves","TRUE","FALSE","FALSE","TRUE","http://www.inaturalist.org/observations/3171573"
"2","Contopus sordidulus","Aves","TRUE","FALSE","FALSE","FALSE","http://www.inaturalist.org/observations/3178598"
"3","Cyanocitta stelleri","Aves","TRUE","FALSE","FALSE","FALSE","http://www.inaturalist.org/observations/3180756"
"4","Dryobates villosus","Aves","FALSE","FALSE","FALSE","FALSE","http://www.inaturalist.org/observations/3180759"
"5","Dryobates villosus","Aves","FALSE","FALSE","FALSE","FALSE","http://www.inaturalist.org/observations/3173752"
"6","Haliaeetus leucocephalus","Aves","TRUE","FALSE","FALSE","FALSE","http://www.inaturalist.org/observations/3178078"
"7","Icteria virens","Aves","TRUE","FALSE","FALSE","FALSE","http://www.inaturalist.org/observations/3178618"
"8","Pandion haliaetus","Aves","TRUE","FALSE","FALSE","FALSE","http://www.inaturalist.org/observations/3178076"
"9","Pheucticus melanocephalus","Aves","TRUE","FALSE","FALSE","FALSE","http://www.inaturalist.org/observations/3178029"
"10","Stelgidopteryx serripennis","Aves","TRUE","FALSE","FALSE","FALSE","http://www.inaturalist.org/observations/3180747"
"11","Stelgidopteryx serripennis","Aves","TRUE","FALSE","FALSE","FALSE","http://www.inaturalist.org/observations/3178028"
"12","Vireo cassinii","Aves","TRUE","FALSE","FALSE","TRUE","http://www.inaturalist.org/observations/3180763"
"13","Antrozous pallidus","Mammalia","TRUE","FALSE","FALSE","FALSE","http://www.inaturalist.org/observations/3192244"
"14","Acer macrophyllum","Plantae","TRUE","FALSE","FALSE","FALSE","http://www.inaturalist.org/observations/3174620"
"15","Acer macrophyllum","Plantae","TRUE","FALSE","FALSE","FALSE","http://www.inaturalist.org/observations/3178042"
"16","Aesculus californica","Plantae","TRUE","FALSE","FALSE","TRUE","http://www.inaturalist.org/observations/3178073"
"17","Aira caryophyllea","Plantae","TRUE","FALSE","FALSE","TRUE","http://www.inaturalist.org/observations/3178146"
"18","Aristolochia californica","Plantae","TRUE","FALSE","FALSE","TRUE","http://www.inaturalist.org/observations/3174611"
"19","Artemisia douglasiana","Plantae","TRUE","FALSE","FALSE","TRUE","http://www.inaturalist.org/observations/3188059"
"20","Brassica nigra","Plantae","TRUE","FALSE","FALSE","TRUE","http://www.inaturalist.org/observations/3174602"
"21","Brassica nigra","Plantae","TRUE","FALSE","FALSE","TRUE","http://www.inaturalist.org/observations/3174616"
"22","Castilleja attenuata","Plantae","TRUE","FALSE","FALSE","TRUE","http://www.inaturalist.org/observations/3178198"
"23","Ceanothus thyrsiflorus","Plantae","FALSE","FALSE","FALSE","FALSE","http://www.inaturalist.org/observations/3178062"
"24","Cercis occidentalis","Plantae","TRUE","FALSE","FALSE","TRUE","http://www.inaturalist.org/observations/3188194"
"25","Cercis occidentalis","Plantae","TRUE","FALSE","FALSE","TRUE","http://www.inaturalist.org/observations/3174622"
"26","Claytonia perfoliata","Plantae","TRUE","FALSE","FALSE","FALSE","http://www.inaturalist.org/observations/3174631"
"27","Cornus nuttallii","Plantae","TRUE","FALSE","FALSE","FALSE","http://www.inaturalist.org/observations/3188165"
"28","Corylus cornuta","Plantae","TRUE","FALSE","FALSE","FALSE","http://www.inaturalist.org/observations/3178055"
"29","Corylus cornuta","Plantae","TRUE","FALSE","FALSE","FALSE","http://www.inaturalist.org/observations/3174617"
"30","Cynosurus echinatus","Plantae","TRUE","FALSE","FALSE","TRUE","http://www.inaturalist.org/observations/3178154"
"31","Dichelostemma ida-maia","Plantae","TRUE","FALSE","FALSE","TRUE","http://www.inaturalist.org/observations/3188313"
"32","Dichelostemma ida-maia","Plantae","TRUE","FALSE","FALSE","TRUE","http://www.inaturalist.org/observations/3178052"
"33","Eriogonum nudum","Plantae","TRUE","FALSE","FALSE","FALSE","http://www.inaturalist.org/observations/3178169"
"34","Eriophyllum lanatum","Plantae","TRUE","FALSE","FALSE","FALSE","http://www.inaturalist.org/observations/3178071"
"35","Eriophyllum lanatum","Plantae","TRUE","FALSE","FALSE","FALSE","http://www.inaturalist.org/observations/3178143"
"36","Eschscholzia californica","Plantae","TRUE","FALSE","FALSE","FALSE","http://www.inaturalist.org/observations/3192992"
"37","Heteromeles arbutifolia","Plantae","TRUE","TRUE","FALSE","TRUE","http://www.inaturalist.org/observations/3174619"
"38","Holodiscus discolor","Plantae","TRUE","FALSE","FALSE","FALSE","http://www.inaturalist.org/observations/3188276"
"39","Holodiscus discolor","Plantae","TRUE","FALSE","FALSE","FALSE","http://www.inaturalist.org/observations/3174613"
"40","Hydrophyllum occidentale","Plantae","TRUE","FALSE","FALSE","TRUE","http://www.inaturalist.org/observations/3178184"
"41","Hypericum perforatum","Plantae","TRUE","FALSE","FALSE","FALSE","http://www.inaturalist.org/observations/3174604"
"42","Lysimachia latifolia","Plantae","FALSE","FALSE","FALSE","FALSE","http://www.inaturalist.org/observations/3188170"
"43","Lysimachia latifolia","Plantae","FALSE","FALSE","FALSE","FALSE","http://www.inaturalist.org/observations/3178162"
"44","Maianthemum racemosum","Plantae","TRUE","FALSE","FALSE","FALSE","http://www.inaturalist.org/observations/3178054"
"45","Micropus californicus","Plantae","TRUE","FALSE","FALSE","FALSE","http://www.inaturalist.org/observations/3178204"
"46","Montia parvifolia","Plantae","FALSE","FALSE","FALSE","FALSE","http://www.inaturalist.org/observations/3178168"
"47","Montia parvifolia","Plantae","FALSE","FALSE","FALSE","FALSE","http://www.inaturalist.org/observations/3178046"
"48","Notholithocarpus densiflorus","Plantae","TRUE","FALSE","FALSE","FALSE","http://www.inaturalist.org/observations/3178039"
"49","Petasites frigidus","Plantae","FALSE","FALSE","FALSE","FALSE","http://www.inaturalist.org/observations/3178045"
"50","Philadelphus lewisii","Plantae","TRUE","TRUE","FALSE","TRUE","http://www.inaturalist.org/observations/3174618"
"51","Pinus ponderosa","Plantae","TRUE","FALSE","FALSE","FALSE","http://www.inaturalist.org/observations/3164888"
"52","Pinus sabiniana","Plantae","TRUE","FALSE","FALSE","FALSE","http://www.inaturalist.org/observations/3174603"
"53","Poa bulbosa","Plantae","TRUE","FALSE","FALSE","FALSE","http://www.inaturalist.org/observations/3178140"
"54","Polystichum imbricans","Plantae","TRUE","FALSE","FALSE","FALSE","http://www.inaturalist.org/observations/3178160"
"55","Pseudotsuga menziesii","Plantae","TRUE","FALSE","FALSE","TRUE","http://www.inaturalist.org/observations/3188132"
"56","Pseudotsuga menziesii","Plantae","TRUE","FALSE","FALSE","TRUE","http://www.inaturalist.org/observations/3174615"
"57","Quercus chrysolepis","Plantae","TRUE","FALSE","FALSE","TRUE","http://www.inaturalist.org/observations/3201032"
"58","Quercus chrysolepis","Plantae","TRUE","FALSE","FALSE","TRUE","http://www.inaturalist.org/observations/3178037"
"59","Quercus kelloggii","Plantae","TRUE","TRUE","FALSE","TRUE","http://www.inaturalist.org/observations/3188127"
"60","Rubus ursinus","Plantae","TRUE","FALSE","FALSE","TRUE","http://www.inaturalist.org/observations/3178057"
"61","Sedum spathulifolium","Plantae","TRUE","FALSE","FALSE","FALSE","http://www.inaturalist.org/observations/3188334"
"62","Sedum spathulifolium","Plantae","TRUE","FALSE","FALSE","FALSE","http://www.inaturalist.org/observations/3178048"
"63","Silene laciniata","Plantae","TRUE","FALSE","FALSE","FALSE","http://www.inaturalist.org/observations/3193306"
"64","Toxicodendron diversilobum","Plantae","TRUE","FALSE","FALSE","TRUE","http://www.inaturalist.org/observations/3187511"
"65","Toxicodendron diversilobum","Plantae","TRUE","FALSE","FALSE","TRUE","http://www.inaturalist.org/observations/3178065"
"66","Trifolium hirtum","Plantae","TRUE","FALSE","FALSE","FALSE","http://www.inaturalist.org/observations/3178199"
"67","Triteleia ixioides","Plantae","TRUE","FALSE","FALSE","FALSE","http://www.inaturalist.org/observations/3188205"
"68","Vitis californica","Plantae","TRUE","FALSE","FALSE","FALSE","http://www.inaturalist.org/observations/3174608"
"69","Woodwardia fimbriata","Plantae","TRUE","FALSE","FALSE","TRUE","http://www.inaturalist.org/observations/3188174"
"70","Woodwardia fimbriata","Plantae","TRUE","FALSE","FALSE","TRUE","http://www.inaturalist.org/observations/3174621"
"71","Sceloporus occidentalis","Reptilia","TRUE","FALSE","FALSE","FALSE","http://www.inaturalist.org/observations/3173816"
