"","Iconic_taxa","iNat_entry","NPSpecies_name","Accepted_TSN","NPS_entry_TSN"
"1","Plantae","Cirsium vulgare","Carduus vulgaris","36428","510139"
"2","Plantae","Morus alba","Morus tatarica","19066","517330"
"3","Plantae","Parthenocissus quinquefolia","Vitis quinquefolia","28602","523404"
"4","Plantae","Quercus coccinea","Quercus coccinea var. tuberculata","19288","195064"
"5","Plantae","Quercus montana","Quercus prinus","19379","19398"
"6","Plantae","Sambucus canadensis","Sambucus nigra ssp. canadensis","525079","35317"
"7","Plantae","Tsuga canadensis","Pinus canadensis","183397","183398"
"8","Plantae","Vitis riparia","Vitis vulpina ssp. riparia","28624","526836"
"9","Reptilia","Pantherophis alleghaniensis","Elaphe obsoleta quadrivittata","1082619","209211"
