"","Scientific_name","Iconic_taxa","iNat_NPS_matches","iNat_NPSsynonym_matches","iNat_ITIS_synonym_matches","iNat_ITIS_nonsyn_matches","iNaturalist_URL"
"1","Anaxyrus americanus","Amphibia","TRUE","FALSE","FALSE","FALSE","http://www.inaturalist.org/observations/3263084"
"2","Anaxyrus americanus","Amphibia","TRUE","FALSE","FALSE","FALSE","http://www.inaturalist.org/observations/3254506"
"3","Anaxyrus americanus","Amphibia","TRUE","FALSE","FALSE","FALSE","http://www.inaturalist.org/observations/3250306"
"4","Anaxyrus americanus","Amphibia","TRUE","FALSE","FALSE","FALSE","http://www.inaturalist.org/observations/3251134"
"5","Lithobates clamitans","Amphibia","TRUE","FALSE","FALSE","FALSE","http://www.inaturalist.org/observations/3249380"
"6","Anas platyrhynchos","Aves","TRUE","FALSE","FALSE","TRUE","http://www.inaturalist.org/observations/3229675"
"7","Bombycilla cedrorum","Aves","TRUE","FALSE","FALSE","FALSE","http://www.inaturalist.org/observations/3248586"
"8","Bombycilla cedrorum","Aves","TRUE","FALSE","FALSE","FALSE","http://www.inaturalist.org/observations/3248226"
"9","Branta canadensis","Aves","TRUE","FALSE","FALSE","TRUE","http://www.inaturalist.org/observations/3254668"
"10","Branta canadensis","Aves","TRUE","FALSE","FALSE","TRUE","http://www.inaturalist.org/observations/3250653"
"11","Branta canadensis","Aves","TRUE","FALSE","FALSE","TRUE","http://www.inaturalist.org/observations/3225772"
"12","Branta canadensis","Aves","TRUE","FALSE","FALSE","TRUE","http://www.inaturalist.org/observations/3225809"
"13","Branta canadensis","Aves","TRUE","FALSE","FALSE","TRUE","http://www.inaturalist.org/observations/3223172"
"14","Cardinalis cardinalis","Aves","TRUE","FALSE","FALSE","FALSE","http://www.inaturalist.org/observations/3227218"
"15","Cardinalis cardinalis","Aves","TRUE","FALSE","FALSE","FALSE","http://www.inaturalist.org/observations/3223178"
"16","Melanerpes carolinus","Aves","TRUE","FALSE","FALSE","TRUE","http://www.inaturalist.org/observations/3248241"
"17","Melanerpes carolinus","Aves","TRUE","FALSE","FALSE","TRUE","http://www.inaturalist.org/observations/3249385"
"18","Pandion haliaetus","Aves","TRUE","TRUE","FALSE","FALSE","http://www.inaturalist.org/observations/3246185"
"19","Pandion haliaetus","Aves","TRUE","TRUE","FALSE","FALSE","http://www.inaturalist.org/observations/3224975"
"20","Phalacrocorax auritus","Aves","TRUE","FALSE","FALSE","FALSE","http://www.inaturalist.org/observations/3230380"
"21","Poecile carolinensis","Aves","TRUE","FALSE","FALSE","TRUE","http://www.inaturalist.org/observations/3258026"
"22","Sialia sialis","Aves","TRUE","FALSE","FALSE","FALSE","http://www.inaturalist.org/observations/3248235"
"23","Sialia sialis","Aves","TRUE","FALSE","FALSE","FALSE","http://www.inaturalist.org/observations/3249068"
"24","Sialia sialis","Aves","TRUE","FALSE","FALSE","FALSE","http://www.inaturalist.org/observations/3231058"
"25","Marmota monax","Mammalia","TRUE","FALSE","FALSE","FALSE","http://www.inaturalist.org/observations/3255019"
"26","Marmota monax","Mammalia","TRUE","FALSE","FALSE","FALSE","http://www.inaturalist.org/observations/3228513"
"27","Marmota monax","Mammalia","TRUE","FALSE","FALSE","FALSE","http://www.inaturalist.org/observations/3228136"
"28","Sciurus carolinensis","Mammalia","TRUE","TRUE","FALSE","FALSE","http://www.inaturalist.org/observations/3221204"
"29","Acer negundo","Plantae","TRUE","FALSE","FALSE","FALSE","http://www.inaturalist.org/observations/3263799"
"30","Acer negundo","Plantae","TRUE","FALSE","FALSE","FALSE","http://www.inaturalist.org/observations/3262600"
"31","Acer negundo","Plantae","TRUE","FALSE","FALSE","FALSE","http://www.inaturalist.org/observations/3228744"
"32","Acer negundo","Plantae","TRUE","FALSE","FALSE","FALSE","http://www.inaturalist.org/observations/3237577"
"33","Acer negundo","Plantae","TRUE","FALSE","FALSE","FALSE","http://www.inaturalist.org/observations/3222971"
"34","Acer platanoides","Plantae","FALSE","FALSE","FALSE","FALSE","http://www.inaturalist.org/observations/3245738"
"35","Acer rubrum","Plantae","TRUE","FALSE","FALSE","FALSE","http://www.inaturalist.org/observations/3254249"
"36","Acer rubrum","Plantae","TRUE","FALSE","FALSE","FALSE","http://www.inaturalist.org/observations/3225530"
"37","Acer rubrum","Plantae","TRUE","FALSE","FALSE","FALSE","http://www.inaturalist.org/observations/3226652"
"38","Acer rubrum","Plantae","TRUE","FALSE","FALSE","FALSE","http://www.inaturalist.org/observations/3227185"
"39","Acer rubrum","Plantae","TRUE","FALSE","FALSE","FALSE","http://www.inaturalist.org/observations/3224951"
"40","Acer saccharinum","Plantae","TRUE","FALSE","FALSE","TRUE","http://www.inaturalist.org/observations/3263965"
"41","Acer saccharinum","Plantae","TRUE","FALSE","FALSE","TRUE","http://www.inaturalist.org/observations/3250910"
"42","Acer saccharinum","Plantae","TRUE","FALSE","FALSE","TRUE","http://www.inaturalist.org/observations/3237609"
"43","Acer saccharinum","Plantae","TRUE","FALSE","FALSE","TRUE","http://www.inaturalist.org/observations/3229274"
"44","Acer saccharinum","Plantae","TRUE","FALSE","FALSE","TRUE","http://www.inaturalist.org/observations/3229283"
"45","Achillea millefolium","Plantae","TRUE","FALSE","FALSE","TRUE","http://www.inaturalist.org/observations/3263788"
"46","Ailanthus altissima","Plantae","TRUE","FALSE","FALSE","TRUE","http://www.inaturalist.org/observations/3225387"
"47","Alliaria petiolata","Plantae","FALSE","FALSE","FALSE","FALSE","http://www.inaturalist.org/observations/3262611"
"48","Alliaria petiolata","Plantae","FALSE","FALSE","FALSE","FALSE","http://www.inaturalist.org/observations/3251853"
"49","Alliaria petiolata","Plantae","FALSE","FALSE","FALSE","FALSE","http://www.inaturalist.org/observations/3245049"
"50","Alliaria petiolata","Plantae","FALSE","FALSE","FALSE","FALSE","http://www.inaturalist.org/observations/3245289"
"51","Alliaria petiolata","Plantae","FALSE","FALSE","FALSE","FALSE","http://www.inaturalist.org/observations/3225423"
"52","Alliaria petiolata","Plantae","FALSE","FALSE","FALSE","FALSE","http://www.inaturalist.org/observations/3225477"
"53","Alliaria petiolata","Plantae","FALSE","FALSE","FALSE","FALSE","http://www.inaturalist.org/observations/3221470"
"54","Amorpha fruticosa","Plantae","TRUE","FALSE","FALSE","TRUE","http://www.inaturalist.org/observations/3229253"
"55","Asclepias syriaca","Plantae","TRUE","FALSE","FALSE","TRUE","https://www.inaturalist.org/observations/5217148"
"56","Asclepias syriaca","Plantae","TRUE","FALSE","FALSE","TRUE","http://www.inaturalist.org/observations/3249767"
"57","Asimina triloba","Plantae","TRUE","FALSE","FALSE","TRUE","http://www.inaturalist.org/observations/3263994"
"58","Asimina triloba","Plantae","TRUE","FALSE","FALSE","TRUE","http://www.inaturalist.org/observations/3258049"
"59","Asimina triloba","Plantae","TRUE","FALSE","FALSE","TRUE","http://www.inaturalist.org/observations/3249627"
"60","Asimina triloba","Plantae","TRUE","FALSE","FALSE","TRUE","http://www.inaturalist.org/observations/3237587"
"61","Asimina triloba","Plantae","TRUE","FALSE","FALSE","TRUE","http://www.inaturalist.org/observations/3228597"
"62","Asplenium platyneuron","Plantae","TRUE","FALSE","FALSE","TRUE","http://www.inaturalist.org/observations/3228974"
"63","Barbarea verna","Plantae","TRUE","FALSE","FALSE","TRUE","http://www.inaturalist.org/observations/3258058"
"64","Broussonetia papyrifera","Plantae","TRUE","FALSE","FALSE","TRUE","http://www.inaturalist.org/observations/3228677"
"65","Campsis radicans","Plantae","TRUE","FALSE","FALSE","TRUE","http://www.inaturalist.org/observations/3248306"
"66","Campsis radicans","Plantae","TRUE","FALSE","FALSE","TRUE","http://www.inaturalist.org/observations/3246743"
"67","Carya tomentosa","Plantae","TRUE","FALSE","FALSE","TRUE","http://www.inaturalist.org/observations/3244738"
"68","Celastrus orbiculatus","Plantae","TRUE","FALSE","FALSE","FALSE","http://www.inaturalist.org/observations/3254273"
"69","Celastrus orbiculatus","Plantae","TRUE","FALSE","FALSE","FALSE","http://www.inaturalist.org/observations/3254198"
"70","Celastrus orbiculatus","Plantae","TRUE","FALSE","FALSE","FALSE","http://www.inaturalist.org/observations/3249975"
"71","Celastrus orbiculatus","Plantae","TRUE","FALSE","FALSE","FALSE","http://www.inaturalist.org/observations/3245821"
"72","Celastrus orbiculatus","Plantae","TRUE","FALSE","FALSE","FALSE","http://www.inaturalist.org/observations/3237586"
"73","Celastrus orbiculatus","Plantae","TRUE","FALSE","FALSE","FALSE","http://www.inaturalist.org/observations/3228944"
"74","Ceratophyllum demersum","Plantae","TRUE","FALSE","FALSE","TRUE","http://www.inaturalist.org/observations/3237600"
"75","Cercis canadensis","Plantae","FALSE","FALSE","FALSE","FALSE","http://www.inaturalist.org/observations/3244150"
"76","Cercis canadensis","Plantae","FALSE","FALSE","FALSE","FALSE","http://www.inaturalist.org/observations/3242796"
"77","Cercis canadensis","Plantae","FALSE","FALSE","FALSE","FALSE","http://www.inaturalist.org/observations/3244255"
"78","Cirsium vulgare","Plantae","FALSE","FALSE","FALSE","TRUE","http://www.inaturalist.org/observations/3263988"
"79","Clematis terniflora","Plantae","TRUE","FALSE","FALSE","TRUE","http://www.inaturalist.org/observations/3263794"
"80","Clematis terniflora","Plantae","TRUE","FALSE","FALSE","TRUE","http://www.inaturalist.org/observations/3262597"
"81","Clematis terniflora","Plantae","TRUE","FALSE","FALSE","TRUE","http://www.inaturalist.org/observations/3254251"
"82","Cornus amomum","Plantae","TRUE","FALSE","FALSE","FALSE","http://www.inaturalist.org/observations/3256945"
"83","Cornus amomum","Plantae","TRUE","FALSE","FALSE","FALSE","http://www.inaturalist.org/observations/3250563"
"84","Cornus amomum","Plantae","TRUE","FALSE","FALSE","FALSE","http://www.inaturalist.org/observations/3237596"
"85","Dactylis glomerata","Plantae","FALSE","FALSE","FALSE","FALSE","http://www.inaturalist.org/observations/3222255"
"86","Diospyros virginiana","Plantae","FALSE","FALSE","FALSE","FALSE","http://www.inaturalist.org/observations/3263991"
"87","Elaeagnus umbellata","Plantae","TRUE","FALSE","FALSE","FALSE","http://www.inaturalist.org/observations/3244655"
"88","Elaeagnus umbellata","Plantae","TRUE","FALSE","FALSE","FALSE","http://www.inaturalist.org/observations/3237580"
"89","Euonymus alatus","Plantae","TRUE","FALSE","FALSE","TRUE","http://www.inaturalist.org/observations/3229600"
"90","Fagus grandifolia","Plantae","TRUE","FALSE","FALSE","TRUE","http://www.inaturalist.org/observations/3237598"
"91","Fraxinus profunda","Plantae","TRUE","FALSE","FALSE","TRUE","http://www.inaturalist.org/observations/3250215"
"92","Galium aparine","Plantae","TRUE","FALSE","FALSE","TRUE","http://www.inaturalist.org/observations/3237589"
"93","Glechoma hederacea","Plantae","FALSE","FALSE","FALSE","FALSE","http://www.inaturalist.org/observations/3263931"
"94","Glechoma hederacea","Plantae","FALSE","FALSE","FALSE","FALSE","http://www.inaturalist.org/observations/3254361"
"95","Glechoma hederacea","Plantae","FALSE","FALSE","FALSE","FALSE","http://www.inaturalist.org/observations/3257915"
"96","Glechoma hederacea","Plantae","FALSE","FALSE","FALSE","FALSE","http://www.inaturalist.org/observations/3249559"
"97","Glechoma hederacea","Plantae","FALSE","FALSE","FALSE","FALSE","http://www.inaturalist.org/observations/3245309"
"98","Glechoma hederacea","Plantae","FALSE","FALSE","FALSE","FALSE","http://www.inaturalist.org/observations/3245603"
"99","Glechoma hederacea","Plantae","FALSE","FALSE","FALSE","FALSE","http://www.inaturalist.org/observations/3225561"
"100","Glechoma hederacea","Plantae","FALSE","FALSE","FALSE","FALSE","http://www.inaturalist.org/observations/3225285"
"101","Glechoma hederacea","Plantae","FALSE","FALSE","FALSE","FALSE","http://www.inaturalist.org/observations/3225370"
"102","Gleditsia triacanthos","Plantae","TRUE","FALSE","FALSE","TRUE","https://www.inaturalist.org/observations/5217093"
"103","Gleditsia triacanthos","Plantae","TRUE","FALSE","FALSE","TRUE","http://www.inaturalist.org/observations/3254245"
"104","Hamamelis virginiana","Plantae","FALSE","FALSE","FALSE","FALSE","http://www.inaturalist.org/observations/3245675"
"105","Hedera helix","Plantae","FALSE","FALSE","FALSE","FALSE","http://www.inaturalist.org/observations/3263948"
"106","Hedera helix","Plantae","FALSE","FALSE","FALSE","FALSE","http://www.inaturalist.org/observations/3262614"
"107","Hedera helix","Plantae","FALSE","FALSE","FALSE","FALSE","http://www.inaturalist.org/observations/3254434"
"108","Hedera helix","Plantae","FALSE","FALSE","FALSE","FALSE","http://www.inaturalist.org/observations/3257958"
"109","Hedera helix","Plantae","FALSE","FALSE","FALSE","FALSE","http://www.inaturalist.org/observations/3237583"
"110","Hedera helix","Plantae","FALSE","FALSE","FALSE","FALSE","http://www.inaturalist.org/observations/3225004"
"111","Hedera helix","Plantae","FALSE","FALSE","FALSE","FALSE","http://www.inaturalist.org/observations/3225050"
"112","Hedera helix","Plantae","FALSE","FALSE","FALSE","FALSE","http://www.inaturalist.org/observations/3225099"
"113","Hedera helix","Plantae","FALSE","FALSE","FALSE","FALSE","http://www.inaturalist.org/observations/3225358"
"114","Hibiscus moscheutos","Plantae","TRUE","FALSE","FALSE","FALSE","http://www.inaturalist.org/observations/3237594"
"115","Hydrilla verticillata","Plantae","TRUE","FALSE","FALSE","FALSE","http://www.inaturalist.org/observations/3237605"
"116","Hydrilla verticillata","Plantae","TRUE","FALSE","FALSE","FALSE","http://www.inaturalist.org/observations/3237606"
"117","Hydrodictyon reticulatum","Plantae","FALSE","FALSE","FALSE","FALSE","http://www.inaturalist.org/observations/3237818"
"118","Hydrodictyon reticulatum","Plantae","FALSE","FALSE","FALSE","FALSE","http://www.inaturalist.org/observations/3221533"
"119","Hydrodictyon reticulatum","Plantae","FALSE","FALSE","FALSE","FALSE","http://www.inaturalist.org/observations/3222532"
"120","Ilex opaca","Plantae","TRUE","FALSE","FALSE","FALSE","http://www.inaturalist.org/observations/3254188"
"121","Ilex opaca","Plantae","TRUE","FALSE","FALSE","FALSE","http://www.inaturalist.org/observations/3250011"
"122","Ilex opaca","Plantae","TRUE","FALSE","FALSE","FALSE","http://www.inaturalist.org/observations/3226098"
"123","Ilex opaca","Plantae","TRUE","FALSE","FALSE","FALSE","http://www.inaturalist.org/observations/3226224"
"124","Ilex opaca","Plantae","TRUE","FALSE","FALSE","FALSE","http://www.inaturalist.org/observations/3225438"
"125","Iris pseudacorus","Plantae","TRUE","FALSE","FALSE","FALSE","http://www.inaturalist.org/observations/3256297"
"126","Iris pseudacorus","Plantae","TRUE","FALSE","FALSE","FALSE","http://www.inaturalist.org/observations/3251654"
"127","Iris pseudacorus","Plantae","TRUE","FALSE","FALSE","FALSE","http://www.inaturalist.org/observations/3252950"
"128","Iris pseudacorus","Plantae","TRUE","FALSE","FALSE","FALSE","http://www.inaturalist.org/observations/3237592"
"129","Iris pseudacorus","Plantae","TRUE","FALSE","FALSE","FALSE","http://www.inaturalist.org/observations/3229114"
"130","Iris pseudacorus","Plantae","TRUE","FALSE","FALSE","FALSE","http://www.inaturalist.org/observations/3229323"
"131","Iris pseudacorus","Plantae","TRUE","FALSE","FALSE","FALSE","http://www.inaturalist.org/observations/3225344"
"132","Itea virginica","Plantae","TRUE","FALSE","FALSE","FALSE","http://www.inaturalist.org/observations/3250815"
"133","Itea virginica","Plantae","TRUE","FALSE","FALSE","FALSE","http://www.inaturalist.org/observations/3229292"
"134","Juglans nigra","Plantae","FALSE","FALSE","FALSE","FALSE","http://www.inaturalist.org/observations/3244074"
"135","Juniperus virginiana","Plantae","TRUE","FALSE","FALSE","FALSE","http://www.inaturalist.org/observations/3263781"
"136","Juniperus virginiana","Plantae","TRUE","FALSE","FALSE","FALSE","http://www.inaturalist.org/observations/3254285"
"137","Juniperus virginiana","Plantae","TRUE","FALSE","FALSE","FALSE","http://www.inaturalist.org/observations/3249889"
"138","Juniperus virginiana","Plantae","TRUE","FALSE","FALSE","FALSE","http://www.inaturalist.org/observations/3246486"
"139","Juniperus virginiana","Plantae","TRUE","FALSE","FALSE","FALSE","http://www.inaturalist.org/observations/3226099"
"140","Juniperus virginiana","Plantae","TRUE","FALSE","FALSE","FALSE","http://www.inaturalist.org/observations/3225256"
"141","Kalopanax septemlobus","Plantae","TRUE","FALSE","FALSE","TRUE","http://www.inaturalist.org/observations/3237584"
"142","Kalopanax septemlobus","Plantae","TRUE","FALSE","FALSE","TRUE","http://www.inaturalist.org/observations/3237585"
"143","Kalopanax septemlobus","Plantae","TRUE","FALSE","FALSE","TRUE","http://www.inaturalist.org/observations/3228449"
"144","Kalopanax septemlobus","Plantae","TRUE","FALSE","FALSE","TRUE","http://www.inaturalist.org/observations/3229429"
"145","Leucobryum glaucum","Plantae","FALSE","FALSE","FALSE","FALSE","http://www.inaturalist.org/observations/3237615"
"146","Ligustrum sinense","Plantae","FALSE","FALSE","FALSE","FALSE","http://www.inaturalist.org/observations/3228409"
"147","Lindera benzoin","Plantae","TRUE","FALSE","FALSE","TRUE","http://www.inaturalist.org/observations/3249799"
"148","Lindera benzoin","Plantae","TRUE","FALSE","FALSE","TRUE","http://www.inaturalist.org/observations/3247947"
"149","Liquidambar styraciflua","Plantae","TRUE","FALSE","FALSE","FALSE","http://www.inaturalist.org/observations/3254283"
"150","Liquidambar styraciflua","Plantae","TRUE","FALSE","FALSE","FALSE","http://www.inaturalist.org/observations/3251178"
"151","Liquidambar styraciflua","Plantae","TRUE","FALSE","FALSE","FALSE","http://www.inaturalist.org/observations/3244546"
"152","Liquidambar styraciflua","Plantae","TRUE","FALSE","FALSE","FALSE","http://www.inaturalist.org/observations/3244495"
"153","Liquidambar styraciflua","Plantae","TRUE","FALSE","FALSE","FALSE","http://www.inaturalist.org/observations/3225481"
"154","Liquidambar styraciflua","Plantae","TRUE","FALSE","FALSE","FALSE","http://www.inaturalist.org/observations/3225494"
"155","Liriodendron tulipifera","Plantae","TRUE","FALSE","FALSE","FALSE","http://www.inaturalist.org/observations/3254380"
"156","Liriodendron tulipifera","Plantae","TRUE","FALSE","FALSE","FALSE","http://www.inaturalist.org/observations/3254742"
"157","Liriodendron tulipifera","Plantae","TRUE","FALSE","FALSE","FALSE","http://www.inaturalist.org/observations/3255141"
"158","Liriodendron tulipifera","Plantae","TRUE","FALSE","FALSE","FALSE","http://www.inaturalist.org/observations/3258039"
"159","Liriodendron tulipifera","Plantae","TRUE","FALSE","FALSE","FALSE","http://www.inaturalist.org/observations/3246653"
"160","Liriodendron tulipifera","Plantae","TRUE","FALSE","FALSE","FALSE","http://www.inaturalist.org/observations/3246649"
"161","Liriodendron tulipifera","Plantae","TRUE","FALSE","FALSE","FALSE","http://www.inaturalist.org/observations/3229621"
"162","Liriodendron tulipifera","Plantae","TRUE","FALSE","FALSE","FALSE","http://www.inaturalist.org/observations/3237579"
"163","Liriodendron tulipifera","Plantae","TRUE","FALSE","FALSE","FALSE","http://www.inaturalist.org/observations/3225499"
"164","Liriodendron tulipifera","Plantae","TRUE","FALSE","FALSE","FALSE","http://www.inaturalist.org/observations/3224962"
"165","Liriodendron tulipifera","Plantae","TRUE","FALSE","FALSE","FALSE","http://www.inaturalist.org/observations/3225207"
"166","Liriodendron tulipifera","Plantae","TRUE","FALSE","FALSE","FALSE","http://www.inaturalist.org/observations/3221137"
"167","Lonicera japonica","Plantae","TRUE","FALSE","FALSE","TRUE","http://www.inaturalist.org/observations/3254277"
"168","Lonicera japonica","Plantae","TRUE","FALSE","FALSE","TRUE","http://www.inaturalist.org/observations/3250240"
"169","Lonicera japonica","Plantae","TRUE","FALSE","FALSE","TRUE","http://www.inaturalist.org/observations/3245509"
"170","Lonicera japonica","Plantae","TRUE","FALSE","FALSE","TRUE","http://www.inaturalist.org/observations/3243649"
"171","Lonicera japonica","Plantae","TRUE","FALSE","FALSE","TRUE","http://www.inaturalist.org/observations/3237578"
"172","Mentha ×","Plantae","FALSE","FALSE","FALSE","FALSE","http://www.inaturalist.org/observations/3263940"
"173","Morus alba","Plantae","FALSE","FALSE","FALSE","TRUE","http://www.inaturalist.org/observations/3263973"
"174","Morus alba","Plantae","FALSE","FALSE","FALSE","TRUE","http://www.inaturalist.org/observations/3257947"
"175","Morus alba","Plantae","FALSE","FALSE","FALSE","TRUE","http://www.inaturalist.org/observations/3254261"
"176","Morus alba","Plantae","FALSE","FALSE","FALSE","TRUE","http://www.inaturalist.org/observations/3246067"
"177","Morus alba","Plantae","FALSE","FALSE","FALSE","TRUE","http://www.inaturalist.org/observations/3237588"
"178","Morus alba","Plantae","FALSE","FALSE","FALSE","TRUE","http://www.inaturalist.org/observations/3228548"
"179","Morus rubra","Plantae","TRUE","FALSE","FALSE","TRUE","http://www.inaturalist.org/observations/3246130"
"180","Myriophyllum spicatum","Plantae","TRUE","FALSE","FALSE","FALSE","http://www.inaturalist.org/observations/3237604"
"181","Osmorhiza longistylis","Plantae","FALSE","FALSE","FALSE","FALSE","http://www.inaturalist.org/observations/3228834"
"182","Oxalis stricta","Plantae","TRUE","FALSE","FALSE","TRUE","http://www.inaturalist.org/observations/3263790"
"183","Parthenocissus quinquefolia","Plantae","FALSE","FALSE","FALSE","TRUE","http://www.inaturalist.org/observations/3254281"
"184","Parthenocissus quinquefolia","Plantae","FALSE","FALSE","FALSE","TRUE","http://www.inaturalist.org/observations/3254244"
"185","Parthenocissus quinquefolia","Plantae","FALSE","FALSE","FALSE","TRUE","http://www.inaturalist.org/observations/3245052"
"186","Parthenocissus quinquefolia","Plantae","FALSE","FALSE","FALSE","TRUE","http://www.inaturalist.org/observations/3247708"
"187","Parthenocissus quinquefolia","Plantae","FALSE","FALSE","FALSE","TRUE","http://www.inaturalist.org/observations/3244717"
"188","Parthenocissus quinquefolia","Plantae","FALSE","FALSE","FALSE","TRUE","http://www.inaturalist.org/observations/3237614"
"189","Parthenocissus quinquefolia","Plantae","FALSE","FALSE","FALSE","TRUE","http://www.inaturalist.org/observations/3229059"
"190","Parthenocissus quinquefolia","Plantae","FALSE","FALSE","FALSE","TRUE","http://www.inaturalist.org/observations/3225238"
"191","Parthenocissus quinquefolia","Plantae","FALSE","FALSE","FALSE","TRUE","http://www.inaturalist.org/observations/3225288"
"192","Peltandra virginica","Plantae","TRUE","FALSE","FALSE","TRUE","http://www.inaturalist.org/observations/3229088"
"193","Peltandra virginica","Plantae","TRUE","FALSE","FALSE","TRUE","http://www.inaturalist.org/observations/3229142"
"194","Persicaria virginiana","Plantae","TRUE","FALSE","FALSE","TRUE","http://www.inaturalist.org/observations/3262620"
"195","Phytolacca americana","Plantae","TRUE","FALSE","FALSE","FALSE","http://www.inaturalist.org/observations/3263933"
"196","Phytolacca americana","Plantae","TRUE","FALSE","FALSE","FALSE","http://www.inaturalist.org/observations/3237581"
"197","Plantago lanceolata","Plantae","FALSE","FALSE","FALSE","FALSE","http://www.inaturalist.org/observations/3263995"
"198","Plantago major","Plantae","FALSE","FALSE","FALSE","FALSE","http://www.inaturalist.org/observations/3263947"
"199","Plantago major","Plantae","FALSE","FALSE","FALSE","FALSE","http://www.inaturalist.org/observations/3227330"
"200","Platanus occidentalis","Plantae","TRUE","FALSE","FALSE","TRUE","http://www.inaturalist.org/observations/3251242"
"201","Platanus occidentalis","Plantae","TRUE","FALSE","FALSE","TRUE","http://www.inaturalist.org/observations/3251243"
"202","Platanus occidentalis","Plantae","TRUE","FALSE","FALSE","TRUE","http://www.inaturalist.org/observations/3245355"
"203","Platanus occidentalis","Plantae","TRUE","FALSE","FALSE","TRUE","http://www.inaturalist.org/observations/3237595"
"204","Platanus occidentalis","Plantae","TRUE","FALSE","FALSE","TRUE","http://www.inaturalist.org/observations/3225556"
"205","Polystichum acrostichoides","Plantae","TRUE","FALSE","FALSE","TRUE","http://www.inaturalist.org/observations/3306539"
"206","Polystichum acrostichoides","Plantae","TRUE","FALSE","FALSE","TRUE","http://www.inaturalist.org/observations/3253779"
"207","Polystichum acrostichoides","Plantae","TRUE","FALSE","FALSE","TRUE","http://www.inaturalist.org/observations/3253635"
"208","Potentilla indica","Plantae","FALSE","FALSE","FALSE","FALSE","http://www.inaturalist.org/observations/3263906"
"209","Potentilla indica","Plantae","FALSE","FALSE","FALSE","FALSE","http://www.inaturalist.org/observations/3251924"
"210","Potentilla indica","Plantae","FALSE","FALSE","FALSE","FALSE","http://www.inaturalist.org/observations/3249516"
"211","Potentilla indica","Plantae","FALSE","FALSE","FALSE","FALSE","http://www.inaturalist.org/observations/3237613"
"212","Potentilla indica","Plantae","FALSE","FALSE","FALSE","FALSE","http://www.inaturalist.org/observations/3244063"
"213","Potentilla indica","Plantae","FALSE","FALSE","FALSE","FALSE","http://www.inaturalist.org/observations/3224912"
"214","Potentilla indica","Plantae","FALSE","FALSE","FALSE","FALSE","http://www.inaturalist.org/observations/3225010"
"215","Potentilla indica","Plantae","FALSE","FALSE","FALSE","FALSE","http://www.inaturalist.org/observations/3221205"
"216","Prunus serotina","Plantae","TRUE","FALSE","FALSE","FALSE","http://www.inaturalist.org/observations/3254218"
"217","Prunus serotina","Plantae","TRUE","FALSE","FALSE","FALSE","http://www.inaturalist.org/observations/3254258"
"218","Pyrus calleryana","Plantae","TRUE","FALSE","FALSE","TRUE","http://www.inaturalist.org/observations/3225709"
"219","Pyrus calleryana","Plantae","TRUE","FALSE","FALSE","TRUE","http://www.inaturalist.org/observations/3221754"
"220","Quercus alba","Plantae","TRUE","FALSE","FALSE","TRUE","http://www.inaturalist.org/observations/3254306"
"221","Quercus alba","Plantae","TRUE","FALSE","FALSE","TRUE","http://www.inaturalist.org/observations/3254345"
"222","Quercus alba","Plantae","TRUE","FALSE","FALSE","TRUE","http://www.inaturalist.org/observations/3244925"
"223","Quercus alba","Plantae","TRUE","FALSE","FALSE","TRUE","http://www.inaturalist.org/observations/3225287"
"224","Quercus bicolor","Plantae","TRUE","FALSE","FALSE","FALSE","http://www.inaturalist.org/observations/3254350"
"225","Quercus bicolor","Plantae","TRUE","FALSE","FALSE","FALSE","http://www.inaturalist.org/observations/3245221"
"226","Quercus bicolor","Plantae","TRUE","FALSE","FALSE","FALSE","http://www.inaturalist.org/observations/3245239"
"227","Quercus bicolor","Plantae","TRUE","FALSE","FALSE","FALSE","http://www.inaturalist.org/observations/3233001"
"228","Quercus coccinea","Plantae","FALSE","FALSE","FALSE","TRUE","http://www.inaturalist.org/observations/3233053"
"229","Quercus montana","Plantae","FALSE","FALSE","FALSE","TRUE","http://www.inaturalist.org/observations/3252130"
"230","Quercus palustris","Plantae","FALSE","FALSE","FALSE","FALSE","http://www.inaturalist.org/observations/3254384"
"231","Quercus palustris","Plantae","FALSE","FALSE","FALSE","FALSE","http://www.inaturalist.org/observations/3246482"
"232","Quercus palustris","Plantae","FALSE","FALSE","FALSE","FALSE","http://www.inaturalist.org/observations/3241234"
"233","Quercus palustris","Plantae","FALSE","FALSE","FALSE","FALSE","http://www.inaturalist.org/observations/3224727"
"234","Quercus phellos","Plantae","TRUE","FALSE","FALSE","FALSE","http://www.inaturalist.org/observations/3263938"
"235","Quercus phellos","Plantae","TRUE","FALSE","FALSE","FALSE","http://www.inaturalist.org/observations/3237599"
"236","Quercus phellos","Plantae","TRUE","FALSE","FALSE","FALSE","http://www.inaturalist.org/observations/3228749"
"237","Quercus rubra","Plantae","TRUE","FALSE","FALSE","TRUE","http://www.inaturalist.org/observations/3254332"
"238","Ranunculus bulbosus","Plantae","TRUE","FALSE","FALSE","TRUE","http://www.inaturalist.org/observations/3237611"
"239","Reynoutria japonica","Plantae","FALSE","FALSE","FALSE","FALSE","http://www.inaturalist.org/observations/3263950"
"240","Reynoutria japonica","Plantae","FALSE","FALSE","FALSE","FALSE","http://www.inaturalist.org/observations/3245850"
"241","Reynoutria japonica","Plantae","FALSE","FALSE","FALSE","FALSE","http://www.inaturalist.org/observations/3229076"
"242","Reynoutria japonica","Plantae","FALSE","FALSE","FALSE","FALSE","http://www.inaturalist.org/observations/3237575"
"243","Robinia pseudoacacia","Plantae","TRUE","FALSE","FALSE","TRUE","http://www.inaturalist.org/observations/3288796"
"244","Robinia pseudoacacia","Plantae","TRUE","FALSE","FALSE","TRUE","http://www.inaturalist.org/observations/3254337"
"245","Robinia pseudoacacia","Plantae","TRUE","FALSE","FALSE","TRUE","http://www.inaturalist.org/observations/3245466"
"246","Robinia pseudoacacia","Plantae","TRUE","FALSE","FALSE","TRUE","http://www.inaturalist.org/observations/3243620"
"247","Rosa multiflora","Plantae","FALSE","FALSE","FALSE","FALSE","http://www.inaturalist.org/observations/3254274"
"248","Rosa multiflora","Plantae","FALSE","FALSE","FALSE","FALSE","http://www.inaturalist.org/observations/3250607"
"249","Rosa multiflora","Plantae","FALSE","FALSE","FALSE","FALSE","http://www.inaturalist.org/observations/3249007"
"250","Rosa multiflora","Plantae","FALSE","FALSE","FALSE","FALSE","http://www.inaturalist.org/observations/3245507"
"251","Rosa multiflora","Plantae","FALSE","FALSE","FALSE","FALSE","http://www.inaturalist.org/observations/3244061"
"252","Rosa multiflora","Plantae","FALSE","FALSE","FALSE","FALSE","http://www.inaturalist.org/observations/3237576"
"253","Rosa multiflora","Plantae","FALSE","FALSE","FALSE","FALSE","http://www.inaturalist.org/observations/3227274"
"254","Rumex verticillatus","Plantae","TRUE","FALSE","FALSE","FALSE","http://www.inaturalist.org/observations/3237593"
"255","Rumex verticillatus","Plantae","TRUE","FALSE","FALSE","FALSE","http://www.inaturalist.org/observations/3229427"
"256","Salix nigra","Plantae","TRUE","FALSE","FALSE","TRUE","http://www.inaturalist.org/observations/3246520"
"257","Salvia lyrata","Plantae","FALSE","FALSE","FALSE","FALSE","http://www.inaturalist.org/observations/3258080"
"258","Salvia lyrata","Plantae","FALSE","FALSE","FALSE","FALSE","http://www.inaturalist.org/observations/3258090"
"259","Salvia lyrata","Plantae","FALSE","FALSE","FALSE","FALSE","http://www.inaturalist.org/observations/3246572"
"260","Sambucus canadensis","Plantae","FALSE","FALSE","TRUE","FALSE","http://www.inaturalist.org/observations/3254377"
"261","Sambucus canadensis","Plantae","FALSE","FALSE","TRUE","FALSE","http://www.inaturalist.org/observations/3245726"
"262","Sassafras albidum","Plantae","TRUE","FALSE","FALSE","TRUE","https://www.inaturalist.org/observations/5217095"
"263","Sassafras albidum","Plantae","TRUE","FALSE","FALSE","TRUE","http://www.inaturalist.org/observations/3254272"
"264","Sassafras albidum","Plantae","TRUE","FALSE","FALSE","TRUE","http://www.inaturalist.org/observations/3257889"
"265","Sassafras albidum","Plantae","TRUE","FALSE","FALSE","TRUE","http://www.inaturalist.org/observations/3249050"
"266","Sassafras albidum","Plantae","TRUE","FALSE","FALSE","TRUE","http://www.inaturalist.org/observations/3249807"
"267","Sassafras albidum","Plantae","TRUE","FALSE","FALSE","TRUE","http://www.inaturalist.org/observations/3249143"
"268","Sassafras albidum","Plantae","TRUE","FALSE","FALSE","TRUE","http://www.inaturalist.org/observations/3244453"
"269","Sassafras albidum","Plantae","TRUE","FALSE","FALSE","TRUE","http://www.inaturalist.org/observations/3225836"
"270","Sassafras albidum","Plantae","TRUE","FALSE","FALSE","TRUE","http://www.inaturalist.org/observations/3224963"
"271","Sassafras albidum","Plantae","TRUE","FALSE","FALSE","TRUE","http://www.inaturalist.org/observations/3221166"
"272","Saururus cernuus","Plantae","TRUE","FALSE","FALSE","FALSE","http://www.inaturalist.org/observations/3229624"
"273","Taraxacum officinale","Plantae","TRUE","FALSE","FALSE","TRUE","http://www.inaturalist.org/observations/3263807"
"274","Taraxacum officinale","Plantae","TRUE","FALSE","FALSE","TRUE","http://www.inaturalist.org/observations/3225305"
"275","Taxodium distichum","Plantae","TRUE","FALSE","FALSE","TRUE","http://www.inaturalist.org/observations/3222037"
"276","Taxodium distichum","Plantae","TRUE","FALSE","FALSE","TRUE","http://www.inaturalist.org/observations/3222036"
"277","Thalictrum pubescens","Plantae","TRUE","FALSE","FALSE","TRUE","http://www.inaturalist.org/observations/3237591"
"278","Tilia cordata","Plantae","TRUE","FALSE","FALSE","FALSE","http://www.inaturalist.org/observations/3263959"
"279","Toxicodendron radicans","Plantae","TRUE","FALSE","FALSE","FALSE","http://www.inaturalist.org/observations/3256270"
"280","Toxicodendron radicans","Plantae","TRUE","FALSE","FALSE","FALSE","http://www.inaturalist.org/observations/3243717"
"281","Toxicodendron radicans","Plantae","TRUE","FALSE","FALSE","FALSE","http://www.inaturalist.org/observations/3228161"
"282","Toxicodendron radicans","Plantae","TRUE","FALSE","FALSE","FALSE","http://www.inaturalist.org/observations/3228646"
"283","Toxicodendron radicans","Plantae","TRUE","FALSE","FALSE","FALSE","http://www.inaturalist.org/observations/3225701"
"284","Toxicodendron radicans","Plantae","TRUE","FALSE","FALSE","FALSE","http://www.inaturalist.org/observations/3225094"
"285","Toxicodendron radicans","Plantae","TRUE","FALSE","FALSE","FALSE","http://www.inaturalist.org/observations/3225321"
"286","Toxicodendron radicans","Plantae","TRUE","FALSE","FALSE","FALSE","http://www.inaturalist.org/observations/3225187"
"287","Toxicodendron radicans","Plantae","TRUE","FALSE","FALSE","FALSE","http://www.inaturalist.org/observations/3221147"
"288","Trifolium pratense","Plantae","TRUE","FALSE","FALSE","TRUE","http://www.inaturalist.org/observations/3249223"
"289","Trifolium repens","Plantae","TRUE","FALSE","FALSE","TRUE","http://www.inaturalist.org/observations/3263804"
"290","Trifolium repens","Plantae","TRUE","FALSE","FALSE","TRUE","http://www.inaturalist.org/observations/3263901"
"291","Trifolium repens","Plantae","TRUE","FALSE","FALSE","TRUE","http://www.inaturalist.org/observations/3254371"
"292","Trifolium repens","Plantae","TRUE","FALSE","FALSE","TRUE","http://www.inaturalist.org/observations/3228283"
"293","Trifolium repens","Plantae","TRUE","FALSE","FALSE","TRUE","http://www.inaturalist.org/observations/3224961"
"294","Trifolium repens","Plantae","TRUE","FALSE","FALSE","TRUE","http://www.inaturalist.org/observations/3224978"
"295","Trifolium repens","Plantae","TRUE","FALSE","FALSE","TRUE","http://www.inaturalist.org/observations/3225264"
"296","Tsuga canadensis","Plantae","FALSE","FALSE","FALSE","TRUE","http://www.inaturalist.org/observations/3263985"
"297","Tsuga canadensis","Plantae","FALSE","FALSE","FALSE","TRUE","https://www.inaturalist.org/observations/5217132"
"298","Tsuga canadensis","Plantae","FALSE","FALSE","FALSE","TRUE","http://www.inaturalist.org/observations/3246157"
"299","Tsuga canadensis","Plantae","FALSE","FALSE","FALSE","TRUE","http://www.inaturalist.org/observations/3246147"
"300","Vallisneria americana","Plantae","TRUE","FALSE","FALSE","TRUE","http://www.inaturalist.org/observations/3237603"
"301","Verbascum thapsus","Plantae","TRUE","FALSE","FALSE","FALSE","http://www.inaturalist.org/observations/3228855"
"302","Verbascum thapsus","Plantae","TRUE","FALSE","FALSE","FALSE","http://www.inaturalist.org/observations/3225653"
"303","Veronica persica","Plantae","TRUE","FALSE","FALSE","TRUE","http://www.inaturalist.org/observations/3221341"
"304","Viburnum dentatum","Plantae","TRUE","FALSE","FALSE","FALSE","http://www.inaturalist.org/observations/3229421"
"305","Viburnum prunifolium","Plantae","TRUE","FALSE","FALSE","TRUE","http://www.inaturalist.org/observations/3229696"
"306","Vicia sativa","Plantae","TRUE","FALSE","FALSE","FALSE","http://www.inaturalist.org/observations/3263095"
"307","Vicia sativa","Plantae","TRUE","FALSE","FALSE","FALSE","http://www.inaturalist.org/observations/3263784"
"308","Vicia sativa","Plantae","TRUE","FALSE","FALSE","FALSE","http://www.inaturalist.org/observations/3254212"
"309","Vicia sativa","Plantae","TRUE","FALSE","FALSE","FALSE","http://www.inaturalist.org/observations/3248887"
"310","Vicia sativa","Plantae","TRUE","FALSE","FALSE","FALSE","http://www.inaturalist.org/observations/3245402"
"311","Vinca minor","Plantae","FALSE","FALSE","FALSE","FALSE","http://www.inaturalist.org/observations/3263961"
"312","Vitis riparia","Plantae","FALSE","FALSE","FALSE","TRUE","http://www.inaturalist.org/observations/3254323"
"313","Carphophis amoenus","Reptilia","TRUE","TRUE","FALSE","FALSE","http://www.inaturalist.org/observations/3263079"
"314","Carphophis amoenus","Reptilia","TRUE","TRUE","FALSE","FALSE","http://www.inaturalist.org/observations/3254525"
"315","Carphophis amoenus","Reptilia","TRUE","TRUE","FALSE","FALSE","http://www.inaturalist.org/observations/3253788"
"316","Carphophis amoenus","Reptilia","TRUE","TRUE","FALSE","FALSE","http://www.inaturalist.org/observations/3247469"
"317","Carphophis amoenus","Reptilia","TRUE","TRUE","FALSE","FALSE","http://www.inaturalist.org/observations/3242406"
"318","Clemmys guttata","Reptilia","TRUE","FALSE","FALSE","TRUE","http://www.inaturalist.org/observations/3262862"
"319","Clemmys guttata","Reptilia","TRUE","FALSE","FALSE","TRUE","http://www.inaturalist.org/observations/3250672"
"320","Clemmys guttata","Reptilia","TRUE","FALSE","FALSE","TRUE","http://www.inaturalist.org/observations/3251787"
"321","Nerodia sipedon","Reptilia","FALSE","FALSE","FALSE","FALSE","http://www.inaturalist.org/observations/3237602"
"322","Pantherophis alleghaniensis","Reptilia","FALSE","FALSE","FALSE","TRUE","http://www.inaturalist.org/observations/3259155"
"323","Pantherophis alleghaniensis","Reptilia","FALSE","FALSE","FALSE","TRUE","http://www.inaturalist.org/observations/3245395"
"324","Pantherophis alleghaniensis","Reptilia","FALSE","FALSE","FALSE","TRUE","http://www.inaturalist.org/observations/3227068"
"325","Pantherophis alleghaniensis","Reptilia","FALSE","FALSE","FALSE","TRUE","http://www.inaturalist.org/observations/3227112"
"326","Pantherophis alleghaniensis","Reptilia","FALSE","FALSE","FALSE","TRUE","http://www.inaturalist.org/observations/3224679"
"327","Pantherophis alleghaniensis","Reptilia","FALSE","FALSE","FALSE","TRUE","http://www.inaturalist.org/observations/3223515"
"328","Plestiodon fasciatus","Reptilia","FALSE","FALSE","FALSE","FALSE","http://www.inaturalist.org/observations/3254168"
"329","Plestiodon fasciatus","Reptilia","FALSE","FALSE","FALSE","FALSE","http://www.inaturalist.org/observations/3241524"
"330","Plestiodon fasciatus","Reptilia","FALSE","FALSE","FALSE","FALSE","http://www.inaturalist.org/observations/3228823"
"331","Terrapene carolina","Reptilia","TRUE","TRUE","FALSE","FALSE","http://www.inaturalist.org/observations/3262911"
"332","Terrapene carolina","Reptilia","TRUE","TRUE","FALSE","FALSE","http://www.inaturalist.org/observations/3263087"
"333","Terrapene carolina","Reptilia","TRUE","TRUE","FALSE","FALSE","http://www.inaturalist.org/observations/3254489"
"334","Terrapene carolina","Reptilia","TRUE","TRUE","FALSE","FALSE","http://www.inaturalist.org/observations/3251748"
"335","Terrapene carolina","Reptilia","TRUE","TRUE","FALSE","FALSE","http://www.inaturalist.org/observations/3251337"
