"","Iconic_taxa","Scientific_name","Occurences in BISON","Invasive.Record"
"1","Plantae","Acer platanoides","NC 22; IN 24; BC CAN 33; SK CAN 1; PE CAN 3; UT 19; AB CAN 1; AZ 1; MT 12; KY 12; CA 18; KS 14; DE 7; PA 329; IA 6; MS 1; IL 72; NS CAN 30; CT 221; MD 102; VA 53; ID 37; VT 100; OR 60; ME 55; TN 10; AR 1; WA 102; SC 2; NE 1; ON CAN 150; WV 27; MA 310; CO 19; QC CAN 55; MO 14; AK 8; WI 35; NY 105469; DC 95; RI 28; MN 10; NL CAN 2; NJ 287; MI 76; NB CAN 6; NM 1; NH 39; OH 88","Yes"
"2","Plantae","Alliaria petiolata","VT 312; OR 151; NC 50; IN 66; TN 43; ME 12; OK 2; BC CAN 5; PE CAN 1; AL 2; AR 5; WA 22; UT 7; SC 1; NE 8; ON CAN 395; WV 210; MA 615; CO 11; MO 134; QC CAN 65; AK 23; ND 3; WI 608; NY 5148; DC 103; RI 6; MT 1; KY 73; SD 1; MN 67; KS 112; DE 15; NJ 555; PA 423; MI 106; NB CAN 1; IA 14; IL 249; NS CAN 12; CT 223; NH 46; OH 382; GA 3; VA 695; MD 546","Yes"
"3","Plantae","Cercis canadensis","NC 1734; IN 2434; TN 3850; OK 702; ME 1; BC CAN 10; AL 1700; AR 2004; SC 950; UT 2; NE 29; WV 1769; ON CAN 30; MA 18; CO 2; MO 3630; WI 19; AZ 2; NV 2; NY 123; DC 72; MT 1; KY 3875; MN 1; KS 2264; CA 114; FL 297; DE 5; NJ 69; PA 356; MI 83; MS 784; IA 69; NM 4; TX 1235; IL 1196; CT 21; LA 243; OH 1298; GA 1417; VA 4889; MD 292; ID 1","No"
"4","Plantae","Dactylis glomerata","NC 136; IN 139; WY 51; BC CAN 74; PE CAN 4; UT 119; YT CAN 4; AB CAN 12; AZ 261; MT 147; KY 80; CA 1049; KS 213; DE 11; FL 5; PA 122; IA 130; MS 18; IL 207; NS CAN 34; TX 15; CT 126; GA 23; VA 165; MD 118; ID 102; OR 203; VT 88; PR 1; ME 57; TN 57; OK 12; AL 21; AR 57; WA 201; SC 41; NE 39; ON CAN 101; WV 76; MB CAN 9; CO 348; MA 133; MO 262; QC CAN 63; AK 849; ND 7; WI 120; NV 30; NY 177; DC 24; RI 20; HI 104; SD 20; MN 39; NL CAN 1; NJ 92; MI 75; NB CAN 10; NM 126; NH 59; LA 27; OH 22","Yes"
"5","Plantae","Diospyros virginiana","NC 3566; OR 2; IN 1229; TN 2761; OK 1051; BC CAN 1; AL 5953; AR 4678; SC 4664; UT 15; WA 2; NE 2; WV 383; MA 11; MO 4006; AZ 4; NY 50; DC 41; MT 2; KY 1314; HI 1; MN 1; KS 538; CA 43; FL 2456; DE 116; NJ 101; PA 71; MI 2; MS 4331; IA 3; IL 1573; TX 1496; CT 25; LA 1927; OH 227; GA 7330; VA 2983; MD 400","No"
"6","Plantae","Glechoma hederacea","NC 271; IN 113; WY 5; BC CAN 18; SK CAN 4; PE CAN 15; UT 5; YT CAN 1; AB CAN 6; AZ 1; MT 27; KY 99; KS 74; CA 72; DE 14; FL 10; PA 254; IA 39; MS 11; IL 293; NS CAN 52; TX 2; CT 155; GA 21; VA 368; MD 332; ID 22; VT 114; OR 64; TN 118; ME 27; OK 10; AL 25; AR 50; WA 69; SC 37; NE 32; WV 227; ON CAN 130; MB CAN 8; MA 174; CO 9; MO 225; QC CAN 75; AK 7; ND 13; WI 159; NY 713; DC 71; RI 13; SD 10; MN 102; NL CAN 1; NJ 368; MI 144; NB CAN 16; NH 28; LA 22; OH 261","Yes"
"7","Plantae","Hamamelis virginiana","NC 347; VT 152; IN 176; TN 125; ME 63; OK 24; BC CAN 8; PE CAN 2; AL 222; AR 95; SC 106; WA 4; NE 1; WV 1389; ON CAN 100; MA 101; MO 46; QC CAN 43; WI 162; NY 332; DC 56; RI 13; MT 1; KY 113; MN 21; KS 1; FL 142; DE 11; NJ 148; MI 271; PA 206; NB CAN 15; MS 107; IA 5; IL 109; NS CAN 73; TX 57; CT 203; NH 110; LA 169; OH 168; GA 147; VA 867; MD 129","No"
"8","Plantae","Hedera helix","NC 258; OR 239; VT 1; IN 11; TN 53; OK 4; ME 1; BC CAN 47; AL 34; AR 7; WA 235; SC 52; UT 14; WV 13; ON CAN 13; MA 96; CO 7; MO 21; AK 2; AZ 2; NY 1124; DC 125; RI 1; KY 31; HI 19; CA 656; KS 12; FL 25; DE 3; NJ 219; PA 51; MI 13; MS 36; NM 1; TX 78; IL 23; NS CAN 4; CT 27; LA 37; OH 73; GA 32; MD 251; VA 192; ID 3","Yes"
"9","Plantae","Hydrodictyon reticulatum","OR 2; VT 1; IN 5; OK 5; TN 1; BC CAN 1; AL 1; AR 2; WA 5; NE 12; MA 15; CO 10; MO 7; AZ 1; WI 1; NV 10; NY 13; DC 1; MT 1; KY 1; HI 11; MN 3; CA 23; FL 17; NJ 9; PA 12; MI 5; IA 2; IL 6; TX 6; CT 5; OH 4; GA 1; VA 4; MD 3; ID 1","No"
"10","Plantae","Juglans nigra","NC 1657; IN 6058; WY 2; BC CAN 6; UT 10; MT 4; KY 3704; KS 6064; CA 416; DE 54; FL 41; PA 2015; IA 2679; MS 251; IL 4098; TX 439; CT 47; GA 576; VA 3743; MD 466; ID 8; VT 30; OR 13; TN 3352; OK 645; ME 1; AL 610; AR 1403; SC 561; WA 34; NE 417; WV 2279; ON CAN 120; MA 39; CO 4; MO 9649; QC CAN 1; ND 2; WI 2367; NY 725; DC 51; RI 9; SD 35; MN 990; NJ 446; MI 1188; NM 3; NH 3; LA 97; OH 3314","No"
"11","Plantae","Leucobryum glaucum","VT 104; NC 60; IN 16; ME 168; OK 33; TN 11; BC CAN 5; PE CAN 7; AL 8; AR 99; SC 11; WV 401; ON CAN 149; MA 95; MO 277; QC CAN 39; WI 48; NY 155; RI 20; DC 2; KY 6; HI 1; MN 37; KS 30; NL CAN 7; CA 1; DE 53; FL 24; NJ 61; PA 297; MI 76; NB CAN 20; IA 10; MS 10; NS CAN 69; IL 44; TX 5; CT 43; NH 31; LA 26; OH 27; GA 36; MD 68; VA 53","No"
"12","Plantae","Ligustrum sinense","NC 720; OR 4; PR 4; TN 118; OK 16; AL 151; AR 107; SC 271; WA 1; WV 2; MA 10; MO 17; AZ 2; WI 1; DC 6; NY 5; RI 2; KY 44; HI 12; CA 16; FL 78; NJ 3; PA 1; MS 215; TX 336; IL 1; CT 5; LA 194; GA 79; VA 203; MD 17","Yes"
"13","Plantae","Mentha ×","No data available","No"
"14","Plantae","Osmorhiza longistylis","NC 130; VT 10; IN 92; WY 11; TN 71; OK 12; ME 11; PE CAN 1; AL 37; AR 43; SC 49; NE 25; WV 160; ON CAN 34; MB CAN 10; CO 35; MA 21; MO 256; QC CAN 19; AB CAN 15; ND 35; WI 109; NY 62; DC 24; RI 21; MT 13; KY 64; SD 38; MN 72; KS 87; DE 2; NJ 16; MI 92; PA 80; NB CAN 2; MS 101; IA 40; NM 3; IL 182; TX 4; NS CAN 2; CT 95; NH 5; OH 101; GA 15; VA 200; MD 77","No"
"15","Plantae","Plantago lanceolata","NC 167; IN 116; WY 10; BC CAN 66; PE CAN 5; UT 51; AB CAN 1; AZ 42; MT 18; KY 89; CA 2035; KS 143; FL 65; DE 10; PA 137; MS 79; IA 11; IL 225; TX 95; NS CAN 53; CT 155; GA 35; VA 221; MD 97; ID 50; OR 194; VT 103; TN 86; OK 24; ME 13; AL 42; AR 64; WA 220; SC 96; NE 13; ON CAN 92; WV 89; MA 106; CO 97; MO 251; QC CAN 148; AK 9; ND 2; WI 68; NV 16; NY 248; DC 42; RI 12; HI 157; SD 6; MN 24; NL CAN 3; NJ 385; MI 221; NB CAN 4; NM 47; NH 15; LA 49; OH 128","Yes"
"16","Plantae","Plantago major","NC 68; IN 27; WY 30; BC CAN 60; SK CAN 9; PE CAN 8; UT 104; YT CAN 7; AB CAN 64; AZ 125; MT 60; KY 2; CA 1146; KS 40; FL 62; DE 1; PA 106; MS 13; IA 10; IL 84; TX 77; NS CAN 69; CT 108; GA 13; VA 75; MD 64; ID 37; OR 186; VT 110; PR 12; ME 44; TN 13; OK 1; AL 5; AR 1; WA 126; SC 25; NE 26; ON CAN 140; WV 25; MB CAN 28; CO 183; MA 94; QC CAN 230; MO 26; AK 11221; USVI 1; ND 51; WI 123; NV 32; NY 181; DC 31; RI 12; HI 108; SD 36; MN 98; NL CAN 4; NJ 123; MI 133; NB CAN 15; NM 94; NH 19; LA 79; OH 73; NT CAN 117","Yes"
"17","Plantae","Potentilla indica","NC 221; OR 3; VT 2; IN 8; TN 68; OK 14; AL 28; AR 10; SC 32; WA 1; NE 3; WV 23; ON CAN 15; MA 6; CO 1; MO 24; WI 4; NY 67; DC 55; KY 22; MN 1; CA 106; KS 4; DE 13; FL 8; NJ 134; PA 56; MI 11; MS 9; TX 120; IL 63; CT 9; LA 47; OH 76; GA 18; MD 217; VA 158","Yes"
"18","Plantae","Quercus palustris","NC 71; OR 5; VT 2; IN 2162; OK 482; TN 106; ME 4; BC CAN 6; AL 4; AR 157; SC 16; WA 8; WV 253; ON CAN 47; MA 50; CO 4; MO 2714; QC CAN 1; WI 11; NY 33898; DC 43; RI 7; KY 429; MN 2; KS 579; CA 20; DE 96; NJ 362; MI 345; PA 292; IA 160; MS 45; IL 2197; TX 7; NS CAN 3; CT 105; LA 12; OH 1591; GA 3; VA 811; MD 280","No"
"19","Plantae","Reynoutria japonica","NC 17; OR 1; IN 1; TN 10; ME 3; SC 13; WA 3; WV 4; ON CAN 1; CO 3; MO 2; NY 36; DC 7; MT 2; KY 1; CA 1; FL 7; NJ 2; PA 4; MI 2; IL 5; CT 1; LA 5; MD 11; VA 8; ID 1","Yes"
"20","Plantae","Rosa multiflora","NC 279; IN 36; BC CAN 6; UT 2; MT 2; KY 115; KS 118; CA 37; DE 16; FL 6; PA 245; MS 70; IA 13; IL 166; NS CAN 42; TX 17; CT 198; GA 20; VA 376; MD 349; VT 161; OR 53; TN 104; ME 49; OK 18; AL 35; AR 50; SC 61; WA 14; NE 3; WV 587; ON CAN 84; MA 260; CO 1; MO 185; QC CAN 7; WI 72; NY 5395; DC 53; RI 26; HI 4; MN 1; NL CAN 1; NJ 594; MI 78; NM 4; NH 59; LA 35; OH 231","Yes"
"21","Plantae","Salvia lyrata","NC 453; IN 36; TN 136; OK 11; BC CAN 1; AL 121; AR 119; SC 176; WA 1; WV 39; MO 157; DC 22; NY 9; MT 4; KY 121; KS 12; FL 390; DE 6; NJ 21; PA 37; MS 91; TX 360; IL 11; CT 3; LA 221; OH 31; GA 75; VA 234; MD 58","No"
"22","Plantae","Vinca minor","VT 203; NC 147; OR 51; IN 32; TN 61; ME 18; OK 2; BC CAN 27; AL 8; AR 19; WA 41; SC 12; UT 10; NE 2; ON CAN 115; WV 53; MA 143; CO 19; MO 71; QC CAN 38; WI 31; AZ 1; NY 539; DC 36; RI 8; MT 1; KY 67; KS 36; CA 15; NL CAN 1; FL 2; DE 1; NJ 150; PA 158; MI 133; NB CAN 1; MS 3; NM 2; IL 75; NS CAN 27; TX 6; CT 69; NH 15; LA 6; OH 178; GA 11; VA 145; MD 93","Yes"
"23","Reptilia","Nerodia sipedon","NC 674; VT 46; IN 341; TN 279; OK 215; ME 25; AL 123; AR 341; SC 49; NE 18; ON CAN 579; WV 66; MA 109; CO 34; MO 667; QC CAN 57; WI 212; NY 386; DC 122; RI 91; KY 289; SD 5; MN 9; KS 1305; CA 1; FL 294; DE 45; NJ 249; MI 663; PA 290; NB CAN 2; MS 147; IA 45; IL 800; TX 63; CT 122; NH 24; LA 275; OH 680; GA 141; VA 1102; MD 405","No"
"24","Reptilia","Plestiodon fasciatus","NC 116; VT 6; IN 46; OK 687; TN 202; AL 75; AR 563; SC 59; NE 4; ON CAN 104; WV 20; MA 1; MO 395; WI 6; AZ 2; DC 60; NY 28; KY 162; SD 1; MN 83; KS 881; FL 97; DE 14; NJ 40; MI 28; PA 20; MS 97; IA 16; NM 2; TX 684; IL 98; CT 11; LA 1078; OH 61; GA 172; VA 553; MD 303","No"
