"","Iconic.taxon.name","Scientific.name","Common.name"
"1","Actinopterygii","Lepisosteus osseus","Longnose Gar"
"2","Animalia","Armadillidium nasatum","Nosy Pill Woodlouse"
"3","Animalia","Podura aquatica","Water Springtail"
"4","Fungi","Gymnosporangium juniperi-virginianae","juniper-apple rust"
"5","Fungi","Stereum gausapatum",""
"6","Fungi","Trametes versicolor","turkey-tail"
"7","Fungi","Xylaria polymorpha","dead man's fingers"
"8","Insecta","Amblytylus nasutus",""
"9","Insecta","Anax junius","Common Green Darner"
"10","Insecta","Apis mellifera","Western Honey Bee"
"11","Insecta","Calopteron reticulatum","Banded Net-winged Beetle"
"12","Insecta","Cicindela sexguttata","Six-spotted Tiger Beetle"
"13","Insecta","Coccinella septempunctata","Seven-spotted Lady Beetle"
"14","Insecta","Colladonus clitellarius","Saddled Leafhopper"
"15","Insecta","Cycnia tenera","Delicate Cycnia Moth"
"16","Insecta","Deloyala guttata","Mottled Tortoise Beetle"
"17","Insecta","Halyomorpha halys","Brown Marmorated Stink Bug"
"18","Insecta","Harmonia axyridis","Asian Lady Beetle"
"19","Insecta","Leptopterna dolabrata","Meadow Plant Bug"
"20","Insecta","Necrophila americana","American Carrion Beetle"
"21","Insecta","Notonecta",""
"22","Insecta","Odontotaenius disjunctus","Horned Passalus Beetle"
"23","Insecta","Oebalus pugnax","Rice Stink Bug"
"24","Insecta","Papilio glaucus","Eastern Tiger Swallowtail"
"25","Insecta","Pieris rapae","Cabbage White"
"26","Insecta","Stenotus binotatus","Two-spotted Grass Bug"
"27","Insecta","Toxomerus marginatus","Margined Calligrapher"
"28","Insecta","Xylocopa virginica","Eastern Carpenter Bee"
"29","Mollusca","Corbicula fluminea","Asian Clam"
"30","Mollusca","Limax maximus","Leopard Slug"
