"","Scientific_name","Iconic_taxa","Match NPSpecies","iNaturalist_Entry_count"
"1","Anaxyrus americanus","Amphibia","Match","4"
"2","Lithobates clamitans","Amphibia","Match","1"
"3","Anas platyrhynchos","Aves","Match","1"
"4","Bombycilla cedrorum","Aves","Match","2"
"5","Branta canadensis","Aves","Match","5"
"6","Cardinalis cardinalis","Aves","Match","2"
"7","Melanerpes carolinus","Aves","Match","2"
"8","Pandion haliaetus","Aves","Match","2"
"9","Phalacrocorax auritus","Aves","Match","1"
"10","Poecile carolinensis","Aves","Match","1"
"11","Sialia sialis","Aves","Match","3"
"12","Marmota monax","Mammalia","Match","3"
"13","Sciurus carolinensis","Mammalia","Match","1"
"14","Acer negundo","Plantae","Match","5"
"15","Acer platanoides","Plantae","No Match","1"
"16","Acer rubrum","Plantae","Match","5"
"17","Acer saccharinum","Plantae","Match","5"
"18","Achillea millefolium","Plantae","Match","1"
"19","Ailanthus altissima","Plantae","Match","1"
"20","Alliaria petiolata","Plantae","No Match","7"
"21","Amorpha fruticosa","Plantae","Match","1"
"22","Asclepias syriaca","Plantae","Match","2"
"23","Asimina triloba","Plantae","Match","5"
"24","Asplenium platyneuron","Plantae","Match","1"
"25","Barbarea verna","Plantae","Match","1"
"26","Broussonetia papyrifera","Plantae","Match","1"
"27","Campsis radicans","Plantae","Match","2"
"28","Carya tomentosa","Plantae","Match","1"
"29","Celastrus orbiculatus","Plantae","Match","6"
"30","Ceratophyllum demersum","Plantae","Match","1"
"31","Cercis canadensis","Plantae","No Match","3"
"32","Cirsium vulgare","Plantae","ITIS Match","1"
"33","Clematis terniflora","Plantae","Match","3"
"34","Cornus amomum","Plantae","Match","3"
"35","Dactylis glomerata","Plantae","No Match","1"
"36","Diospyros virginiana","Plantae","No Match","1"
"37","Elaeagnus umbellata","Plantae","Match","2"
"38","Euonymus alatus","Plantae","Match","1"
"39","Fagus grandifolia","Plantae","Match","1"
"40","Fraxinus profunda","Plantae","Match","1"
"41","Galium aparine","Plantae","Match","1"
"42","Glechoma hederacea","Plantae","No Match","9"
"43","Gleditsia triacanthos","Plantae","Match","2"
"44","Hamamelis virginiana","Plantae","No Match","1"
"45","Hedera helix","Plantae","No Match","9"
"46","Hibiscus moscheutos","Plantae","Match","1"
"47","Hydrilla verticillata","Plantae","Match","2"
"48","Hydrodictyon reticulatum","Plantae","No Match","3"
"49","Ilex opaca","Plantae","Match","5"
"50","Iris pseudacorus","Plantae","Match","7"
"51","Itea virginica","Plantae","Match","2"
"52","Juglans nigra","Plantae","No Match","1"
"53","Juniperus virginiana","Plantae","Match","6"
"54","Kalopanax septemlobus","Plantae","Match","4"
"55","Leucobryum glaucum","Plantae","No Match","1"
"56","Ligustrum sinense","Plantae","No Match","1"
"57","Lindera benzoin","Plantae","Match","2"
"58","Liquidambar styraciflua","Plantae","Match","6"
"59","Liriodendron tulipifera","Plantae","Match","12"
"60","Lonicera japonica","Plantae","Match","5"
"61","Mentha ×","Plantae","No Match","1"
"62","Morus alba","Plantae","ITIS Match","6"
"63","Morus rubra","Plantae","Match","1"
"64","Myriophyllum spicatum","Plantae","Match","1"
"65","Osmorhiza longistylis","Plantae","No Match","1"
"66","Oxalis stricta","Plantae","Match","1"
"67","Parthenocissus quinquefolia","Plantae","ITIS Match","9"
"68","Peltandra virginica","Plantae","Match","2"
"69","Persicaria virginiana","Plantae","Match","1"
"70","Phytolacca americana","Plantae","Match","2"
"71","Plantago lanceolata","Plantae","No Match","1"
"72","Plantago major","Plantae","No Match","2"
"73","Platanus occidentalis","Plantae","Match","5"
"74","Polystichum acrostichoides","Plantae","Match","3"
"75","Potentilla indica","Plantae","No Match","8"
"76","Prunus serotina","Plantae","Match","2"
"77","Pyrus calleryana","Plantae","Match","2"
"78","Quercus alba","Plantae","Match","4"
"79","Quercus bicolor","Plantae","Match","4"
"80","Quercus coccinea","Plantae","ITIS Match","1"
"81","Quercus montana","Plantae","ITIS Match","1"
"82","Quercus palustris","Plantae","No Match","4"
"83","Quercus phellos","Plantae","Match","3"
"84","Quercus rubra","Plantae","Match","1"
"85","Ranunculus bulbosus","Plantae","Match","1"
"86","Reynoutria japonica","Plantae","No Match","4"
"87","Robinia pseudoacacia","Plantae","Match","4"
"88","Rosa multiflora","Plantae","No Match","7"
"89","Rumex verticillatus","Plantae","Match","2"
"90","Salix nigra","Plantae","Match","1"
"91","Salvia lyrata","Plantae","No Match","3"
"92","Sambucus canadensis","Plantae","ITIS Match","2"
"93","Sassafras albidum","Plantae","Match","10"
"94","Saururus cernuus","Plantae","Match","1"
"95","Taraxacum officinale","Plantae","Match","2"
"96","Taxodium distichum","Plantae","Match","2"
"97","Thalictrum pubescens","Plantae","Match","1"
"98","Tilia cordata","Plantae","Match","1"
"99","Toxicodendron radicans","Plantae","Match","9"
"100","Trifolium pratense","Plantae","Match","1"
"101","Trifolium repens","Plantae","Match","7"
"102","Tsuga canadensis","Plantae","ITIS Match","4"
"103","Vallisneria americana","Plantae","Match","1"
"104","Verbascum thapsus","Plantae","Match","2"
"105","Veronica persica","Plantae","Match","1"
"106","Viburnum dentatum","Plantae","Match","1"
"107","Viburnum prunifolium","Plantae","Match","1"
"108","Vicia sativa","Plantae","Match","5"
"109","Vinca minor","Plantae","No Match","1"
"110","Vitis riparia","Plantae","ITIS Match","1"
"111","Carphophis amoenus","Reptilia","Match","5"
"112","Clemmys guttata","Reptilia","Match","3"
"113","Nerodia sipedon","Reptilia","No Match","1"
"114","Pantherophis alleghaniensis","Reptilia","ITIS Match","6"
"115","Plestiodon fasciatus","Reptilia","No Match","3"
"116","Terrapene carolina","Reptilia","Match","5"
"117","Coccinella septempunctata","Insecta","Table 4","3"
"118","Limax maximus","Mollusca","Table 4","3"
"119","Gymnosporangium juniperi-virginianae","Fungi","Table 4","2"
"120","Colladonus clitellarius","Insecta","Table 4","1"
"121","Amblytylus nasutus","Insecta","Table 4","6"
"122","Oebalus pugnax","Insecta","Table 4","1"
"123","Halyomorpha halys","Insecta","Table 4","2"
"124","Leptopterna dolabrata","Insecta","Table 4","5"
"125","Stenotus binotatus","Insecta","Table 4","1"
"126","Deloyala guttata","Insecta","Table 4","6"
"127","Toxomerus marginatus","Insecta","Table 4","7"
"128","Harmonia axyridis","Insecta","Table 4","1"
"129","Corbicula fluminea","Mollusca","Table 4","1"
"130","Trametes versicolor","Fungi","Table 4","1"
"131","Stereum gausapatum","Fungi","Table 4","2"
"132","Xylaria polymorpha","Fungi","Table 4","1"
"133","Apis mellifera","Insecta","Table 4","1"
"134","Cicindela sexguttata","Insecta","Table 4","6"
"135","Odontotaenius disjunctus","Insecta","Table 4","1"
"136","Notonecta","Insecta","Table 4","2"
"137","Anax junius","Insecta","Table 4","1"
"138","Podura aquatica","Animalia","Table 4","2"
"139","Papilio glaucus","Insecta","Table 4","1"
"140","Xylocopa virginica","Insecta","Table 4","1"
"141","Armadillidium nasatum","Animalia","Table 4","1"
"142","Lepisosteus osseus","Actinopterygii","Table 4","1"
"143","Necrophila americana","Insecta","Table 4","1"
"144","Cycnia tenera","Insecta","Table 4","1"
"145","Calopteron reticulatum","Insecta","Table 4","1"
"146","Pieris rapae","Insecta","Table 4","1"
