"","Iconic_taxa","Scientific_name","Occurences in BISON","Invasive.Record"
"1","Aves","Dryobates pubescens","OR 2; IN 2; OK 1; TN 1; BC CAN 9; PE CAN 1; WA 18; UT 1; NE 3; ON CAN 8; WV 3; QC CAN 22; MO 1; WI 2; NY 9; DC 2; MT 2; MN 3; CA 9; KS 2; FL 22; NJ 3; PA 127; IL 6; TX 4; NS CAN 3; OH 2; VA 2; MD 1; ID 12","No"
"2","Aves","Setophaga pensylvanica","NC 10268; IN 5582; WY 41; BC CAN 93; SK CAN 158; PE CAN 197; UT 47; AB CAN 301; AZ 461; MT 75; KY 2537; CA 3604; KS 928; FL 4943; DE 1403; PA 32519; IA 3810; MS 530; IL 19554; TX 15080; NS CAN 2706; CT 9130; GA 9744; MD 15123; VA 9381; ID 52; VT 21037; OR 162; PR 161; ME 14672; TN 6387; OK 121; AL 2277; AR 1354; SC 1433; WA 49; NE 279; ON CAN 52033; WV 5871; MB CAN 2513; MA 17045; CO 554; QC CAN 32560; MO 4703; USVI 5; AK 2; ND 694; WI 29145; NV 80; NY 47247; DC 2053; RI 1058; SD 294; MN 16301; NL CAN 34; NJ 13939; MI 26244; NB CAN 1482; NM 103; NH 11698; LA 2535; OH 28814","No"
"3","Plantae","Dendrolycopodium obscurum","NC 70; VT 66; IN 1; ME 19; TN 12; AL 1; SC 20; ON CAN 26; WV 10; MA 100; QC CAN 16; WI 8; NY 77; RI 4; DC 1; KY 1; MN 2; DE 14; NJ 31; PA 56; MI 23; NB CAN 10; NS CAN 15; NH 30; CT 28; OH 20; GA 2; VA 69; MD 42","No"
"4","Plantae","Lycoris radiata","NC 6; TN 4; KY 1; HI 2; BC CAN 1; KS 1; AL 11; FL 8; SC 4; MS 6; TX 18; IL 1; LA 29; VA 4; MD 1","No"
"5","Plantae","Oxalis stricta","NC 143; VT 15; IN 88; WY 2; TN 95; OK 41; ME 18; AL 27; AR 73; SC 36; WA 8; NE 39; WV 210; MA 17; CO 9; MO 107; ND 36; WI 69; AZ 7; NY 55; RI 5; DC 3; MT 3; KY 73; SD 25; MN 82; KS 71; DE 1; FL 1; NJ 21; PA 107; MI 68; MS 35; IA 16; NM 3; IL 102; TX 44; NH 10; CT 9; LA 55; OH 93; GA 33; VA 161; MD 58; ID 6","Yes"
"6","Plantae","Parathelypteris noveboracensis","NC 775; VT 143; IN 5; TN 161; ME 45; PE CAN 1; AL 25; SC 101; WV 52; ON CAN 37; MA 105; QC CAN 6; AK 1; WI 1; NY 55; DC 23; RI 16; KY 17; CA 1; NL CAN 1; DE 5; NJ 26; PA 62; MI 21; NB CAN 8; IA 1; MS 1; NS CAN 17; CT 81; NH 33; OH 61; GA 129; VA 324; MD 116","No"
"7","Plantae","Rumex obtusifolius","NC 87; IN 77; WY 1; BC CAN 18; PE CAN 3; UT 9; AZ 30; MT 4; KY 53; CA 298; KS 32; FL 23; DE 6; PA 114; IA 8; MS 5; IL 95; NS CAN 33; TX 4; CT 97; GA 12; VA 148; MD 55; ID 14; VT 106; OR 77; ME 62; TN 40; OK 11; AL 6; AR 33; WA 85; SC 15; NE 13; WV 66; ON CAN 43; MA 158; CO 23; QC CAN 120; MO 116; AK 71; WI 61; NY 201; DC 26; RI 15; HI 3; MN 11; NL CAN 2; NJ 206; MI 114; NB CAN 5; NM 13; NH 48; LA 5; OH 90","Yes"
