"","Scientific_name","Iconic_taxa","iNat_NPS_matches","iNat_NPSsynonym_matches","iNat_ITIS_synonym_matches","iNat_ITIS_nonsyn_matches","iNaturalist_URL"
"1","Anaxyrus americanus","Amphibia","TRUE","FALSE","FALSE","FALSE","http://www.inaturalist.org/observations/4254023"
"2","Anaxyrus americanus","Amphibia","TRUE","FALSE","FALSE","FALSE","http://www.inaturalist.org/observations/4246280"
"3","Anaxyrus americanus","Amphibia","TRUE","FALSE","FALSE","FALSE","http://www.inaturalist.org/observations/4245645"
"4","Anaxyrus americanus","Amphibia","TRUE","FALSE","FALSE","FALSE","http://www.inaturalist.org/observations/4244139"
"5","Anaxyrus fowleri","Amphibia","TRUE","FALSE","FALSE","TRUE","http://www.inaturalist.org/observations/4291182"
"6","Anaxyrus fowleri","Amphibia","TRUE","FALSE","FALSE","TRUE","http://www.inaturalist.org/observations/4247354"
"7","Anaxyrus fowleri","Amphibia","TRUE","FALSE","FALSE","TRUE","http://www.inaturalist.org/observations/4244102"
"8","Lithobates clamitans","Amphibia","TRUE","FALSE","FALSE","FALSE","http://www.inaturalist.org/observations/4244584"
"9","Cardinalis cardinalis","Aves","TRUE","FALSE","FALSE","FALSE","http://www.inaturalist.org/observations/4253059"
"10","Coccyzus americanus","Aves","TRUE","FALSE","FALSE","TRUE","http://www.inaturalist.org/observations/4247352"
"11","Colaptes auratus","Aves","TRUE","FALSE","FALSE","FALSE","http://www.inaturalist.org/observations/4254679"
"12","Colaptes auratus","Aves","TRUE","FALSE","FALSE","FALSE","http://www.inaturalist.org/observations/4214021"
"13","Cyanocitta cristata","Aves","TRUE","FALSE","FALSE","FALSE","http://www.inaturalist.org/observations/4254276"
"14","Dryobates pubescens","Aves","FALSE","FALSE","FALSE","FALSE","http://www.inaturalist.org/observations/4247037"
"15","Dumetella carolinensis","Aves","TRUE","FALSE","FALSE","FALSE","http://www.inaturalist.org/observations/4254275"
"16","Dumetella carolinensis","Aves","TRUE","FALSE","FALSE","FALSE","http://www.inaturalist.org/observations/4214023"
"17","Hylocichla mustelina","Aves","TRUE","FALSE","FALSE","FALSE","http://www.inaturalist.org/observations/4484476"
"18","Melanerpes carolinus","Aves","TRUE","FALSE","FALSE","TRUE","http://www.inaturalist.org/observations/4247035"
"19","Pheucticus ludovicianus","Aves","TRUE","FALSE","FALSE","FALSE","http://www.inaturalist.org/observations/4247033"
"20","Piranga olivacea","Aves","TRUE","FALSE","FALSE","FALSE","http://www.inaturalist.org/observations/4247353"
"21","Piranga rubra","Aves","TRUE","FALSE","FALSE","FALSE","http://www.inaturalist.org/observations/4214020"
"22","Polioptila caerulea","Aves","TRUE","FALSE","FALSE","FALSE","http://www.inaturalist.org/observations/4247351"
"23","Sayornis phoebe","Aves","TRUE","FALSE","FALSE","FALSE","http://www.inaturalist.org/observations/4253887"
"24","Setophaga americana","Aves","TRUE","FALSE","FALSE","TRUE","http://www.inaturalist.org/observations/4254424"
"25","Setophaga americana","Aves","TRUE","FALSE","FALSE","TRUE","http://www.inaturalist.org/observations/4254416"
"26","Setophaga americana","Aves","TRUE","FALSE","FALSE","TRUE","http://www.inaturalist.org/observations/4247036"
"27","Setophaga magnolia","Aves","FALSE","FALSE","FALSE","TRUE","http://www.inaturalist.org/observations/4247030"
"28","Setophaga pensylvanica","Aves","FALSE","FALSE","FALSE","FALSE","http://www.inaturalist.org/observations/4247032"
"29","Spinus tristis","Aves","TRUE","FALSE","FALSE","TRUE","http://www.inaturalist.org/observations/4253886"
"30","Thryothorus ludovicianus","Aves","TRUE","FALSE","FALSE","FALSE","http://www.inaturalist.org/observations/4247951"
"31","Toxostoma rufum","Aves","TRUE","FALSE","FALSE","FALSE","http://www.inaturalist.org/observations/4247355"
"32","Turdus migratorius","Aves","TRUE","FALSE","FALSE","FALSE","http://www.inaturalist.org/observations/4254417"
"33","Zenaida macroura","Aves","TRUE","FALSE","FALSE","FALSE","http://www.inaturalist.org/observations/4253896"
"34","Canis latrans","Mammalia","TRUE","FALSE","FALSE","FALSE","http://www.inaturalist.org/observations/4484519"
"35","Canis latrans","Mammalia","TRUE","FALSE","FALSE","FALSE","http://www.inaturalist.org/observations/4484517"
"36","Canis latrans","Mammalia","TRUE","FALSE","FALSE","FALSE","http://www.inaturalist.org/observations/4484518"
"37","Canis latrans","Mammalia","TRUE","FALSE","FALSE","FALSE","http://www.inaturalist.org/observations/4484515"
"38","Canis latrans","Mammalia","TRUE","FALSE","FALSE","FALSE","http://www.inaturalist.org/observations/4484516"
"39","Didelphis virginiana","Mammalia","TRUE","FALSE","FALSE","FALSE","http://www.inaturalist.org/observations/4484478"
"40","Didelphis virginiana","Mammalia","TRUE","FALSE","FALSE","FALSE","http://www.inaturalist.org/observations/4484500"
"41","Didelphis virginiana","Mammalia","TRUE","FALSE","FALSE","FALSE","http://www.inaturalist.org/observations/4484460"
"42","Marmota monax","Mammalia","TRUE","FALSE","FALSE","FALSE","http://www.inaturalist.org/observations/4484494"
"43","Odocoileus virginianus","Mammalia","TRUE","FALSE","FALSE","TRUE","https://www.inaturalist.org/observations/4816948"
"44","Odocoileus virginianus","Mammalia","TRUE","FALSE","FALSE","TRUE","https://www.inaturalist.org/observations/4816960"
"45","Odocoileus virginianus","Mammalia","TRUE","FALSE","FALSE","TRUE","https://www.inaturalist.org/observations/4816963"
"46","Odocoileus virginianus","Mammalia","TRUE","FALSE","FALSE","TRUE","https://www.inaturalist.org/observations/4816947"
"47","Odocoileus virginianus","Mammalia","TRUE","FALSE","FALSE","TRUE","https://www.inaturalist.org/observations/4816953"
"48","Odocoileus virginianus","Mammalia","TRUE","FALSE","FALSE","TRUE","https://www.inaturalist.org/observations/4816954"
"49","Odocoileus virginianus","Mammalia","TRUE","FALSE","FALSE","TRUE","https://www.inaturalist.org/observations/4816957"
"50","Odocoileus virginianus","Mammalia","TRUE","FALSE","FALSE","TRUE","https://www.inaturalist.org/observations/4816962"
"51","Odocoileus virginianus","Mammalia","TRUE","FALSE","FALSE","TRUE","https://www.inaturalist.org/observations/4816946"
"52","Odocoileus virginianus","Mammalia","TRUE","FALSE","FALSE","TRUE","https://www.inaturalist.org/observations/4816949"
"53","Odocoileus virginianus","Mammalia","TRUE","FALSE","FALSE","TRUE","https://www.inaturalist.org/observations/4816965"
"54","Odocoileus virginianus","Mammalia","TRUE","FALSE","FALSE","TRUE","https://www.inaturalist.org/observations/4816956"
"55","Odocoileus virginianus","Mammalia","TRUE","FALSE","FALSE","TRUE","https://www.inaturalist.org/observations/4816961"
"56","Odocoileus virginianus","Mammalia","TRUE","FALSE","FALSE","TRUE","https://www.inaturalist.org/observations/4816964"
"57","Odocoileus virginianus","Mammalia","TRUE","FALSE","FALSE","TRUE","https://www.inaturalist.org/observations/4816958"
"58","Odocoileus virginianus","Mammalia","TRUE","FALSE","FALSE","TRUE","https://www.inaturalist.org/observations/4816966"
"59","Odocoileus virginianus","Mammalia","TRUE","FALSE","FALSE","TRUE","https://www.inaturalist.org/observations/4816967"
"60","Odocoileus virginianus","Mammalia","TRUE","FALSE","FALSE","TRUE","https://www.inaturalist.org/observations/4816970"
"61","Odocoileus virginianus","Mammalia","TRUE","FALSE","FALSE","TRUE","http://www.inaturalist.org/observations/4484473"
"62","Odocoileus virginianus","Mammalia","TRUE","FALSE","FALSE","TRUE","http://www.inaturalist.org/observations/4484498"
"63","Odocoileus virginianus","Mammalia","TRUE","FALSE","FALSE","TRUE","http://www.inaturalist.org/observations/4484509"
"64","Odocoileus virginianus","Mammalia","TRUE","FALSE","FALSE","TRUE","http://www.inaturalist.org/observations/4484512"
"65","Odocoileus virginianus","Mammalia","TRUE","FALSE","FALSE","TRUE","http://www.inaturalist.org/observations/4484514"
"66","Odocoileus virginianus","Mammalia","TRUE","FALSE","FALSE","TRUE","http://www.inaturalist.org/observations/4484457"
"67","Odocoileus virginianus","Mammalia","TRUE","FALSE","FALSE","TRUE","http://www.inaturalist.org/observations/4484501"
"68","Odocoileus virginianus","Mammalia","TRUE","FALSE","FALSE","TRUE","http://www.inaturalist.org/observations/4484513"
"69","Odocoileus virginianus","Mammalia","TRUE","FALSE","FALSE","TRUE","http://www.inaturalist.org/observations/4484521"
"70","Odocoileus virginianus","Mammalia","TRUE","FALSE","FALSE","TRUE","http://www.inaturalist.org/observations/4484472"
"71","Odocoileus virginianus","Mammalia","TRUE","FALSE","FALSE","TRUE","http://www.inaturalist.org/observations/4484480"
"72","Odocoileus virginianus","Mammalia","TRUE","FALSE","FALSE","TRUE","http://www.inaturalist.org/observations/4484461"
"73","Odocoileus virginianus","Mammalia","TRUE","FALSE","FALSE","TRUE","http://www.inaturalist.org/observations/4484488"
"74","Odocoileus virginianus","Mammalia","TRUE","FALSE","FALSE","TRUE","http://www.inaturalist.org/observations/4484499"
"75","Odocoileus virginianus","Mammalia","TRUE","FALSE","FALSE","TRUE","http://www.inaturalist.org/observations/4484504"
"76","Odocoileus virginianus","Mammalia","TRUE","FALSE","FALSE","TRUE","http://www.inaturalist.org/observations/4484459"
"77","Odocoileus virginianus","Mammalia","TRUE","FALSE","FALSE","TRUE","http://www.inaturalist.org/observations/4484463"
"78","Odocoileus virginianus","Mammalia","TRUE","FALSE","FALSE","TRUE","http://www.inaturalist.org/observations/4484507"
"79","Odocoileus virginianus","Mammalia","TRUE","FALSE","FALSE","TRUE","http://www.inaturalist.org/observations/4484462"
"80","Odocoileus virginianus","Mammalia","TRUE","FALSE","FALSE","TRUE","http://www.inaturalist.org/observations/4484495"
"81","Odocoileus virginianus","Mammalia","TRUE","FALSE","FALSE","TRUE","http://www.inaturalist.org/observations/4484503"
"82","Odocoileus virginianus","Mammalia","TRUE","FALSE","FALSE","TRUE","http://www.inaturalist.org/observations/4484466"
"83","Odocoileus virginianus","Mammalia","TRUE","FALSE","FALSE","TRUE","http://www.inaturalist.org/observations/4484479"
"84","Odocoileus virginianus","Mammalia","TRUE","FALSE","FALSE","TRUE","http://www.inaturalist.org/observations/4484489"
"85","Odocoileus virginianus","Mammalia","TRUE","FALSE","FALSE","TRUE","http://www.inaturalist.org/observations/4484481"
"86","Odocoileus virginianus","Mammalia","TRUE","FALSE","FALSE","TRUE","http://www.inaturalist.org/observations/4484483"
"87","Odocoileus virginianus","Mammalia","TRUE","FALSE","FALSE","TRUE","http://www.inaturalist.org/observations/4484490"
"88","Odocoileus virginianus","Mammalia","TRUE","FALSE","FALSE","TRUE","http://www.inaturalist.org/observations/4484505"
"89","Odocoileus virginianus","Mammalia","TRUE","FALSE","FALSE","TRUE","http://www.inaturalist.org/observations/4484510"
"90","Odocoileus virginianus","Mammalia","TRUE","FALSE","FALSE","TRUE","http://www.inaturalist.org/observations/4280342"
"91","Odocoileus virginianus","Mammalia","TRUE","FALSE","FALSE","TRUE","http://www.inaturalist.org/observations/4280378"
"92","Odocoileus virginianus","Mammalia","TRUE","FALSE","FALSE","TRUE","http://www.inaturalist.org/observations/4280213"
"93","Procyon lotor","Mammalia","TRUE","FALSE","FALSE","FALSE","https://www.inaturalist.org/observations/4816955"
"94","Procyon lotor","Mammalia","TRUE","FALSE","FALSE","FALSE","http://www.inaturalist.org/observations/4484470"
"95","Procyon lotor","Mammalia","TRUE","FALSE","FALSE","FALSE","http://www.inaturalist.org/observations/4484484"
"96","Procyon lotor","Mammalia","TRUE","FALSE","FALSE","FALSE","http://www.inaturalist.org/observations/4484486"
"97","Procyon lotor","Mammalia","TRUE","FALSE","FALSE","FALSE","http://www.inaturalist.org/observations/4484485"
"98","Procyon lotor","Mammalia","TRUE","FALSE","FALSE","FALSE","http://www.inaturalist.org/observations/4484493"
"99","Procyon lotor","Mammalia","TRUE","FALSE","FALSE","FALSE","http://www.inaturalist.org/observations/4484467"
"100","Procyon lotor","Mammalia","TRUE","FALSE","FALSE","FALSE","http://www.inaturalist.org/observations/4484487"
"101","Sciurus carolinensis","Mammalia","TRUE","FALSE","FALSE","FALSE","https://www.inaturalist.org/observations/4816971"
"102","Sciurus carolinensis","Mammalia","TRUE","FALSE","FALSE","FALSE","http://www.inaturalist.org/observations/4484511"
"103","Sciurus carolinensis","Mammalia","TRUE","FALSE","FALSE","FALSE","http://www.inaturalist.org/observations/4484471"
"104","Sciurus carolinensis","Mammalia","TRUE","FALSE","FALSE","FALSE","http://www.inaturalist.org/observations/4484474"
"105","Sciurus carolinensis","Mammalia","TRUE","FALSE","FALSE","FALSE","http://www.inaturalist.org/observations/4484496"
"106","Sciurus carolinensis","Mammalia","TRUE","FALSE","FALSE","FALSE","http://www.inaturalist.org/observations/4484468"
"107","Sciurus carolinensis","Mammalia","TRUE","FALSE","FALSE","FALSE","http://www.inaturalist.org/observations/4484477"
"108","Sciurus carolinensis","Mammalia","TRUE","FALSE","FALSE","FALSE","http://www.inaturalist.org/observations/4484502"
"109","Sciurus carolinensis","Mammalia","TRUE","FALSE","FALSE","FALSE","http://www.inaturalist.org/observations/4280343"
"110","Urocyon cinereoargenteus","Mammalia","TRUE","FALSE","FALSE","TRUE","https://www.inaturalist.org/observations/4816968"
"111","Urocyon cinereoargenteus","Mammalia","TRUE","FALSE","FALSE","TRUE","https://www.inaturalist.org/observations/4816969"
"112","Urocyon cinereoargenteus","Mammalia","TRUE","FALSE","FALSE","TRUE","http://www.inaturalist.org/observations/4484520"
"113","Vulpes vulpes","Mammalia","TRUE","FALSE","FALSE","TRUE","http://www.inaturalist.org/observations/4484506"
"114","Vulpes vulpes","Mammalia","TRUE","FALSE","FALSE","TRUE","http://www.inaturalist.org/observations/4484497"
"115","Vulpes vulpes","Mammalia","TRUE","FALSE","FALSE","TRUE","http://www.inaturalist.org/observations/4484469"
"116","Vulpes vulpes","Mammalia","TRUE","FALSE","FALSE","TRUE","http://www.inaturalist.org/observations/4484482"
"117","Vulpes vulpes","Mammalia","TRUE","FALSE","FALSE","TRUE","http://www.inaturalist.org/observations/4484465"
"118","Ailanthus altissima","Plantae","TRUE","FALSE","FALSE","TRUE","http://www.inaturalist.org/observations/4252916"
"119","Ailanthus altissima","Plantae","TRUE","FALSE","FALSE","TRUE","http://www.inaturalist.org/observations/4244723"
"120","Artemisia vulgaris","Plantae","TRUE","TRUE","FALSE","FALSE","http://www.inaturalist.org/observations/4244174"
"121","Asplenium platyneuron","Plantae","TRUE","FALSE","FALSE","TRUE","http://www.inaturalist.org/observations/4252927"
"122","Asplenium platyneuron","Plantae","TRUE","FALSE","FALSE","TRUE","http://www.inaturalist.org/observations/4245471"
"123","Athyrium filix-femina","Plantae","TRUE","FALSE","TRUE","TRUE","http://www.inaturalist.org/observations/4253381"
"124","Betula nigra","Plantae","TRUE","FALSE","FALSE","FALSE","http://www.inaturalist.org/observations/4254034"
"125","Campsis radicans","Plantae","TRUE","FALSE","FALSE","TRUE","http://www.inaturalist.org/observations/4253214"
"126","Cephalanthus occidentalis","Plantae","TRUE","FALSE","FALSE","TRUE","http://www.inaturalist.org/observations/4248162"
"127","Chimaphila maculata","Plantae","TRUE","FALSE","FALSE","TRUE","http://www.inaturalist.org/observations/4253986"
"128","Chimaphila maculata","Plantae","TRUE","FALSE","FALSE","TRUE","http://www.inaturalist.org/observations/4247638"
"129","Chimaphila maculata","Plantae","TRUE","FALSE","FALSE","TRUE","http://www.inaturalist.org/observations/4245745"
"130","Chrysopsis mariana","Plantae","TRUE","FALSE","FALSE","TRUE","http://www.inaturalist.org/observations/4254013"
"131","Clethra alnifolia","Plantae","TRUE","FALSE","TRUE","TRUE","http://www.inaturalist.org/observations/4248160"
"132","Commelina communis","Plantae","TRUE","FALSE","FALSE","TRUE","http://www.inaturalist.org/observations/4253050"
"133","Commelina communis","Plantae","TRUE","FALSE","FALSE","TRUE","http://www.inaturalist.org/observations/4252906"
"134","Commelina communis","Plantae","TRUE","FALSE","FALSE","TRUE","http://www.inaturalist.org/observations/4245747"
"135","Cornus florida","Plantae","TRUE","FALSE","FALSE","TRUE","http://www.inaturalist.org/observations/4245246"
"136","Dendrolycopodium obscurum","Plantae","FALSE","FALSE","FALSE","FALSE","http://www.inaturalist.org/observations/4253997"
"137","Dendrolycopodium obscurum","Plantae","FALSE","FALSE","FALSE","FALSE","http://www.inaturalist.org/observations/4247641"
"138","Diphasiastrum digitatum","Plantae","FALSE","FALSE","TRUE","FALSE","http://www.inaturalist.org/observations/4254027"
"139","Diphasiastrum digitatum","Plantae","FALSE","FALSE","TRUE","FALSE","http://www.inaturalist.org/observations/4248164"
"140","Diphasiastrum digitatum","Plantae","FALSE","FALSE","TRUE","FALSE","http://www.inaturalist.org/observations/4251387"
"141","Eclipta prostrata","Plantae","TRUE","FALSE","FALSE","TRUE","http://www.inaturalist.org/observations/4246185"
"142","Euonymus americanus","Plantae","FALSE","TRUE","FALSE","TRUE","http://www.inaturalist.org/observations/4254044"
"143","Euonymus americanus","Plantae","FALSE","TRUE","FALSE","TRUE","http://www.inaturalist.org/observations/4247944"
"144","Euonymus americanus","Plantae","FALSE","TRUE","FALSE","TRUE","http://www.inaturalist.org/observations/4244655"
"145","Eupatorium capillifolium","Plantae","TRUE","FALSE","FALSE","FALSE","http://www.inaturalist.org/observations/4244596"
"146","Fagus grandifolia","Plantae","TRUE","FALSE","FALSE","TRUE","http://www.inaturalist.org/observations/4254029"
"147","Fagus grandifolia","Plantae","TRUE","FALSE","FALSE","TRUE","http://www.inaturalist.org/observations/4245360"
"148","Goodyera pubescens","Plantae","TRUE","FALSE","FALSE","TRUE","http://www.inaturalist.org/observations/4251494"
"149","Goodyera pubescens","Plantae","TRUE","FALSE","FALSE","TRUE","http://www.inaturalist.org/observations/4251389"
"150","Hedera helix","Plantae","TRUE","FALSE","FALSE","TRUE","http://www.inaturalist.org/observations/4244779"
"151","Ilex opaca","Plantae","TRUE","TRUE","FALSE","FALSE","http://www.inaturalist.org/observations/4253988"
"152","Ilex opaca","Plantae","TRUE","TRUE","FALSE","FALSE","http://www.inaturalist.org/observations/4245378"
"153","Impatiens capensis","Plantae","TRUE","FALSE","FALSE","TRUE","http://www.inaturalist.org/observations/4247950"
"154","Ipomoea hederacea","Plantae","TRUE","FALSE","TRUE","TRUE","http://www.inaturalist.org/observations/4244306"
"155","Ipomoea hederacea","Plantae","TRUE","FALSE","TRUE","TRUE","http://www.inaturalist.org/observations/4244321"
"156","Ipomoea lacunosa","Plantae","TRUE","FALSE","FALSE","FALSE","http://www.inaturalist.org/observations/4252706"
"157","Ipomoea purpurea","Plantae","TRUE","FALSE","FALSE","TRUE","http://www.inaturalist.org/observations/4247357"
"158","Ipomoea purpurea","Plantae","TRUE","FALSE","FALSE","TRUE","http://www.inaturalist.org/observations/4214024"
"159","Juglans nigra","Plantae","TRUE","FALSE","FALSE","TRUE","http://www.inaturalist.org/observations/4254415"
"160","Juglans nigra","Plantae","TRUE","FALSE","FALSE","TRUE","http://www.inaturalist.org/observations/4245237"
"161","Juniperus virginiana","Plantae","TRUE","TRUE","FALSE","FALSE","http://www.inaturalist.org/observations/4253195"
"162","Juniperus virginiana","Plantae","TRUE","TRUE","FALSE","FALSE","http://www.inaturalist.org/observations/4244276"
"163","Kalmia latifolia","Plantae","TRUE","FALSE","FALSE","TRUE","http://www.inaturalist.org/observations/4251388"
"164","Lespedeza cuneata","Plantae","TRUE","FALSE","FALSE","TRUE","http://www.inaturalist.org/observations/4254028"
"165","Ligustrum sinense","Plantae","TRUE","FALSE","FALSE","TRUE","http://www.inaturalist.org/observations/4252909"
"166","Ligustrum sinense","Plantae","TRUE","FALSE","FALSE","TRUE","http://www.inaturalist.org/observations/4253220"
"167","Liquidambar styraciflua","Plantae","TRUE","FALSE","FALSE","FALSE","http://www.inaturalist.org/observations/4252923"
"168","Liquidambar styraciflua","Plantae","TRUE","FALSE","FALSE","FALSE","http://www.inaturalist.org/observations/4244687"
"169","Liriodendron tulipifera","Plantae","TRUE","FALSE","FALSE","FALSE","http://www.inaturalist.org/observations/4252925"
"170","Liriodendron tulipifera","Plantae","TRUE","FALSE","FALSE","FALSE","http://www.inaturalist.org/observations/4244706"
"171","Lonicera japonica","Plantae","TRUE","FALSE","FALSE","TRUE","http://www.inaturalist.org/observations/4252917"
"172","Lycoris radiata","Plantae","FALSE","FALSE","FALSE","FALSE","http://www.inaturalist.org/observations/4252700"
"173","Lycoris radiata","Plantae","FALSE","FALSE","FALSE","FALSE","http://www.inaturalist.org/observations/4253259"
"174","Microstegium vimineum","Plantae","TRUE","FALSE","FALSE","TRUE","http://www.inaturalist.org/observations/4252922"
"175","Microstegium vimineum","Plantae","TRUE","FALSE","FALSE","TRUE","http://www.inaturalist.org/observations/4245326"
"176","Mitchella repens","Plantae","TRUE","FALSE","FALSE","FALSE","http://www.inaturalist.org/observations/4254030"
"177","Mollugo verticillata","Plantae","TRUE","FALSE","FALSE","TRUE","http://www.inaturalist.org/observations/4246158"
"178","Onoclea sensibilis","Plantae","TRUE","FALSE","FALSE","FALSE","http://www.inaturalist.org/observations/4247953"
"179","Osmundastrum cinnamomeum","Plantae","FALSE","FALSE","FALSE","TRUE","http://www.inaturalist.org/observations/4254032"
"180","Oxalis stricta","Plantae","FALSE","FALSE","FALSE","FALSE","http://www.inaturalist.org/observations/4251510"
"181","Parathelypteris noveboracensis","Plantae","FALSE","FALSE","FALSE","FALSE","http://www.inaturalist.org/observations/4254039"
"182","Parathelypteris noveboracensis","Plantae","FALSE","FALSE","FALSE","FALSE","http://www.inaturalist.org/observations/4244504"
"183","Parathelypteris noveboracensis","Plantae","FALSE","FALSE","FALSE","FALSE","http://www.inaturalist.org/observations/4244569"
"184","Perilla frutescens","Plantae","TRUE","FALSE","FALSE","FALSE","http://www.inaturalist.org/observations/4252907"
"185","Perilla frutescens","Plantae","TRUE","FALSE","FALSE","FALSE","http://www.inaturalist.org/observations/4245769"
"186","Perilla frutescens","Plantae","TRUE","FALSE","FALSE","FALSE","http://www.inaturalist.org/observations/4246073"
"187","Persicaria longiseta","Plantae","FALSE","FALSE","FALSE","TRUE","http://www.inaturalist.org/observations/4246023"
"188","Persicaria pensylvanica","Plantae","FALSE","FALSE","FALSE","TRUE","http://www.inaturalist.org/observations/4254418"
"189","Phytolacca americana","Plantae","TRUE","FALSE","FALSE","FALSE","http://www.inaturalist.org/observations/4253209"
"190","Phytolacca americana","Plantae","TRUE","FALSE","FALSE","FALSE","http://www.inaturalist.org/observations/4246166"
"191","Phytolacca americana","Plantae","TRUE","FALSE","FALSE","FALSE","http://www.inaturalist.org/observations/4244727"
"192","Phytolacca americana","Plantae","TRUE","FALSE","FALSE","FALSE","http://www.inaturalist.org/observations/4245790"
"193","Plantago lanceolata","Plantae","TRUE","FALSE","FALSE","TRUE","http://www.inaturalist.org/observations/4251508"
"194","Plantago major","Plantae","TRUE","FALSE","FALSE","TRUE","http://www.inaturalist.org/observations/4251513"
"195","Plantago major","Plantae","TRUE","FALSE","FALSE","TRUE","http://www.inaturalist.org/observations/4244326"
"196","Platanus occidentalis","Plantae","TRUE","FALSE","FALSE","TRUE","http://www.inaturalist.org/observations/4254677"
"197","Platanus occidentalis","Plantae","TRUE","FALSE","FALSE","TRUE","http://www.inaturalist.org/observations/4244713"
"198","Polystichum acrostichoides","Plantae","TRUE","FALSE","FALSE","TRUE","http://www.inaturalist.org/observations/4254042"
"199","Polystichum acrostichoides","Plantae","TRUE","FALSE","FALSE","TRUE","http://www.inaturalist.org/observations/4254024"
"200","Polystichum acrostichoides","Plantae","TRUE","FALSE","FALSE","TRUE","http://www.inaturalist.org/observations/4244502"
"201","Polystichum acrostichoides","Plantae","TRUE","FALSE","FALSE","TRUE","http://www.inaturalist.org/observations/4244505"
"202","Quercus alba","Plantae","TRUE","FALSE","FALSE","TRUE","http://www.inaturalist.org/observations/4254022"
"203","Quercus phellos","Plantae","TRUE","FALSE","FALSE","FALSE","http://www.inaturalist.org/observations/4244371"
"204","Rubus occidentalis","Plantae","TRUE","FALSE","FALSE","TRUE","http://www.inaturalist.org/observations/4246083"
"205","Rumex crispus","Plantae","TRUE","FALSE","FALSE","TRUE","http://www.inaturalist.org/observations/4251509"
"206","Rumex obtusifolius","Plantae","FALSE","FALSE","FALSE","FALSE","http://www.inaturalist.org/observations/4246055"
"207","Sassafras albidum","Plantae","TRUE","FALSE","FALSE","TRUE","http://www.inaturalist.org/observations/4253210"
"208","Sassafras albidum","Plantae","TRUE","FALSE","FALSE","TRUE","http://www.inaturalist.org/observations/4244683"
"209","Sassafras albidum","Plantae","TRUE","FALSE","FALSE","TRUE","http://www.inaturalist.org/observations/4244277"
"210","Scutellaria integrifolia","Plantae","TRUE","FALSE","FALSE","TRUE","http://www.inaturalist.org/observations/4248161"
"211","Smilax glauca","Plantae","TRUE","FALSE","FALSE","TRUE","http://www.inaturalist.org/observations/4254018"
"212","Smilax rotundifolia","Plantae","TRUE","FALSE","FALSE","TRUE","http://www.inaturalist.org/observations/4252910"
"213","Smilax rotundifolia","Plantae","TRUE","FALSE","FALSE","TRUE","http://www.inaturalist.org/observations/4244418"
"214","Toxicodendron radicans","Plantae","TRUE","FALSE","FALSE","FALSE","http://www.inaturalist.org/observations/4252926"
"215","Toxicodendron radicans","Plantae","TRUE","FALSE","FALSE","FALSE","http://www.inaturalist.org/observations/4244364"
"216","Toxicodendron radicans","Plantae","TRUE","FALSE","FALSE","FALSE","http://www.inaturalist.org/observations/4244740"
"217","Trifolium repens","Plantae","TRUE","FALSE","FALSE","TRUE","http://www.inaturalist.org/observations/4251511"
"218","Ulmus alata","Plantae","TRUE","FALSE","FALSE","FALSE","http://www.inaturalist.org/observations/4252924"
"219","Ulmus alata","Plantae","TRUE","FALSE","FALSE","FALSE","http://www.inaturalist.org/observations/4244182"
"220","Verbascum thapsus","Plantae","TRUE","FALSE","FALSE","FALSE","http://www.inaturalist.org/observations/4253211"
"221","Verbascum thapsus","Plantae","TRUE","FALSE","FALSE","FALSE","http://www.inaturalist.org/observations/4244581"
"222","Verbascum thapsus","Plantae","TRUE","FALSE","FALSE","FALSE","http://www.inaturalist.org/observations/4244709"
"223","Verbascum thapsus","Plantae","TRUE","FALSE","FALSE","FALSE","http://www.inaturalist.org/observations/4245382"
"224","Carphophis amoenus","Reptilia","TRUE","FALSE","FALSE","FALSE","http://www.inaturalist.org/observations/4254007"
"225","Carphophis amoenus","Reptilia","TRUE","FALSE","FALSE","FALSE","http://www.inaturalist.org/observations/4246131"
"226","Scincella lateralis","Reptilia","TRUE","FALSE","FALSE","TRUE","http://www.inaturalist.org/observations/4254015"
"227","Scincella lateralis","Reptilia","TRUE","FALSE","FALSE","TRUE","http://www.inaturalist.org/observations/4246208"
"228","Scincella lateralis","Reptilia","TRUE","FALSE","FALSE","TRUE","http://www.inaturalist.org/observations/4246412"
"229","Terrapene carolina","Reptilia","TRUE","FALSE","FALSE","FALSE","http://www.inaturalist.org/observations/4244355"
"230","Terrapene carolina","Reptilia","TRUE","FALSE","FALSE","FALSE","http://www.inaturalist.org/observations/4244356"
