"","Iconic_taxa","iNat_entry","NPSpecies_name","Accepted_TSN","NPS_entry_TSN"
"1","Aves","Setophaga magnolia","Dendroica magnolia","950035","178886"
"2","Plantae","Diphasiastrum digitatum","Lycopodium digitatum","17028","512327"
"3","Plantae","Osmundastrum cinnamomeum","Osmunda cinnamomea","1012094","17219"
"4","Plantae","Persicaria longiseta","Polygonum caespitosum var. longisetum","823855","566299"
"5","Plantae","Persicaria pensylvanica","Polygonum pensylvanicum var. durum","518745","539087"
