"","Iconic.taxon.name","Scientific.name","Common.name"
"1","Animalia","Scincella lateralis","Little Brown Skink"
"2","Arachnida","Cyclosa turbinata","Humped Trashline Orbweaver"
"3","Arachnida","Gasteracantha cancriformis","Spinybacked Orbweaver"
"4","Arachnida","Habronattus coecatus",""
"5","Arachnida","Micrathena mitrata","White Micrathena"
"6","Arachnida","Micrathena sagittata","Arrow-shaped Orbweaver"
"7","Arachnida","Phidippus audax","Bold Jumping Spider"
"8","Arachnida","Rabidosa rabida","Rabid Wolf Spider"
"9","Arachnida","Verrucosa arenata","Arrowhead Orbweaver"
"10","Fungi","Cyathus striatus","fluted bird's nest fungus"
"11","Fungi","Exidia recisa","amber jelly fungus"
"12","Fungi","Marasmiellus subnudus",""
"13","Fungi","Marasmius","pinwheels and parachute mushrooms"
"14","Fungi","Phallus rubicundus","Devil's Stinkhorn"
"15","Fungi","Punctelia missouriensis",""
"16","Fungi","Schizophyllum commune","splitgill mushroom"
"17","Fungi","Stereum hirsutum","hairy curtain crust"
"18","Fungi","Trametes versicolor","turkey-tail"
"19","Insecta","Acronicta impleta","Yellow-haired Dagger"
"20","Insecta","Agapostemon splendens","Brown-winged Striped Sweat Bee"
"21","Insecta","Aleiodes politiceps","Smooth-headed Mummy Wasp"
"22","Insecta","Ammophila procera","Common Thread-waisted Wasp"
"23","Insecta","Ancyloxypha numitor","Least Skipper"
"24","Insecta","Atteva aurea","Ailanthus Webworm Moth"
"25","Insecta","Bombus impatiens","Common Eastern Bumble Bee"
"26","Insecta","Chinavia hilaris","Green Stink Bug"
"27","Insecta","Cisseps fulvicollis","Yellow-collared Scape Moth"
"28","Insecta","Coccinella septempunctata","Seven-spotted Lady Beetle"
"29","Insecta","Conocephalus brevipennis","Short-winged Meadow Katydid"
"30","Insecta","Cupido comyntas","Eastern Tailed-Blue"
"31","Insecta","Danaus plexippus","Monarch"
"32","Insecta","Diabrotica undecimpunctata","Spotted Cucumber Beetle"
"33","Insecta","Dioprosopa clavata","Four-Speckled Hover Fly"
"34","Insecta","Epargyreus clarus","Silver-spotted Skipper"
"35","Insecta","Estigmene acrea","Salt Marsh Moth"
"36","Insecta","Eumenes fraternus","Fraternal Potter Wasp"
"37","Insecta","Euphyes vestris","Dun Skipper"
"38","Insecta","Eurosta comma",""
"39","Insecta","Eusarca confusaria","Confused Eusarca Moth"
"40","Insecta","Euthyrhynchus floridanus","Florida Predatory Stink Bug"
"41","Insecta","Flatormenis proxima","Northern Flatid Planthopper"
"42","Insecta","Graphocephala versuta","Versute Sharpshooter"
"43","Insecta","Halyomorpha halys","Brown Marmorated Stink Bug"
"44","Insecta","Halysidota harrisii","Sycamore Tussock Moth"
"45","Insecta","Hypercompe scribonia","Giant Leopard Moth"
"46","Insecta","Hyphantria cunea","Fall Webworm Moth"
"47","Insecta","Junonia coenia","Common Buckeye"
"48","Insecta","Mantis religiosa","European Mantis"
"49","Insecta","Melanoplus scudderi","Scudder's Short-winged Grasshopper"
"50","Insecta","Milesia virginiensis","Virginia Flower Fly"
"51","Insecta","Neoconocephalus retusus","Round-tipped Conehead"
"52","Insecta","Odontotaenius disjunctus","Horned Passalus Beetle"
"53","Insecta","Panoquina ocola","Ocola Skipper"
"54","Insecta","Papilio cresphontes","Eastern Giant Swallowtail"
"55","Insecta","Pennisetia marginata","Raspberry Crown Borer"
"56","Insecta","Phyciodes tharos","Pearl Crescent"
"57","Insecta","Polistes annularis","Ringed Paper Wasp"
"58","Insecta","Polistes metricus","Metric Paper Wasp"
"59","Insecta","Polygonia interrogationis","Question Mark"
"60","Insecta","Prosapia bicincta","Two-lined Spittlebug"
"61","Insecta","Pseudodynerus quadrisectus",""
"62","Insecta","Pyrgus communis","Common Checkered-Skipper"
"63","Insecta","Pyrrharctia isabella","Isabella Tiger Moth"
"64","Insecta","Reticulitermes flavipes","Eastern Subterranean Termite"
"65","Insecta","Spilosoma virginica","Virginian Tiger Moth"
"66","Insecta","Syrbula admirabilis","Admirable Grasshopper"
"67","Insecta","Trichordestra legitima","Striped Garden Caterpillar Moth"
"68","Insecta","Vanessa atalanta","Red Admiral"
"69","Insecta","Vespula maculifrons","Eastern Yellowjacket"
"70","Protozoa","Lycogala epidendrum","Wolf's Milk"
