"","Scientific_name","Iconic_taxa","Match NPSpecies","iNaturalist_Entry_count"
"1","Anaxyrus americanus","Amphibia","Match","4"
"2","Anaxyrus fowleri","Amphibia","Match","3"
"3","Lithobates clamitans","Amphibia","Match","1"
"4","Cardinalis cardinalis","Aves","Match","1"
"5","Coccyzus americanus","Aves","Match","1"
"6","Colaptes auratus","Aves","Match","2"
"7","Cyanocitta cristata","Aves","Match","1"
"8","Dryobates pubescens","Aves","No Match","1"
"9","Dumetella carolinensis","Aves","Match","2"
"10","Hylocichla mustelina","Aves","Match","1"
"11","Melanerpes carolinus","Aves","Match","1"
"12","Pheucticus ludovicianus","Aves","Match","1"
"13","Piranga olivacea","Aves","Match","1"
"14","Piranga rubra","Aves","Match","1"
"15","Polioptila caerulea","Aves","Match","1"
"16","Sayornis phoebe","Aves","Match","1"
"17","Setophaga americana","Aves","Match","3"
"18","Setophaga magnolia","Aves","ITIS Match","1"
"19","Setophaga pensylvanica","Aves","No Match","1"
"20","Spinus tristis","Aves","Match","1"
"21","Thryothorus ludovicianus","Aves","Match","1"
"22","Toxostoma rufum","Aves","Match","1"
"23","Turdus migratorius","Aves","Match","1"
"24","Zenaida macroura","Aves","Match","1"
"25","Canis latrans","Mammalia","Match","5"
"26","Didelphis virginiana","Mammalia","Match","3"
"27","Marmota monax","Mammalia","Match","1"
"28","Odocoileus virginianus","Mammalia","Match","50"
"29","Procyon lotor","Mammalia","Match","8"
"30","Sciurus carolinensis","Mammalia","Match","9"
"31","Urocyon cinereoargenteus","Mammalia","Match","3"
"32","Vulpes vulpes","Mammalia","Match","5"
"33","Ailanthus altissima","Plantae","Match","2"
"34","Artemisia vulgaris","Plantae","Match","1"
"35","Asplenium platyneuron","Plantae","Match","2"
"36","Athyrium filix-femina","Plantae","Match","1"
"37","Betula nigra","Plantae","Match","1"
"38","Campsis radicans","Plantae","Match","1"
"39","Cephalanthus occidentalis","Plantae","Match","1"
"40","Chimaphila maculata","Plantae","Match","3"
"41","Chrysopsis mariana","Plantae","Match","1"
"42","Clethra alnifolia","Plantae","Match","1"
"43","Commelina communis","Plantae","Match","3"
"44","Cornus florida","Plantae","Match","1"
"45","Dendrolycopodium obscurum","Plantae","No Match","2"
"46","Diphasiastrum digitatum","Plantae","ITIS Match","3"
"47","Eclipta prostrata","Plantae","Match","1"
"48","Euonymus americanus","Plantae","NPSpecies synonym match","3"
"49","Eupatorium capillifolium","Plantae","Match","1"
"50","Fagus grandifolia","Plantae","Match","2"
"51","Goodyera pubescens","Plantae","Match","2"
"52","Hedera helix","Plantae","Match","1"
"53","Ilex opaca","Plantae","Match","2"
"54","Impatiens capensis","Plantae","Match","1"
"55","Ipomoea hederacea","Plantae","Match","2"
"56","Ipomoea lacunosa","Plantae","Match","1"
"57","Ipomoea purpurea","Plantae","Match","2"
"58","Juglans nigra","Plantae","Match","2"
"59","Juniperus virginiana","Plantae","Match","2"
"60","Kalmia latifolia","Plantae","Match","1"
"61","Lespedeza cuneata","Plantae","Match","1"
"62","Ligustrum sinense","Plantae","Match","2"
"63","Liquidambar styraciflua","Plantae","Match","2"
"64","Liriodendron tulipifera","Plantae","Match","2"
"65","Lonicera japonica","Plantae","Match","1"
"66","Lycoris radiata","Plantae","No Match","2"
"67","Microstegium vimineum","Plantae","Match","2"
"68","Mitchella repens","Plantae","Match","1"
"69","Mollugo verticillata","Plantae","Match","1"
"70","Onoclea sensibilis","Plantae","Match","1"
"71","Osmundastrum cinnamomeum","Plantae","ITIS Match","1"
"72","Oxalis stricta","Plantae","No Match","1"
"73","Parathelypteris noveboracensis","Plantae","No Match","3"
"74","Perilla frutescens","Plantae","Match","3"
"75","Persicaria longiseta","Plantae","ITIS Match","1"
"76","Persicaria pensylvanica","Plantae","ITIS Match","1"
"77","Phytolacca americana","Plantae","Match","4"
"78","Plantago lanceolata","Plantae","Match","1"
"79","Plantago major","Plantae","Match","2"
"80","Platanus occidentalis","Plantae","Match","2"
"81","Polystichum acrostichoides","Plantae","Match","4"
"82","Quercus alba","Plantae","Match","1"
"83","Quercus phellos","Plantae","Match","1"
"84","Rubus occidentalis","Plantae","Match","1"
"85","Rumex crispus","Plantae","Match","1"
"86","Rumex obtusifolius","Plantae","No Match","1"
"87","Sassafras albidum","Plantae","Match","3"
"88","Scutellaria integrifolia","Plantae","Match","1"
"89","Smilax glauca","Plantae","Match","1"
"90","Smilax rotundifolia","Plantae","Match","2"
"91","Toxicodendron radicans","Plantae","Match","3"
"92","Trifolium repens","Plantae","Match","1"
"93","Ulmus alata","Plantae","Match","2"
"94","Verbascum thapsus","Plantae","Match","4"
"95","Carphophis amoenus","Reptilia","Match","2"
"96","Scincella lateralis","Reptilia","Match","3"
"97","Terrapene carolina","Reptilia","Match","2"
"98","Cyathus striatus","Fungi","Table 4","1"
"99","Junonia coenia","Insecta","Table 4","2"
"100","Epargyreus clarus","Insecta","Table 4","1"
"101","Syrbula admirabilis","Insecta","Table 4","1"
"102","Acronicta impleta","Insecta","Table 4","1"
"103","Chinavia hilaris","Insecta","Table 4","2"
"104","Rabidosa rabida","Arachnida","Table 4","1"
"105","Atteva aurea","Insecta","Table 4","1"
"106","Agapostemon splendens","Insecta","Table 4","1"
"107","Papilio cresphontes","Insecta","Table 4","1"
"108","Milesia virginiensis","Insecta","Table 4","1"
"109","Pyrrharctia isabella","Insecta","Table 4","2"
"110","Polistes metricus","Insecta","Table 4","1"
"111","Exidia recisa","Fungi","Table 4","2"
"112","Odontotaenius disjunctus","Insecta","Table 4","2"
"113","Panoquina ocola","Insecta","Table 4","1"
"114","Reticulitermes flavipes","Insecta","Table 4","1"
"115","Hyphantria cunea","Insecta","Table 4","1"
"116","Scincella lateralis","Animalia","Table 4","3"
"117","Euthyrhynchus floridanus","Insecta","Table 4","2"
"118","Melanoplus scudderi","Insecta","Table 4","1"
"119","Polygonia interrogationis","Insecta","Table 4","2"
"120","Dioprosopa clavata","Insecta","Table 4","1"
"121","Marasmiellus subnudus","Fungi","Table 4","2"
"122","Pyrgus communis","Insecta","Table 4","3"
"123","Verrucosa arenata","Arachnida","Table 4","2"
"124","Micrathena mitrata","Arachnida","Table 4","1"
"125","Phyciodes tharos","Insecta","Table 4","2"
"126","Polistes annularis","Insecta","Table 4","1"
"127","Mantis religiosa","Insecta","Table 4","1"
"128","Micrathena sagittata","Arachnida","Table 4","2"
"129","Cupido comyntas","Insecta","Table 4","2"
"130","Eurosta comma","Insecta","Table 4","4"
"131","Estigmene acrea","Insecta","Table 4","1"
"132","Pennisetia marginata","Insecta","Table 4","2"
"133","Halysidota harrisii","Insecta","Table 4","1"
"134","Punctelia missouriensis","Fungi","Table 4","2"
"135","Phallus rubicundus","Fungi","Table 4","2"
"136","Hypercompe scribonia","Insecta","Table 4","1"
"137","Bombus impatiens","Insecta","Table 4","1"
"138","Eumenes fraternus","Insecta","Table 4","2"
"139","Euphyes vestris","Insecta","Table 4","1"
"140","Habronattus coecatus","Arachnida","Table 4","2"
"141","Phidippus audax","Arachnida","Table 4","1"
"142","Ancyloxypha numitor","Insecta","Table 4","1"
"143","Conocephalus brevipennis","Insecta","Table 4","3"
"144","Coccinella septempunctata","Insecta","Table 4","3"
"145","Cyclosa turbinata","Arachnida","Table 4","1"
"146","Cisseps fulvicollis","Insecta","Table 4","1"
"147","Vespula maculifrons","Insecta","Table 4","1"
"148","Halyomorpha halys","Insecta","Table 4","1"
"149","Lycogala epidendrum","Protozoa","Table 4","1"
"150","Graphocephala versuta","Insecta","Table 4","2"
"151","Gasteracantha cancriformis","Arachnida","Table 4","1"
"152","Marasmius","Fungi","Table 4","2"
"153","Pseudodynerus quadrisectus","Insecta","Table 4","2"
"154","Flatormenis proxima","Insecta","Table 4","1"
"155","Diabrotica undecimpunctata","Insecta","Table 4","1"
"156","Prosapia bicincta","Insecta","Table 4","1"
"157","Aleiodes politiceps","Insecta","Table 4","1"
"158","Stereum hirsutum","Fungi","Table 4","1"
"159","Trametes versicolor","Fungi","Table 4","3"
"160","Ammophila procera","Insecta","Table 4","1"
"161","Eusarca confusaria","Insecta","Table 4","1"
"162","Trichordestra legitima","Insecta","Table 4","1"
"163","Spilosoma virginica","Insecta","Table 4","1"
"164","Neoconocephalus retusus","Insecta","Table 4","1"
"165","Vanessa atalanta","Insecta","Table 4","1"
"166","Danaus plexippus","Insecta","Table 4","1"
"167","Schizophyllum commune","Fungi","Table 4","1"
