"","Scientific_name","Iconic_taxa","Match NPSpecies","iNaturalist_Entry_count"
"1","Aix sponsa","Aves","Match","2"
"2","Ardea herodias","Aves","Match","2"
"3","Baeolophus bicolor","Aves","Match","1"
"4","Bombycilla cedrorum","Aves","Match","1"
"5","Branta canadensis","Aves","Match","1"
"6","Icterus spurius","Aves","Match","1"
"7","Ictinia mississippiensis","Aves","No Match","2"
"8","Melanerpes carolinus","Aves","Match","1"
"9","Passerculus sandwichensis","Aves","Match","1"
"10","Passerina caerulea","Aves","Match","1"
"11","Poecile carolinensis","Aves","Match","1"
"12","Sialia sialis","Aves","Match","3"
"13","Sturnella magna","Aves","Match","1"
"14","Thryothorus ludovicianus","Aves","Match","1"
"15","Tyrannus tyrannus","Aves","Match","1"
"16","Odocoileus virginianus","Mammalia","Match","1"
"17","Carduus nutans","Plantae","No Match","1"
"18","Dianthus armeria","Plantae","No Match","1"
"19","Elymus hystrix","Plantae","Match","1"
"20","Impatiens capensis","Plantae","No Match","1"
"21","Pleopeltis michauxiana","Plantae","No Match","1"
"22","Pantherophis alleghaniensis","Reptilia","ITIS Match","1"
"23","Plestiodon fasciatus","Reptilia","No Match","1"
"24","Plestiodon laticeps","Reptilia","No Match","1"
"25","Trachemys scripta","Reptilia","Match","1"
"26","Euthyrhynchus floridanus","Insecta","Table 4","1"
"27","Epargyreus clarus","Insecta","Table 4","1"
