"","Iconic_taxa","Scientific_name","Occurences in BISON","Invasive.Record"
"1","Aves","Ictinia mississippiensis","NC 1387; IN 626; WY 1; SK CAN 4; UT 2; AZ 912; MT 1; KY 490; KS 5256; CA 154; FL 8491; DE 37; PA 139; MS 1883; IA 142; TX 28849; IL 1608; NS CAN 4; CT 107; GA 6370; VA 1093; MD 396; PR 2; OK 9308; TN 3233; ME 3; AL 1539; AR 4317; SC 6180; NE 92; ON CAN 253; WV 10; MB CAN 43; CO 2489; MA 140; MO 3035; QC CAN 13; WI 21; NV 9; NY 409; RI 17; DC 3; SD 1; MN 23; NJ 1236; MI 54; NM 1375; NH 452; LA 11994; OH 141","No"
"2","Plantae","Carduus nutans","NC 31; IN 21; WY 1556; BC CAN 2; SK CAN 6; UT 308; AB CAN 4; AZ 222; MT 270; KY 55; KS 225; CA 107; PA 449; MS 45; IA 23; TX 199; IL 95; CT 9; GA 15; VA 75; MD 28; ID 341; OR 274; VT 1; TN 71; OK 17; AL 12; AR 26; WA 27; SC 11; NE 77; ON CAN 37; WV 10; MB CAN 2; CO 999; MA 16; MO 89; QC CAN 4; ND 11; WI 52; NV 2088; NY 113; DC 11; RI 5; SD 135; MN 23; NJ 40; MI 42; NB CAN 1; NM 3248; NH 1; LA 24; OH 33","Yes"
"3","Plantae","Dianthus armeria","NC 123; IN 51; WY 3; BC CAN 8; PE CAN 4; UT 3; AZ 5; MT 25; KY 75; KS 171; CA 108; DE 6; FL 1; PA 143; IA 7; MS 2; IL 170; NS CAN 36; TX 1; CT 155; GA 12; VA 168; MD 71; ID 27; OR 88; VT 53; TN 67; OK 16; ME 12; AL 12; AR 42; WA 49; SC 32; NE 5; ON CAN 150; WV 67; MA 127; CO 35; MO 274; QC CAN 25; WI 82; NV 2; NY 171; RI 36; DC 20; HI 16; SD 6; MN 31; NJ 104; MI 135; NB CAN 1; NM 4; NH 19; LA 1; OH 135","Yes"
"4","Plantae","Impatiens capensis","NC 544; IN 195; BC CAN 24; SK CAN 2; PE CAN 6; AB CAN 32; MT 4; KY 140; KS 119; CA 3; DE 10; FL 3; PA 299; MS 40; IA 25; IL 270; NS CAN 175; TX 8; CT 196; GA 75; VA 654; MD 216; ID 5; VT 383; OR 72; ME 161; TN 142; OK 17; AL 59; AR 78; SC 119; WA 115; NE 60; WV 319; ON CAN 309; MB CAN 82; MA 268; CO 15; MO 337; QC CAN 125; AK 2; ND 29; WI 276; NY 378; DC 38; RI 27; SD 15; MN 184; NL CAN 10; NJ 189; MI 240; NB CAN 40; NH 78; LA 90; OH 302; NT CAN 1","No"
"5","Plantae","Pleopeltis michauxiana","NC 234; IN 3; TN 20; OK 2; KY 11; FL 259; AL 29; AR 19; SC 156; MI 1; WV 3; MS 16; TX 33; IL 1; MO 6; LA 21; OH 1; GA 51; VA 13; MD 1","No"
"6","Reptilia","Plestiodon fasciatus","NC 116; VT 6; IN 46; OK 687; TN 202; AL 75; AR 563; SC 59; NE 4; ON CAN 104; WV 20; MA 1; MO 395; WI 6; AZ 2; DC 60; NY 28; KY 162; SD 1; MN 83; KS 881; FL 97; DE 14; NJ 40; MI 28; PA 20; MS 97; IA 16; NM 2; TX 684; IL 98; CT 11; LA 1078; OH 61; GA 172; VA 553; MD 303","No"
"7","Reptilia","Plestiodon laticeps","NC 54; IN 7; OK 133; TN 47; AL 38; AR 43; SC 79; WV 13; MO 38; DC 7; KY 8; KS 31; FL 619; DE 1; MI 6; PA 3; MS 20; TX 164; IL 19; CT 1; LA 352; OH 13; GA 255; VA 88; MD 48","No"
