"","Scientific_name","Iconic_taxa","iNat_NPS_matches","iNat_NPSsynonym_matches","iNat_ITIS_synonym_matches","iNat_ITIS_nonsyn_matches","iNaturalist_URL"
"1","Aix sponsa","Aves","TRUE","FALSE","FALSE","FALSE","http://www.inaturalist.org/observations/3243754"
"2","Aix sponsa","Aves","TRUE","FALSE","FALSE","FALSE","http://www.inaturalist.org/observations/3273679"
"3","Ardea herodias","Aves","TRUE","FALSE","FALSE","FALSE","http://www.inaturalist.org/observations/3266953"
"4","Ardea herodias","Aves","TRUE","FALSE","FALSE","FALSE","http://www.inaturalist.org/observations/3273648"
"5","Baeolophus bicolor","Aves","TRUE","FALSE","FALSE","TRUE","http://www.inaturalist.org/observations/3250699"
"6","Bombycilla cedrorum","Aves","TRUE","FALSE","FALSE","FALSE","http://www.inaturalist.org/observations/3266948"
"7","Branta canadensis","Aves","TRUE","FALSE","FALSE","TRUE","http://www.inaturalist.org/observations/3268159"
"8","Icterus spurius","Aves","TRUE","FALSE","FALSE","FALSE","http://www.inaturalist.org/observations/3266909"
"9","Ictinia mississippiensis","Aves","FALSE","FALSE","FALSE","FALSE","http://www.inaturalist.org/observations/3246317"
"10","Ictinia mississippiensis","Aves","FALSE","FALSE","FALSE","FALSE","http://www.inaturalist.org/observations/3242545"
"11","Melanerpes carolinus","Aves","TRUE","FALSE","FALSE","TRUE","http://www.inaturalist.org/observations/3266893"
"12","Passerculus sandwichensis","Aves","TRUE","FALSE","FALSE","TRUE","http://www.inaturalist.org/observations/3266993"
"13","Passerina caerulea","Aves","TRUE","FALSE","FALSE","TRUE","http://www.inaturalist.org/observations/3266915"
"14","Poecile carolinensis","Aves","TRUE","FALSE","FALSE","TRUE","http://www.inaturalist.org/observations/3288959"
"15","Sialia sialis","Aves","TRUE","FALSE","FALSE","FALSE","http://www.inaturalist.org/observations/3267004"
"16","Sialia sialis","Aves","TRUE","FALSE","FALSE","FALSE","http://www.inaturalist.org/observations/3273566"
"17","Sialia sialis","Aves","TRUE","FALSE","FALSE","FALSE","https://www.inaturalist.org/observations/5012915"
"18","Sturnella magna","Aves","TRUE","FALSE","FALSE","FALSE","http://www.inaturalist.org/observations/3266881"
"19","Thryothorus ludovicianus","Aves","TRUE","FALSE","FALSE","FALSE","http://www.inaturalist.org/observations/3273586"
"20","Tyrannus tyrannus","Aves","TRUE","FALSE","FALSE","TRUE","http://www.inaturalist.org/observations/3266922"
"21","Odocoileus virginianus","Mammalia","TRUE","FALSE","FALSE","TRUE","http://www.inaturalist.org/observations/3279017"
"22","Carduus nutans","Plantae","FALSE","FALSE","FALSE","FALSE","http://www.inaturalist.org/observations/3279035"
"23","Dianthus armeria","Plantae","FALSE","FALSE","FALSE","FALSE","http://www.inaturalist.org/observations/3279051"
"24","Elymus hystrix","Plantae","TRUE","TRUE","FALSE","FALSE","http://www.inaturalist.org/observations/3243648"
"25","Impatiens capensis","Plantae","FALSE","FALSE","FALSE","FALSE","http://www.inaturalist.org/observations/3238274"
"26","Pleopeltis michauxiana","Plantae","FALSE","FALSE","FALSE","FALSE","https://www.inaturalist.org/observations/5012914"
"27","Pantherophis alleghaniensis","Reptilia","FALSE","FALSE","FALSE","TRUE","http://www.inaturalist.org/observations/3279088"
"28","Plestiodon fasciatus","Reptilia","FALSE","FALSE","FALSE","FALSE","http://www.inaturalist.org/observations/3251433"
"29","Plestiodon laticeps","Reptilia","FALSE","FALSE","FALSE","FALSE","http://www.inaturalist.org/observations/3251689"
"30","Trachemys scripta","Reptilia","TRUE","FALSE","FALSE","TRUE","http://www.inaturalist.org/observations/3274099"
