"","Iconic.taxon.name","Scientific.name","Common.name"
"1","Arachnida","Platycryptus undatus","Tan Jumping Spider"
"2","Insecta","Amorbia humerosana","White-lined Leafroller Moth"
"3","Insecta","Bombus bimaculatus","Two-spotted Bumble Bee"
"4","Insecta","Camponotus pennsylvanicus","Eastern Black Carpenter Ant"
"5","Insecta","Cicindela sexguttata","Six-spotted Tiger Beetle"
"6","Insecta","Erynnis icelus","Dreamy Duskywing"
"7","Insecta","Harmonia axyridis","Asian Lady Beetle"
"8","Insecta","Hypercompe scribonia","Giant Leopard Moth"
"9","Insecta","Malacosoma americana","Eastern Tent Caterpillar Moth"
"10","Insecta","Menecles insertus","Elf Shoe Stink Bug"
"11","Insecta","Necrophila americana","American Carrion Beetle"
"12","Insecta","Odontopus calceatus","Tulip Tree Leafminer"
"13","Insecta","Oiceoptoma noveboracense","Margined Carrion Beetle"
"14","Insecta","Phyciodes tharos","Pearl Crescent"
"15","Insecta","Poanes hobomok","Hobomok Skipper"
"16","Insecta","Vespula vidua","Widow Yellowjacket"
"17","Insecta","Zygogramma suturalis","Ragweed Leaf Beetle"
"18","Mollusca","Cochlicopa lubrica","Glossy Pillar"
