"","Iconic_taxa","Scientific_name","Occurences in BISON","Invasive.Record"
"1","Plantae","Botrypus virginianus","NC 905; VT 64; OR 21; IN 9; WY 1; TN 96; OK 14; ME 1; BC CAN 2; SK CAN 7; AL 6; AR 15; SC 105; YT CAN 3; WA 2; NE 1; ON CAN 71; WV 62; MB CAN 8; QC CAN 26; MO 16; AK 2; AB CAN 42; WI 49; NY 9; KY 34; MN 15; CA 4; KS 3; NL CAN 2; DE 3; FL 2; NJ 6; MI 43; PA 32; NB CAN 8; MS 3; IL 34; TX 14; NS CAN 2; NH 5; CT 3; OH 49; GA 22; NT CAN 3; VA 487; MD 91","No"
"2","Plantae","Potentilla indica","NC 221; OR 3; VT 2; IN 8; TN 68; OK 14; AL 28; AR 10; SC 32; WA 1; NE 3; WV 23; ON CAN 15; MA 6; CO 1; MO 24; WI 4; NY 67; DC 55; KY 22; MN 1; CA 106; KS 4; DE 13; FL 8; NJ 134; PA 56; MI 11; MS 9; TX 120; IL 63; CT 9; LA 47; OH 76; GA 18; MD 217; VA 158","Yes"
"3","Plantae","Zizia aurea","VT 213; NC 100; IN 120; ME 56; TN 40; OK 29; AL 49; AR 66; SC 39; NE 11; WV 78; ON CAN 37; MB CAN 23; MA 213; MO 334; QC CAN 297; ND 15; WI 251; NY 117; RI 24; DC 10; MT 2; KY 28; SD 14; MN 154; KS 162; FL 26; DE 11; NJ 28; PA 103; MI 66; NB CAN 22; IA 60; MS 17; IL 364; TX 37; NS CAN 1; CT 183; NH 69; LA 33; OH 88; GA 18; VA 85; MD 44; ID 1","No"
"4","Reptilia","Plestiodon fasciatus","NC 116; VT 6; IN 46; OK 687; TN 202; AL 75; AR 563; SC 59; NE 4; ON CAN 104; WV 20; MA 1; MO 395; WI 6; AZ 2; DC 60; NY 28; KY 162; SD 1; MN 83; KS 881; FL 97; DE 14; NJ 40; MI 28; PA 20; MS 97; IA 16; NM 2; TX 684; IL 98; CT 11; LA 1078; OH 61; GA 172; VA 553; MD 303","No"
