"","Scientific_name","Iconic_taxa","iNat_NPS_matches","iNat_NPSsynonym_matches","iNat_ITIS_synonym_matches","iNat_ITIS_nonsyn_matches","iNaturalist_URL"
"1","Anaxyrus americanus","Amphibia","TRUE","FALSE","FALSE","FALSE","http://www.inaturalist.org/observations/3252221"
"2","Anaxyrus americanus","Amphibia","TRUE","FALSE","FALSE","FALSE","http://www.inaturalist.org/observations/3224115"
"3","Plethodon cinereus","Amphibia","TRUE","TRUE","FALSE","TRUE","http://www.inaturalist.org/observations/3246611"
"4","Plethodon cinereus","Amphibia","TRUE","TRUE","FALSE","TRUE","http://www.inaturalist.org/observations/3246737"
"5","Contopus virens","Aves","TRUE","FALSE","FALSE","FALSE","http://www.inaturalist.org/observations/3262207"
"6","Piranga olivacea","Aves","TRUE","FALSE","FALSE","FALSE","http://www.inaturalist.org/observations/3229578"
"7","Piranga olivacea","Aves","TRUE","FALSE","FALSE","FALSE","http://www.inaturalist.org/observations/3230265"
"8","Turdus migratorius","Aves","TRUE","FALSE","FALSE","FALSE","http://www.inaturalist.org/observations/3238896"
"9","Turdus migratorius","Aves","TRUE","FALSE","FALSE","FALSE","http://www.inaturalist.org/observations/3223652"
"10","Sylvilagus floridanus","Mammalia","TRUE","FALSE","FALSE","TRUE","http://www.inaturalist.org/observations/3233139"
"11","Tamias striatus","Mammalia","TRUE","FALSE","FALSE","FALSE","http://www.inaturalist.org/observations/3238889"
"12","Acer saccharum","Plantae","TRUE","TRUE","FALSE","FALSE","http://www.inaturalist.org/observations/3238938"
"13","Alliaria petiolata","Plantae","TRUE","FALSE","FALSE","TRUE","http://www.inaturalist.org/observations/3238905"
"14","Aphyllon uniflorum","Plantae","FALSE","FALSE","TRUE","FALSE","http://www.inaturalist.org/observations/3238956"
"15","Arisaema triphyllum","Plantae","TRUE","FALSE","FALSE","TRUE","http://www.inaturalist.org/observations/3238917"
"16","Asarum canadense","Plantae","TRUE","FALSE","FALSE","TRUE","http://www.inaturalist.org/observations/3238957"
"17","Berberis thunbergii","Plantae","TRUE","FALSE","FALSE","TRUE","http://www.inaturalist.org/observations/3238934"
"18","Botrypus virginianus","Plantae","FALSE","FALSE","FALSE","FALSE","http://www.inaturalist.org/observations/3238936"
"19","Cardamine concatenata","Plantae","TRUE","FALSE","FALSE","TRUE","http://www.inaturalist.org/observations/3238901"
"20","Cercis canadensis","Plantae","TRUE","FALSE","FALSE","FALSE","http://www.inaturalist.org/observations/3238960"
"21","Chelidonium majus","Plantae","TRUE","FALSE","FALSE","TRUE","http://www.inaturalist.org/observations/3238944"
"22","Claytonia virginica","Plantae","TRUE","FALSE","FALSE","TRUE","https://www.inaturalist.org/observations/34825552"
"23","Claytonia virginica","Plantae","TRUE","FALSE","FALSE","TRUE","http://www.inaturalist.org/observations/3238897"
"24","Conopholis americana","Plantae","TRUE","FALSE","FALSE","TRUE","http://www.inaturalist.org/observations/3226991"
"25","Conopholis americana","Plantae","TRUE","FALSE","FALSE","TRUE","http://www.inaturalist.org/observations/3238913"
"26","Conopholis americana","Plantae","TRUE","FALSE","FALSE","TRUE","http://www.inaturalist.org/observations/3222862"
"27","Conopholis americana","Plantae","TRUE","FALSE","FALSE","TRUE","http://www.inaturalist.org/observations/3224375"
"28","Dennstaedtia punctilobula","Plantae","TRUE","FALSE","FALSE","FALSE","http://www.inaturalist.org/observations/3238941"
"29","Fagus grandifolia","Plantae","TRUE","FALSE","FALSE","TRUE","http://www.inaturalist.org/observations/3238973"
"30","Galearis spectabilis","Plantae","TRUE","FALSE","FALSE","TRUE","http://www.inaturalist.org/observations/3251896"
"31","Galium aparine","Plantae","TRUE","FALSE","FALSE","TRUE","http://www.inaturalist.org/observations/3238943"
"32","Galium triflorum","Plantae","TRUE","FALSE","FALSE","TRUE","http://www.inaturalist.org/observations/3238921"
"33","Geranium maculatum","Plantae","TRUE","FALSE","FALSE","FALSE","http://www.inaturalist.org/observations/3238911"
"34","Glechoma hederacea","Plantae","TRUE","FALSE","FALSE","TRUE","http://www.inaturalist.org/observations/3238947"
"35","Hamamelis virginiana","Plantae","TRUE","FALSE","FALSE","TRUE","http://www.inaturalist.org/observations/3238930"
"36","Hepatica americana","Plantae","FALSE","TRUE","TRUE","FALSE","http://www.inaturalist.org/observations/3238903"
"37","Hieracium venosum","Plantae","TRUE","FALSE","FALSE","TRUE","http://www.inaturalist.org/observations/3238939"
"38","Hypoxis hirsuta","Plantae","TRUE","FALSE","FALSE","TRUE","http://www.inaturalist.org/observations/3262216"
"39","Hypoxis hirsuta","Plantae","TRUE","FALSE","FALSE","TRUE","http://www.inaturalist.org/observations/3238967"
"40","Liriodendron tulipifera","Plantae","TRUE","FALSE","FALSE","FALSE","http://www.inaturalist.org/observations/3238953"
"41","Maianthemum racemosum","Plantae","TRUE","FALSE","FALSE","FALSE","http://www.inaturalist.org/observations/3238926"
"42","Micranthes virginiensis","Plantae","TRUE","FALSE","FALSE","TRUE","http://www.inaturalist.org/observations/3238959"
"43","Obolaria virginica","Plantae","TRUE","FALSE","FALSE","FALSE","http://www.inaturalist.org/observations/3238955"
"44","Ornithogalum umbellatum","Plantae","TRUE","FALSE","FALSE","FALSE","http://www.inaturalist.org/observations/3238894"
"45","Ornithogalum umbellatum","Plantae","TRUE","FALSE","FALSE","FALSE","http://www.inaturalist.org/observations/3223830"
"46","Osmunda claytoniana","Plantae","TRUE","FALSE","FALSE","FALSE","http://www.inaturalist.org/observations/3238893"
"47","Parthenocissus quinquefolia","Plantae","TRUE","FALSE","FALSE","TRUE","http://www.inaturalist.org/observations/3238931"
"48","Podophyllum peltatum","Plantae","TRUE","FALSE","FALSE","FALSE","http://www.inaturalist.org/observations/3238891"
"49","Polygonatum biflorum","Plantae","TRUE","FALSE","FALSE","TRUE","http://www.inaturalist.org/observations/3238961"
"50","Potentilla indica","Plantae","FALSE","FALSE","FALSE","FALSE","http://www.inaturalist.org/observations/3238948"
"51","Prunus serotina","Plantae","TRUE","FALSE","FALSE","FALSE","http://www.inaturalist.org/observations/3238958"
"52","Quercus alba","Plantae","TRUE","FALSE","FALSE","TRUE","http://www.inaturalist.org/observations/3238963"
"53","Rubus phoenicolasius","Plantae","TRUE","FALSE","FALSE","FALSE","http://www.inaturalist.org/observations/3238916"
"54","Symplocarpus foetidus","Plantae","TRUE","FALSE","TRUE","TRUE","http://www.inaturalist.org/observations/3238972"
"55","Taraxacum officinale","Plantae","TRUE","FALSE","FALSE","TRUE","http://www.inaturalist.org/observations/3238895"
"56","Thalictrum thalictroides","Plantae","TRUE","FALSE","FALSE","TRUE","http://www.inaturalist.org/observations/3238899"
"57","Toxicodendron radicans","Plantae","TRUE","FALSE","FALSE","FALSE","https://www.inaturalist.org/observations/34825609"
"58","Trifolium repens","Plantae","TRUE","FALSE","FALSE","TRUE","http://www.inaturalist.org/observations/3238908"
"59","Uvularia perfoliata","Plantae","TRUE","FALSE","FALSE","FALSE","http://www.inaturalist.org/observations/3238968"
"60","Verbascum thapsus","Plantae","TRUE","FALSE","FALSE","FALSE","http://www.inaturalist.org/observations/3238971"
"61","Zizia aurea","Plantae","FALSE","FALSE","FALSE","FALSE","http://www.inaturalist.org/observations/3238966"
"62","Diadophis punctatus","Reptilia","TRUE","TRUE","FALSE","FALSE","http://www.inaturalist.org/observations/3245363"
"63","Diadophis punctatus","Reptilia","TRUE","TRUE","FALSE","FALSE","http://www.inaturalist.org/observations/3262209"
"64","Diadophis punctatus","Reptilia","TRUE","TRUE","FALSE","FALSE","http://www.inaturalist.org/observations/3228632"
"65","Pantherophis alleghaniensis","Reptilia","FALSE","FALSE","FALSE","TRUE","http://www.inaturalist.org/observations/3227396"
"66","Plestiodon fasciatus","Reptilia","FALSE","FALSE","FALSE","FALSE","http://www.inaturalist.org/observations/3227992"
"67","Plestiodon fasciatus","Reptilia","FALSE","FALSE","FALSE","FALSE","http://www.inaturalist.org/observations/3229843"
"68","Plestiodon fasciatus","Reptilia","FALSE","FALSE","FALSE","FALSE","http://www.inaturalist.org/observations/3229985"
"69","Plestiodon fasciatus","Reptilia","FALSE","FALSE","FALSE","FALSE","http://www.inaturalist.org/observations/3225337"
"70","Plestiodon fasciatus","Reptilia","FALSE","FALSE","FALSE","FALSE","http://www.inaturalist.org/observations/3225341"
"71","Plestiodon fasciatus","Reptilia","FALSE","FALSE","FALSE","FALSE","http://www.inaturalist.org/observations/3223397"
"72","Plestiodon fasciatus","Reptilia","FALSE","FALSE","FALSE","FALSE","http://www.inaturalist.org/observations/3223402"
"73","Plestiodon fasciatus","Reptilia","FALSE","FALSE","FALSE","FALSE","http://www.inaturalist.org/observations/3225329"
"74","Plestiodon fasciatus","Reptilia","FALSE","FALSE","FALSE","FALSE","http://www.inaturalist.org/observations/3226156"
"75","Plestiodon fasciatus","Reptilia","FALSE","FALSE","FALSE","FALSE","http://www.inaturalist.org/observations/3226157"
