"","Scientific_name","Iconic_taxa","Match NPSpecies","iNaturalist_Entry_count"
"1","Anaxyrus americanus","Amphibia","Match","2"
"2","Plethodon cinereus","Amphibia","Match","2"
"3","Contopus virens","Aves","Match","1"
"4","Piranga olivacea","Aves","Match","2"
"5","Turdus migratorius","Aves","Match","2"
"6","Sylvilagus floridanus","Mammalia","Match","1"
"7","Tamias striatus","Mammalia","Match","1"
"8","Acer saccharum","Plantae","Match","1"
"9","Alliaria petiolata","Plantae","Match","1"
"10","Aphyllon uniflorum","Plantae","ITIS Match","1"
"11","Arisaema triphyllum","Plantae","Match","1"
"12","Asarum canadense","Plantae","Match","1"
"13","Berberis thunbergii","Plantae","Match","1"
"14","Botrypus virginianus","Plantae","No Match","1"
"15","Cardamine concatenata","Plantae","Match","1"
"16","Cercis canadensis","Plantae","Match","1"
"17","Chelidonium majus","Plantae","Match","1"
"18","Claytonia virginica","Plantae","Match","2"
"19","Conopholis americana","Plantae","Match","4"
"20","Dennstaedtia punctilobula","Plantae","Match","1"
"21","Fagus grandifolia","Plantae","Match","1"
"22","Galearis spectabilis","Plantae","Match","1"
"23","Galium aparine","Plantae","Match","1"
"24","Galium triflorum","Plantae","Match","1"
"25","Geranium maculatum","Plantae","Match","1"
"26","Glechoma hederacea","Plantae","Match","1"
"27","Hamamelis virginiana","Plantae","Match","1"
"28","Hepatica americana","Plantae","NPSpecies synonym match","1"
"29","Hieracium venosum","Plantae","Match","1"
"30","Hypoxis hirsuta","Plantae","Match","2"
"31","Liriodendron tulipifera","Plantae","Match","1"
"32","Maianthemum racemosum","Plantae","Match","1"
"33","Micranthes virginiensis","Plantae","Match","1"
"34","Obolaria virginica","Plantae","Match","1"
"35","Ornithogalum umbellatum","Plantae","Match","2"
"36","Osmunda claytoniana","Plantae","Match","1"
"37","Parthenocissus quinquefolia","Plantae","Match","1"
"38","Podophyllum peltatum","Plantae","Match","1"
"39","Polygonatum biflorum","Plantae","Match","1"
"40","Potentilla indica","Plantae","No Match","1"
"41","Prunus serotina","Plantae","Match","1"
"42","Quercus alba","Plantae","Match","1"
"43","Rubus phoenicolasius","Plantae","Match","1"
"44","Symplocarpus foetidus","Plantae","Match","1"
"45","Taraxacum officinale","Plantae","Match","1"
"46","Thalictrum thalictroides","Plantae","Match","1"
"47","Toxicodendron radicans","Plantae","Match","1"
"48","Trifolium repens","Plantae","Match","1"
"49","Uvularia perfoliata","Plantae","Match","1"
"50","Verbascum thapsus","Plantae","Match","1"
"51","Zizia aurea","Plantae","No Match","1"
"52","Diadophis punctatus","Reptilia","Match","3"
"53","Pantherophis alleghaniensis","Reptilia","ITIS Match","1"
"54","Plestiodon fasciatus","Reptilia","No Match","10"
"55","Cochlicopa lubrica","Mollusca","Table 4","1"
"56","Hypercompe scribonia","Insecta","Table 4","2"
"57","Amorbia humerosana","Insecta","Table 4","1"
"58","Cicindela sexguttata","Insecta","Table 4","2"
"59","Poanes hobomok","Insecta","Table 4","2"
"60","Malacosoma americana","Insecta","Table 4","5"
"61","Harmonia axyridis","Insecta","Table 4","3"
"62","Erynnis icelus","Insecta","Table 4","1"
"63","Odontopus calceatus","Insecta","Table 4","2"
"64","Bombus bimaculatus","Insecta","Table 4","1"
"65","Zygogramma suturalis","Insecta","Table 4","1"
"66","Menecles insertus","Insecta","Table 4","1"
"67","Oiceoptoma noveboracense","Insecta","Table 4","1"
"68","Phyciodes tharos","Insecta","Table 4","1"
"69","Necrophila americana","Insecta","Table 4","1"
"70","Camponotus pennsylvanicus","Insecta","Table 4","1"
"71","Vespula vidua","Insecta","Table 4","1"
"72","Platycryptus undatus","Arachnida","Table 4","1"
