"","Scientific_name","Iconic_taxa","Match NPSpecies","iNaturalist_Entry_count"
"1","Lithobates palustris","Amphibia","ITIS Match","1"
"2","Dryocopus pileatus","Aves","Match","2"
"3","Sayornis phoebe","Aves","No Match","1"
"4","Sialia sialis","Aves","No Match","2"
"5","Sphyrapicus varius","Aves","No Match","1"
"6","Spizella passerina","Aves","Match","1"
"7","Turdus migratorius","Aves","No Match","1"
"8","Tamias striatus","Mammalia","Match","2"
"9","Acer pensylvanicum","Plantae","Match","3"
"10","Acer rubrum","Plantae","Match","1"
"11","Acer saccharum","Plantae","Match","2"
"12","Achillea millefolium","Plantae","Match","3"
"13","Adiantum pedatum","Plantae","Match","1"
"14","Ajuga reptans","Plantae","Match","1"
"15","Alliaria petiolata","Plantae","Match","5"
"16","Allium vineale","Plantae","No Match","1"
"17","Amphicarpaea bracteata","Plantae","Match","1"
"18","Anomodon attenuatus","Plantae","No Match","1"
"19","Antennaria plantaginifolia","Plantae","Match","2"
"20","Aquilegia canadensis","Plantae","Match","2"
"21","Aralia nudicaulis","Plantae","Match","1"
"22","Arisaema triphyllum","Plantae","Match","4"
"23","Artemisia vulgaris","Plantae","Match","1"
"24","Asclepias syriaca","Plantae","Match","3"
"25","Atrichum angustatum","Plantae","No Match","1"
"26","Atrichum undulatum","Plantae","No Match","1"
"27","Aulacomnium palustre","Plantae","No Match","1"
"28","Berberis thunbergii","Plantae","Match","2"
"29","Betula alleghaniensis","Plantae","Match","2"
"30","Brachythecium salebrosum","Plantae","No Match","1"
"31","Bryoandersonia illecebra","Plantae","No Match","1"
"32","Calliergon cordifolium","Plantae","No Match","1"
"33","Cardamine impatiens","Plantae","No Match","1"
"34","Cardamine pensylvanica","Plantae","Match","1"
"35","Castanea dentata","Plantae","Match","1"
"36","Celastrus orbiculatus","Plantae","No Match","1"
"37","Chelidonium majus","Plantae","Match","1"
"38","Chimaphila maculata","Plantae","Match","1"
"39","Clethra alnifolia","Plantae","Match","1"
"40","Convallaria majalis","Plantae","Match","1"
"41","Cornus florida","Plantae","Match","2"
"42","Dendrolycopodium obscurum","Plantae","No Match","1"
"43","Dennstaedtia punctilobula","Plantae","Match","2"
"44","Dicranella heteromalla","Plantae","No Match","1"
"45","Dicranum flagellare","Plantae","No Match","1"
"46","Dicranum fulvum","Plantae","No Match","1"
"47","Dicranum scoparium","Plantae","No Match","1"
"48","Diphyscium foliosum","Plantae","No Match","1"
"49","Elaeagnus umbellata","Plantae","No Match","1"
"50","Erigeron pulchellus","Plantae","Match","2"
"51","Erythronium americanum","Plantae","Match","2"
"52","Euonymus alatus","Plantae","ITIS Match","1"
"53","Euphorbia cyparissias","Plantae","No Match","1"
"54","Eurybia divaricata","Plantae","ITIS Match","1"
"55","Fagus grandifolia","Plantae","Match","2"
"56","Fontinalis dalecarlica","Plantae","No Match","1"
"57","Fraxinus americana","Plantae","Match","2"
"58","Frullania eboracensis","Plantae","No Match","1"
"59","Galium aparine","Plantae","Match","1"
"60","Galium palustre","Plantae","No Match","1"
"61","Galium triflorum","Plantae","Match","1"
"62","Geranium maculatum","Plantae","Match","3"
"63","Glechoma hederacea","Plantae","No Match","1"
"64","Grimmia pilifera","Plantae","No Match","1"
"65","Hamamelis virginiana","Plantae","Match","1"
"66","Hedwigia ciliata","Plantae","No Match","1"
"67","Hesperis matronalis","Plantae","Match","3"
"68","Hypnum imponens","Plantae","No Match","1"
"69","Hypoxis hirsuta","Plantae","Match","1"
"70","Impatiens capensis","Plantae","Match","1"
"71","Juniperus virginiana","Plantae","Match","1"
"72","Lamium purpureum","Plantae","Match","1"
"73","Leucobryum albidum","Plantae","No Match","2"
"74","Linaria vulgaris","Plantae","Match","1"
"75","Lindera benzoin","Plantae","Match","1"
"76","Liriodendron tulipifera","Plantae","Match","2"
"77","Lonicera japonica","Plantae","Match","1"
"78","Lysimachia borealis","Plantae","No Match","2"
"79","Lysimachia quadrifolia","Plantae","Match","1"
"80","Maianthemum canadense","Plantae","Match","4"
"81","Maianthemum racemosum","Plantae","No Match","1"
"82","Mitchella repens","Plantae","Match","1"
"83","Monotropa uniflora","Plantae","Match","2"
"84","Onoclea sensibilis","Plantae","Match","3"
"85","Ornithogalum umbellatum","Plantae","No Match","1"
"86","Orthotrichum anomalum","Plantae","No Match","1"
"87","Orthotrichum stellatum","Plantae","No Match","1"
"88","Osmunda claytoniana","Plantae","Match","3"
"89","Osmunda regalis","Plantae","Match","2"
"90","Osmundastrum cinnamomeum","Plantae","ITIS Match","3"
"91","Oxalis stricta","Plantae","Match","1"
"92","Parathelypteris noveboracensis","Plantae","No Match","3"
"93","Parthenocissus quinquefolia","Plantae","Match","2"
"94","Pedicularis canadensis","Plantae","Match","2"
"95","Phegopteris hexagonoptera","Plantae","ITIS Match","1"
"96","Pinus strobus","Plantae","Match","2"
"97","Plagiothecium laetum","Plantae","No Match","1"
"98","Plantago lanceolata","Plantae","Match","2"
"99","Plantago major","Plantae","Match","1"
"100","Platanus occidentalis","Plantae","No Match","1"
"101","Polygonatum biflorum","Plantae","No Match","1"
"102","Polystichum acrostichoides","Plantae","Match","2"
"103","Polytrichum commune","Plantae","No Match","1"
"104","Polytrichum piliferum","Plantae","No Match","1"
"105","Potentilla canadensis","Plantae","Match","2"
"106","Potentilla simplex","Plantae","Match","2"
"107","Prunus virginiana","Plantae","Match","1"
"108","Quercus alba","Plantae","Match","2"
"109","Ranunculus abortivus","Plantae","Match","1"
"110","Ranunculus recurvatus","Plantae","Match","1"
"111","Ranunculus repens","Plantae","No Match","2"
"112","Rhododendron periclymenoides","Plantae","Match","3"
"113","Rosa multiflora","Plantae","Match","1"
"114","Rubus allegheniensis","Plantae","Match","1"
"115","Rubus phoenicolasius","Plantae","No Match","1"
"116","Rumex acetosella","Plantae","Match","2"
"117","Rumex obtusifolius","Plantae","No Match","2"
"118","Sassafras albidum","Plantae","Match","2"
"119","Securigera varia","Plantae","No Match","1"
"120","Silene flos-cuculi","Plantae","No Match","3"
"121","Silene latifolia","Plantae","No Match","2"
"122","Smilax rotundifolia","Plantae","Match","2"
"123","Solanum dulcamara","Plantae","Match","1"
"124","Symplocarpus foetidus","Plantae","Match","1"
"125","Syringa vulgaris","Plantae","No Match","1"
"126","Taraxacum officinale","Plantae","Match","1"
"127","Thuidium delicatulum","Plantae","No Match","2"
"128","Tilia americana","Plantae","Match","2"
"129","Toxicodendron radicans","Plantae","Match","2"
"130","Trifolium pratense","Plantae","Match","3"
"131","Trifolium repens","Plantae","Match","1"
"132","Trillium erectum","Plantae","Match","1"
"133","Turritis glabra","Plantae","ITIS Match","1"
"134","Ulota hutchinsiae","Plantae","No Match","1"
"135","Vaccinium corymbosum","Plantae","Match","1"
"136","Veratrum viride","Plantae","Match","1"
"137","Verbascum thapsus","Plantae","Match","3"
"138","Veronica officinalis","Plantae","Match","1"
"139","Veronica serpyllifolia","Plantae","No Match","1"
"140","Viburnum acerifolium","Plantae","Match","3"
"141","Zizia aurea","Plantae","Match","2"
"142","Nerodia sipedon","Reptilia","Match","1"
"143","Bombus impatiens","Insecta","Table 4","2"
"144","Armadillidium nasatum","Animalia","Table 4","1"
"145","Porcellio scaber","Animalia","Table 4","1"
"146","Philoscia muscorum","Animalia","Table 4","2"
"147","Camponotus americanus","Insecta","Table 4","1"
"148","Camponotus nearcticus","Insecta","Table 4","2"
"149","Rhagio mystaceus","Insecta","Table 4","1"
"150","Opomyza petrei","Insecta","Table 4","2"
"151","Malachius aeneus","Insecta","Table 4","1"
"152","Brachypterolus pulicarius","Insecta","Table 4","2"
"153","Charidotella purpurata","Insecta","Table 4","2"
"154","Microrhopala excavata","Insecta","Table 4","2"
"155","Platydracus maculosus","Insecta","Table 4","2"
"156","Atalantycha bilineata","Insecta","Table 4","2"
"157","Eremocoris borealis","Insecta","Table 4","2"
"158","Pseudeuophrys erratica","Arachnida","Table 4","2"
"159","Gea heptagon","Arachnida","Table 4","2"
"160","Nabis subcoleoptratus","Insecta","Table 4","1"
"161","Araneus pratensis","Arachnida","Table 4","2"
"162","Publilia concava","Insecta","Table 4","2"
"163","Sminthurus sylvestris","Animalia","Table 4","2"
"164","Poecilocapsus lineatus","Insecta","Table 4","1"
"165","Pyrrharctia isabella","Insecta","Table 4","2"
"166","Chlorociboria aeruginascens","Fungi","Table 4","1"
"167","Apis mellifera","Insecta","Table 4","1"
"168","Ceratium hirundinella","Chromista","Table 4","2"
