"","Scientific_name","Iconic_taxa","iNat_NPS_matches","iNat_NPSsynonym_matches","iNat_ITIS_synonym_matches","iNat_ITIS_nonsyn_matches","iNaturalist_URL"
"1","Lithobates palustris","Amphibia","FALSE","FALSE","FALSE","TRUE","http://www.inaturalist.org/observations/3254260"
"2","Dryocopus pileatus","Aves","TRUE","FALSE","FALSE","FALSE","http://www.inaturalist.org/observations/3244583"
"3","Dryocopus pileatus","Aves","TRUE","FALSE","FALSE","FALSE","http://www.inaturalist.org/observations/3244640"
"4","Sayornis phoebe","Aves","FALSE","FALSE","FALSE","FALSE","http://www.inaturalist.org/observations/3248769"
"5","Sialia sialis","Aves","FALSE","FALSE","FALSE","FALSE","http://www.inaturalist.org/observations/3254038"
"6","Sialia sialis","Aves","FALSE","FALSE","FALSE","FALSE","http://www.inaturalist.org/observations/3244436"
"7","Sphyrapicus varius","Aves","FALSE","FALSE","FALSE","FALSE","http://www.inaturalist.org/observations/3279067"
"8","Spizella passerina","Aves","TRUE","FALSE","FALSE","FALSE","http://www.inaturalist.org/observations/3272945"
"9","Turdus migratorius","Aves","FALSE","FALSE","FALSE","FALSE","http://www.inaturalist.org/observations/3249790"
"10","Tamias striatus","Mammalia","TRUE","FALSE","FALSE","FALSE","http://www.inaturalist.org/observations/3254042"
"11","Tamias striatus","Mammalia","TRUE","FALSE","FALSE","FALSE","http://www.inaturalist.org/observations/3247274"
"12","Acer pensylvanicum","Plantae","TRUE","FALSE","FALSE","FALSE","http://www.inaturalist.org/observations/3250264"
"13","Acer pensylvanicum","Plantae","TRUE","FALSE","FALSE","FALSE","http://www.inaturalist.org/observations/3248550"
"14","Acer pensylvanicum","Plantae","TRUE","FALSE","FALSE","FALSE","http://www.inaturalist.org/observations/3243571"
"15","Acer rubrum","Plantae","TRUE","FALSE","FALSE","FALSE","http://www.inaturalist.org/observations/3243632"
"16","Acer saccharum","Plantae","TRUE","FALSE","FALSE","FALSE","http://www.inaturalist.org/observations/3246570"
"17","Acer saccharum","Plantae","TRUE","FALSE","FALSE","FALSE","http://www.inaturalist.org/observations/3242631"
"18","Achillea millefolium","Plantae","TRUE","FALSE","FALSE","TRUE","http://www.inaturalist.org/observations/3252922"
"19","Achillea millefolium","Plantae","TRUE","FALSE","FALSE","TRUE","http://www.inaturalist.org/observations/3249590"
"20","Achillea millefolium","Plantae","TRUE","FALSE","FALSE","TRUE","http://www.inaturalist.org/observations/3244049"
"21","Adiantum pedatum","Plantae","TRUE","FALSE","FALSE","FALSE","http://www.inaturalist.org/observations/3245627"
"22","Ajuga reptans","Plantae","TRUE","FALSE","FALSE","FALSE","http://www.inaturalist.org/observations/3273523"
"23","Alliaria petiolata","Plantae","TRUE","FALSE","FALSE","TRUE","http://www.inaturalist.org/observations/3248468"
"24","Alliaria petiolata","Plantae","TRUE","FALSE","FALSE","TRUE","http://www.inaturalist.org/observations/3244188"
"25","Alliaria petiolata","Plantae","TRUE","FALSE","FALSE","TRUE","http://www.inaturalist.org/observations/3244025"
"26","Alliaria petiolata","Plantae","TRUE","FALSE","FALSE","TRUE","http://www.inaturalist.org/observations/3244579"
"27","Alliaria petiolata","Plantae","TRUE","FALSE","FALSE","TRUE","http://www.inaturalist.org/observations/3242480"
"28","Allium vineale","Plantae","FALSE","FALSE","FALSE","FALSE","http://www.inaturalist.org/observations/3249756"
"29","Amphicarpaea bracteata","Plantae","TRUE","FALSE","FALSE","TRUE","http://www.inaturalist.org/observations/3247826"
"30","Anomodon attenuatus","Plantae","FALSE","FALSE","FALSE","FALSE","http://www.inaturalist.org/observations/3250350"
"31","Antennaria plantaginifolia","Plantae","TRUE","FALSE","FALSE","TRUE","http://www.inaturalist.org/observations/3254043"
"32","Antennaria plantaginifolia","Plantae","TRUE","FALSE","FALSE","TRUE","http://www.inaturalist.org/observations/3247874"
"33","Aquilegia canadensis","Plantae","TRUE","FALSE","FALSE","TRUE","http://www.inaturalist.org/observations/3255443"
"34","Aquilegia canadensis","Plantae","TRUE","FALSE","FALSE","TRUE","http://www.inaturalist.org/observations/3244602"
"35","Aralia nudicaulis","Plantae","TRUE","FALSE","FALSE","FALSE","http://www.inaturalist.org/observations/3251607"
"36","Arisaema triphyllum","Plantae","TRUE","FALSE","FALSE","TRUE","http://www.inaturalist.org/observations/3246539"
"37","Arisaema triphyllum","Plantae","TRUE","FALSE","FALSE","TRUE","http://www.inaturalist.org/observations/3245414"
"38","Arisaema triphyllum","Plantae","TRUE","FALSE","FALSE","TRUE","http://www.inaturalist.org/observations/3245253"
"39","Arisaema triphyllum","Plantae","TRUE","FALSE","FALSE","TRUE","http://www.inaturalist.org/observations/3243260"
"40","Artemisia vulgaris","Plantae","TRUE","FALSE","FALSE","TRUE","http://www.inaturalist.org/observations/3243935"
"41","Asclepias syriaca","Plantae","TRUE","FALSE","FALSE","TRUE","http://www.inaturalist.org/observations/3254056"
"42","Asclepias syriaca","Plantae","TRUE","FALSE","FALSE","TRUE","http://www.inaturalist.org/observations/3244346"
"43","Asclepias syriaca","Plantae","TRUE","FALSE","FALSE","TRUE","http://www.inaturalist.org/observations/3242566"
"44","Atrichum angustatum","Plantae","FALSE","FALSE","FALSE","FALSE","http://www.inaturalist.org/observations/3250336"
"45","Atrichum undulatum","Plantae","FALSE","FALSE","FALSE","FALSE","http://www.inaturalist.org/observations/3250341"
"46","Aulacomnium palustre","Plantae","FALSE","FALSE","FALSE","FALSE","http://www.inaturalist.org/observations/3250353"
"47","Berberis thunbergii","Plantae","TRUE","FALSE","FALSE","TRUE","http://www.inaturalist.org/observations/3247614"
"48","Berberis thunbergii","Plantae","TRUE","FALSE","FALSE","TRUE","http://www.inaturalist.org/observations/3243589"
"49","Betula alleghaniensis","Plantae","TRUE","FALSE","FALSE","TRUE","http://www.inaturalist.org/observations/3247773"
"50","Betula alleghaniensis","Plantae","TRUE","FALSE","FALSE","TRUE","http://www.inaturalist.org/observations/3248200"
"51","Brachythecium salebrosum","Plantae","FALSE","FALSE","FALSE","FALSE","http://www.inaturalist.org/observations/3250347"
"52","Bryoandersonia illecebra","Plantae","FALSE","FALSE","FALSE","FALSE","http://www.inaturalist.org/observations/3250509"
"53","Calliergon cordifolium","Plantae","FALSE","FALSE","FALSE","FALSE","http://www.inaturalist.org/observations/3250396"
"54","Cardamine impatiens","Plantae","FALSE","FALSE","FALSE","FALSE","http://www.inaturalist.org/observations/3245837"
"55","Cardamine pensylvanica","Plantae","TRUE","FALSE","FALSE","TRUE","http://www.inaturalist.org/observations/3246265"
"56","Castanea dentata","Plantae","TRUE","FALSE","FALSE","TRUE","http://www.inaturalist.org/observations/3250502"
"57","Celastrus orbiculatus","Plantae","FALSE","FALSE","FALSE","FALSE","http://www.inaturalist.org/observations/3242489"
"58","Chelidonium majus","Plantae","TRUE","FALSE","FALSE","TRUE","http://www.inaturalist.org/observations/3242478"
"59","Chimaphila maculata","Plantae","TRUE","FALSE","FALSE","TRUE","http://www.inaturalist.org/observations/3242630"
"60","Clethra alnifolia","Plantae","TRUE","FALSE","TRUE","TRUE","http://www.inaturalist.org/observations/3231170"
"61","Convallaria majalis","Plantae","TRUE","FALSE","FALSE","FALSE","http://www.inaturalist.org/observations/3271093"
"62","Cornus florida","Plantae","TRUE","FALSE","FALSE","TRUE","http://www.inaturalist.org/observations/3251585"
"63","Cornus florida","Plantae","TRUE","FALSE","FALSE","TRUE","http://www.inaturalist.org/observations/3245990"
"64","Dendrolycopodium obscurum","Plantae","FALSE","FALSE","FALSE","FALSE","http://www.inaturalist.org/observations/3248079"
"65","Dennstaedtia punctilobula","Plantae","TRUE","FALSE","FALSE","FALSE","http://www.inaturalist.org/observations/3247382"
"66","Dennstaedtia punctilobula","Plantae","TRUE","FALSE","FALSE","FALSE","http://www.inaturalist.org/observations/3244407"
"67","Dicranella heteromalla","Plantae","FALSE","FALSE","FALSE","FALSE","http://www.inaturalist.org/observations/3250508"
"68","Dicranum flagellare","Plantae","FALSE","FALSE","FALSE","FALSE","http://www.inaturalist.org/observations/3250354"
"69","Dicranum fulvum","Plantae","FALSE","FALSE","FALSE","FALSE","http://www.inaturalist.org/observations/3250360"
"70","Dicranum scoparium","Plantae","FALSE","FALSE","FALSE","FALSE","http://www.inaturalist.org/observations/3250339"
"71","Diphyscium foliosum","Plantae","FALSE","FALSE","FALSE","FALSE","http://www.inaturalist.org/observations/3250395"
"72","Elaeagnus umbellata","Plantae","FALSE","FALSE","FALSE","FALSE","http://www.inaturalist.org/observations/3247973"
"73","Erigeron pulchellus","Plantae","TRUE","FALSE","FALSE","TRUE","http://www.inaturalist.org/observations/3254048"
"74","Erigeron pulchellus","Plantae","TRUE","FALSE","FALSE","TRUE","http://www.inaturalist.org/observations/3247986"
"75","Erythronium americanum","Plantae","TRUE","FALSE","FALSE","FALSE","http://www.inaturalist.org/observations/3245361"
"76","Erythronium americanum","Plantae","TRUE","FALSE","FALSE","FALSE","http://www.inaturalist.org/observations/3245923"
"77","Euonymus alatus","Plantae","FALSE","FALSE","FALSE","TRUE","http://www.inaturalist.org/observations/3242897"
"78","Euphorbia cyparissias","Plantae","FALSE","FALSE","FALSE","FALSE","http://www.inaturalist.org/observations/3251806"
"79","Eurybia divaricata","Plantae","FALSE","FALSE","FALSE","TRUE","http://www.inaturalist.org/observations/3244328"
"80","Fagus grandifolia","Plantae","TRUE","FALSE","FALSE","TRUE","http://www.inaturalist.org/observations/3246007"
"81","Fagus grandifolia","Plantae","TRUE","FALSE","FALSE","TRUE","http://www.inaturalist.org/observations/3244345"
"82","Fontinalis dalecarlica","Plantae","FALSE","FALSE","FALSE","FALSE","http://www.inaturalist.org/observations/3250389"
"83","Fraxinus americana","Plantae","TRUE","FALSE","FALSE","TRUE","http://www.inaturalist.org/observations/3247459"
"84","Fraxinus americana","Plantae","TRUE","FALSE","FALSE","TRUE","http://www.inaturalist.org/observations/3246134"
"85","Frullania eboracensis","Plantae","FALSE","FALSE","FALSE","FALSE","http://www.inaturalist.org/observations/3250362"
"86","Galium aparine","Plantae","TRUE","FALSE","FALSE","TRUE","http://www.inaturalist.org/observations/3244999"
"87","Galium palustre","Plantae","FALSE","FALSE","FALSE","FALSE","http://www.inaturalist.org/observations/3243624"
"88","Galium triflorum","Plantae","TRUE","FALSE","FALSE","TRUE","http://www.inaturalist.org/observations/3246104"
"89","Geranium maculatum","Plantae","TRUE","FALSE","FALSE","FALSE","http://www.inaturalist.org/observations/3248758"
"90","Geranium maculatum","Plantae","TRUE","FALSE","FALSE","FALSE","http://www.inaturalist.org/observations/3245799"
"91","Geranium maculatum","Plantae","TRUE","FALSE","FALSE","FALSE","http://www.inaturalist.org/observations/3243317"
"92","Glechoma hederacea","Plantae","FALSE","FALSE","FALSE","FALSE","http://www.inaturalist.org/observations/3251283"
"93","Grimmia pilifera","Plantae","FALSE","FALSE","FALSE","FALSE","http://www.inaturalist.org/observations/3250334"
"94","Hamamelis virginiana","Plantae","TRUE","FALSE","FALSE","TRUE","http://www.inaturalist.org/observations/3246174"
"95","Hedwigia ciliata","Plantae","FALSE","FALSE","FALSE","FALSE","http://www.inaturalist.org/observations/3250329"
"96","Hesperis matronalis","Plantae","TRUE","FALSE","FALSE","TRUE","http://www.inaturalist.org/observations/3244815"
"97","Hesperis matronalis","Plantae","TRUE","FALSE","FALSE","TRUE","http://www.inaturalist.org/observations/3244311"
"98","Hesperis matronalis","Plantae","TRUE","FALSE","FALSE","TRUE","http://www.inaturalist.org/observations/3242486"
"99","Hypnum imponens","Plantae","FALSE","FALSE","FALSE","FALSE","http://www.inaturalist.org/observations/3250364"
"100","Hypoxis hirsuta","Plantae","TRUE","FALSE","FALSE","TRUE","http://www.inaturalist.org/observations/3248057"
"101","Impatiens capensis","Plantae","TRUE","FALSE","FALSE","TRUE","http://www.inaturalist.org/observations/3243287"
"102","Juniperus virginiana","Plantae","TRUE","FALSE","FALSE","FALSE","http://www.inaturalist.org/observations/3246902"
"103","Lamium purpureum","Plantae","TRUE","FALSE","FALSE","FALSE","http://www.inaturalist.org/observations/3252870"
"104","Leucobryum albidum","Plantae","FALSE","FALSE","FALSE","FALSE","http://www.inaturalist.org/observations/3250337"
"105","Leucobryum albidum","Plantae","FALSE","FALSE","FALSE","FALSE","http://www.inaturalist.org/observations/3250387"
"106","Linaria vulgaris","Plantae","TRUE","FALSE","FALSE","TRUE","http://www.inaturalist.org/observations/3242483"
"107","Lindera benzoin","Plantae","TRUE","FALSE","FALSE","TRUE","http://www.inaturalist.org/observations/3243309"
"108","Liriodendron tulipifera","Plantae","TRUE","FALSE","FALSE","FALSE","http://www.inaturalist.org/observations/3231019"
"109","Liriodendron tulipifera","Plantae","TRUE","FALSE","FALSE","FALSE","http://www.inaturalist.org/observations/3243645"
"110","Lonicera japonica","Plantae","TRUE","FALSE","FALSE","TRUE","http://www.inaturalist.org/observations/3242671"
"111","Lysimachia borealis","Plantae","FALSE","FALSE","FALSE","FALSE","http://www.inaturalist.org/observations/3247704"
"112","Lysimachia borealis","Plantae","FALSE","FALSE","FALSE","FALSE","http://www.inaturalist.org/observations/3245341"
"113","Lysimachia quadrifolia","Plantae","TRUE","FALSE","FALSE","FALSE","http://www.inaturalist.org/observations/3242683"
"114","Maianthemum canadense","Plantae","TRUE","FALSE","FALSE","TRUE","http://www.inaturalist.org/observations/3247426"
"115","Maianthemum canadense","Plantae","TRUE","FALSE","FALSE","TRUE","http://www.inaturalist.org/observations/3246137"
"116","Maianthemum canadense","Plantae","TRUE","FALSE","FALSE","TRUE","http://www.inaturalist.org/observations/3244520"
"117","Maianthemum canadense","Plantae","TRUE","FALSE","FALSE","TRUE","http://www.inaturalist.org/observations/3242495"
"118","Maianthemum racemosum","Plantae","FALSE","FALSE","FALSE","FALSE","http://www.inaturalist.org/observations/3254061"
"119","Mitchella repens","Plantae","TRUE","FALSE","FALSE","FALSE","http://www.inaturalist.org/observations/3244470"
"120","Monotropa uniflora","Plantae","TRUE","FALSE","FALSE","TRUE","http://www.inaturalist.org/observations/3254040"
"121","Monotropa uniflora","Plantae","TRUE","FALSE","FALSE","TRUE","http://www.inaturalist.org/observations/3245388"
"122","Onoclea sensibilis","Plantae","TRUE","FALSE","FALSE","FALSE","http://www.inaturalist.org/observations/3247205"
"123","Onoclea sensibilis","Plantae","TRUE","FALSE","FALSE","FALSE","http://www.inaturalist.org/observations/3245647"
"124","Onoclea sensibilis","Plantae","TRUE","FALSE","FALSE","FALSE","http://www.inaturalist.org/observations/3243566"
"125","Ornithogalum umbellatum","Plantae","FALSE","FALSE","FALSE","FALSE","http://www.inaturalist.org/observations/3249750"
"126","Orthotrichum anomalum","Plantae","FALSE","FALSE","FALSE","FALSE","http://www.inaturalist.org/observations/3250344"
"127","Orthotrichum stellatum","Plantae","FALSE","FALSE","FALSE","FALSE","http://www.inaturalist.org/observations/3250340"
"128","Osmunda claytoniana","Plantae","TRUE","FALSE","FALSE","FALSE","http://www.inaturalist.org/observations/3247677"
"129","Osmunda claytoniana","Plantae","TRUE","FALSE","FALSE","FALSE","http://www.inaturalist.org/observations/3245609"
"130","Osmunda claytoniana","Plantae","TRUE","FALSE","FALSE","FALSE","http://www.inaturalist.org/observations/3245676"
"131","Osmunda regalis","Plantae","TRUE","FALSE","FALSE","FALSE","http://www.inaturalist.org/observations/3247041"
"132","Osmunda regalis","Plantae","TRUE","FALSE","FALSE","FALSE","http://www.inaturalist.org/observations/3247486"
"133","Osmundastrum cinnamomeum","Plantae","FALSE","FALSE","FALSE","TRUE","http://www.inaturalist.org/observations/3250372"
"134","Osmundastrum cinnamomeum","Plantae","FALSE","FALSE","FALSE","TRUE","http://www.inaturalist.org/observations/3248670"
"135","Osmundastrum cinnamomeum","Plantae","FALSE","FALSE","FALSE","TRUE","http://www.inaturalist.org/observations/3245310"
"136","Oxalis stricta","Plantae","TRUE","FALSE","FALSE","TRUE","http://www.inaturalist.org/observations/3249622"
"137","Parathelypteris noveboracensis","Plantae","FALSE","FALSE","FALSE","FALSE","http://www.inaturalist.org/observations/3248006"
"138","Parathelypteris noveboracensis","Plantae","FALSE","FALSE","FALSE","FALSE","http://www.inaturalist.org/observations/3245064"
"139","Parathelypteris noveboracensis","Plantae","FALSE","FALSE","FALSE","FALSE","http://www.inaturalist.org/observations/3242928"
"140","Parthenocissus quinquefolia","Plantae","TRUE","FALSE","FALSE","TRUE","http://www.inaturalist.org/observations/3244303"
"141","Parthenocissus quinquefolia","Plantae","TRUE","FALSE","FALSE","TRUE","http://www.inaturalist.org/observations/3242492"
"142","Pedicularis canadensis","Plantae","TRUE","FALSE","FALSE","TRUE","http://www.inaturalist.org/observations/3254049"
"143","Pedicularis canadensis","Plantae","TRUE","FALSE","FALSE","TRUE","http://www.inaturalist.org/observations/3248388"
"144","Phegopteris hexagonoptera","Plantae","FALSE","FALSE","FALSE","TRUE","http://www.inaturalist.org/observations/3254039"
"145","Pinus strobus","Plantae","TRUE","FALSE","FALSE","TRUE","http://www.inaturalist.org/observations/3248161"
"146","Pinus strobus","Plantae","TRUE","FALSE","FALSE","TRUE","http://www.inaturalist.org/observations/3245582"
"147","Plagiothecium laetum","Plantae","FALSE","FALSE","FALSE","FALSE","http://www.inaturalist.org/observations/3250398"
"148","Plantago lanceolata","Plantae","TRUE","FALSE","FALSE","TRUE","http://www.inaturalist.org/observations/3251570"
"149","Plantago lanceolata","Plantae","TRUE","FALSE","FALSE","TRUE","http://www.inaturalist.org/observations/3246382"
"150","Plantago major","Plantae","TRUE","FALSE","FALSE","TRUE","http://www.inaturalist.org/observations/3254052"
"151","Platanus occidentalis","Plantae","FALSE","FALSE","FALSE","FALSE","http://www.inaturalist.org/observations/3245271"
"152","Polygonatum biflorum","Plantae","FALSE","FALSE","FALSE","FALSE","http://www.inaturalist.org/observations/3246283"
"153","Polystichum acrostichoides","Plantae","TRUE","FALSE","FALSE","TRUE","http://www.inaturalist.org/observations/3245108"
"154","Polystichum acrostichoides","Plantae","TRUE","FALSE","FALSE","TRUE","http://www.inaturalist.org/observations/3244293"
"155","Polytrichum commune","Plantae","FALSE","FALSE","FALSE","FALSE","http://www.inaturalist.org/observations/3250388"
"156","Polytrichum piliferum","Plantae","FALSE","FALSE","FALSE","FALSE","http://www.inaturalist.org/observations/3250511"
"157","Potentilla canadensis","Plantae","TRUE","FALSE","FALSE","TRUE","http://www.inaturalist.org/observations/3242140"
"158","Potentilla canadensis","Plantae","TRUE","FALSE","FALSE","TRUE","http://www.inaturalist.org/observations/3242497"
"159","Potentilla simplex","Plantae","TRUE","FALSE","FALSE","TRUE","http://www.inaturalist.org/observations/3247586"
"160","Potentilla simplex","Plantae","TRUE","FALSE","FALSE","TRUE","http://www.inaturalist.org/observations/3242444"
"161","Prunus virginiana","Plantae","TRUE","FALSE","FALSE","FALSE","http://www.inaturalist.org/observations/3245930"
"162","Quercus alba","Plantae","TRUE","FALSE","FALSE","TRUE","http://www.inaturalist.org/observations/3247129"
"163","Quercus alba","Plantae","TRUE","FALSE","FALSE","TRUE","http://www.inaturalist.org/observations/3244400"
"164","Ranunculus abortivus","Plantae","TRUE","FALSE","FALSE","TRUE","http://www.inaturalist.org/observations/3250348"
"165","Ranunculus recurvatus","Plantae","TRUE","FALSE","FALSE","FALSE","http://www.inaturalist.org/observations/3248518"
"166","Ranunculus repens","Plantae","FALSE","FALSE","FALSE","FALSE","http://www.inaturalist.org/observations/3251271"
"167","Ranunculus repens","Plantae","FALSE","FALSE","FALSE","FALSE","http://www.inaturalist.org/observations/3243407"
"168","Rhododendron periclymenoides","Plantae","TRUE","FALSE","FALSE","TRUE","http://www.inaturalist.org/observations/3247088"
"169","Rhododendron periclymenoides","Plantae","TRUE","FALSE","FALSE","TRUE","http://www.inaturalist.org/observations/3244163"
"170","Rhododendron periclymenoides","Plantae","TRUE","FALSE","FALSE","TRUE","http://www.inaturalist.org/observations/3246027"
"171","Rosa multiflora","Plantae","TRUE","FALSE","FALSE","TRUE","http://www.inaturalist.org/observations/3242517"
"172","Rubus allegheniensis","Plantae","TRUE","FALSE","FALSE","TRUE","http://www.inaturalist.org/observations/3276460"
"173","Rubus phoenicolasius","Plantae","FALSE","FALSE","FALSE","FALSE","http://www.inaturalist.org/observations/3254041"
"174","Rumex acetosella","Plantae","TRUE","FALSE","FALSE","TRUE","http://www.inaturalist.org/observations/3244133"
"175","Rumex acetosella","Plantae","TRUE","FALSE","FALSE","TRUE","http://www.inaturalist.org/observations/3242676"
"176","Rumex obtusifolius","Plantae","FALSE","FALSE","FALSE","FALSE","http://www.inaturalist.org/observations/3254062"
"177","Rumex obtusifolius","Plantae","FALSE","FALSE","FALSE","FALSE","http://www.inaturalist.org/observations/3251296"
"178","Sassafras albidum","Plantae","TRUE","FALSE","FALSE","TRUE","http://www.inaturalist.org/observations/3279073"
"179","Sassafras albidum","Plantae","TRUE","FALSE","FALSE","TRUE","http://www.inaturalist.org/observations/3242494"
"180","Securigera varia","Plantae","FALSE","FALSE","FALSE","FALSE","http://www.inaturalist.org/observations/3254054"
"181","Silene flos-cuculi","Plantae","FALSE","FALSE","FALSE","FALSE","http://www.inaturalist.org/observations/3254044"
"182","Silene flos-cuculi","Plantae","FALSE","FALSE","FALSE","FALSE","http://www.inaturalist.org/observations/3250391"
"183","Silene flos-cuculi","Plantae","FALSE","FALSE","FALSE","FALSE","http://www.inaturalist.org/observations/3247912"
"184","Silene latifolia","Plantae","FALSE","FALSE","FALSE","FALSE","http://www.inaturalist.org/observations/3252774"
"185","Silene latifolia","Plantae","FALSE","FALSE","FALSE","FALSE","http://www.inaturalist.org/observations/3244766"
"186","Smilax rotundifolia","Plantae","TRUE","FALSE","FALSE","TRUE","http://www.inaturalist.org/observations/3244610"
"187","Smilax rotundifolia","Plantae","TRUE","FALSE","FALSE","TRUE","http://www.inaturalist.org/observations/3242505"
"188","Solanum dulcamara","Plantae","TRUE","FALSE","FALSE","TRUE","http://www.inaturalist.org/observations/3254063"
"189","Symplocarpus foetidus","Plantae","TRUE","FALSE","TRUE","TRUE","http://www.inaturalist.org/observations/3243300"
"190","Syringa vulgaris","Plantae","FALSE","FALSE","FALSE","FALSE","http://www.inaturalist.org/observations/3248847"
"191","Taraxacum officinale","Plantae","TRUE","FALSE","FALSE","TRUE","http://www.inaturalist.org/observations/3249629"
"192","Thuidium delicatulum","Plantae","FALSE","FALSE","FALSE","FALSE","http://www.inaturalist.org/observations/3250343"
"193","Thuidium delicatulum","Plantae","FALSE","FALSE","FALSE","FALSE","http://www.inaturalist.org/observations/3250346"
"194","Tilia americana","Plantae","TRUE","FALSE","FALSE","FALSE","http://www.inaturalist.org/observations/3245995"
"195","Tilia americana","Plantae","TRUE","FALSE","FALSE","FALSE","http://www.inaturalist.org/observations/3245774"
"196","Toxicodendron radicans","Plantae","TRUE","FALSE","FALSE","FALSE","http://www.inaturalist.org/observations/3248704"
"197","Toxicodendron radicans","Plantae","TRUE","FALSE","FALSE","FALSE","http://www.inaturalist.org/observations/3242410"
"198","Trifolium pratense","Plantae","TRUE","FALSE","FALSE","TRUE","http://www.inaturalist.org/observations/3252913"
"199","Trifolium pratense","Plantae","TRUE","FALSE","FALSE","TRUE","http://www.inaturalist.org/observations/3244682"
"200","Trifolium pratense","Plantae","TRUE","FALSE","FALSE","TRUE","http://www.inaturalist.org/observations/3242679"
"201","Trifolium repens","Plantae","TRUE","FALSE","FALSE","TRUE","http://www.inaturalist.org/observations/3249772"
"202","Trillium erectum","Plantae","TRUE","FALSE","FALSE","TRUE","http://www.inaturalist.org/observations/3254045"
"203","Turritis glabra","Plantae","FALSE","FALSE","FALSE","TRUE","http://www.inaturalist.org/observations/3249604"
"204","Ulota hutchinsiae","Plantae","FALSE","FALSE","FALSE","FALSE","http://www.inaturalist.org/observations/3250332"
"205","Vaccinium corymbosum","Plantae","TRUE","FALSE","FALSE","TRUE","http://www.inaturalist.org/observations/3247180"
"206","Veratrum viride","Plantae","TRUE","FALSE","FALSE","TRUE","http://www.inaturalist.org/observations/3245432"
"207","Verbascum thapsus","Plantae","TRUE","FALSE","FALSE","FALSE","http://www.inaturalist.org/observations/3249617"
"208","Verbascum thapsus","Plantae","TRUE","FALSE","FALSE","FALSE","http://www.inaturalist.org/observations/3244107"
"209","Verbascum thapsus","Plantae","TRUE","FALSE","FALSE","FALSE","http://www.inaturalist.org/observations/3244902"
"210","Veronica officinalis","Plantae","TRUE","FALSE","FALSE","FALSE","http://www.inaturalist.org/observations/3242890"
"211","Veronica serpyllifolia","Plantae","FALSE","FALSE","FALSE","FALSE","http://www.inaturalist.org/observations/3247757"
"212","Viburnum acerifolium","Plantae","TRUE","FALSE","FALSE","TRUE","http://www.inaturalist.org/observations/3248051"
"213","Viburnum acerifolium","Plantae","TRUE","FALSE","FALSE","TRUE","http://www.inaturalist.org/observations/3245382"
"214","Viburnum acerifolium","Plantae","TRUE","FALSE","FALSE","TRUE","http://www.inaturalist.org/observations/3242688"
"215","Zizia aurea","Plantae","TRUE","FALSE","FALSE","FALSE","http://www.inaturalist.org/observations/3249692"
"216","Zizia aurea","Plantae","TRUE","FALSE","FALSE","FALSE","http://www.inaturalist.org/observations/3244647"
"217","Nerodia sipedon","Reptilia","TRUE","FALSE","FALSE","FALSE","http://www.inaturalist.org/observations/3254032"
