"","Iconic_taxa","Scientific_name","Occurences in BISON","Invasive.Record"
"1","Aves","Sayornis phoebe","NC 55036; IN 39178; WY 31; BC CAN 424; SK CAN 1111; PE CAN 35; UT 30; YT CAN 4; AB CAN 3556; AZ 857; MT 129; KY 13909; KS 21549; CA 2508; FL 125907; DE 8592; PA 105652; IA 9902; MS 7734; TX 214630; IL 53986; NS CAN 1097; CT 42969; GA 84904; MD 65940; VA 60414; ID 37; VT 41250; OR 89; TN 37920; ME 33404; OK 14878; AL 18756; AR 15397; SC 30707; WA 85; NE 5212; ON CAN 70627; WV 16176; MB CAN 4602; MA 84794; CO 3392; MO 43901; QC CAN 31693; AK 51; ND 1758; WI 70209; NV 49; NY 134132; RI 5892; DC 4749; SD 1088; MN 23670; NL CAN 69; NJ 54912; MI 55177; NB CAN 1480; NU CAN 3; NM 1539; NH 26561; LA 30315; OH 64373; NT CAN 409","No"
"2","Aves","Sialia sialis","NC 114379; IN 44638; WY 151; BC CAN 5; SK CAN 164; PE CAN 26; UT 10; AB CAN 88; AZ 2185; MT 134; KY 23531; KS 47269; CA 2; FL 66724; DE 13914; PA 170464; IA 39241; MS 15456; TX 131999; IL 79232; NS CAN 200; CT 38976; GA 115364; MD 144449; VA 136118; ID 1; VT 13894; TN 86806; OK 32671; ME 15102; AL 44363; AR 35280; SC 66449; WA 1; NE 11461; ON CAN 27583; WV 19138; MB CAN 1922; MA 56188; CO 2387; MO 74567; QC CAN 11410; ND 2197; WI 115608; NY 136353; DC 2011; RI 1501; SD 2757; MN 51903; NL CAN 1; NJ 58142; MI 105229; NB CAN 368; NM 5236; NH 12871; LA 32044; OH 132044","No"
"3","Aves","Sphyrapicus varius","NC 25230; IN 7408; WY 7; BC CAN 1721; SK CAN 1283; PE CAN 407; YT CAN 1145; UT 53; AB CAN 6698; AZ 942; MT 109; KY 4038; KS 3973; CA 2889; FL 35452; DE 2161; PA 29760; MS 3982; IA 2783; TX 46821; IL 22495; NS CAN 1794; CT 14257; GA 27462; VA 25955; MD 24463; ID 21; VT 21443; OR 200; PR 34; TN 14651; ME 11305; OK 3627; AL 8559; AR 7956; SC 18049; WA 72; NE 494; ON CAN 46972; WV 3501; MB CAN 5136; MA 15459; CO 639; QC CAN 38288; MO 11447; AK 68; USVI 4; ND 1991; WI 31377; NV 62; NY 67198; DC 1960; RI 1121; SD 578; MN 13759; NL CAN 59; NJ 18900; MI 20187; NB CAN 1097; NU CAN 1; NM 413; NH 10232; LA 17526; OH 17194; NT CAN 938","No"
"4","Aves","Turdus migratorius","NC 119056; IN 105194; WY 24979; BC CAN 207811; SK CAN 15067; PE CAN 2946; UT 74783; YT CAN 7624; AB CAN 55487; AZ 51607; MT 57846; KY 50126; CA 414045; KS 68516; FL 85635; DE 37906; PA 360038; IA 57209; MS 14479; IL 288176; TX 122328; NS CAN 27647; CT 127400; GA 107266; MD 229717; VA 190841; ID 53739; OR 223607; VT 94333; PR 1; TN 100928; ME 74663; OK 32062; AL 29280; AR 37480; WA 260728; SC 43811; NE 50259; ON CAN 344918; WV 40900; MB CAN 24559; MA 286923; CO 182674; QC CAN 208900; MO 106849; AK 61486; ND 18929; WI 257043; NV 21637; NY 509959; DC 25148; RI 24237; SD 36296; HI 1; MN 114288; NL CAN 12781; NJ 222243; MI 277672; NB CAN 13376; NU CAN 191; NM 60636; NH 50669; LA 29154; OH 286711; NT CAN 3678","No"
"5","Plantae","Allium vineale","NC 142; OR 73; VT 1; IN 69; TN 55; OK 4; ME 1; BC CAN 8; AL 15; AR 40; SC 81; WA 30; WV 112; ON CAN 3; MA 51; CO 1; MO 127; WI 1; NY 464; DC 53; RI 7; MT 1; KY 74; KS 70; CA 61; DE 8; NJ 360; PA 85; MI 23; MS 16; IA 3; IL 138; TX 37; CT 100; NH 1; LA 30; OH 29; GA 16; VA 273; MD 107","Yes"
"6","Plantae","Anomodon attenuatus","NC 81; IN 371; PE CAN 3; AZ 21; MT 3; KY 25; KS 58; CA 1; FL 96; DE 28; PA 198; IA 34; MS 18; IL 64; NS CAN 55; TX 18; CT 63; GA 43; VA 119; MD 70; VT 69; OR 1; ME 104; OK 56; TN 48; AL 55; AR 98; SC 13; WA 1; NE 11; ON CAN 114; WV 91; MA 67; CO 7; MO 523; QC CAN 69; WI 82; NY 282; RI 18; DC 2; SD 30; MN 41; NL CAN 2; NJ 42; MI 91; NB CAN 22; NM 29; NH 21; LA 141; OH 44","No"
"7","Plantae","Atrichum angustatum","NC 69; VT 47; OR 1; IN 274; OK 67; ME 58; TN 24; AL 65; AR 58; SC 35; WA 2; NE 31; WV 22; ON CAN 17; MA 95; MO 705; QC CAN 13; WI 56; NY 165; RI 35; DC 10; MT 1; KY 16; SD 1; MN 18; KS 140; FL 124; DE 64; NJ 54; PA 270; MI 28; NB CAN 3; IA 33; MS 33; TX 72; IL 68; NS CAN 13; CT 49; NH 15; LA 149; OH 31; GA 73; VA 70; MD 54; ID 2","No"
"8","Plantae","Atrichum undulatum","NC 32; IN 142; WY 5; BC CAN 33; PE CAN 21; AZ 1; MT 4; KY 1; CA 40; KS 16; FL 3; DE 2; PA 57; IA 20; MS 3; IL 21; NS CAN 20; TX 6; CT 27; GA 6; VA 45; MD 5; ID 1; VT 52; OR 49; ME 71; TN 13; OK 2; AL 1; AR 5; WA 85; SC 1; NE 18; WV 38; ON CAN 34; MA 52; CO 2; QC CAN 19; MO 6; AK 3; WI 50; NY 115; RI 18; DC 3; MN 16; NL CAN 1; NJ 27; MI 42; NB CAN 1; NM 2; NH 27; LA 31; OH 16","No"
"9","Plantae","Aulacomnium palustre","NC 60; IN 89; WY 88; BC CAN 247; SK CAN 4; PE CAN 32; YT CAN 85; UT 44; AB CAN 57; AZ 2; MT 48; KY 12; CA 103; KS 19; DE 117; FL 42; PA 176; IA 12; MS 7; NS CAN 43; IL 22; TX 9; CT 70; GA 68; VA 86; MD 69; ID 60; OR 115; VT 32; ME 158; TN 25; OK 10; AL 20; AR 49; WA 138; SC 9; NE 18; ON CAN 351; WV 85; MB CAN 8; MA 148; CO 115; QC CAN 176; MO 119; AK 1192; ND 3; WI 27; NV 33; NY 247; RI 45; SD 19; MN 54; NL CAN 20; NJ 52; MI 127; NB CAN 21; NU CAN 32; NM 17; NH 28; LA 29; OH 29; NT CAN 100","No"
"10","Plantae","Brachythecium salebrosum","NC 15; IN 102; WY 55; BC CAN 54; SK CAN 1; PE CAN 13; YT CAN 27; UT 17; AB CAN 36; AZ 8; MT 27; KY 6; CA 11; KS 2; FL 13; DE 11; PA 26; IA 24; MS 1; IL 28; NS CAN 24; TX 2; CT 16; GA 13; VA 18; MD 4; ID 19; VT 39; OR 8; ME 41; TN 2; OK 1; AL 2; AR 5; WA 28; SC 2; NE 20; ON CAN 97; WV 13; MB CAN 5; CO 29; MA 3; QC CAN 65; MO 63; AK 181; ND 24; WI 42; NV 1; NY 176; RI 3; SD 18; MN 21; NL CAN 3; NJ 29; MI 54; NB CAN 11; NU CAN 1; NM 8; NH 15; LA 1; OH 10; NT CAN 33","No"
"11","Plantae","Bryoandersonia illecebra","NC 101; IN 162; TN 45; OK 40; AL 52; AR 103; SC 29; WV 40; ON CAN 6; MA 5; CO 1; MO 331; AK 1; NY 59; DC 10; RI 5; MT 2; KY 39; KS 8; CA 1; DE 57; FL 44; NJ 28; PA 97; MI 1; MS 14; IA 3; IL 45; TX 21; CT 18; LA 95; OH 44; GA 61; VA 139; MD 53","No"
"12","Plantae","Calliergon cordifolium","VT 26; OR 10; NC 1; IN 9; WY 5; ME 105; TN 6; BC CAN 100; SK CAN 1; PE CAN 26; WA 58; YT CAN 17; ON CAN 61; WV 7; MB CAN 4; MA 58; CO 10; QC CAN 54; MO 1; AK 171; AB CAN 2; WI 20; NY 119; RI 10; MT 15; MN 21; NL CAN 1; NJ 13; MI 82; PA 55; NB CAN 14; NU CAN 4; NS CAN 18; IL 3; CT 50; NH 27; OH 12; NT CAN 12; MD 3; VA 1; ID 15","No"
"13","Plantae","Cardamine impatiens","VT 51; NC 2; NY 101; IN 2; ME 8; KY 3; MN 3; DE 2; NJ 151; PA 74; MI 6; NB CAN 1; WV 39; ON CAN 9; MA 26; CT 124; NH 21; QC CAN 2; OH 28; MD 7; VA 3","Yes"
"14","Plantae","Celastrus orbiculatus","NC 504; VT 88; IN 13; ME 63; TN 34; PE CAN 2; AL 1; AR 4; SC 13; WA 2; NE 3; ON CAN 32; WV 17; MA 282; MO 21; QC CAN 1; WI 14; NY 3905; DC 54; RI 40; KY 40; MN 4; KS 20; DE 5; FL 1; NJ 323; PA 138; MI 38; NB CAN 4; MS 2; IA 1; IL 353; NS CAN 5; CT 289; NH 71; LA 2; OH 54; GA 3; VA 382; MD 211","Yes"
"15","Plantae","Dendrolycopodium obscurum","NC 70; VT 66; IN 1; ME 19; TN 12; AL 1; SC 20; ON CAN 26; WV 10; MA 100; QC CAN 16; WI 8; NY 77; RI 4; DC 1; KY 1; MN 2; DE 14; NJ 31; PA 56; MI 23; NB CAN 10; NS CAN 15; NH 30; CT 28; OH 20; GA 2; VA 69; MD 42","No"
"16","Plantae","Dicranella heteromalla","NC 101; IN 177; BC CAN 193; PE CAN 15; AB CAN 1; MT 6; KY 55; CA 46; KS 26; DE 31; FL 13; PA 356; IA 23; MS 4; NS CAN 55; IL 39; TX 6; CT 56; GA 15; VA 53; MD 47; ID 3; VT 103; OR 17; ME 103; TN 51; OK 9; AL 14; AR 36; WA 181; SC 4; NE 12; ON CAN 137; WV 85; MB CAN 1; MA 133; CO 1; MO 238; QC CAN 33; AK 196; WI 87; NY 421; RI 33; DC 12; MN 21; NL CAN 13; NJ 74; MI 75; NB CAN 26; NH 89; LA 18; OH 38; NT CAN 1","No"
"17","Plantae","Dicranum flagellare","NC 23; BC CAN 12; SK CAN 1; PE CAN 12; AB CAN 8; MT 3; KY 3; CA 1; DE 26; FL 2; PA 124; IA 2; MS 1; NS CAN 49; IL 9; CT 14; GA 6; MD 35; VA 12; VT 5; ME 46; TN 12; OK 3; AL 7; AR 20; WA 2; ON CAN 203; WV 13; MB CAN 1; MA 22; CO 3; MO 39; QC CAN 33; AK 4; ND 1; WI 24; NY 76; RI 7; DC 1; SD 2; MN 17; NL CAN 1; NJ 9; MI 53; NB CAN 34; NH 5; LA 9; OH 4; NT CAN 1","No"
"18","Plantae","Dicranum fulvum","NC 74; VT 36; IN 46; ME 97; TN 24; OK 5; AL 26; AR 51; SC 1; ON CAN 92; WV 89; MA 26; MO 46; QC CAN 35; AK 1; WI 18; NY 111; RI 10; DC 4; MT 1; KY 4; MN 1; DE 7; NJ 27; PA 175; MI 14; NB CAN 14; IA 7; NS CAN 48; IL 34; CT 53; NH 16; LA 1; OH 9; GA 19; VA 72; MD 27","No"
"19","Plantae","Dicranum scoparium","NC 165; IN 145; WY 53; BC CAN 604; SK CAN 2; PE CAN 60; YT CAN 18; UT 5; AB CAN 64; AZ 6; MT 135; KY 30; CA 64; KS 37; DE 38; FL 11; PA 358; IA 21; MS 2; NS CAN 130; IL 40; TX 2; CT 103; GA 90; VA 140; MD 107; ID 66; OR 288; VT 102; ME 266; TN 49; OK 46; AL 59; AR 91; WA 456; SC 19; NE 1; ON CAN 326; WV 196; MB CAN 9; MA 175; CO 64; MO 387; QC CAN 204; AK 863; WI 66; NY 432; RI 77; DC 12; SD 39; HI 1; MN 49; NL CAN 17; NJ 106; MI 161; NB CAN 64; NU CAN 5; NM 13; NH 92; LA 5; OH 30; NT CAN 14","No"
"20","Plantae","Diphyscium foliosum","NC 89; VT 77; IN 90; ME 130; TN 78; OK 16; BC CAN 20; PE CAN 10; AL 33; AR 73; SC 4; ON CAN 53; WV 35; MA 111; MO 115; QC CAN 70; AK 48; WI 16; NY 205; RI 42; DC 7; KY 27; NL CAN 13; KS 5; DE 18; NJ 32; PA 121; MI 88; NB CAN 24; MS 7; NS CAN 89; IL 26; TX 2; CT 65; NH 54; LA 1; OH 37; GA 47; VA 93; MD 34","No"
"21","Plantae","Elaeagnus umbellata","NC 195; VT 46; OR 16; IN 58; TN 53; ME 22; BC CAN 5; AL 33; AR 19; SC 62; WA 5; NE 1; WV 160; ON CAN 84; MA 153; MO 154; WI 56; NY 1229; RI 22; DC 16; KY 50; HI 10; SD 1; KS 34; FL 16; DE 7; NJ 210; MI 128; PA 97; MS 42; IA 7; IL 149; NS CAN 8; TX 1; CT 230; NH 29; LA 9; OH 115; GA 31; VA 228; MD 73","Yes"
"22","Plantae","Euphorbia cyparissias","NC 26; IN 53; WY 2; BC CAN 7; PE CAN 4; UT 5; AZ 1; MT 28; KY 10; KS 18; CA 3; DE 1; PA 71; IA 12; MS 1; IL 84; NS CAN 25; CT 150; GA 3; VA 77; MD 12; ID 10; VT 61; OR 17; ME 67; TN 11; AL 5; AR 8; WA 19; SC 6; NE 9; ON CAN 82; WV 15; MA 253; CO 3; MO 38; QC CAN 18; AK 1; ND 5; WI 106; NY 451; RI 29; DC 5; SD 2; MN 36; NL CAN 1; NJ 64; MI 101; NB CAN 6; NM 1; NH 58; OH 51","Yes"
"23","Plantae","Fontinalis dalecarlica","NC 115; VT 72; ME 149; TN 17; AL 8; SC 9; ON CAN 26; WV 8; MB CAN 2; MA 18; QC CAN 64; AK 3; WI 15; NY 145; RI 20; MT 2; KY 4; MN 9; NL CAN 6; FL 1; NJ 9; PA 198; NB CAN 17; MI 2; NS CAN 34; NH 79; CT 43; OH 8; GA 19; VA 46; MD 19","No"
"24","Plantae","Frullania eboracensis","NC 101; IN 202; BC CAN 2; PE CAN 5; AZ 4; KY 5; KS 46; CA 1; FL 28; DE 16; PA 76; IA 18; MS 2; NS CAN 50; IL 19; TX 19; CT 102; GA 11; VA 119; MD 68; VT 36; OR 1; ME 101; TN 22; OK 11; AL 2; AR 33; SC 19; WA 1; ON CAN 222; WV 21; MA 75; MO 253; QC CAN 73; AK 1; ND 1; WI 66; NY 168; DC 18; RI 18; HI 1; MN 96; NL CAN 7; NJ 16; MI 146; NB CAN 31; NM 38; NH 54; LA 19; OH 62","No"
"25","Plantae","Galium palustre","VT 34; OR 1; IN 1; ME 31; TN 2; BC CAN 12; PE CAN 10; WA 3; ON CAN 86; WV 1; MA 40; QC CAN 154; AB CAN 3; WI 11; NY 62; RI 6; MT 2; SD 1; NL CAN 9; NJ 17; MI 38; NB CAN 35; PA 33; NS CAN 92; CT 64; NH 11; OH 4; VA 4","No"
"26","Plantae","Glechoma hederacea","NC 271; IN 113; WY 5; BC CAN 18; SK CAN 4; PE CAN 15; UT 5; YT CAN 1; AB CAN 6; AZ 1; MT 27; KY 99; KS 74; CA 72; DE 14; FL 10; PA 254; IA 39; MS 11; IL 293; NS CAN 52; TX 2; CT 155; GA 21; VA 368; MD 332; ID 22; VT 114; OR 64; TN 118; ME 27; OK 10; AL 25; AR 50; WA 69; SC 37; NE 32; WV 227; ON CAN 130; MB CAN 8; MA 174; CO 9; MO 225; QC CAN 75; AK 7; ND 13; WI 159; NY 713; DC 71; RI 13; SD 10; MN 102; NL CAN 1; NJ 368; MI 144; NB CAN 16; NH 28; LA 22; OH 261","Yes"
"27","Plantae","Grimmia pilifera","NC 63; VT 5; IN 3; OK 34; TN 18; ME 7; AL 15; AR 73; WV 19; ON CAN 19; MA 14; CO 8; MO 213; QC CAN 10; AZ 52; WI 5; NY 61; RI 11; DC 2; KY 8; HI 13; SD 1; MN 20; KS 6; CA 4; DE 12; FL 1; NJ 35; PA 65; IA 1; NM 23; TX 12; IL 6; NS CAN 2; CT 13; NH 2; LA 1; OH 3; GA 18; VA 59; MD 24","No"
"28","Plantae","Hedwigia ciliata","NC 86; IN 70; WY 7; BC CAN 53; YT CAN 15; AB CAN 5; AZ 67; MT 15; KY 11; KS 64; CA 24; FL 5; DE 4; PA 145; IA 15; MS 2; TX 43; NS CAN 41; IL 28; CT 34; GA 51; VA 169; MD 44; ID 19; VT 61; OR 10; ME 149; OK 67; TN 16; AL 37; AR 116; SC 14; WA 13; NE 4; ON CAN 127; WV 112; MB CAN 3; CO 58; MA 51; MO 337; QC CAN 69; AK 50; ND 1; WI 81; NY 184; RI 34; DC 6; SD 47; MN 87; NL CAN 5; NJ 28; MI 75; NB CAN 8; NM 40; NH 29; LA 28; OH 31; NT CAN 16","No"
"29","Plantae","Hypnum imponens","NC 122; VT 53; IN 42; WY 2; ME 206; TN 33; OK 2; BC CAN 1; PE CAN 11; AL 4; AR 9; WA 4; UT 3; WV 417; ON CAN 47; MA 50; CO 3; MO 31; QC CAN 14; AK 6; WI 12; NY 196; RI 22; DC 2; KY 14; SD 1; MN 6; NL CAN 14; DE 33; FL 2; NJ 26; PA 340; MI 46; NB CAN 20; IA 1; NM 1; NS CAN 115; IL 6; CT 48; NH 18; OH 31; GA 23; NT CAN 6; MD 121; VA 112","No"
"30","Plantae","Leucobryum albidum","NC 77; VT 7; IN 1; TN 47; ME 13; OK 4; AL 69; AR 40; SC 35; WA 1; WV 81; ON CAN 1; MA 6; MO 88; QC CAN 2; WI 4; NY 22; RI 7; DC 2; MT 5; KY 18; MN 2; KS 5; FL 396; DE 26; NJ 16; PA 38; MI 8; MS 27; TX 32; IL 14; CT 14; NH 7; LA 150; OH 22; GA 78; VA 53; MD 23","No"
"31","Plantae","Lysimachia borealis","VT 256; IN 2; ME 90; BC CAN 2; SK CAN 3; PE CAN 13; WA 3; ON CAN 221; WV 2; MB CAN 12; MA 123; QC CAN 65; AB CAN 1; WI 178; NY 77; RI 11; MN 77; NL CAN 13; CA 1; NJ 16; MI 98; NB CAN 53; PA 29; NU CAN 1; NS CAN 81; IL 11; CT 76; NH 68; OH 5; MD 2; VA 2","No"
"32","Plantae","Maianthemum racemosum","NC 363; IN 111; WY 17; BC CAN 33; SK CAN 1; PE CAN 4; UT 37; AB CAN 82; AZ 110; MT 121; KY 160; CA 885; KS 45; DE 13; FL 2; PA 174; IA 88; MS 27; IL 218; NS CAN 10; TX 3; CT 136; GA 69; VA 1022; MD 235; ID 70; VT 321; OR 136; TN 141; ME 48; OK 9; AL 49; AR 49; WA 111; SC 82; NE 9; WV 578; ON CAN 316; CO 150; MA 80; MO 88; QC CAN 36; AK 5; ND 7; WI 224; NV 5; NY 225; DC 26; RI 6; SD 8; MN 118; NL CAN 1; NJ 56; MI 192; NB CAN 18; NM 32; NH 56; LA 1; OH 188","No"
"33","Plantae","Ornithogalum umbellatum","NC 67; OR 13; VT 9; IN 51; TN 55; OK 10; ME 3; BC CAN 7; AL 14; AR 28; SC 23; UT 17; WA 12; WV 28; ON CAN 19; MA 66; CO 1; MO 152; QC CAN 1; WI 2; NY 168; DC 26; RI 10; KY 59; SD 2; MN 2; KS 41; CA 11; DE 7; FL 1; NJ 59; PA 87; MI 25; NB CAN 1; IA 6; MS 3; IL 106; NS CAN 23; TX 22; CT 48; NH 3; LA 13; OH 83; GA 8; VA 106; MD 93; ID 9","Yes"
"34","Plantae","Orthotrichum anomalum","VT 18; OR 2; NC 1; IN 1; WY 7; ME 32; TN 1; BC CAN 18; UT 35; YT CAN 24; WA 7; ON CAN 61; WV 6; MB CAN 1; CO 29; MA 7; QC CAN 44; MO 2; AK 88; AB CAN 9; ND 4; WI 5; AZ 3; NV 2; NY 118; RI 1; MT 21; SD 39; MN 37; CA 1; NJ 11; MI 37; PA 18; NB CAN 8; IA 3; NU CAN 2; NM 43; NS CAN 3; IL 2; TX 1; CT 16; OH 14; NT CAN 16; VA 3; MD 1; ID 5","No"
"35","Plantae","Orthotrichum stellatum","NC 22; VT 8; IN 29; ME 38; TN 15; PE CAN 5; AL 2; AR 2; NE 3; ON CAN 22; WV 5; MA 15; MO 28; QC CAN 7; WI 3; NY 60; RI 4; KY 4; SD 1; MN 4; CA 1; DE 18; FL 1; NJ 42; PA 36; MI 6; NB CAN 4; IA 7; NS CAN 12; IL 4; TX 1; NH 5; CT 2; OH 16; GA 7; MD 25; VA 25","No"
"36","Plantae","Parathelypteris noveboracensis","NC 775; VT 143; IN 5; TN 161; ME 45; PE CAN 1; AL 25; SC 101; WV 52; ON CAN 37; MA 105; QC CAN 6; AK 1; WI 1; NY 55; DC 23; RI 16; KY 17; CA 1; NL CAN 1; DE 5; NJ 26; PA 62; MI 21; NB CAN 8; IA 1; MS 1; NS CAN 17; CT 81; NH 33; OH 61; GA 129; VA 324; MD 116","No"
"37","Plantae","Plagiothecium laetum","OR 92; VT 37; NC 11; IN 1; ME 67; TN 23; BC CAN 128; PE CAN 22; AL 1; WA 334; YT CAN 14; ON CAN 74; WV 12; MA 8; CO 6; QC CAN 56; AK 200; AB CAN 15; WI 5; NY 72; RI 3; MT 13; KY 2; MN 4; CA 12; NL CAN 7; NJ 4; PA 113; MI 35; NB CAN 20; NM 4; NS CAN 54; IL 1; NH 11; CT 9; OH 2; NT CAN 6; GA 1; VA 16; MD 11; ID 14","No"
"38","Plantae","Platanus occidentalis","NC 2402; VT 106; IN 4459; TN 2374; OK 744; ME 3; BC CAN 2; AL 1692; AR 2102; SC 1804; UT 4; WA 4; NE 23; WV 2195; ON CAN 73; MA 55; CO 2; MO 3382; QC CAN 1; ND 1; WI 45; AZ 1; NY 295; DC 66; RI 7; MT 1; KY 3016; KS 1079; CA 77; FL 190; DE 32; NJ 248; PA 612; MI 352; MS 2538; IA 68; NM 1; IL 2022; TX 1116; NS CAN 2; CT 90; NH 19; LA 1289; OH 1897; GA 1383; VA 3957; MD 612","No"
"39","Plantae","Polygonatum biflorum","NC 1091; IN 202; WY 4; BC CAN 3; AZ 1; MT 1; KY 147; KS 161; CA 1; FL 67; DE 6; PA 103; IA 106; MS 38; IL 226; TX 15; NS CAN 3; CT 80; GA 120; VA 1116; MD 210; VT 30; TN 176; OK 25; ME 7; AL 82; AR 50; SC 210; WA 4; NE 38; WV 416; ON CAN 46; MB CAN 19; MA 31; CO 2; MO 261; QC CAN 3; ND 33; WI 189; NY 128; DC 30; SD 29; MN 90; NJ 51; MI 75; NB CAN 3; NM 5; NH 8; LA 51; OH 117","No"
"40","Plantae","Polytrichum commune","NC 59; IN 39; WY 8; BC CAN 163; SK CAN 3; PE CAN 18; YT CAN 15; UT 8; AB CAN 14; MT 12; KY 10; CA 40; KS 20; DE 62; FL 57; PA 278; IA 19; MS 7; NS CAN 43; IL 18; TX 11; CT 53; GA 39; MD 126; VA 52; ID 9; OR 78; VT 56; ME 194; OK 24; TN 11; AL 35; AR 15; WA 92; SC 12; NE 4; WV 131; ON CAN 70; MB CAN 3; MA 50; CO 8; MO 128; QC CAN 120; AK 475; WI 41; NY 203; RI 15; DC 3; HI 17; SD 3; MN 39; NL CAN 12; NJ 56; MI 72; NB CAN 52; NU CAN 3; NH 34; LA 46; OH 11; NT CAN 33","No"
"41","Plantae","Polytrichum piliferum","NC 13; IN 6; WY 48; BC CAN 148; SK CAN 1; PE CAN 9; YT CAN 35; UT 9; AB CAN 20; AZ 1; MT 24; KY 2; CA 47; KS 1; PA 42; IA 11; NS CAN 18; IL 5; CT 35; GA 1; VA 11; MD 1; ID 24; OR 89; VT 35; ME 137; TN 8; AL 2; WA 251; NE 9; ON CAN 77; WV 18; MB CAN 3; CO 59; MA 21; QC CAN 68; MO 29; AK 289; ND 2; WI 48; NV 5; NY 125; RI 5; SD 31; HI 18; MN 40; NL CAN 4; NJ 21; MI 62; NB CAN 13; NU CAN 19; NM 3; NH 36; LA 1; OH 6; NT CAN 19","No"
"42","Plantae","Ranunculus repens","NC 36; IN 11; WY 3; BC CAN 77; PE CAN 18; UT 31; YT CAN 1; AB CAN 3; AZ 1; MT 19; KY 14; CA 168; KS 7; DE 2; PA 74; MS 3; NS CAN 101; IL 30; TX 9; CT 60; VA 44; MD 7; ID 36; OR 187; VT 47; ME 33; TN 3; OK 1; AL 2; AR 2; WA 260; SC 2; WV 37; ON CAN 26; MB CAN 1; MA 161; CO 29; QC CAN 159; MO 9; AK 3664; WI 12; NV 2; NY 323; DC 9; RI 6; HI 14; SD 2; MN 5; NL CAN 2; NJ 60; NB CAN 37; MI 30; NM 2; NH 16; OH 42","Yes"
"43","Plantae","Rubus phoenicolasius","NC 55; IN 10; TN 21; ME 1; BC CAN 3; AL 3; AR 9; SC 2; WV 133; MB CAN 1; MA 31; MO 9; NY 2701; DC 58; RI 16; KY 22; CA 1; KS 1; DE 9; NJ 423; PA 150; MI 2; IL 5; CT 215; OH 26; GA 4; VA 497; MD 466","Yes"
"44","Plantae","Rumex obtusifolius","NC 87; IN 77; WY 1; BC CAN 18; PE CAN 3; UT 9; AZ 30; MT 4; KY 53; CA 298; KS 32; FL 23; DE 6; PA 114; IA 8; MS 5; IL 95; NS CAN 33; TX 4; CT 97; GA 12; VA 148; MD 55; ID 14; VT 106; OR 77; ME 62; TN 40; OK 11; AL 6; AR 33; WA 85; SC 15; NE 13; WV 66; ON CAN 43; MA 158; CO 23; QC CAN 120; MO 116; AK 71; WI 61; NY 201; DC 26; RI 15; HI 3; MN 11; NL CAN 2; NJ 206; MI 114; NB CAN 5; NM 13; NH 48; LA 5; OH 90","Yes"
"45","Plantae","Securigera varia","NC 31; IN 29; PE CAN 1; UT 9; MT 6; KY 54; KS 150; CA 10; DE 9; FL 2; PA 158; IA 15; MS 1; IL 201; TX 18; NS CAN 13; CT 50; GA 9; VA 160; MD 80; ID 5; VT 140; OR 19; TN 52; ME 26; OK 8; AL 8; AR 20; WA 6; SC 2; NE 8; ON CAN 128; WV 35; MA 52; CO 28; MO 169; QC CAN 9; AK 9; WI 96; NV 1; NY 163; RI 8; DC 6; SD 7; MN 66; NJ 167; MI 62; NB CAN 1; NM 8; NH 11; LA 2; OH 127","Yes"
"46","Plantae","Silene flos-cuculi","VT 49; NC 1; OR 1; NY 37; ME 5; NJ 2; WA 2; NB CAN 3; PA 1; ON CAN 3; NS CAN 20; MA 17; CT 6; QC CAN 6; NH 5; AK 1; OH 1; VA 1","Yes"
"47","Plantae","Silene latifolia","NC 46; IN 46; WY 25; BC CAN 5; SK CAN 2; PE CAN 1; UT 11; YT CAN 2; AB CAN 15; AZ 1; MT 53; KY 29; CA 35; KS 17; DE 4; PA 90; IA 22; IL 156; NS CAN 8; CT 44; GA 3; VA 127; MD 37; ID 26; VT 81; OR 41; TN 24; ME 20; AL 1; AR 3; WA 69; SC 4; NE 24; ON CAN 95; WV 32; MB CAN 30; MA 80; CO 57; MO 77; QC CAN 18; AK 81; ND 20; WI 177; NV 1; NY 191; RI 9; DC 7; SD 26; MN 130; NJ 81; MI 133; NB CAN 4; NM 6; NH 20; OH 83","Yes"
"48","Plantae","Syringa vulgaris","NC 3; IN 5; WY 1; BC CAN 7; UT 15; AB CAN 11; AZ 1; MT 5; KY 4; KS 33; CA 27; PA 33; IA 3; IL 20; NS CAN 5; TX 2; CT 44; VA 17; MD 6; ID 6; VT 27; OR 5; ME 20; TN 4; AR 2; WA 9; SC 2; NE 2; ON CAN 106; WV 3; MB CAN 4; MA 59; CO 38; MO 25; QC CAN 12; ND 1; WI 38; NY 45; DC 10; RI 5; SD 2; MN 17; NL CAN 1; NJ 26; MI 59; NB CAN 4; NM 9; NH 20; OH 18","Yes"
"49","Plantae","Thuidium delicatulum","NC 197; IN 193; PE CAN 6; YT CAN 3; AZ 5; MT 4; KY 39; KS 33; FL 179; DE 62; PA 372; MS 33; IA 22; IL 65; NS CAN 65; TX 42; CT 66; GA 76; VA 156; MD 100; VT 60; ME 150; TN 47; OK 36; AL 71; AR 130; SC 22; WA 1; NE 4; WV 527; ON CAN 75; MA 21; MO 297; QC CAN 46; AK 24; WI 60; NY 229; RI 8; DC 3; SD 15; HI 2; MN 19; NL CAN 5; NJ 51; MI 92; NB CAN 18; NH 20; LA 157; OH 52","No"
"50","Plantae","Ulota hutchinsiae","NC 30; VT 18; ME 78; TN 7; OK 1; AL 2; AR 18; ON CAN 40; WV 28; MA 33; QC CAN 13; MO 4; AK 1; AZ 2; NY 89; RI 13; KY 3; SD 9; MN 27; NL CAN 4; DE 8; FL 2; NJ 21; PA 64; MI 5; NB CAN 2; NS CAN 37; CT 29; NH 5; OH 3; GA 13; VA 70; MD 9","No"
"51","Plantae","Veronica serpyllifolia","NC 53; IN 51; WY 24; BC CAN 35; SK CAN 4; PE CAN 3; UT 59; AB CAN 11; AZ 15; MT 40; KY 30; CA 175; KS 7; DE 4; FL 1; PA 94; IL 74; NS CAN 55; CT 94; GA 10; VA 103; MD 32; ID 40; OR 74; VT 46; ME 113; TN 41; AL 1; AR 4; WA 74; SC 9; NE 1; ON CAN 91; WV 27; MA 155; CO 61; QC CAN 57; MO 7; AK 92; WI 104; NV 19; NY 128; RI 19; DC 10; HI 51; MN 20; NL CAN 4; NJ 102; MI 117; NB CAN 12; NU CAN 1; NM 28; NH 43; OH 126","Yes"
