"","Iconic_taxa","iNat_entry","NPSpecies_name","Accepted_TSN","NPS_entry_TSN"
"1","Amphibia","Lithobates palustris","Rana palustris","775107","173435"
"2","Plantae","Euonymus alatus","Euonymus alata","27946","502576"
"3","Plantae","Eurybia divaricata","Aster divaricatus","513440","565668"
"4","Plantae","Osmundastrum cinnamomeum","Osmunda cinnamomea","1012094","17219"
"5","Plantae","Phegopteris hexagonoptera","Dryopteris hexagonoptera","504296","512562"
"6","Plantae","Turritis glabra","Arabis glabra","522994","22695"
