"","Iconic.taxon.name","Scientific.name","Common.name"
"1","Animalia","Armadillidium nasatum","Nosy Pill Woodlouse"
"2","Animalia","Philoscia muscorum","Common Striped Woodlouse"
"3","Animalia","Porcellio scaber","Common Rough Woodlouse"
"4","Animalia","Sminthurus sylvestris",""
"5","Arachnida","Araneus pratensis","Openfield Orbweaver"
"6","Arachnida","Gea heptagon","Heptagonal Orbweaver"
"7","Arachnida","Pseudeuophrys erratica","Black-palped Jumping Spider"
"8","Chromista","Ceratium hirundinella",""
"9","Fungi","Chlorociboria aeruginascens","Green Wood Cup"
"10","Insecta","Apis mellifera","Western Honey Bee"
"11","Insecta","Atalantycha bilineata","Two-lined Leatherwing Beetle"
"12","Insecta","Bombus impatiens","Common Eastern Bumble Bee"
"13","Insecta","Brachypterolus pulicarius","Toadflax Flower Beetle"
"14","Insecta","Camponotus americanus","American Carpenter Ant"
"15","Insecta","Camponotus nearcticus","smaller carpenter ant"
"16","Insecta","Charidotella purpurata","Small Orange Tortoise Beetle"
"17","Insecta","Eremocoris borealis",""
"18","Insecta","Malachius aeneus","Scarlet Malachite Beetle"
"19","Insecta","Microrhopala excavata",""
"20","Insecta","Nabis subcoleoptratus","Black Damsel Bug"
"21","Insecta","Opomyza petrei",""
"22","Insecta","Platydracus maculosus","Brown Rove Beetle"
"23","Insecta","Poecilocapsus lineatus","Four-lined Plant Bug"
"24","Insecta","Publilia concava",""
"25","Insecta","Pyrrharctia isabella","Isabella Tiger Moth"
"26","Insecta","Rhagio mystaceus","Common Snipe Fly"
