"","Iconic_taxa","Scientific_name","Occurences in BISON","Invasive.Record"
"1","Aves","Oreothlypis celata","NC 1911; IN 1333; WY 1763; BC CAN 42987; SK CAN 1593; PE CAN 1; UT 8059; YT CAN 2767; AB CAN 6004; AZ 42531; MT 4209; KY 404; CA 279926; KS 10724; FL 15254; DE 175; PA 1201; IA 5000; MS 1544; TX 138082; IL 10096; NS CAN 743; CT 389; GA 5905; VA 1704; MD 1141; ID 7418; OR 53680; VT 179; OK 3115; TN 1590; ME 492; AL 2842; AR 2166; WA 37146; SC 3295; NE 5036; ON CAN 6885; WV 220; MB CAN 3914; CO 21184; MA 3056; MO 5195; QC CAN 2944; AK 66997; USVI 1; ND 2679; WI 8814; NV 7659; NY 2944; DC 242; RI 185; SD 7848; MN 7720; NL CAN 266; NJ 2154; MI 6851; NB CAN 126; NU CAN 31; NM 10675; NH 259; LA 21010; OH 4167; NT CAN 910","No"
"2","Mammalia","Neotoma bryanti","MT 1; CA 31; UT 1; NV 4","No"
"3","Plantae","Acmispon glaber","CA 2254","No"
"4","Plantae","Acrosorium ciliolatum","CA 7","No"
"5","Plantae","Aphyllon parishii","CA 2","No"
"6","Plantae","Camissoniopsis cheiranthifolia","CA 609","No"
"7","Plantae","Carpobrotus edulis","OR 2; NC 1; HI 1; CA 820; FL 5","Yes"
"8","Plantae","Centaurea melitensis","OR 60; HI 56; BC CAN 2; CA 2249; AL 3; FL 1; WA 13; UT 5; NJ 3; PA 1; NM 177; TX 163; MA 9; IL 1; MO 2; AZ 258; ID 2; WI 2; NV 51","Yes"
"9","Plantae","Cuscuta pacifica","OR 14; BC CAN 6; CA 140; WA 4","No"
"10","Plantae","Eriogonum giganteum","NY 1; CA 154","No"
"11","Plantae","Euphorbia polycarpa","NM 8; CA 1219; AZ 162; UT 3; NV 32","No"
"12","Plantae","Gastroclonium parvum","CA 13","No"
"13","Plantae","Leptosyne maritima","CA 100","No"
"14","Plantae","Lysimachia arvensis","NC 1; RI 24; NY 2; ME 29; TN 1; HI 21; CA 95; FL 11; DE 1; NJ 1; PA 2; WV 1; ON CAN 1; MS 1; MA 67; CT 35; NH 10; MO 2; LA 2; MD 1","No"
"15","Plantae","Malva parviflora","OR 9; VT 1; WY 1; BC CAN 3; WA 6; UT 3; SC 2; NE 3; MA 8; CO 5; MO 4; ND 12; AZ 189; NV 5; NY 8; DC 1; MT 34; HI 81; SD 2; CA 1323; KS 4; FL 15; NJ 4; IA 1; NM 17; TX 60; IL 1; LA 16; OH 1; GA 1","Yes"
"16","Plantae","Marah macrocarpa","CA 2306; NV 1","No"
"17","Plantae","Mirabilis laevis","OR 2; CA 867; AZ 42; UT 1; NV 23","No"
"18","Plantae","Nemalion helminthoides","RI 5; NY 3; ON CAN 1; PR 2; MB CAN 1; MA 42; CT 2; NH 2; BC CAN 11; AK 18; CA 95; NL CAN 7","No"
"19","Plantae","Neogastroclonium subarticulatum","No data available","No"
"20","Plantae","Oncosiphon piluliferum","CA 250; AZ 36","Yes"
"21","Plantae","Peritoma arborea","CA 1289; NV 1","No"
"22","Plantae","Plantago ovata","TX 9; CO 1; NH 1; BC CAN 2; CA 1027; AZ 348; UT 11; NV 42","No"
"23","Plantae","Sairocarpus pusillus","CA 5; AZ 1","No"
"24","Plantae","Sisymbrium irio","NY 7; HI 9; BC CAN 1; CA 1226; FL 2; UT 20; NE 3; MI 1; PA 1; MB CAN 1; NM 69; TX 153; MA 3; CO 2; AZ 498; NV 18","Yes"
"25","Plantae","Stephanomeria exigua","OR 31; NY 1; NM 31; WY 1; CO 19; TX 8; CA 354; UT 397; AZ 101; ID 8; WA 2; NV 41","No"
"26","Reptilia","Aspidoscelis hyperythrus","No data available","No"
"27","Reptilia","Crotalus oreganus","OR 40; NM 3; WY 2; CO 4; BC CAN 39; CA 2338; WA 684; UT 123; ID 118; AZ 39; NV 87","No"
"28","Reptilia","Hypsiglena ochrorhynchus","No data available","No"
