"","Iconic_taxa","iNat_entry","NPSpecies_name","Accepted_TSN","NPS_entry_TSN"
"1","Aves","Cardellina pusilla","Wilsonia pusilla","950080","178973"
"2","Aves","Haemorhous mexicanus","Carpodacus mexicanus","997805","179191"
"3","Aves","Hydroprogne caspia","Sterna caspia","176935","176924"
"4","Aves","Melozone crissalis","Pipilo crissalis","997738","202307"
"5","Aves","Spinus psaltria","Carduelis psaltria","179254","179234"
"6","Mammalia","Otospermophilus beecheyi","Spermophilus beecheyi","930301","180148"
"7","Mammalia","Peromyscus fraterculus","Peromyscus eremicus propinquus","970631","973202"
"8","Plantae","Bahiopsis laciniata","Viguiera laciniata","780224","38655"
"9","Plantae","Cistanthe maritima","Calandrinia maritima","501559","20465"
"10","Plantae","Corethrogyne filaginifolia","Lessingia filaginifolia var. filaginifolia","37159","531221"
"11","Plantae","Cylindropuntia prolifera","Opuntia prolifera","907711","19727"
"12","Plantae","Deinandra fasciculata","Hemizonia fasciculata","780275","37618"
"13","Plantae","Extriplex californica","Atriplex californica","941383","20517"
"14","Plantae","Platanthera cooperi","Piperia cooperi","519162","507927"
"15","Plantae","Pseudognaphalium biolettii","Gnaphalium bicolor","780489","36698"
"16","Plantae","Pseudognaphalium californicum","Gnaphalium californicum","507649","36699"
"17","Plantae","Pseudognaphalium stramineum","Gnaphalium stramineum","508110","514144"
"18","Plantae","Sairocarpus nuttallianus","Antirrhinum nuttallianum ssp. nuttallianum","504945","834222"
"19","Plantae","Ulva intestinalis","Enteromorpha intestinalis","6535","6536"
"20","Reptilia","Lampropeltis californiae","Lampropeltis getula californiae","1082675","209248"
