"","Scientific_name","Iconic_taxa","Match NPSpecies","iNaturalist_Entry_count"
"1","Accipiter cooperii","Aves","Match","1"
"2","Aphelocoma californica","Aves","Match","1"
"3","Bubo virginianus","Aves","Match","1"
"4","Callipepla californica","Aves","Match","1"
"5","Calypte anna","Aves","Match","6"
"6","Cardellina pusilla","Aves","ITIS Match","1"
"7","Chamaea fasciata","Aves","Match","3"
"8","Columba livia","Aves","Match","1"
"9","Corvus brachyrhynchos","Aves","Match","1"
"10","Corvus corax","Aves","Match","3"
"11","Egretta thula","Aves","Match","2"
"12","Falco peregrinus","Aves","Match","5"
"13","Haemorhous mexicanus","Aves","ITIS Match","2"
"14","Hirundo rustica","Aves","Match","2"
"15","Hydroprogne caspia","Aves","ITIS Match","2"
"16","Icterus cucullatus","Aves","Match","1"
"17","Larus californicus","Aves","Match","1"
"18","Larus occidentalis","Aves","Match","10"
"19","Melospiza melodia","Aves","Match","1"
"20","Melozone crissalis","Aves","ITIS Match","16"
"21","Molothrus ater","Aves","Match","1"
"22","Oreothlypis celata","Aves","No Match","3"
"23","Pandion haliaetus","Aves","Match","5"
"24","Pelecanus occidentalis","Aves","Match","7"
"25","Phalacrocorax auritus","Aves","Match","2"
"26","Phalacrocorax pelagicus","Aves","Match","2"
"27","Pipilo maculatus","Aves","Match","12"
"28","Piranga ludoviciana","Aves","Match","1"
"29","Polioptila californica","Aves","Match","1"
"30","Psaltriparus minimus","Aves","Match","2"
"31","Spinus psaltria","Aves","ITIS Match","4"
"32","Thryomanes bewickii","Aves","Match","2"
"33","Toxostoma redivivum","Aves","Match","1"
"34","Zenaida macroura","Aves","Match","2"
"35","Chaetodipus fallax","Mammalia","Match","16"
"36","Neotoma bryanti","Mammalia","No Match","15"
"37","Notiosorex crawfordi","Mammalia","Match","1"
"38","Otospermophilus beecheyi","Mammalia","ITIS Match","5"
"39","Peromyscus californicus","Mammalia","Match","2"
"40","Peromyscus fraterculus","Mammalia","ITIS Match","41"
"41","Phoca vitulina","Mammalia","Match","3"
"42","Procyon lotor","Mammalia","Match","4"
"43","Reithrodontomys megalotis","Mammalia","Match","1"
"44","Sylvilagus audubonii","Mammalia","Match","5"
"45","Zalophus californianus","Mammalia","Match","1"
"46","Acmispon glaber","Plantae","No Match","4"
"47","Acrosorium ciliolatum","Plantae","No Match","1"
"48","Adenostoma fasciculatum","Plantae","Match","4"
"49","Agave shawii","Plantae","Match","20"
"50","Amblyopappus pusillus","Plantae","Match","4"
"51","Aphanisma blitoides","Plantae","Match","2"
"52","Aphyllon parishii","Plantae","No Match","2"
"53","Artemisia californica","Plantae","Match","15"
"54","Astragalus trichopodus","Plantae","Match","22"
"55","Atriplex glauca","Plantae","Match","1"
"56","Atriplex lentiformis","Plantae","Match","4"
"57","Atriplex semibaccata","Plantae","Match","3"
"58","Avena barbata","Plantae","Match","1"
"59","Baccharis pilularis","Plantae","Match","7"
"60","Baccharis sarothroides","Plantae","Match","4"
"61","Bahiopsis laciniata","Plantae","ITIS Match","3"
"62","Bergerocactus emoryi","Plantae","Match","9"
"63","Bothriochloa barbinodis","Plantae","Match","1"
"64","Calochortus weedii","Plantae","Match","7"
"65","Calystegia macrostegia","Plantae","Match","2"
"66","Camissonia bistorta","Plantae","Match","1"
"67","Camissoniopsis cheiranthifolia","Plantae","No Match","1"
"68","Cardionema ramosissimum","Plantae","Match","5"
"69","Carpobrotus edulis","Plantae","No Match","2"
"70","Castilleja foliolosa","Plantae","Match","2"
"71","Caulacanthus ustulatus","Plantae","Match","2"
"72","Ceanothus verrucosus","Plantae","Match","4"
"73","Centaurea melitensis","Plantae","No Match","1"
"74","Centroceras clavulatum","Plantae","Match","2"
"75","Chaenactis glabriuscula","Plantae","Match","1"
"76","Chondracanthus canaliculatus","Plantae","Match","1"
"77","Chondria acrorhizophora","Plantae","Match","1"
"78","Chorizanthe fimbriata","Plantae","Match","4"
"79","Chorizanthe procumbens","Plantae","Match","2"
"80","Cistanthe maritima","Plantae","ITIS Match","4"
"81","Clematis pauciflora","Plantae","Match","4"
"82","Cneoridium dumosum","Plantae","Match","1"
"83","Codium fragile","Plantae","Match","3"
"84","Corallina pinnatifolia","Plantae","Match","1"
"85","Corethrogyne filaginifolia","Plantae","ITIS Match","2"
"86","Crassula connata","Plantae","Match","1"
"87","Cryptantha intermedia","Plantae","Match","3"
"88","Cumagloia andersonii","Plantae","Match","2"
"89","Cupressus macrocarpa","Plantae","Match","3"
"90","Cuscuta pacifica","Plantae","No Match","2"
"91","Cylindropuntia californica","Plantae","Match","6"
"92","Cylindropuntia prolifera","Plantae","ITIS Match","6"
"93","Deinandra fasciculata","Plantae","ITIS Match","10"
"94","Dichondra occidentalis","Plantae","Match","3"
"95","Distichlis spicata","Plantae","Match","6"
"96","Dudleya edulis","Plantae","Match","13"
"97","Dudleya lanceolata","Plantae","Match","13"
"98","Dudleya pulverulenta","Plantae","Match","17"
"99","Encelia californica","Plantae","Match","16"
"100","Eriodictyon crassifolium","Plantae","Match","2"
"101","Eriogonum fasciculatum","Plantae","Match","29"
"102","Eriogonum giganteum","Plantae","No Match","1"
"103","Eriophyllum confertiflorum","Plantae","Match","7"
"104","Erodium cicutarium","Plantae","Match","2"
"105","Eschscholzia californica","Plantae","Match","3"
"106","Eucrypta chrysanthemifolia","Plantae","Match","2"
"107","Euphorbia misera","Plantae","Match","8"
"108","Euphorbia polycarpa","Plantae","No Match","2"
"109","Extriplex californica","Plantae","ITIS Match","1"
"110","Ferocactus viridescens","Plantae","Match","11"
"111","Galium nuttallii","Plantae","Match","2"
"112","Gastroclonium parvum","Plantae","No Match","1"
"113","Gelidium coulteri","Plantae","Match","1"
"114","Gelidium robustum","Plantae","Match","1"
"115","Hedypnois cretica","Plantae","Match","1"
"116","Heliotropium curassavicum","Plantae","Match","2"
"117","Heteromeles arbutifolia","Plantae","Match","10"
"118","Heterotheca grandiflora","Plantae","Match","2"
"119","Hypericum canariense","Plantae","Match","2"
"120","Hypnea valentiae","Plantae","Match","2"
"121","Isocoma menziesii","Plantae","Match","5"
"122","Lamarckia aurea","Plantae","Match","1"
"123","Lastarriaea coriacea","Plantae","Match","1"
"124","Leptosyne maritima","Plantae","No Match","3"
"125","Leymus condensatus","Plantae","Match","8"
"126","Lycium californicum","Plantae","Match","4"
"127","Lysimachia arvensis","Plantae","No Match","2"
"128","Malacothamnus fasciculatus","Plantae","Match","10"
"129","Malephora crocea","Plantae","Match","3"
"130","Malosma laurina","Plantae","Match","4"
"131","Malva parviflora","Plantae","No Match","2"
"132","Mammillaria dioica","Plantae","Match","13"
"133","Marah macrocarpa","Plantae","No Match","6"
"134","Mazzaella affinis","Plantae","Match","1"
"135","Mazzaella leptorhynchos","Plantae","Match","1"
"136","Melica imperfecta","Plantae","Match","1"
"137","Mesembryanthemum crystallinum","Plantae","Match","7"
"138","Mesembryanthemum nodiflorum","Plantae","Match","4"
"139","Mirabilis laevis","Plantae","No Match","3"
"140","Nassella lepida","Plantae","Match","1"
"141","Navarretia hamata","Plantae","Match","1"
"142","Nemalion helminthoides","Plantae","No Match","1"
"143","Neogastroclonium subarticulatum","Plantae","No Match","1"
"144","Nicotiana clevelandii","Plantae","Match","1"
"145","Nicotiana glauca","Plantae","Match","1"
"146","Oligomeris linifolia","Plantae","Match","1"
"147","Oncosiphon piluliferum","Plantae","No Match","1"
"148","Opuntia littoralis","Plantae","Match","13"
"149","Pellaea andromedifolia","Plantae","Match","1"
"150","Peritoma arborea","Plantae","No Match","15"
"151","Phyllospadix torreyi","Plantae","Match","2"
"152","Pinus torreyana","Plantae","Match","5"
"153","Plantago ovata","Plantae","No Match","1"
"154","Platanthera cooperi","Plantae","ITIS Match","2"
"155","Plocamium cartilagineum","Plantae","Match","1"
"156","Polypodium californicum","Plantae","Match","1"
"157","Polypogon monspeliensis","Plantae","Match","1"
"158","Pseudognaphalium biolettii","Plantae","ITIS Match","7"
"159","Pseudognaphalium californicum","Plantae","ITIS Match","1"
"160","Pseudognaphalium stramineum","Plantae","ITIS Match","1"
"161","Pterocladiella capillacea","Plantae","Match","1"
"162","Pterostegia drymarioides","Plantae","Match","1"
"163","Quercus dumosa","Plantae","Match","3"
"164","Rhamnus crocea","Plantae","Match","3"
"165","Rhus integrifolia","Plantae","Match","15"
"166","Sairocarpus nuttallianus","Plantae","ITIS Match","4"
"167","Sairocarpus pusillus","Plantae","No Match","2"
"168","Salsola australis","Plantae","NPSpecies synonym match","3"
"169","Salvia mellifera","Plantae","Match","14"
"170","Schismus barbatus","Plantae","Match","2"
"171","Simmondsia chinensis","Plantae","Match","1"
"172","Sisymbrium irio","Plantae","No Match","3"
"173","Sonchus oleraceus","Plantae","Match","2"
"174","Stephanomeria diegensis","Plantae","Match","1"
"175","Stephanomeria exigua","Plantae","No Match","1"
"176","Suaeda taxifolia","Plantae","Match","2"
"177","Ulva californica","Plantae","Match","5"
"178","Ulva intestinalis","Plantae","ITIS Match","1"
"179","Xylococcus bicolor","Plantae","Match","2"
"180","Yucca schidigera","Plantae","Match","10"
"181","Aspidoscelis hyperythrus","Reptilia","No Match","25"
"182","Crotalus oreganus","Reptilia","No Match","7"
"183","Hypsiglena ochrorhynchus","Reptilia","No Match","1"
"184","Lampropeltis californiae","Reptilia","ITIS Match","3"
"185","Masticophis lateralis","Reptilia","Match","4"
"186","Sceloporus occidentalis","Reptilia","Match","60"
"187","Uta stansburiana","Reptilia","Match","27"
"188","Leprocaulon microscopicum","Fungi","Table 4","6"
"189","Pachygrapsus crassipes","Animalia","Table 4","12"
"190","Stephanocystis osmundacea","Chromista","Table 4","1"
"191","Littorina keenae","Mollusca","Table 4","3"
"192","Pleuroncodes planipes","Animalia","Table 4","27"
"193","Acanthinucella spirata","Mollusca","Table 4","2"
"194","Macrocystis pyrifera","Chromista","Table 4","5"
"195","Pelagophycus porra","Chromista","Table 4","3"
"196","Egregia menziesii","Chromista","Table 4","10"
"197","Sargassum muticum","Chromista","Table 4","12"
"198","Lottia limatula","Mollusca","Table 4","1"
"199","Lottia scabra","Mollusca","Table 4","2"
"200","Bembix americana","Insecta","Table 4","5"
"201","Tegula eiseni","Mollusca","Table 4","9"
"202","Epiactis prolifera","Animalia","Table 4","15"
"203","Lottia gigantea","Mollusca","Table 4","15"
"204","Araneus andrewsi","Arachnida","Table 4","2"
"205","Kelletia kelletii","Mollusca","Table 4","26"
"206","Anthopleura sola","Animalia","Table 4","13"
"207","Pagurus samuelis","Animalia","Table 4","4"
"208","Chrysothrix candelaris","Fungi","Table 4","6"
"209","Pollicipes polymerus","Animalia","Table 4","15"
"210","Polycauliona bolacina","Fungi","Table 4","4"
"211","Dimelaena radiata","Fungi","Table 4","6"
"212","Stephanocystis dioica","Chromista","Table 4","10"
"213","Augochlorella pomoniella","Insecta","Table 4","7"
"214","Niebla homalea","Fungi","Table 4","4"
"215","Kyphosus azureus","Actinopterygii","Table 4","2"
"216","Aplysia californica","Mollusca","Table 4","20"
"217","Phragmatopoma californica","Animalia","Table 4","8"
"218","Anthopleura elegantissima","Animalia","Table 4","6"
"219","Thylacodes squamigerus","Mollusca","Table 4","4"
"220","Ophiothrix spiculata","Animalia","Table 4","7"
"221","Colpomenia sinuosa","Chromista","Table 4","15"
"222","Crimora coneja","Mollusca","Table 4","3"
"223","Micrometrus minimus","Actinopterygii","Table 4","3"
"224","Lysmata californica","Animalia","Table 4","1"
"225","Californiconus californicus","Mollusca","Table 4","4"
"226","Stenoplax conspicua","Mollusca","Table 4","1"
"227","Okenia rosacea","Mollusca","Table 4","1"
"228","Fissurella volcano","Mollusca","Table 4","1"
"229","Ophioplocus esmarki","Animalia","Table 4","1"
"230","Megastraea undosa","Mollusca","Table 4","6"
"231","Mytilus californianus","Mollusca","Table 4","10"
"232","Panulirus interruptus","Animalia","Table 4","8"
"233","Eisenia arborea","Chromista","Table 4","4"
"234","Ligia occidentalis","Animalia","Table 4","2"
"235","Silvetia compressa","Chromista","Table 4","21"
"236","Pelia tumida","Animalia","Table 4","4"
"237","Aplysia vaccaria","Mollusca","Table 4","5"
"238","Tetraclita rubescens","Animalia","Table 4","9"
"239","Megathura crenulata","Mollusca","Table 4","5"
"240","Nuttallina californica","Mollusca","Table 4","3"
"241","Olivella biplicata","Mollusca","Table 4","7"
"242","Apis mellifera","Insecta","Table 4","18"
"243","Flavoparmelia caperata","Fungi","Table 4","2"
"244","Pepsis","Insecta","Table 4","3"
"245","Murgantia histrionica","Insecta","Table 4","12"
"246","Cyanoplax hartwegii","Mollusca","Table 4","4"
"247","Girella nigricans","Actinopterygii","Table 4","3"
"248","Norrisia norrisii","Mollusca","Table 4","1"
"249","Octopus bimaculoides","Mollusca","Table 4","4"
"250","Mexacanthina lugubris","Mollusca","Table 4","9"
"251","Lottia strigatella","Mollusca","Table 4","2"
"252","Crassadoma gigantea","Mollusca","Table 4","4"
"253","Armadillidium vulgare","Animalia","Table 4","3"
"254","Gryllodes sigillatus","Insecta","Table 4","2"
"255","Lottia fenestrata","Mollusca","Table 4","3"
"256","Judolia sexspilota","Insecta","Table 4","2"
"257","Blatta orientalis","Insecta","Table 4","8"
"258","Prenolepis imparis","Insecta","Table 4","2"
"259","Exochomus fasciatus","Insecta","Table 4","2"
"260","Paruroctonus silvestrii","Arachnida","Table 4","5"
"261","Argiope argentata","Arachnida","Table 4","5"
"262","Taliepus nuttallii","Animalia","Table 4","2"
"263","Scytosiphon lomentaria","Chromista","Table 4","4"
"264","Petalonia binghamiae","Chromista","Table 4","2"
"265","Calvatia gigantea","Fungi","Table 4","2"
"266","Leptochiton rugatus","Mollusca","Table 4","2"
"267","Desmarestia ligulata","Chromista","Table 4","5"
"268","Balanus glandula","Animalia","Table 4","1"
"269","Membranipora membranacea","Animalia","Table 4","2"
"270","Strongylocentrotus purpuratus","Animalia","Table 4","2"
"271","Tegula funebralis","Mollusca","Table 4","3"
"272","Neobernaya spadicea","Mollusca","Table 4","3"
"273","Platyodon cancellatus","Mollusca","Table 4","2"
"274","Colpomenia tuberculata","Chromista","Table 4","2"
"275","Aplidium californicum","Animalia","Table 4","2"
"276","Alpheus clamator","Animalia","Table 4","1"
"277","Stenopelmatus","Insecta","Table 4","2"
"278","Limacia mcdonaldi","Mollusca","Table 4","4"
"279","Corynactis californica","Animalia","Table 4","1"
"280","Paracyathus stearnsii","Animalia","Table 4","1"
"281","Notocomplana acticola","Animalia","Table 4","3"
"282","Cycloxanthops novemdentatus","Animalia","Table 4","4"
"283","Tegula aureotincta","Mollusca","Table 4","1"
"284","Clinocottus analis","Actinopterygii","Table 4","2"
"285","Enchiridium punctatum","Animalia","Table 4","3"
"286","Roperia poulsoni","Mollusca","Table 4","2"
"287","Glycaspis brimblecombei","Insecta","Table 4","1"
"288","Ozognathus cornutus","Insecta","Table 4","2"
"289","Pseudomyrmex apache","Insecta","Table 4","2"
"290","Psyllobora vigintimaculata","Insecta","Table 4","2"
"291","Tegula gallina","Mollusca","Table 4","1"
"292","Petrospongium rugosum","Chromista","Table 4","2"
"293","Dictyota coriacea","Chromista","Table 4","3"
"294","Forficula auricularia","Insecta","Table 4","2"
"295","Scolopendra polymorpha","Animalia","Table 4","1"
"296","Corythucha eriodictyonae","Insecta","Table 4","2"
"297","Ischyropalpus nitidulus","Insecta","Table 4","2"
"298","Coridromius chenopoderis","Insecta","Table 4","2"
"299","Corythucha incurvata","Insecta","Table 4","2"
"300","Peucetia viridans","Arachnida","Table 4","2"
"301","Latrodectus hesperus","Arachnida","Table 4","2"
"302","Gryllus lineaticeps","Insecta","Table 4","2"
"303","Eleodes acuticauda","Insecta","Table 4","3"
"304","Otala lactea","Mollusca","Table 4","2"
"305","Pertusaria flavicunda","Fungi","Table 4","3"
"306","Centrodera tenera","Insecta","Table 4","3"
"307","Orgyia vetusta","Insecta","Table 4","2"
"308","Estigmene acrea","Insecta","Table 4","2"
"309","Apodemia virgulti","Insecta","Table 4","1"
"310","Thyridanthrax nugator","Insecta","Table 4","3"
"311","Okanagana vanduzeei","Insecta","Table 4","2"
"312","Strymon melinus","Insecta","Table 4","1"
"313","Brephidium exilis","Insecta","Table 4","2"
"314","Trimerotropis pallidipennis","Insecta","Table 4","1"
"315","Bothriocyrtum californicum","Arachnida","Table 4","2"
"316","Euphilotes bernardino","Insecta","Table 4","2"
"317","Scutigera coleoptrata","Animalia","Table 4","1"
"318","Largus californicus","Insecta","Table 4","1"
