"","Iconic.taxon.name","Scientific.name","Common.name"
"1","Actinopterygii","Clinocottus analis","Woolly Sculpin"
"2","Actinopterygii","Girella nigricans","Rudderfish"
"3","Actinopterygii","Kyphosus azureus","Zebra-perch Sea Chub"
"4","Actinopterygii","Micrometrus minimus","Dwarf Surfperch"
"5","Animalia","Alpheus clamator","twistclaw pistol shrimp"
"6","Animalia","Anthopleura elegantissima","Aggregating Anemone"
"7","Animalia","Anthopleura sola","Sunburst Anemone"
"8","Animalia","Aplidium californicum","Pacific Sea Pork"
"9","Animalia","Armadillidium vulgare","Common Pill Woodlouse"
"10","Animalia","Balanus glandula","Pacific Acorn Barnacle"
"11","Animalia","Corynactis californica","Strawberry Anemone"
"12","Animalia","Cycloxanthops novemdentatus","Nine-tooth Pebble Crab"
"13","Animalia","Enchiridium punctatum",""
"14","Animalia","Epiactis prolifera","Brooding Anemone"
"15","Animalia","Ligia occidentalis","Western Sea Roach"
"16","Animalia","Lysmata californica","Red Rock Shrimp"
"17","Animalia","Membranipora membranacea","kelp lace bryozoan"
"18","Animalia","Notocomplana acticola",""
"19","Animalia","Ophioplocus esmarki","Esmark's brittle star"
"20","Animalia","Ophiothrix spiculata","Western Spiny Brittle Star"
"21","Animalia","Pachygrapsus crassipes","Striped Shore Crab"
"22","Animalia","Pagurus samuelis","Blueband Hermit Crab"
"23","Animalia","Panulirus interruptus","California Spiny Lobster"
"24","Animalia","Paracyathus stearnsii","brown cup coral"
"25","Animalia","Pelia tumida","Dwarf Teardrop Crab"
"26","Animalia","Phragmatopoma californica","California Sandcastle Worm"
"27","Animalia","Pleuroncodes planipes","Tuna Crab"
"28","Animalia","Pollicipes polymerus","Gooseneck Barnacle"
"29","Animalia","Scolopendra polymorpha","Common Desert Centipede"
"30","Animalia","Scutigera coleoptrata","House Centipede"
"31","Animalia","Strongylocentrotus purpuratus","Pacific Purple Sea Urchin"
"32","Animalia","Taliepus nuttallii","Southern Kelp Crab"
"33","Animalia","Tetraclita rubescens","Pink Volcano Barnacle"
"34","Arachnida","Araneus andrewsi",""
"35","Arachnida","Argiope argentata","Silver Garden Orbweaver"
"36","Arachnida","Bothriocyrtum californicum","California Trapdoor Spider"
"37","Arachnida","Latrodectus hesperus","Western Black Widow"
"38","Arachnida","Paruroctonus silvestrii","California common scorpion"
"39","Arachnida","Peucetia viridans","Green Lynx Spider"
"40","Chromista","Colpomenia sinuosa",""
"41","Chromista","Colpomenia tuberculata",""
"42","Chromista","Desmarestia ligulata","flattened acid kelp"
"43","Chromista","Dictyota coriacea",""
"44","Chromista","Egregia menziesii","Feather Boa Kelp"
"45","Chromista","Eisenia arborea","Southern sea palm"
"46","Chromista","Macrocystis pyrifera","Giant Kelp"
"47","Chromista","Pelagophycus porra","Elk Kelp"
"48","Chromista","Petalonia binghamiae",""
"49","Chromista","Petrospongium rugosum",""
"50","Chromista","Sargassum muticum","Japanese Wireweed"
"51","Chromista","Scytosiphon lomentaria","Beanweed"
"52","Chromista","Silvetia compressa",""
"53","Chromista","Stephanocystis dioica",""
"54","Chromista","Stephanocystis osmundacea","chain bladder kelp"
"55","Fungi","Calvatia gigantea","giant puffball"
"56","Fungi","Chrysothrix candelaris","gold dust lichen"
"57","Fungi","Dimelaena radiata",""
"58","Fungi","Flavoparmelia caperata","common greenshield lichen"
"59","Fungi","Leprocaulon microscopicum",""
"60","Fungi","Niebla homalea","Armored Sea-Fog Lichen"
"61","Fungi","Pertusaria flavicunda","Sulphur Wart Lichen"
"62","Fungi","Polycauliona bolacina","Waxy Firedot Lichen"
"63","Insecta","Apis mellifera","Western Honey Bee"
"64","Insecta","Apodemia virgulti","Behr's Metalmark"
"65","Insecta","Augochlorella pomoniella","Peridot Bee"
"66","Insecta","Bembix americana","American Sand Wasp"
"67","Insecta","Blatta orientalis","Oriental Cockroach"
"68","Insecta","Brephidium exilis","Western Pygmy-Blue"
"69","Insecta","Centrodera tenera",""
"70","Insecta","Coridromius chenopoderis",""
"71","Insecta","Corythucha eriodictyonae",""
"72","Insecta","Corythucha incurvata",""
"73","Insecta","Eleodes acuticauda",""
"74","Insecta","Estigmene acrea","Salt Marsh Moth"
"75","Insecta","Euphilotes bernardino","Bernardino Blue"
"76","Insecta","Exochomus fasciatus","Batman Lady Beetle"
"77","Insecta","Forficula auricularia","European Earwig"
"78","Insecta","Glycaspis brimblecombei","Red Gum Lerp Psyllid"
"79","Insecta","Gryllodes sigillatus","Tropical House Cricket"
"80","Insecta","Gryllus lineaticeps","Variable Field Cricket"
"81","Insecta","Ischyropalpus nitidulus",""
"82","Insecta","Judolia sexspilota",""
"83","Insecta","Largus californicus","California Bordered Plant Bug"
"84","Insecta","Murgantia histrionica","Harlequin Bug"
"85","Insecta","Okanagana vanduzeei",""
"86","Insecta","Orgyia vetusta","Western Tussock Moth"
"87","Insecta","Ozognathus cornutus",""
"88","Insecta","Pepsis","New World Tarantula-hawk Wasps"
"89","Insecta","Prenolepis imparis","Small Honey Ant"
"90","Insecta","Pseudomyrmex apache","Apache Twig Ant"
"91","Insecta","Psyllobora vigintimaculata","Twenty-spotted Lady Beetle"
"92","Insecta","Stenopelmatus","Jerusalem Crickets"
"93","Insecta","Strymon melinus","Gray Hairstreak"
"94","Insecta","Thyridanthrax nugator",""
"95","Insecta","Trimerotropis pallidipennis","Pallid-winged Grasshopper"
"96","Mollusca","Acanthinucella spirata","Angular Unicorn"
"97","Mollusca","Aplysia californica","California Seahare"
"98","Mollusca","Aplysia vaccaria","Black Seahare"
"99","Mollusca","Californiconus californicus","California Cone"
"100","Mollusca","Crassadoma gigantea","Giant Rock Scallop"
"101","Mollusca","Crimora coneja","Rabbit Dorid"
"102","Mollusca","Cyanoplax hartwegii",""
"103","Mollusca","Fissurella volcano","Volcano Keyhole Limpet"
"104","Mollusca","Kelletia kelletii","Kellet's Whelk"
"105","Mollusca","Leptochiton rugatus","dwarf chiton"
"106","Mollusca","Limacia mcdonaldi","McDonald's Dorid"
"107","Mollusca","Littorina keenae","Eroded Periwinkle"
"108","Mollusca","Lottia fenestrata","Chocolate Limpet"
"109","Mollusca","Lottia gigantea","Owl Limpet"
"110","Mollusca","Lottia limatula","File Limpet"
"111","Mollusca","Lottia scabra","Rough Limpet"
"112","Mollusca","Lottia strigatella",""
"113","Mollusca","Megastraea undosa","Wavy Turban"
"114","Mollusca","Megathura crenulata","Giant Keyhole Limpet"
"115","Mollusca","Mexacanthina lugubris","Dark Unicorn"
"116","Mollusca","Mytilus californianus","California Mussel"
"117","Mollusca","Neobernaya spadicea","Chestnut Cowry"
"118","Mollusca","Norrisia norrisii","Norris's Topsnail"
"119","Mollusca","Nuttallina californica","California Spiny Chiton"
"120","Mollusca","Octopus bimaculoides","Lesser Two-spot Octopus"
"121","Mollusca","Okenia rosacea","Hopkins's Rose Nudibranch"
"122","Mollusca","Olivella biplicata","Purple Dwarf Olive Snail"
"123","Mollusca","Otala lactea","Milk Snail"
"124","Mollusca","Platyodon cancellatus","Boring Softshell Clam"
"125","Mollusca","Roperia poulsoni","Poulson's Dwarf Triton"
"126","Mollusca","Stenoplax conspicua","Conspicuous Chiton"
"127","Mollusca","Tegula aureotincta","Gilded Tegula"
"128","Mollusca","Tegula eiseni","Western Banded Tegula"
"129","Mollusca","Tegula funebralis","Black Tegula"
"130","Mollusca","Tegula gallina","Speckled Tegula"
"131","Mollusca","Thylacodes squamigerus","Scaled Worm Snail"
