"","Scientific_name","Iconic_taxa","Match NPSpecies","iNaturalist_Entry_count"
"1","Agelaius phoeniceus","Aves","Match","1"
"2","Branta canadensis","Aves","Match","2"
"3","Melospiza melodia","Aves","Match","1"
"4","Sialia sialis","Aves","Match","1"
"5","Tamiasciurus hudsonicus","Mammalia","Match","1"
"6","Acer negundo","Plantae","Match","1"
"7","Acer rubrum","Plantae","Match","1"
"8","Acer saccharinum","Plantae","Match","1"
"9","Alnus incana","Plantae","Match","1"
"10","Antennaria neglecta","Plantae","NPSpecies synonym match","1"
"11","Aquilegia canadensis","Plantae","Match","1"
"12","Barbarea vulgaris","Plantae","Match","1"
"13","Berteroa incana","Plantae","Match","1"
"14","Betula papyrifera","Plantae","Match","2"
"15","Carex sprengelii","Plantae","Match","1"
"16","Elymus canadensis","Plantae","Match","1"
"17","Equisetum hyemale","Plantae","Match","1"
"18","Fragaria vesca","Plantae","Match","1"
"19","Geranium maculatum","Plantae","Match","1"
"20","Glechoma hederacea","Plantae","Match","1"
"21","Hydrophyllum virginianum","Plantae","Match","1"
"22","Juniperus virginiana","Plantae","Match","1"
"23","Lathyrus ochroleucus","Plantae","Match","1"
"24","Lespedeza capitata","Plantae","Match","1"
"25","Matteuccia struthiopteris","Plantae","Match","1"
"26","Oenothera biennis","Plantae","Match","1"
"27","Onoclea sensibilis","Plantae","Match","1"
"28","Ostrya virginiana","Plantae","Match","1"
"29","Panicum virgatum","Plantae","Match","1"
"30","Phlox divaricata","Plantae","Match","1"
"31","Picea glauca","Plantae","Match","1"
"32","Pinus resinosa","Plantae","Match","1"
"33","Prunus virginiana","Plantae","Match","1"
"34","Ranunculus abortivus","Plantae","Match","1"
"35","Ranunculus repens","Plantae","No Match","1"
"36","Ranunculus rhomboideus","Plantae","Match","1"
"37","Rhamnus cathartica","Plantae","Match","1"
"38","Rumex acetosella","Plantae","Match","1"
"39","Schizachyrium scoparium","Plantae","Match","1"
"40","Tilia americana","Plantae","Match","1"
"41","Trillium grandiflorum","Plantae","Match","1"
"42","Verbascum thapsus","Plantae","Match","1"
"43","Zizia aurea","Plantae","Match","1"
"44","Rhopalomyia solidaginis","Insecta","Table 4","1"
"45","Malacosoma americana","Insecta","Table 4","2"
"46","Eurosta solidaginis","Insecta","Table 4","1"
"47","Apiosporina morbosa","Fungi","Table 4","1"
"48","Cladonia cristatella","Fungi","Table 4","1"
