"","Scientific_name","Iconic_taxa","iNat_NPS_matches","iNat_NPSsynonym_matches","iNat_ITIS_synonym_matches","iNat_ITIS_nonsyn_matches","iNaturalist_URL"
"1","Agelaius phoeniceus","Aves","TRUE","FALSE","FALSE","FALSE","http://www.inaturalist.org/observations/3265337"
"2","Branta canadensis","Aves","TRUE","FALSE","FALSE","TRUE","http://www.inaturalist.org/observations/3270478"
"3","Branta canadensis","Aves","TRUE","FALSE","FALSE","TRUE","http://www.inaturalist.org/observations/3312566"
"4","Melospiza melodia","Aves","TRUE","FALSE","FALSE","TRUE","http://www.inaturalist.org/observations/3312561"
"5","Sialia sialis","Aves","TRUE","FALSE","FALSE","FALSE","http://www.inaturalist.org/observations/3265711"
"6","Tamiasciurus hudsonicus","Mammalia","TRUE","FALSE","FALSE","FALSE","http://www.inaturalist.org/observations/3286991"
"7","Acer negundo","Plantae","TRUE","FALSE","FALSE","FALSE","http://www.inaturalist.org/observations/3270521"
"8","Acer rubrum","Plantae","TRUE","FALSE","FALSE","FALSE","http://www.inaturalist.org/observations/3287016"
"9","Acer saccharinum","Plantae","TRUE","FALSE","FALSE","TRUE","http://www.inaturalist.org/observations/3270097"
"10","Alnus incana","Plantae","TRUE","FALSE","FALSE","FALSE","http://www.inaturalist.org/observations/3266065"
"11","Antennaria neglecta","Plantae","FALSE","TRUE","FALSE","FALSE","http://www.inaturalist.org/observations/3265805"
"12","Aquilegia canadensis","Plantae","TRUE","FALSE","FALSE","TRUE","http://www.inaturalist.org/observations/3286870"
"13","Barbarea vulgaris","Plantae","TRUE","FALSE","FALSE","TRUE","http://www.inaturalist.org/observations/3265493"
"14","Berteroa incana","Plantae","TRUE","FALSE","FALSE","TRUE","http://www.inaturalist.org/observations/3270244"
"15","Betula papyrifera","Plantae","TRUE","FALSE","FALSE","TRUE","http://www.inaturalist.org/observations/3287008"
"16","Betula papyrifera","Plantae","TRUE","FALSE","FALSE","TRUE","http://www.inaturalist.org/observations/3304360"
"17","Carex sprengelii","Plantae","TRUE","FALSE","FALSE","FALSE","http://www.inaturalist.org/observations/3312298"
"18","Elymus canadensis","Plantae","TRUE","FALSE","FALSE","TRUE","http://www.inaturalist.org/observations/3286173"
"19","Equisetum hyemale","Plantae","TRUE","FALSE","FALSE","FALSE","http://www.inaturalist.org/observations/3286200"
"20","Fragaria vesca","Plantae","TRUE","FALSE","FALSE","FALSE","http://www.inaturalist.org/observations/3286861"
"21","Geranium maculatum","Plantae","TRUE","FALSE","FALSE","FALSE","http://www.inaturalist.org/observations/3286828"
"22","Glechoma hederacea","Plantae","TRUE","FALSE","FALSE","TRUE","http://www.inaturalist.org/observations/3286954"
"23","Hydrophyllum virginianum","Plantae","TRUE","FALSE","FALSE","FALSE","http://www.inaturalist.org/observations/3266472"
"24","Juniperus virginiana","Plantae","TRUE","FALSE","FALSE","FALSE","http://www.inaturalist.org/observations/3286129"
"25","Lathyrus ochroleucus","Plantae","TRUE","FALSE","FALSE","FALSE","http://www.inaturalist.org/observations/3286848"
"26","Lespedeza capitata","Plantae","TRUE","FALSE","FALSE","TRUE","http://www.inaturalist.org/observations/3270489"
"27","Matteuccia struthiopteris","Plantae","TRUE","FALSE","FALSE","TRUE","http://www.inaturalist.org/observations/3270178"
"28","Oenothera biennis","Plantae","TRUE","FALSE","FALSE","TRUE","http://www.inaturalist.org/observations/3270374"
"29","Onoclea sensibilis","Plantae","TRUE","FALSE","FALSE","FALSE","http://www.inaturalist.org/observations/3265623"
"30","Ostrya virginiana","Plantae","TRUE","FALSE","FALSE","TRUE","http://www.inaturalist.org/observations/3277958"
"31","Panicum virgatum","Plantae","TRUE","FALSE","FALSE","TRUE","http://www.inaturalist.org/observations/3277917"
"32","Phlox divaricata","Plantae","TRUE","FALSE","FALSE","FALSE","http://www.inaturalist.org/observations/3286836"
"33","Picea glauca","Plantae","TRUE","FALSE","FALSE","TRUE","http://www.inaturalist.org/observations/3286113"
"34","Pinus resinosa","Plantae","TRUE","FALSE","FALSE","FALSE","http://www.inaturalist.org/observations/3277971"
"35","Prunus virginiana","Plantae","TRUE","FALSE","FALSE","FALSE","http://www.inaturalist.org/observations/3270337"
"36","Ranunculus abortivus","Plantae","TRUE","FALSE","FALSE","TRUE","http://www.inaturalist.org/observations/3270204"
"37","Ranunculus repens","Plantae","FALSE","FALSE","FALSE","FALSE","http://www.inaturalist.org/observations/3312554"
"38","Ranunculus rhomboideus","Plantae","TRUE","FALSE","FALSE","TRUE","http://www.inaturalist.org/observations/3286820"
"39","Rhamnus cathartica","Plantae","TRUE","FALSE","FALSE","FALSE","http://www.inaturalist.org/observations/3266176"
"40","Rumex acetosella","Plantae","TRUE","FALSE","FALSE","TRUE","http://www.inaturalist.org/observations/3312549"
"41","Schizachyrium scoparium","Plantae","TRUE","TRUE","FALSE","TRUE","http://www.inaturalist.org/observations/3270358"
"42","Tilia americana","Plantae","TRUE","FALSE","FALSE","FALSE","http://www.inaturalist.org/observations/3266468"
"43","Trillium grandiflorum","Plantae","TRUE","FALSE","FALSE","FALSE","http://www.inaturalist.org/observations/3286983"
"44","Verbascum thapsus","Plantae","TRUE","FALSE","FALSE","FALSE","http://www.inaturalist.org/observations/3277991"
"45","Zizia aurea","Plantae","TRUE","FALSE","FALSE","FALSE","http://www.inaturalist.org/observations/3266154"
