"","Scientific_name","Iconic_taxa","iNat_NPS_matches","iNat_NPSsynonym_matches","iNat_ITIS_synonym_matches","iNat_ITIS_nonsyn_matches","iNaturalist_URL"
"1","Aphelocoma woodhouseii","Aves","FALSE","FALSE","FALSE","FALSE","http://www.inaturalist.org/observations/4081095"
"2","Gymnogyps californianus","Aves","TRUE","FALSE","FALSE","TRUE","http://www.inaturalist.org/observations/4078440"
"3","Gymnogyps californianus","Aves","TRUE","FALSE","FALSE","TRUE","http://www.inaturalist.org/observations/4079123"
"4","Gymnogyps californianus","Aves","TRUE","FALSE","FALSE","TRUE","http://www.inaturalist.org/observations/4234329"
"5","Sitta carolinensis","Aves","TRUE","FALSE","FALSE","FALSE","http://www.inaturalist.org/observations/4085058"
