"","Scientific_name","Iconic_taxa","iNat_NPS_matches","iNat_NPSsynonym_matches","iNat_ITIS_synonym_matches","iNat_ITIS_nonsyn_matches","iNaturalist_URL"
"1","Anthus rubescens","Aves","FALSE","TRUE","FALSE","FALSE","https://www.inaturalist.org/observations/21931684"
"2","Bonasa umbellus","Aves","TRUE","FALSE","FALSE","FALSE","http://www.inaturalist.org/observations/3840572"
"3","Falcipennis canadensis","Aves","FALSE","FALSE","FALSE","FALSE","https://www.inaturalist.org/observations/26254843"
"4","Gavia immer","Aves","TRUE","FALSE","FALSE","FALSE","http://www.inaturalist.org/observations/3621527"
"5","Lagopus lagopus","Aves","TRUE","TRUE","FALSE","FALSE","http://www.inaturalist.org/observations/3919035"
"6","Lagopus lagopus","Aves","TRUE","TRUE","FALSE","FALSE","http://www.inaturalist.org/observations/3989732"
"7","Pica hudsonia","Aves","TRUE","FALSE","FALSE","TRUE","http://www.inaturalist.org/observations/3919034"
"8","Zonotrichia leucophrys","Aves","TRUE","FALSE","FALSE","FALSE","http://www.inaturalist.org/observations/3758388"
"9","Alces alces","Mammalia","TRUE","FALSE","FALSE","TRUE","http://www.inaturalist.org/observations/4745046"
"10","Alces alces","Mammalia","TRUE","FALSE","FALSE","TRUE","https://www.inaturalist.org/observations/4782143"
"11","Alces alces","Mammalia","TRUE","FALSE","FALSE","TRUE","https://www.inaturalist.org/observations/21931685"
"12","Alces alces","Mammalia","TRUE","FALSE","FALSE","TRUE","https://www.inaturalist.org/observations/21931687"
"13","Alces alces","Mammalia","TRUE","FALSE","FALSE","TRUE","http://www.inaturalist.org/observations/3787582"
"14","Alces alces","Mammalia","TRUE","FALSE","FALSE","TRUE","http://www.inaturalist.org/observations/3800542"
"15","Alces alces","Mammalia","TRUE","FALSE","FALSE","TRUE","http://www.inaturalist.org/observations/3840646"
"16","Alces alces","Mammalia","TRUE","FALSE","FALSE","TRUE","http://www.inaturalist.org/observations/3717057"
"17","Lepus americanus","Mammalia","TRUE","FALSE","FALSE","FALSE","http://www.inaturalist.org/observations/3969416"
"18","Lepus americanus","Mammalia","TRUE","FALSE","FALSE","FALSE","http://www.inaturalist.org/observations/3758391"
"19","Rangifer tarandus","Mammalia","TRUE","FALSE","FALSE","FALSE","http://www.inaturalist.org/observations/4736906"
"20","Rangifer tarandus","Mammalia","TRUE","FALSE","FALSE","FALSE","http://www.inaturalist.org/observations/3989743"
"21","Rangifer tarandus","Mammalia","TRUE","FALSE","FALSE","FALSE","https://www.inaturalist.org/observations/21931681"
"22","Rangifer tarandus","Mammalia","TRUE","FALSE","FALSE","FALSE","https://www.inaturalist.org/observations/21931686"
"23","Rangifer tarandus","Mammalia","TRUE","FALSE","FALSE","FALSE","https://www.inaturalist.org/observations/21931688"
"24","Rangifer tarandus","Mammalia","TRUE","FALSE","FALSE","FALSE","http://www.inaturalist.org/observations/3787586"
"25","Rangifer tarandus","Mammalia","TRUE","FALSE","FALSE","FALSE","http://www.inaturalist.org/observations/3853697"
"26","Rangifer tarandus","Mammalia","TRUE","FALSE","FALSE","FALSE","http://www.inaturalist.org/observations/3621528"
"27","Urocitellus parryii","Mammalia","FALSE","FALSE","FALSE","TRUE","https://www.inaturalist.org/observations/4782142"
"28","Urocitellus parryii","Mammalia","FALSE","FALSE","FALSE","TRUE","https://www.inaturalist.org/observations/21931682"
"29","Urocitellus parryii","Mammalia","FALSE","FALSE","FALSE","TRUE","https://www.inaturalist.org/observations/24350674"
"30","Urocitellus parryii","Mammalia","FALSE","FALSE","FALSE","TRUE","http://www.inaturalist.org/observations/3746088"
"31","Ursus americanus","Mammalia","TRUE","FALSE","FALSE","FALSE","http://www.inaturalist.org/observations/4730530"
"32","Ursus arctos","Mammalia","TRUE","FALSE","FALSE","FALSE","http://www.inaturalist.org/observations/4657289"
"33","Ursus arctos","Mammalia","TRUE","FALSE","FALSE","FALSE","https://www.inaturalist.org/observations/10786778"
"34","Ursus arctos","Mammalia","TRUE","FALSE","FALSE","FALSE","https://www.inaturalist.org/observations/22426136"
"35","Ursus arctos","Mammalia","TRUE","FALSE","FALSE","FALSE","https://www.inaturalist.org/observations/21931689"
"36","Ursus arctos","Mammalia","TRUE","FALSE","FALSE","FALSE","http://www.inaturalist.org/observations/3787576"
"37","Ursus arctos","Mammalia","TRUE","FALSE","FALSE","FALSE","http://www.inaturalist.org/observations/3663051"
"38","Ursus arctos","Mammalia","TRUE","FALSE","FALSE","FALSE","http://www.inaturalist.org/observations/3651411"
"39","Vulpes vulpes","Mammalia","TRUE","FALSE","FALSE","TRUE","http://www.inaturalist.org/observations/3828748"
"40","Achillea millefolium","Plantae","TRUE","TRUE","FALSE","TRUE","http://www.inaturalist.org/observations/4042908"
"41","Achillea millefolium","Plantae","TRUE","TRUE","FALSE","TRUE","http://www.inaturalist.org/observations/3483757"
"42","Aconitum delphiniifolium","Plantae","TRUE","TRUE","TRUE","TRUE","http://www.inaturalist.org/observations/4736898"
"43","Aconitum delphiniifolium","Plantae","TRUE","TRUE","TRUE","TRUE","http://www.inaturalist.org/observations/4039956"
"44","Aconitum delphiniifolium","Plantae","TRUE","TRUE","TRUE","TRUE","http://www.inaturalist.org/observations/4153462"
"45","Aconitum delphiniifolium","Plantae","TRUE","TRUE","TRUE","TRUE","http://www.inaturalist.org/observations/3662697"
"46","Aconitum delphiniifolium","Plantae","TRUE","TRUE","TRUE","TRUE","http://www.inaturalist.org/observations/3621174"
"47","Actaea rubra","Plantae","TRUE","TRUE","FALSE","TRUE","http://www.inaturalist.org/observations/3787581"
"48","Angelica lucida","Plantae","TRUE","FALSE","FALSE","TRUE","http://www.inaturalist.org/observations/3635111"
"49","Angelica lucida","Plantae","TRUE","FALSE","FALSE","TRUE","http://www.inaturalist.org/observations/3621360"
"50","Arnica lessingii","Plantae","TRUE","TRUE","FALSE","TRUE","http://www.inaturalist.org/observations/3890855"
"51","Bistorta plumosa","Plantae","FALSE","FALSE","FALSE","TRUE","http://www.inaturalist.org/observations/3662698"
"52","Botrychium alaskense","Plantae","FALSE","FALSE","FALSE","FALSE","http://www.inaturalist.org/observations/3662694"
"53","Botrychium lunaria","Plantae","TRUE","FALSE","FALSE","TRUE","http://www.inaturalist.org/observations/3621805"
"54","Boykinia richardsonii","Plantae","TRUE","FALSE","FALSE","TRUE","http://www.inaturalist.org/observations/3888809"
"55","Boykinia richardsonii","Plantae","TRUE","FALSE","FALSE","TRUE","http://www.inaturalist.org/observations/3888822"
"56","Boykinia richardsonii","Plantae","TRUE","FALSE","FALSE","TRUE","http://www.inaturalist.org/observations/3888824"
"57","Boykinia richardsonii","Plantae","TRUE","FALSE","FALSE","TRUE","http://www.inaturalist.org/observations/3892985"
"58","Boykinia richardsonii","Plantae","TRUE","FALSE","FALSE","TRUE","http://www.inaturalist.org/observations/3971686"
"59","Boykinia richardsonii","Plantae","TRUE","FALSE","FALSE","TRUE","http://www.inaturalist.org/observations/3971695"
"60","Boykinia richardsonii","Plantae","TRUE","FALSE","FALSE","TRUE","http://www.inaturalist.org/observations/3971712"
"61","Boykinia richardsonii","Plantae","TRUE","FALSE","FALSE","TRUE","http://www.inaturalist.org/observations/3971738"
"62","Boykinia richardsonii","Plantae","TRUE","FALSE","FALSE","TRUE","http://www.inaturalist.org/observations/3971821"
"63","Boykinia richardsonii","Plantae","TRUE","FALSE","FALSE","TRUE","http://www.inaturalist.org/observations/3971826"
"64","Boykinia richardsonii","Plantae","TRUE","FALSE","FALSE","TRUE","http://www.inaturalist.org/observations/3971835"
"65","Boykinia richardsonii","Plantae","TRUE","FALSE","FALSE","TRUE","http://www.inaturalist.org/observations/3971851"
"66","Boykinia richardsonii","Plantae","TRUE","FALSE","FALSE","TRUE","http://www.inaturalist.org/observations/3971878"
"67","Boykinia richardsonii","Plantae","TRUE","FALSE","FALSE","TRUE","http://www.inaturalist.org/observations/3865687"
"68","Boykinia richardsonii","Plantae","TRUE","FALSE","FALSE","TRUE","http://www.inaturalist.org/observations/3865729"
"69","Boykinia richardsonii","Plantae","TRUE","FALSE","FALSE","TRUE","http://www.inaturalist.org/observations/3888795"
"70","Boykinia richardsonii","Plantae","TRUE","FALSE","FALSE","TRUE","http://www.inaturalist.org/observations/3888798"
"71","Boykinia richardsonii","Plantae","TRUE","FALSE","FALSE","TRUE","http://www.inaturalist.org/observations/3888799"
"72","Boykinia richardsonii","Plantae","TRUE","FALSE","FALSE","TRUE","http://www.inaturalist.org/observations/3888800"
"73","Boykinia richardsonii","Plantae","TRUE","FALSE","FALSE","TRUE","http://www.inaturalist.org/observations/3888801"
"74","Boykinia richardsonii","Plantae","TRUE","FALSE","FALSE","TRUE","http://www.inaturalist.org/observations/3888803"
"75","Boykinia richardsonii","Plantae","TRUE","FALSE","FALSE","TRUE","http://www.inaturalist.org/observations/3888804"
"76","Boykinia richardsonii","Plantae","TRUE","FALSE","FALSE","TRUE","http://www.inaturalist.org/observations/3888805"
"77","Boykinia richardsonii","Plantae","TRUE","FALSE","FALSE","TRUE","http://www.inaturalist.org/observations/3888806"
"78","Boykinia richardsonii","Plantae","TRUE","FALSE","FALSE","TRUE","http://www.inaturalist.org/observations/3888807"
"79","Boykinia richardsonii","Plantae","TRUE","FALSE","FALSE","TRUE","http://www.inaturalist.org/observations/3741341"
"80","Boykinia richardsonii","Plantae","TRUE","FALSE","FALSE","TRUE","http://www.inaturalist.org/observations/3658632"
"81","Boykinia richardsonii","Plantae","TRUE","FALSE","FALSE","TRUE","http://www.inaturalist.org/observations/3481506"
"82","Boykinia richardsonii","Plantae","TRUE","FALSE","FALSE","TRUE","http://www.inaturalist.org/observations/3481558"
"83","Boykinia richardsonii","Plantae","TRUE","FALSE","FALSE","TRUE","http://www.inaturalist.org/observations/3485610"
"84","Boykinia richardsonii","Plantae","TRUE","FALSE","FALSE","TRUE","http://www.inaturalist.org/observations/3485611"
"85","Campanula lasiocarpa","Plantae","TRUE","FALSE","FALSE","TRUE","http://www.inaturalist.org/observations/3966969"
"86","Campanula lasiocarpa","Plantae","TRUE","FALSE","FALSE","TRUE","http://www.inaturalist.org/observations/4043017"
"87","Campanula lasiocarpa","Plantae","TRUE","FALSE","FALSE","TRUE","http://www.inaturalist.org/observations/3621359"
"88","Castilleja caudata","Plantae","FALSE","FALSE","FALSE","FALSE","http://www.inaturalist.org/observations/3621168"
"89","Chamaenerion angustifolium","Plantae","FALSE","FALSE","TRUE","FALSE","http://www.inaturalist.org/observations/3892983"
"90","Chamaenerion angustifolium","Plantae","FALSE","FALSE","TRUE","FALSE","http://www.inaturalist.org/observations/3971699"
"91","Chamaenerion angustifolium","Plantae","FALSE","FALSE","TRUE","FALSE","http://www.inaturalist.org/observations/3971708"
"92","Chamaenerion angustifolium","Plantae","FALSE","FALSE","TRUE","FALSE","http://www.inaturalist.org/observations/3971730"
"93","Chamaenerion angustifolium","Plantae","FALSE","FALSE","TRUE","FALSE","http://www.inaturalist.org/observations/3971838"
"94","Chamaenerion angustifolium","Plantae","FALSE","FALSE","TRUE","FALSE","http://www.inaturalist.org/observations/3749850"
"95","Chamaenerion angustifolium","Plantae","FALSE","FALSE","TRUE","FALSE","http://www.inaturalist.org/observations/3865701"
"96","Chamaenerion angustifolium","Plantae","FALSE","FALSE","TRUE","FALSE","http://www.inaturalist.org/observations/3865706"
"97","Chamaenerion angustifolium","Plantae","FALSE","FALSE","TRUE","FALSE","http://www.inaturalist.org/observations/3865759"
"98","Chamaenerion angustifolium","Plantae","FALSE","FALSE","TRUE","FALSE","http://www.inaturalist.org/observations/3865809"
"99","Chamaenerion angustifolium","Plantae","FALSE","FALSE","TRUE","FALSE","http://www.inaturalist.org/observations/3684098"
"100","Chamaenerion angustifolium","Plantae","FALSE","FALSE","TRUE","FALSE","http://www.inaturalist.org/observations/3684109"
"101","Chamaenerion angustifolium","Plantae","FALSE","FALSE","TRUE","FALSE","http://www.inaturalist.org/observations/3684124"
"102","Chamaenerion angustifolium","Plantae","FALSE","FALSE","TRUE","FALSE","http://www.inaturalist.org/observations/3698243"
"103","Chamaenerion angustifolium","Plantae","FALSE","FALSE","TRUE","FALSE","http://www.inaturalist.org/observations/3634942"
"104","Chamaenerion angustifolium","Plantae","FALSE","FALSE","TRUE","FALSE","http://www.inaturalist.org/observations/3737928"
"105","Chamaenerion angustifolium","Plantae","FALSE","FALSE","TRUE","FALSE","http://www.inaturalist.org/observations/3649310"
"106","Chamaenerion angustifolium","Plantae","FALSE","FALSE","TRUE","FALSE","http://www.inaturalist.org/observations/3649338"
"107","Chamaenerion angustifolium","Plantae","FALSE","FALSE","TRUE","FALSE","http://www.inaturalist.org/observations/3649424"
"108","Chamaenerion angustifolium","Plantae","FALSE","FALSE","TRUE","FALSE","http://www.inaturalist.org/observations/3649499"
"109","Chamaenerion angustifolium","Plantae","FALSE","FALSE","TRUE","FALSE","http://www.inaturalist.org/observations/3649522"
"110","Chamaenerion angustifolium","Plantae","FALSE","FALSE","TRUE","FALSE","http://www.inaturalist.org/observations/3656185"
"111","Chamaenerion angustifolium","Plantae","FALSE","FALSE","TRUE","FALSE","http://www.inaturalist.org/observations/3658882"
"112","Chamaenerion angustifolium","Plantae","FALSE","FALSE","TRUE","FALSE","http://www.inaturalist.org/observations/3530558"
"113","Chamaenerion angustifolium","Plantae","FALSE","FALSE","TRUE","FALSE","http://www.inaturalist.org/observations/3519586"
"114","Chamaenerion angustifolium","Plantae","FALSE","FALSE","TRUE","FALSE","http://www.inaturalist.org/observations/3621056"
"115","Chamaenerion latifolium","Plantae","FALSE","FALSE","TRUE","FALSE","http://www.inaturalist.org/observations/3890854"
"116","Chamaenerion latifolium","Plantae","FALSE","FALSE","TRUE","FALSE","https://www.inaturalist.org/observations/26254938"
"117","Chamaenerion latifolium","Plantae","FALSE","FALSE","TRUE","FALSE","http://www.inaturalist.org/observations/3621529"
"118","Crepis nana","Plantae","TRUE","TRUE","FALSE","TRUE","http://www.inaturalist.org/observations/3801234"
"119","Dactylorhiza viridis","Plantae","FALSE","FALSE","FALSE","TRUE","http://www.inaturalist.org/observations/3621362"
"120","Dasiphora fruticosa","Plantae","FALSE","FALSE","FALSE","TRUE","http://www.inaturalist.org/observations/3892982"
"121","Dasiphora fruticosa","Plantae","FALSE","FALSE","FALSE","TRUE","http://www.inaturalist.org/observations/3888821"
"122","Dasiphora fruticosa","Plantae","FALSE","FALSE","FALSE","TRUE","http://www.inaturalist.org/observations/3971677"
"123","Dasiphora fruticosa","Plantae","FALSE","FALSE","FALSE","TRUE","http://www.inaturalist.org/observations/3971715"
"124","Dasiphora fruticosa","Plantae","FALSE","FALSE","FALSE","TRUE","http://www.inaturalist.org/observations/3971848"
"125","Dasiphora fruticosa","Plantae","FALSE","FALSE","FALSE","TRUE","http://www.inaturalist.org/observations/4042940"
"126","Dasiphora fruticosa","Plantae","FALSE","FALSE","FALSE","TRUE","http://www.inaturalist.org/observations/3772877"
"127","Dasiphora fruticosa","Plantae","FALSE","FALSE","FALSE","TRUE","http://www.inaturalist.org/observations/3820152"
"128","Dasiphora fruticosa","Plantae","FALSE","FALSE","FALSE","TRUE","http://www.inaturalist.org/observations/3820160"
"129","Dasiphora fruticosa","Plantae","FALSE","FALSE","FALSE","TRUE","http://www.inaturalist.org/observations/3820166"
"130","Dasiphora fruticosa","Plantae","FALSE","FALSE","FALSE","TRUE","http://www.inaturalist.org/observations/3865680"
"131","Dasiphora fruticosa","Plantae","FALSE","FALSE","FALSE","TRUE","http://www.inaturalist.org/observations/3865702"
"132","Dasiphora fruticosa","Plantae","FALSE","FALSE","FALSE","TRUE","http://www.inaturalist.org/observations/3865711"
"133","Dasiphora fruticosa","Plantae","FALSE","FALSE","FALSE","TRUE","http://www.inaturalist.org/observations/3865743"
"134","Dasiphora fruticosa","Plantae","FALSE","FALSE","FALSE","TRUE","http://www.inaturalist.org/observations/3865748"
"135","Dasiphora fruticosa","Plantae","FALSE","FALSE","FALSE","TRUE","http://www.inaturalist.org/observations/3865773"
"136","Dasiphora fruticosa","Plantae","FALSE","FALSE","FALSE","TRUE","http://www.inaturalist.org/observations/3865790"
"137","Dasiphora fruticosa","Plantae","FALSE","FALSE","FALSE","TRUE","http://www.inaturalist.org/observations/3865824"
"138","Dasiphora fruticosa","Plantae","FALSE","FALSE","FALSE","TRUE","http://www.inaturalist.org/observations/3888793"
"139","Dasiphora fruticosa","Plantae","FALSE","FALSE","FALSE","TRUE","http://www.inaturalist.org/observations/3684129"
"140","Dasiphora fruticosa","Plantae","FALSE","FALSE","FALSE","TRUE","http://www.inaturalist.org/observations/3693731"
"141","Dasiphora fruticosa","Plantae","FALSE","FALSE","FALSE","TRUE","http://www.inaturalist.org/observations/3693941"
"142","Dasiphora fruticosa","Plantae","FALSE","FALSE","FALSE","TRUE","http://www.inaturalist.org/observations/3663358"
"143","Dasiphora fruticosa","Plantae","FALSE","FALSE","FALSE","TRUE","http://www.inaturalist.org/observations/3663361"
"144","Dasiphora fruticosa","Plantae","FALSE","FALSE","FALSE","TRUE","http://www.inaturalist.org/observations/3621791"
"145","Dasiphora fruticosa","Plantae","FALSE","FALSE","FALSE","TRUE","http://www.inaturalist.org/observations/3737901"
"146","Dasiphora fruticosa","Plantae","FALSE","FALSE","FALSE","TRUE","http://www.inaturalist.org/observations/3737930"
"147","Dasiphora fruticosa","Plantae","FALSE","FALSE","FALSE","TRUE","http://www.inaturalist.org/observations/3741346"
"148","Dasiphora fruticosa","Plantae","FALSE","FALSE","FALSE","TRUE","http://www.inaturalist.org/observations/3741350"
"149","Dasiphora fruticosa","Plantae","FALSE","FALSE","FALSE","TRUE","http://www.inaturalist.org/observations/3741359"
"150","Dasiphora fruticosa","Plantae","FALSE","FALSE","FALSE","TRUE","http://www.inaturalist.org/observations/3658660"
"151","Dasiphora fruticosa","Plantae","FALSE","FALSE","FALSE","TRUE","http://www.inaturalist.org/observations/3658669"
"152","Dasiphora fruticosa","Plantae","FALSE","FALSE","FALSE","TRUE","http://www.inaturalist.org/observations/3658817"
"153","Dasiphora fruticosa","Plantae","FALSE","FALSE","FALSE","TRUE","http://www.inaturalist.org/observations/3658822"
"154","Dasiphora fruticosa","Plantae","FALSE","FALSE","FALSE","TRUE","http://www.inaturalist.org/observations/3658830"
"155","Dasiphora fruticosa","Plantae","FALSE","FALSE","FALSE","TRUE","http://www.inaturalist.org/observations/3658867"
"156","Dasiphora fruticosa","Plantae","FALSE","FALSE","FALSE","TRUE","http://www.inaturalist.org/observations/3658877"
"157","Dasiphora fruticosa","Plantae","FALSE","FALSE","FALSE","TRUE","http://www.inaturalist.org/observations/3658884"
"158","Dasiphora fruticosa","Plantae","FALSE","FALSE","FALSE","TRUE","http://www.inaturalist.org/observations/3658894"
"159","Dasiphora fruticosa","Plantae","FALSE","FALSE","FALSE","TRUE","http://www.inaturalist.org/observations/3658900"
"160","Dasiphora fruticosa","Plantae","FALSE","FALSE","FALSE","TRUE","http://www.inaturalist.org/observations/3658901"
"161","Dasiphora fruticosa","Plantae","FALSE","FALSE","FALSE","TRUE","http://www.inaturalist.org/observations/3658904"
"162","Dasiphora fruticosa","Plantae","FALSE","FALSE","FALSE","TRUE","http://www.inaturalist.org/observations/3467719"
"163","Dasiphora fruticosa","Plantae","FALSE","FALSE","FALSE","TRUE","http://www.inaturalist.org/observations/3470531"
"164","Dasiphora fruticosa","Plantae","FALSE","FALSE","FALSE","TRUE","http://www.inaturalist.org/observations/3481500"
"165","Dasiphora fruticosa","Plantae","FALSE","FALSE","FALSE","TRUE","http://www.inaturalist.org/observations/3481504"
"166","Dasiphora fruticosa","Plantae","FALSE","FALSE","FALSE","TRUE","http://www.inaturalist.org/observations/3530555"
"167","Dasiphora fruticosa","Plantae","FALSE","FALSE","FALSE","TRUE","http://www.inaturalist.org/observations/3530557"
"168","Dasiphora fruticosa","Plantae","FALSE","FALSE","FALSE","TRUE","http://www.inaturalist.org/observations/3566088"
"169","Dasiphora fruticosa","Plantae","FALSE","FALSE","FALSE","TRUE","http://www.inaturalist.org/observations/3621083"
"170","Empetrum nigrum","Plantae","TRUE","FALSE","FALSE","TRUE","http://www.inaturalist.org/observations/3966963"
"171","Galium boreale","Plantae","TRUE","FALSE","TRUE","TRUE","http://www.inaturalist.org/observations/3841193"
"172","Galium boreale","Plantae","TRUE","FALSE","TRUE","TRUE","http://www.inaturalist.org/observations/3621170"
"173","Gentiana algida","Plantae","TRUE","FALSE","FALSE","TRUE","http://www.inaturalist.org/observations/3791020"
"174","Gentiana algida","Plantae","TRUE","FALSE","FALSE","TRUE","http://www.inaturalist.org/observations/3662696"
"175","Geranium erianthum","Plantae","TRUE","FALSE","FALSE","TRUE","http://www.inaturalist.org/observations/3841158"
"176","Geranium erianthum","Plantae","TRUE","FALSE","FALSE","TRUE","http://www.inaturalist.org/observations/3621361"
"177","Hedysarum alpinum","Plantae","TRUE","FALSE","FALSE","TRUE","http://www.inaturalist.org/observations/3787555"
"178","Hedysarum alpinum","Plantae","TRUE","FALSE","FALSE","TRUE","http://www.inaturalist.org/observations/3468030"
"179","Juniperus communis","Plantae","TRUE","TRUE","FALSE","FALSE","http://www.inaturalist.org/observations/3841192"
"180","Linnaea borealis","Plantae","TRUE","TRUE","FALSE","FALSE","http://www.inaturalist.org/observations/3621173"
"181","Lupinus arcticus","Plantae","TRUE","FALSE","FALSE","FALSE","http://www.inaturalist.org/observations/4042926"
"182","Lupinus arcticus","Plantae","TRUE","FALSE","FALSE","FALSE","http://www.inaturalist.org/observations/3467790"
"183","Mertensia paniculata","Plantae","TRUE","FALSE","FALSE","FALSE","http://www.inaturalist.org/observations/3888812"
"184","Mertensia paniculata","Plantae","TRUE","FALSE","FALSE","FALSE","http://www.inaturalist.org/observations/3892986"
"185","Mertensia paniculata","Plantae","TRUE","FALSE","FALSE","FALSE","http://www.inaturalist.org/observations/3971705"
"186","Mertensia paniculata","Plantae","TRUE","FALSE","FALSE","FALSE","http://www.inaturalist.org/observations/3758359"
"187","Mertensia paniculata","Plantae","TRUE","FALSE","FALSE","FALSE","http://www.inaturalist.org/observations/3758384"
"188","Mertensia paniculata","Plantae","TRUE","FALSE","FALSE","FALSE","http://www.inaturalist.org/observations/3865691"
"189","Mertensia paniculata","Plantae","TRUE","FALSE","FALSE","FALSE","http://www.inaturalist.org/observations/3865724"
"190","Mertensia paniculata","Plantae","TRUE","FALSE","FALSE","FALSE","http://www.inaturalist.org/observations/3865738"
"191","Mertensia paniculata","Plantae","TRUE","FALSE","FALSE","FALSE","http://www.inaturalist.org/observations/3865766"
"192","Mertensia paniculata","Plantae","TRUE","FALSE","FALSE","FALSE","http://www.inaturalist.org/observations/3865799"
"193","Mertensia paniculata","Plantae","TRUE","FALSE","FALSE","FALSE","http://www.inaturalist.org/observations/3621788"
"194","Mertensia paniculata","Plantae","TRUE","FALSE","FALSE","FALSE","http://www.inaturalist.org/observations/3737915"
"195","Mertensia paniculata","Plantae","TRUE","FALSE","FALSE","FALSE","http://www.inaturalist.org/observations/3737935"
"196","Mertensia paniculata","Plantae","TRUE","FALSE","FALSE","FALSE","http://www.inaturalist.org/observations/3649413"
"197","Mertensia paniculata","Plantae","TRUE","FALSE","FALSE","FALSE","http://www.inaturalist.org/observations/3649438"
"198","Mertensia paniculata","Plantae","TRUE","FALSE","FALSE","FALSE","http://www.inaturalist.org/observations/3650171"
"199","Mertensia paniculata","Plantae","TRUE","FALSE","FALSE","FALSE","http://www.inaturalist.org/observations/3651173"
"200","Mertensia paniculata","Plantae","TRUE","FALSE","FALSE","FALSE","http://www.inaturalist.org/observations/3656092"
"201","Mertensia paniculata","Plantae","TRUE","FALSE","FALSE","FALSE","http://www.inaturalist.org/observations/3658664"
"202","Mertensia paniculata","Plantae","TRUE","FALSE","FALSE","FALSE","http://www.inaturalist.org/observations/3658777"
"203","Mertensia paniculata","Plantae","TRUE","FALSE","FALSE","FALSE","http://www.inaturalist.org/observations/3658850"
"204","Mertensia paniculata","Plantae","TRUE","FALSE","FALSE","FALSE","http://www.inaturalist.org/observations/3658880"
"205","Mertensia paniculata","Plantae","TRUE","FALSE","FALSE","FALSE","http://www.inaturalist.org/observations/3658891"
"206","Mertensia paniculata","Plantae","TRUE","FALSE","FALSE","FALSE","http://www.inaturalist.org/observations/3658933"
"207","Mertensia paniculata","Plantae","TRUE","FALSE","FALSE","FALSE","http://www.inaturalist.org/observations/3467781"
"208","Mertensia paniculata","Plantae","TRUE","FALSE","FALSE","FALSE","http://www.inaturalist.org/observations/3481555"
"209","Mertensia paniculata","Plantae","TRUE","FALSE","FALSE","FALSE","http://www.inaturalist.org/observations/3482922"
"210","Mertensia paniculata","Plantae","TRUE","FALSE","FALSE","FALSE","http://www.inaturalist.org/observations/3485614"
"211","Mertensia paniculata","Plantae","TRUE","FALSE","FALSE","FALSE","http://www.inaturalist.org/observations/3530563"
"212","Mertensia paniculata","Plantae","TRUE","FALSE","FALSE","FALSE","http://www.inaturalist.org/observations/3530921"
"213","Mertensia paniculata","Plantae","TRUE","FALSE","FALSE","FALSE","http://www.inaturalist.org/observations/3530927"
"214","Mertensia paniculata","Plantae","TRUE","FALSE","FALSE","FALSE","http://www.inaturalist.org/observations/3519574"
"215","Mertensia paniculata","Plantae","TRUE","FALSE","FALSE","FALSE","http://www.inaturalist.org/observations/3621104"
"216","Micranthes nelsoniana","Plantae","FALSE","FALSE","FALSE","FALSE","http://www.inaturalist.org/observations/3485612"
"217","Moneses uniflora","Plantae","TRUE","FALSE","FALSE","TRUE","http://www.inaturalist.org/observations/3841143"
"218","Oxytropis borealis","Plantae","TRUE","FALSE","FALSE","FALSE","http://www.inaturalist.org/observations/3749851"
"219","Picea glauca","Plantae","TRUE","FALSE","FALSE","TRUE","http://www.inaturalist.org/observations/3841113"
"220","Polemonium acutiflorum","Plantae","TRUE","FALSE","TRUE","FALSE","http://www.inaturalist.org/observations/4043030"
"221","Rabdophaga rosaria","Plantae","FALSE","FALSE","FALSE","FALSE","http://www.inaturalist.org/observations/3746087"
"222","Sanguisorba stipulata","Plantae","FALSE","FALSE","FALSE","TRUE","http://www.inaturalist.org/observations/3791057"
"223","Sanguisorba stipulata","Plantae","FALSE","FALSE","FALSE","TRUE","http://www.inaturalist.org/observations/3662695"
"224","Saxifraga tricuspidata","Plantae","TRUE","FALSE","FALSE","TRUE","http://www.inaturalist.org/observations/3966972"
"225","Saxifraga tricuspidata","Plantae","TRUE","FALSE","FALSE","TRUE","http://www.inaturalist.org/observations/3621530"
"226","Silene acaulis","Plantae","TRUE","TRUE","FALSE","TRUE","http://www.inaturalist.org/observations/3971725"
"227","Silene acaulis","Plantae","TRUE","TRUE","FALSE","TRUE","http://www.inaturalist.org/observations/3971734"
"228","Silene acaulis","Plantae","TRUE","TRUE","FALSE","TRUE","http://www.inaturalist.org/observations/3971742"
"229","Silene acaulis","Plantae","TRUE","TRUE","FALSE","TRUE","http://www.inaturalist.org/observations/3971747"
"230","Silene acaulis","Plantae","TRUE","TRUE","FALSE","TRUE","http://www.inaturalist.org/observations/3971755"
"231","Silene acaulis","Plantae","TRUE","TRUE","FALSE","TRUE","http://www.inaturalist.org/observations/3971760"
"232","Silene acaulis","Plantae","TRUE","TRUE","FALSE","TRUE","http://www.inaturalist.org/observations/3971828"
"233","Silene acaulis","Plantae","TRUE","TRUE","FALSE","TRUE","http://www.inaturalist.org/observations/3971843"
"234","Silene acaulis","Plantae","TRUE","TRUE","FALSE","TRUE","http://www.inaturalist.org/observations/3971857"
"235","Silene acaulis","Plantae","TRUE","TRUE","FALSE","TRUE","http://www.inaturalist.org/observations/3971863"
"236","Silene acaulis","Plantae","TRUE","TRUE","FALSE","TRUE","http://www.inaturalist.org/observations/3865784"
"237","Silene acaulis","Plantae","TRUE","TRUE","FALSE","TRUE","http://www.inaturalist.org/observations/3741259"
"238","Silene acaulis","Plantae","TRUE","TRUE","FALSE","TRUE","http://www.inaturalist.org/observations/3741263"
"239","Silene acaulis","Plantae","TRUE","TRUE","FALSE","TRUE","http://www.inaturalist.org/observations/3470529"
"240","Silene acaulis","Plantae","TRUE","TRUE","FALSE","TRUE","http://www.inaturalist.org/observations/3480771"
"241","Silene acaulis","Plantae","TRUE","TRUE","FALSE","TRUE","http://www.inaturalist.org/observations/3481508"
"242","Silene acaulis","Plantae","TRUE","TRUE","FALSE","TRUE","http://www.inaturalist.org/observations/3481554"
"243","Silene acaulis","Plantae","TRUE","TRUE","FALSE","TRUE","http://www.inaturalist.org/observations/3485613"
"244","Solidago multiradiata","Plantae","TRUE","TRUE","FALSE","TRUE","http://www.inaturalist.org/observations/3621363"
"245","Spiraea stevenii","Plantae","TRUE","FALSE","FALSE","TRUE","http://www.inaturalist.org/observations/3621171"
"246","Vaccinium uliginosum","Plantae","TRUE","TRUE","FALSE","TRUE","http://www.inaturalist.org/observations/3823825"
"247","Vaccinium vitis-idaea","Plantae","TRUE","FALSE","FALSE","TRUE","http://www.inaturalist.org/observations/3966964"
