"","Iconic_taxa","iNat_entry","NPSpecies_name","Accepted_TSN","NPS_entry_TSN"
"1","Mammalia","Urocitellus parryii","Spermophilus parryii","930321","180146"
"2","Plantae","Bistorta plumosa","Polygonum bistorta ssp. plumosum","823771","526455"
"3","Plantae","Chamaenerion angustifolium","Chamerion angustifolium ssp. angustifolium","566019","510710"
"4","Plantae","Chamaenerion latifolium","Chamerion latifolium","510758","510711"
"5","Plantae","Dactylorhiza viridis","Coeloglossum viride ssp. bracteatum","894693","525507"
"6","Plantae","Dasiphora fruticosa","Dasiphora floribunda","836659","565123"
"7","Plantae","Sanguisorba stipulata","Sanguisorba canadensis ssp. latifolia","520974","526622"
