"","Iconic.taxon.name","Scientific.name","Common.name"
"1","Fungi","Catathelasma ventricosum",""
"2","Fungi","Gomphus clavatus","pig's ears"
"3","Fungi","Lactarius pubescens","Downy milk cap"
"4","Fungi","Lyophyllum decastes","Fried Chicken Mushroom"
"5","Fungi","Peniophora rufa",""
"6","Fungi","Thelephora terrestris","Common Fiber Vase"
"7","Fungi","Tremella mesenterica","witch's butter"
"8","Insecta","Agriades optilete","Cranberry Blue"
"9","Insecta","Colias palaeno","Moorland Clouded Yellow"
"10","Insecta","Cupido amyntula","Western Tailed-Blue"
"11","Insecta","Erynnis persius","Persius Duskywing"
"12","Insecta","Glaucopsyche lygdamus","Silvery Blue"
"13","Insecta","Icaricia saepiolus","Greenish Blue"
"14","Insecta","Monochamus scutellatus","White-spotted Sawyer Beetle"
"15","Insecta","Oeneis jutta","Jutta Arctic"
"16","Insecta","Papilio canadensis","Canadian Tiger Swallowtail"
"17","Insecta","Papilio machaon","Old World Swallowtail"
"18","Insecta","Pieris angelika","Arctic White"
"19","Insecta","Polygonia gracilis","Hoary Comma"
