"","Iconic_taxa","Scientific_name","Occurences in BISON","Invasive.Record"
"1","Aves","Falcipennis canadensis","VT 433; OR 93; WY 1; ME 963; BC CAN 1355; SK CAN 159; PE CAN 3; YT CAN 864; WA 318; UT 2; ON CAN 1887; MB CAN 743; CO 1; QC CAN 2308; AK 2414; AB CAN 987; WI 524; NV 2; NY 133; MT 507; MN 361; NL CAN 478; CA 16; MI 856; NB CAN 138; NU CAN 14; NS CAN 663; NH 419; NT CAN 455; VA 4; ID 226","No"
"2","Plantae","Botrychium alaskense","AK 50; YT CAN 3","No"
"3","Plantae","Castilleja caudata","NU CAN 11; BC CAN 6; AK 81; NT CAN 7; AB CAN 1; YT CAN 9","No"
"4","Plantae","Micranthes nelsoniana","NU CAN 1; AK 43; CA 13; NT CAN 1; YT CAN 7","No"
"5","Plantae","Rabdophaga rosaria","AK 6","No"
