"","Scientific_name","Iconic_taxa","Match NPSpecies","iNaturalist_Entry_count"
"1","Anthus rubescens","Aves","NPSpecies synonym match","1"
"2","Bonasa umbellus","Aves","Match","1"
"3","Falcipennis canadensis","Aves","No Match","1"
"4","Gavia immer","Aves","Match","1"
"5","Lagopus lagopus","Aves","Match","2"
"6","Pica hudsonia","Aves","Match","1"
"7","Zonotrichia leucophrys","Aves","Match","1"
"8","Alces alces","Mammalia","Match","8"
"9","Lepus americanus","Mammalia","Match","2"
"10","Rangifer tarandus","Mammalia","Match","8"
"11","Urocitellus parryii","Mammalia","ITIS Match","4"
"12","Ursus americanus","Mammalia","Match","1"
"13","Ursus arctos","Mammalia","Match","7"
"14","Vulpes vulpes","Mammalia","Match","1"
"15","Achillea millefolium","Plantae","Match","2"
"16","Aconitum delphiniifolium","Plantae","Match","5"
"17","Actaea rubra","Plantae","Match","1"
"18","Angelica lucida","Plantae","Match","2"
"19","Arnica lessingii","Plantae","Match","1"
"20","Bistorta plumosa","Plantae","ITIS Match","1"
"21","Botrychium alaskense","Plantae","No Match","1"
"22","Botrychium lunaria","Plantae","Match","1"
"23","Boykinia richardsonii","Plantae","Match","31"
"24","Campanula lasiocarpa","Plantae","Match","3"
"25","Castilleja caudata","Plantae","No Match","1"
"26","Chamaenerion angustifolium","Plantae","ITIS Match","26"
"27","Chamaenerion latifolium","Plantae","ITIS Match","3"
"28","Crepis nana","Plantae","Match","1"
"29","Dactylorhiza viridis","Plantae","ITIS Match","1"
"30","Dasiphora fruticosa","Plantae","ITIS Match","50"
"31","Empetrum nigrum","Plantae","Match","1"
"32","Galium boreale","Plantae","Match","2"
"33","Gentiana algida","Plantae","Match","2"
"34","Geranium erianthum","Plantae","Match","2"
"35","Hedysarum alpinum","Plantae","Match","2"
"36","Juniperus communis","Plantae","Match","1"
"37","Linnaea borealis","Plantae","Match","1"
"38","Lupinus arcticus","Plantae","Match","2"
"39","Mertensia paniculata","Plantae","Match","33"
"40","Micranthes nelsoniana","Plantae","No Match","1"
"41","Moneses uniflora","Plantae","Match","1"
"42","Oxytropis borealis","Plantae","Match","1"
"43","Picea glauca","Plantae","Match","1"
"44","Polemonium acutiflorum","Plantae","Match","1"
"45","Rabdophaga rosaria","Plantae","No Match","1"
"46","Sanguisorba stipulata","Plantae","ITIS Match","2"
"47","Saxifraga tricuspidata","Plantae","Match","2"
"48","Silene acaulis","Plantae","Match","18"
"49","Solidago multiradiata","Plantae","Match","1"
"50","Spiraea stevenii","Plantae","Match","1"
"51","Vaccinium uliginosum","Plantae","Match","1"
"52","Vaccinium vitis-idaea","Plantae","Match","1"
"53","Gomphus clavatus","Fungi","Table 4","2"
"54","Catathelasma ventricosum","Fungi","Table 4","2"
"55","Monochamus scutellatus","Insecta","Table 4","2"
"56","Tremella mesenterica","Fungi","Table 4","1"
"57","Lactarius pubescens","Fungi","Table 4","1"
"58","Thelephora terrestris","Fungi","Table 4","1"
"59","Lyophyllum decastes","Fungi","Table 4","1"
"60","Peniophora rufa","Fungi","Table 4","2"
"61","Agriades optilete","Insecta","Table 4","3"
"62","Colias palaeno","Insecta","Table 4","1"
"63","Papilio machaon","Insecta","Table 4","1"
"64","Pieris angelika","Insecta","Table 4","3"
"65","Polygonia gracilis","Insecta","Table 4","1"
"66","Oeneis jutta","Insecta","Table 4","1"
"67","Icaricia saepiolus","Insecta","Table 4","1"
"68","Erynnis persius","Insecta","Table 4","1"
"69","Cupido amyntula","Insecta","Table 4","1"
"70","Papilio canadensis","Insecta","Table 4","1"
"71","Glaucopsyche lygdamus","Insecta","Table 4","1"
