"","Scientific_name","Iconic_taxa","Match NPSpecies","iNaturalist_Entry_count"
"1","Achillea millefolium","Plantae","No Match","1"
"2","Bromus hordeaceus","Plantae","Match","1"
"3","Cirsium vulgare","Plantae","Match","2"
"4","Claytonia perfoliata","Plantae","No Match","1"
"5","Conium maculatum","Plantae","Match","1"
"6","Cytisus scoparius","Plantae","Match","1"
"7","Daucus carota","Plantae","Match","1"
"8","Eschscholzia californica","Plantae","No Match","2"
"9","Galium aparine","Plantae","Match","1"
"10","Hordeum jubatum","Plantae","No Match","1"
"11","Hypericum perforatum","Plantae","Match","2"
"12","Jacobaea vulgaris","Plantae","ITIS Match","1"
"13","Lactuca serriola","Plantae","Match","1"
"14","Lathyrus latifolius","Plantae","Match","2"
"15","Leucanthemum vulgare","Plantae","Match","3"
"16","Lupinus polyphyllus","Plantae","Match","2"
"17","Marrubium vulgare","Plantae","No Match","1"
"18","Matricaria discoidea","Plantae","Match","2"
"19","Plantago lanceolata","Plantae","Match","3"
"20","Populus trichocarpa","Plantae","ITIS Match","1"
"21","Potentilla recta","Plantae","No Match","1"
"22","Pseudotsuga menziesii","Plantae","Match","1"
"23","Robinia pseudoacacia","Plantae","Match","1"
"24","Rubus armeniacus","Plantae","No Match","1"
"25","Rubus ursinus","Plantae","Match","1"
"26","Rumex acetosella","Plantae","Match","1"
"27","Solanum dulcamara","Plantae","Match","1"
"28","Tragopogon dubius","Plantae","Match","3"
"29","Trifolium incarnatum","Plantae","Match","1"
"30","Trifolium pratense","Plantae","Match","1"
"31","Verbascum blattaria","Plantae","Match","2"
"32","Vicia sativa","Plantae","No Match","1"
"33","Vicia villosa","Plantae","Match","1"
"34","Chrysolina hyperici","Insecta","Table 4","2"
"35","Coccinella septempunctata","Insecta","Table 4","5"
"36","Tessellana tessellata","Insecta","Table 4","1"
"37","Bombus vosnesenskii","Insecta","Table 4","1"
"38","Bombus mixtus","Insecta","Table 4","1"
"39","Judolia instabilis","Insecta","Table 4","4"
"40","Bombus griseocollis","Insecta","Table 4","1"
"41","Noctua pronuba","Insecta","Table 4","1"
