"","Iconic_taxa","Scientific_name","Occurences in BISON","Invasive.Record"
"1","Plantae","Achillea millefolium","NC 315; IN 200; WY 157; BC CAN 250; SK CAN 33; PE CAN 8; UT 448; YT CAN 31; AB CAN 284; AZ 482; MT 3103; KY 95; CA 5980; KS 196; FL 43; DE 11; PA 203; IA 43; MS 9; TX 401; IL 294; NS CAN 175; CT 261; GA 31; VA 356; MD 172; ID 496; OR 885; VT 236; PR 1; ME 191; OK 121; TN 98; AL 23; AR 93; WA 1323; SC 78; NE 69; ON CAN 347; WV 117; MB CAN 214; CO 1539; MA 303; MO 449; QC CAN 348; AK 479; ND 123; WI 396; NV 310; NY 386; RI 43; DC 22; SD 136; HI 37; MN 275; NL CAN 12; NJ 251; MI 421; NB CAN 48; NU CAN 13; NM 191; NH 163; LA 61; OH 221; NT CAN 38","No"
"2","Plantae","Claytonia perfoliata","OR 119; NC 1; MT 10; WY 4; BC CAN 59; SD 1; CA 3079; WA 94; UT 62; MI 1; NH 2; AK 2; MD 1; AZ 175; ID 47; NV 33","No"
"3","Plantae","Eschscholzia californica","OR 183; NC 4; WY 1; TN 2; BC CAN 14; PE CAN 1; AL 3; WA 81; UT 10; SC 7; CO 11; MA 8; MO 4; QC CAN 1; AK 3; AB CAN 2; AZ 76; WI 2; NV 8; NY 8; DC 2; KY 1; HI 13; CA 8620; PA 6; MI 1; NM 32; TX 36; IL 2; NS CAN 2; CT 12; NH 1; LA 3; OH 2; GA 1; MD 1; ID 10","Yes"
"4","Plantae","Hordeum jubatum","NC 5; IN 101; WY 86; BC CAN 106; SK CAN 18; PE CAN 6; UT 237; YT CAN 50; AB CAN 76; AZ 168; MT 225; KY 8; CA 827; KS 240; DE 9; PA 39; IA 272; IL 154; TX 47; NS CAN 33; CT 71; VA 11; MD 6; ID 151; OR 147; VT 17; ME 54; OK 15; TN 2; AR 3; WA 115; SC 3; NE 91; ON CAN 65; WV 12; MB CAN 45; CO 362; MA 73; MO 180; QC CAN 105; AK 3452; ND 80; WI 130; NV 90; NY 72; DC 9; RI 7; SD 77; MN 113; NL CAN 9; NJ 14; MI 47; NB CAN 13; NU CAN 4; NM 192; NH 19; OH 71; NT CAN 42","Yes"
"5","Plantae","Marrubium vulgare","NC 15; IN 40; WY 8; BC CAN 7; UT 104; AB CAN 1; AZ 956; MT 21; KY 17; CA 2729; KS 112; DE 1; PA 35; IA 3; TX 224; IL 58; CT 29; GA 5; VA 26; MD 4; ID 60; OR 86; VT 7; TN 19; OK 18; ME 5; AL 3; AR 20; WA 57; SC 2; NE 9; WV 20; ON CAN 8; CO 493; MA 41; MO 107; AK 1; NV 65; NY 26; RI 8; DC 2; HI 14; SD 12; MN 1; NJ 18; MI 27; NM 206; LA 3; OH 42","Yes"
"6","Plantae","Potentilla recta","NC 91; IN 124; WY 16; BC CAN 58; PE CAN 3; UT 5; AB CAN 1; AZ 10; MT 110; KY 53; KS 179; CA 33; FL 7; DE 5; PA 113; IA 14; MS 6; IL 236; NS CAN 31; TX 4; CT 155; GA 18; VA 135; MD 41; ID 86; OR 148; VT 115; TN 63; ME 53; OK 20; AL 13; AR 57; WA 109; SC 50; NE 15; ON CAN 193; WV 137; MB CAN 1; MA 136; CO 50; MO 314; QC CAN 153; WI 182; NV 6; NY 233; DC 22; RI 17; SD 24; MN 60; NJ 60; MI 244; NB CAN 7; NM 3; NH 64; LA 16; OH 119","Yes"
"7","Plantae","Rubus armeniacus","OR 12265; DC 1; KY 2; BC CAN 50; HI 5; CA 1543; AR 10; WA 191; UT 3; SC 1; PA 2; NM 3; CO 2; IL 2; MA 1; MO 14; OH 3; VA 22; MD 1; AZ 10; ID 8; NV 6","Yes"
"8","Plantae","Vicia sativa","NC 117; IN 1; WY 1; BC CAN 62; PE CAN 2; AZ 1; MT 13; KY 31; CA 1106; KS 8; FL 96; DE 22; PA 29; MS 72; TX 323; IL 17; NS CAN 7; CT 29; GA 35; VA 162; MD 95; ID 12; OR 141; VT 12; TN 59; ME 24; OK 20; AL 24; AR 77; WA 244; SC 138; NE 2; WV 13; ON CAN 13; MA 26; CO 3; MO 17; QC CAN 4; AK 1; WI 49; NV 1; DC 64; NY 58; RI 5; HI 33; SD 3; MN 16; NJ 40; MI 31; NB CAN 3; NH 11; LA 75; OH 24","Yes"
