"","Iconic.taxon.name","Scientific.name","Common.name"
"1","Insecta","Bombus griseocollis","Brown-belted Bumble Bee"
"2","Insecta","Bombus mixtus","Fuzzy-Horned Bumble Bee"
"3","Insecta","Bombus vosnesenskii","Yellow-faced Bumble Bee"
"4","Insecta","Chrysolina hyperici","Saint John's Wort Beetle"
"5","Insecta","Coccinella septempunctata","Seven-spotted Lady Beetle"
"6","Insecta","Judolia instabilis",""
"7","Insecta","Noctua pronuba","Large Yellow Underwing"
"8","Insecta","Tessellana tessellata","Brown-spotted Bush-cricket"
