"","Scientific_name","Iconic_taxa","iNat_NPS_matches","iNat_NPSsynonym_matches","iNat_ITIS_synonym_matches","iNat_ITIS_nonsyn_matches","iNaturalist_URL"
"1","Achillea millefolium","Plantae","FALSE","FALSE","FALSE","FALSE","http://www.inaturalist.org/observations/3282079"
"2","Bromus hordeaceus","Plantae","TRUE","FALSE","FALSE","FALSE","http://www.inaturalist.org/observations/3253672"
"3","Cirsium vulgare","Plantae","TRUE","FALSE","FALSE","TRUE","http://www.inaturalist.org/observations/3261360"
"4","Cirsium vulgare","Plantae","TRUE","FALSE","FALSE","TRUE","http://www.inaturalist.org/observations/3282208"
"5","Claytonia perfoliata","Plantae","FALSE","FALSE","FALSE","FALSE","http://www.inaturalist.org/observations/3257694"
"6","Conium maculatum","Plantae","TRUE","FALSE","FALSE","FALSE","http://www.inaturalist.org/observations/3261348"
"7","Cytisus scoparius","Plantae","TRUE","FALSE","FALSE","TRUE","http://www.inaturalist.org/observations/3282213"
"8","Daucus carota","Plantae","TRUE","FALSE","FALSE","TRUE","http://www.inaturalist.org/observations/3252416"
"9","Eschscholzia californica","Plantae","FALSE","FALSE","FALSE","FALSE","http://www.inaturalist.org/observations/3282248"
"10","Eschscholzia californica","Plantae","FALSE","FALSE","FALSE","FALSE","http://www.inaturalist.org/observations/3250491"
"11","Galium aparine","Plantae","TRUE","FALSE","FALSE","TRUE","http://www.inaturalist.org/observations/3257857"
"12","Hordeum jubatum","Plantae","FALSE","FALSE","FALSE","FALSE","http://www.inaturalist.org/observations/3284521"
"13","Hypericum perforatum","Plantae","TRUE","FALSE","FALSE","FALSE","http://www.inaturalist.org/observations/3282077"
"14","Hypericum perforatum","Plantae","TRUE","FALSE","FALSE","FALSE","http://www.inaturalist.org/observations/3253576"
"15","Jacobaea vulgaris","Plantae","FALSE","FALSE","FALSE","TRUE","http://www.inaturalist.org/observations/3282201"
"16","Lactuca serriola","Plantae","TRUE","FALSE","FALSE","TRUE","http://www.inaturalist.org/observations/3257605"
"17","Lathyrus latifolius","Plantae","TRUE","FALSE","FALSE","TRUE","http://www.inaturalist.org/observations/3253199"
"18","Lathyrus latifolius","Plantae","TRUE","FALSE","FALSE","TRUE","http://www.inaturalist.org/observations/3257949"
"19","Leucanthemum vulgare","Plantae","TRUE","FALSE","FALSE","TRUE","http://www.inaturalist.org/observations/3282218"
"20","Leucanthemum vulgare","Plantae","TRUE","FALSE","FALSE","TRUE","http://www.inaturalist.org/observations/3253464"
"21","Leucanthemum vulgare","Plantae","TRUE","FALSE","FALSE","TRUE","http://www.inaturalist.org/observations/3257876"
"22","Lupinus polyphyllus","Plantae","TRUE","FALSE","FALSE","FALSE","http://www.inaturalist.org/observations/3282068"
"23","Lupinus polyphyllus","Plantae","TRUE","FALSE","FALSE","FALSE","http://www.inaturalist.org/observations/3249621"
"24","Marrubium vulgare","Plantae","FALSE","FALSE","FALSE","FALSE","http://www.inaturalist.org/observations/3261434"
"25","Matricaria discoidea","Plantae","TRUE","FALSE","FALSE","TRUE","http://www.inaturalist.org/observations/3284393"
"26","Matricaria discoidea","Plantae","TRUE","FALSE","FALSE","TRUE","http://www.inaturalist.org/observations/3333113"
"27","Plantago lanceolata","Plantae","TRUE","FALSE","FALSE","TRUE","http://www.inaturalist.org/observations/3281822"
"28","Plantago lanceolata","Plantae","TRUE","FALSE","FALSE","TRUE","http://www.inaturalist.org/observations/3249926"
"29","Plantago lanceolata","Plantae","TRUE","FALSE","FALSE","TRUE","http://www.inaturalist.org/observations/3252960"
"30","Populus trichocarpa","Plantae","FALSE","FALSE","FALSE","TRUE","http://www.inaturalist.org/observations/3257918"
"31","Potentilla recta","Plantae","FALSE","FALSE","FALSE","FALSE","http://www.inaturalist.org/observations/3282074"
"32","Pseudotsuga menziesii","Plantae","TRUE","FALSE","FALSE","TRUE","http://www.inaturalist.org/observations/3332921"
"33","Robinia pseudoacacia","Plantae","TRUE","FALSE","FALSE","TRUE","http://www.inaturalist.org/observations/3253654"
"34","Rubus armeniacus","Plantae","FALSE","FALSE","FALSE","FALSE","http://www.inaturalist.org/observations/3284598"
"35","Rubus ursinus","Plantae","TRUE","FALSE","FALSE","TRUE","http://www.inaturalist.org/observations/3258253"
"36","Rumex acetosella","Plantae","TRUE","FALSE","FALSE","TRUE","http://www.inaturalist.org/observations/3249816"
"37","Solanum dulcamara","Plantae","TRUE","FALSE","FALSE","TRUE","http://www.inaturalist.org/observations/3284689"
"38","Tragopogon dubius","Plantae","TRUE","FALSE","FALSE","TRUE","http://www.inaturalist.org/observations/3282221"
"39","Tragopogon dubius","Plantae","TRUE","FALSE","FALSE","TRUE","http://www.inaturalist.org/observations/3284430"
"40","Tragopogon dubius","Plantae","TRUE","FALSE","FALSE","TRUE","http://www.inaturalist.org/observations/3252631"
"41","Trifolium incarnatum","Plantae","TRUE","FALSE","FALSE","TRUE","http://www.inaturalist.org/observations/3257579"
"42","Trifolium pratense","Plantae","TRUE","FALSE","FALSE","TRUE","http://www.inaturalist.org/observations/3258112"
"43","Verbascum blattaria","Plantae","TRUE","FALSE","FALSE","FALSE","http://www.inaturalist.org/observations/3284814"
"44","Verbascum blattaria","Plantae","TRUE","FALSE","FALSE","FALSE","http://www.inaturalist.org/observations/3252484"
"45","Vicia sativa","Plantae","FALSE","FALSE","FALSE","FALSE","http://www.inaturalist.org/observations/3261379"
"46","Vicia villosa","Plantae","TRUE","FALSE","FALSE","FALSE","http://www.inaturalist.org/observations/3282232"
