"","Scientific_name","Iconic_taxa","iNat_NPS_matches","iNat_NPSsynonym_matches","iNat_ITIS_synonym_matches","iNat_ITIS_nonsyn_matches","iNaturalist_URL"
"1","Alliaria petiolata","Plantae","TRUE","FALSE","FALSE","TRUE","http://www.inaturalist.org/observations/3220662"
"2","Alliaria petiolata","Plantae","TRUE","FALSE","FALSE","TRUE","http://www.inaturalist.org/observations/3222672"
"3","Arctium lappa","Plantae","FALSE","FALSE","FALSE","TRUE","http://www.inaturalist.org/observations/3220680"
"4","Arisaema triphyllum","Plantae","TRUE","FALSE","FALSE","TRUE","http://www.inaturalist.org/observations/3220651"
"5","Arisaema triphyllum","Plantae","TRUE","FALSE","FALSE","TRUE","http://www.inaturalist.org/observations/3221107"
"6","Arisaema triphyllum","Plantae","TRUE","FALSE","FALSE","TRUE","http://www.inaturalist.org/observations/3221268"
"7","Chelidonium majus","Plantae","TRUE","FALSE","FALSE","TRUE","http://www.inaturalist.org/observations/3221069"
"8","Galium aparine","Plantae","TRUE","FALSE","FALSE","TRUE","http://www.inaturalist.org/observations/3221048"
"9","Galium aparine","Plantae","TRUE","FALSE","FALSE","TRUE","http://www.inaturalist.org/observations/3221570"
"10","Hesperis matronalis","Plantae","TRUE","FALSE","FALSE","TRUE","http://www.inaturalist.org/observations/3220730"
"11","Hesperis matronalis","Plantae","TRUE","FALSE","FALSE","TRUE","http://www.inaturalist.org/observations/3221232"
"12","Hesperis matronalis","Plantae","TRUE","FALSE","FALSE","TRUE","http://www.inaturalist.org/observations/3221328"
"13","Impatiens capensis","Plantae","TRUE","FALSE","FALSE","TRUE","http://www.inaturalist.org/observations/3221384"
"14","Lonicera japonica","Plantae","TRUE","FALSE","FALSE","TRUE","http://www.inaturalist.org/observations/3220745"
"15","Podophyllum peltatum","Plantae","TRUE","FALSE","FALSE","FALSE","http://www.inaturalist.org/observations/3221295"
"16","Podophyllum peltatum","Plantae","TRUE","FALSE","FALSE","FALSE","http://www.inaturalist.org/observations/3231306"
"17","Quercus palustris","Plantae","TRUE","FALSE","FALSE","FALSE","http://www.inaturalist.org/observations/3221632"
"18","Ribes grossularia","Plantae","FALSE","FALSE","FALSE","FALSE","http://www.inaturalist.org/observations/3220888"
"19","Robinia pseudoacacia","Plantae","TRUE","FALSE","FALSE","TRUE","http://www.inaturalist.org/observations/3221493"
"20","Rosa multiflora","Plantae","TRUE","FALSE","FALSE","TRUE","http://www.inaturalist.org/observations/3220984"
"21","Rubus phoenicolasius","Plantae","TRUE","FALSE","FALSE","FALSE","http://www.inaturalist.org/observations/3221010"
"22","Thlaspi arvense","Plantae","TRUE","FALSE","FALSE","FALSE","http://www.inaturalist.org/observations/3221026"
"23","Toxicodendron radicans","Plantae","TRUE","FALSE","FALSE","FALSE","http://www.inaturalist.org/observations/3220918"
"24","Toxicodendron radicans","Plantae","TRUE","FALSE","FALSE","FALSE","http://www.inaturalist.org/observations/3221405"
"25","Pantherophis alleghaniensis","Reptilia","FALSE","FALSE","FALSE","FALSE","http://www.inaturalist.org/observations/3224922"
