"","Scientific_name","Iconic_taxa","Match NPSpecies","iNaturalist_Entry_count"
"1","Alliaria petiolata","Plantae","Match","2"
"2","Arctium lappa","Plantae","ITIS Match","1"
"3","Arisaema triphyllum","Plantae","Match","3"
"4","Chelidonium majus","Plantae","Match","1"
"5","Galium aparine","Plantae","Match","2"
"6","Hesperis matronalis","Plantae","Match","3"
"7","Impatiens capensis","Plantae","Match","1"
"8","Lonicera japonica","Plantae","Match","1"
"9","Podophyllum peltatum","Plantae","Match","2"
"10","Quercus palustris","Plantae","Match","1"
"11","Ribes grossularia","Plantae","No Match","1"
"12","Robinia pseudoacacia","Plantae","Match","1"
"13","Rosa multiflora","Plantae","Match","1"
"14","Rubus phoenicolasius","Plantae","Match","1"
"15","Thlaspi arvense","Plantae","Match","1"
"16","Toxicodendron radicans","Plantae","Match","2"
"17","Pantherophis alleghaniensis","Reptilia","No Match","1"
"18","Nepa apiculata","Insecta","Table 4","2"
"19","Vanessa atalanta","Insecta","Table 4","1"
