"","Iconic.taxon.name","Scientific.name","Common.name"
"1","Actinopterygii","Gasterosteus aculeatus","Three-spined Stickleback"
"2","Arachnida","Alopecosa kochi","Koch's Wolf Spider"
"3","Arachnida","Dermacentor occidentalis","Pacific Coast Tick"
"4","Arachnida","Frontinella pyramitela","Bowl-and-doily Spider"
"5","Arachnida","Neriene litigiosa","Sierra Dome Spider"
"6","Arachnida","Pirata piraticus","Pirate Otter Spider"
"7","Fungi","Evernia prunastri","Oakmoss"
"8","Fungi","Flavopunctelia flaventior","Speckled Greenshield"
"9","Fungi","Letharia vulpina","wolf lichen"
"10","Fungi","Physcia adscendens","Hooded Rosette Lichen"
"11","Fungi","Ramalina menziesii","lace lichen"
"12","Insecta","Achyra occidentalis","Achyra occidentalis"
"13","Insecta","Adelpha californica","California Sister"
"14","Insecta","Aeoloplides fuscipes","Southern Coast Bush Grasshopper"
"15","Insecta","Anastrangalia laetifica","Dimorphic Flower Longhorn Beetle"
"16","Insecta","Andrena cerasifolii","Cherry Plum Mining Bee"
"17","Insecta","Andricus quercuscalifornicus","California Gall Wasp"
"18","Insecta","Anthocharis sara","Sara Orangetip"
"19","Insecta","Apis mellifera","Western Honey Bee"
"20","Insecta","Arachnis picta","Painted Tiger Moth"
"21","Insecta","Argia vivida","Vivid Dancer"
"22","Insecta","Bombus melanopygus","Black-tailed Bumble Bee"
"23","Insecta","Callophrys augustinus iroides","Western Brown Elfin"
"24","Insecta","Celastrina echo","Echo Azure"
"25","Insecta","Chlosyne gabbii","Gabb's Checkerspot"
"26","Insecta","Chlosyne leanira","Leanira Checkerspot"
"27","Insecta","Coccinella septempunctata","Seven-spotted Lady Beetle"
"28","Insecta","Cochlorhinus pluto",""
"29","Insecta","Coenonympha tullia california","California Ringlet"
"30","Insecta","Danaus plexippus","Monarch"
"31","Insecta","Euphilotes bernardino","Bernardino Blue"
"32","Insecta","Euphydryas chalcedona","Variable Checkerspot"
"33","Insecta","Euphydryas editha","Edith's Checkerspot"
"34","Insecta","Heliopetes ericetorum","Northern White-Skipper"
"35","Insecta","Hetaerina americana","American Rubyspot"
"36","Insecta","Hippodamia convergens","Convergent Lady Beetle"
"37","Insecta","Icaricia acmon","Acmon Blue"
"38","Insecta","Icaricia lupini","Lupine Blue"
"39","Insecta","Junonia coenia","Common Buckeye"
"40","Insecta","Largus californicus","California Bordered Plant Bug"
"41","Insecta","Libellula saturata","Flame Skimmer"
"42","Insecta","Limenitis lorquini","Lorquin's Admiral"
"43","Insecta","Lycaena arota","Tailed Copper"
"44","Insecta","Lycaena gorgon","Gorgon Copper"
"45","Insecta","Lycaena xanthoides","Great Copper"
"46","Insecta","Mecyna mustelinalis",""
"47","Insecta","Noctua pronuba","Large Yellow Underwing"
"48","Insecta","Nyctoporis carinata",""
"49","Insecta","Ochlodes agricola","Rural Skipper"
"50","Insecta","Papilio rutulus","Western Tiger Swallowtail"
"51","Insecta","Papilio zelicaon","Anise Swallowtail"
"52","Insecta","Phloeodes diabolicus","Diabolical Ironclad Beetle"
"53","Insecta","Pieris marginalis","Margined White"
"54","Insecta","Plathemis lydia","Common Whitetail"
"55","Insecta","Polygonia satyrus","Satyr Comma"
"56","Insecta","Pyrausta semirubralis",""
"57","Insecta","Rhionaeschna multicolor","Blue-eyed Darner"
"58","Insecta","Satyrium saepium","Hedgerow Hairstreak"
"59","Insecta","Satyrium sylvinus","Sylvan Hairstreak"
"60","Insecta","Sericosema juturnaria","Bordered Fawn Moth"
"61","Insecta","Speyeria callippe","Callippe Fritillary"
"62","Insecta","Sympetrum corruptum","Variegated Meadowhawk"
"63","Insecta","Sympetrum illotum","Cardinal Meadowhawk"
"64","Insecta","Tetracis cervinaria",""
"65","Insecta","Tinea occidentella","Western Clothes Moth"
"66","Insecta","Trachusa timberlakei",""
"67","Insecta","Trichodes ornatus","Ornate Checkered Beetle"
"68","Insecta","Vanessa atalanta","Red Admiral"
"69","Insecta","Vanessa virginiensis","American Lady"
"70","Insecta","Veromessor andrei",""
"71","Insecta","Zotheca tranquilla","Elder Moth"
