"","Scientific_name","Iconic_taxa","Match NPSpecies","iNaturalist_Entry_count"
"1","Pseudacris sierra","Amphibia","No Match","1"
"2","Rana draytonii","Amphibia","ITIS Match","2"
"3","Aeronautes saxatalis","Aves","Match","2"
"4","Aphelocoma californica","Aves","Match","3"
"5","Baeolophus inornatus","Aves","Match","1"
"6","Buteo jamaicensis","Aves","Match","1"
"7","Buteo lineatus","Aves","Match","3"
"8","Callipepla californica","Aves","Match","2"
"9","Cathartes aura","Aves","Match","3"
"10","Chamaea fasciata","Aves","Match","1"
"11","Colaptes auratus","Aves","Match","1"
"12","Columba livia","Aves","Match","2"
"13","Corvus brachyrhynchos","Aves","Match","1"
"14","Corvus corax","Aves","Match","2"
"15","Dryobates nuttallii","Aves","No Match","1"
"16","Euphagus cyanocephalus","Aves","Match","3"
"17","Gymnogyps californianus","Aves","Match","5"
"18","Haemorhous mexicanus","Aves","ITIS Match","3"
"19","Junco hyemalis","Aves","Match","1"
"20","Melanerpes formicivorus","Aves","Match","4"
"21","Meleagris gallopavo","Aves","Match","7"
"22","Myiarchus cinerascens","Aves","Match","1"
"23","Phainopepla nitens","Aves","Match","1"
"24","Pica nuttalli","Aves","Match","1"
"25","Pipilo maculatus","Aves","Match","2"
"26","Sayornis nigricans","Aves","Match","4"
"27","Sialia mexicana","Aves","Match","1"
"28","Sitta carolinensis","Aves","Match","3"
"29","Sturnus vulgaris","Aves","Match","2"
"30","Thryomanes bewickii","Aves","Match","1"
"31","Troglodytes aedon","Aves","Match","2"
"32","Tyrannus verticalis","Aves","Match","1"
"33","Lepus californicus","Mammalia","Match","2"
"34","Lynx rufus","Mammalia","Match","1"
"35","Myotis evotis","Mammalia","Match","1"
"36","Neotamias merriami","Mammalia","No Match","2"
"37","Otospermophilus beecheyi","Mammalia","ITIS Match","7"
"38","Sylvilagus audubonii","Mammalia","Match","2"
"39","Achillea millefolium","Plantae","Match","1"
"40","Acmispon americanus","Plantae","No Match","2"
"41","Acmispon glaber","Plantae","No Match","7"
"42","Adenostoma fasciculatum","Plantae","Match","9"
"43","Adiantum jordanii","Plantae","Match","3"
"44","Aesculus californica","Plantae","Match","4"
"45","Anthriscus caucalis","Plantae","Match","1"
"46","Arctostaphylos glauca","Plantae","Match","1"
"47","Arctostaphylos pungens","Plantae","Match","1"
"48","Artemisia douglasiana","Plantae","Match","9"
"49","Artemisia dracunculus","Plantae","Match","2"
"50","Baccharis pilularis","Plantae","Match","8"
"51","Baccharis salicifolia","Plantae","Match","1"
"52","Bloomeria crocea","Plantae","Match","4"
"53","Brodiaea elegans","Plantae","No Match","1"
"54","Brodiaea terrestris","Plantae","Match","1"
"55","Calochortus venustus","Plantae","Match","1"
"56","Carex barbarae","Plantae","Match","1"
"57","Castilleja foliolosa","Plantae","Match","2"
"58","Ceanothus cuneatus","Plantae","Match","1"
"59","Centaurea melitensis","Plantae","Match","4"
"60","Cercocarpus betuloides","Plantae","Match","1"
"61","Chlorogalum pomeridianum","Plantae","Match","2"
"62","Chorizanthe douglasii","Plantae","Match","3"
"63","Cirsium douglasii","Plantae","No Match","1"
"64","Cirsium occidentale","Plantae","Match","9"
"65","Clarkia cylindrica","Plantae","Match","1"
"66","Clarkia lewisii","Plantae","No Match","1"
"67","Clarkia purpurea","Plantae","Match","7"
"68","Clarkia similis","Plantae","Match","1"
"69","Clarkia unguiculata","Plantae","Match","6"
"70","Claytonia perfoliata","Plantae","Match","1"
"71","Clematis lasiantha","Plantae","Match","1"
"72","Croton setiger","Plantae","ITIS Match","1"
"73","Datura wrightii","Plantae","Match","5"
"74","Daucus pusillus","Plantae","Match","2"
"75","Dendromecon rigida","Plantae","Match","1"
"76","Dryopteris arguta","Plantae","Match","1"
"77","Dudleya abramsii","Plantae","No Match","1"
"78","Dudleya lanceolata","Plantae","Match","2"
"79","Elymus glaucus","Plantae","Match","1"
"80","Emmenanthe penduliflora","Plantae","Match","3"
"81","Epilobium densiflorum","Plantae","Match","4"
"82","Eriodictyon tomentosum","Plantae","Match","7"
"83","Eriogonum fasciculatum","Plantae","Match","7"
"84","Eriogonum nortonii","Plantae","Match","2"
"85","Eriogonum nudum","Plantae","Match","1"
"86","Eriophyllum confertiflorum","Plantae","Match","2"
"87","Erythranthe guttata","Plantae","No Match","2"
"88","Eschscholzia californica","Plantae","Match","9"
"89","Eucrypta chrysanthemifolia","Plantae","Match","1"
"90","Galium angustifolium","Plantae","Match","1"
"91","Gastridium phleoides","Plantae","ITIS Match","1"
"92","Heliotropium curassavicum","Plantae","Match","1"
"93","Heteromeles arbutifolia","Plantae","Match","2"
"94","Hirschfeldia incana","Plantae","Match","3"
"95","Juncus effusus","Plantae","Match","1"
"96","Juniperus californica","Plantae","Match","2"
"97","Keckiella breviflora","Plantae","Match","3"
"98","Lagophylla ramosissima","Plantae","Match","1"
"99","Lastarriaea coriacea","Plantae","No Match","1"
"100","Lathyrus vestitus","Plantae","Match","1"
"101","Layia hieracioides","Plantae","Match","1"
"102","Lepechinia calycina","Plantae","Match","4"
"103","Lonicera subspicata","Plantae","Match","2"
"104","Lupinus albifrons","Plantae","Match","1"
"105","Lupinus bicolor","Plantae","Match","3"
"106","Malacothamnus aboriginum","Plantae","Match","1"
"107","Marah fabacea","Plantae","ITIS Match","2"
"108","Marrubium vulgare","Plantae","Match","1"
"109","Matricaria discoidea","Plantae","ITIS Match","1"
"110","Monardella villosa","Plantae","Match","1"
"111","Muhlenbergia rigens","Plantae","Match","1"
"112","Nasturtium officinale","Plantae","ITIS Match","1"
"113","Navarretia atractyloides","Plantae","Match","1"
"114","Nicotiana quadrivalvis","Plantae","Match","5"
"115","Pedicularis densiflora","Plantae","Match","3"
"116","Pellaea andromedifolia","Plantae","Match","1"
"117","Pellaea mucronata","Plantae","Match","3"
"118","Penstemon centranthifolius","Plantae","Match","5"
"119","Pentagramma triangularis","Plantae","Match","2"
"120","Phyla nodiflora","Plantae","Match","1"
"121","Pinus sabiniana","Plantae","Match","8"
"122","Plantago erecta","Plantae","Match","1"
"123","Populus fremontii","Plantae","Match","4"
"124","Prunus ilicifolia","Plantae","Match","2"
"125","Pteridium aquilinum","Plantae","Match","2"
"126","Pterostegia drymarioides","Plantae","Match","1"
"127","Quercus agrifolia","Plantae","Match","5"
"128","Quercus berberidifolia","Plantae","Match","1"
"129","Quercus lobata","Plantae","Match","9"
"130","Rafinesquia californica","Plantae","Match","2"
"131","Rhamnus ilicifolia","Plantae","Match","1"
"132","Rosa californica","Plantae","Match","11"
"133","Rubus ursinus","Plantae","Match","2"
"134","Rumex crispus","Plantae","Match","2"
"135","Rumex salicifolius","Plantae","Match","1"
"136","Sairocarpus multiflorus","Plantae","ITIS Match","2"
"137","Salix laevigata","Plantae","Match","1"
"138","Salvia columbariae","Plantae","Match","3"
"139","Salvia mellifera","Plantae","Match","3"
"140","Sambucus cerulea","Plantae","No Match","6"
"141","Scrophularia californica","Plantae","Match","2"
"142","Selaginella bigelovii","Plantae","Match","1"
"143","Senecio flaccidus","Plantae","Match","1"
"144","Silene gallica","Plantae","Match","1"
"145","Silybum marianum","Plantae","Match","2"
"146","Solanum umbelliferum","Plantae","Match","6"
"147","Stachys bullata","Plantae","Match","2"
"148","Toxicodendron diversilobum","Plantae","Match","9"
"149","Tragopogon dubius","Plantae","Match","2"
"150","Trichostema lanatum","Plantae","Match","2"
"151","Trichostema lanceolatum","Plantae","Match","1"
"152","Urtica dioica","Plantae","Match","2"
"153","Urtica urens","Plantae","Match","2"
"154","Verbena lasiostachys","Plantae","Match","1"
"155","Veronica anagallis-aquatica","Plantae","Match","2"
"156","Vicia americana","Plantae","No Match","1"
"157","Viola pedunculata","Plantae","Match","1"
"158","Woodwardia fimbriata","Plantae","Match","2"
"159","Aspidoscelis tigris","Reptilia","No Match","6"
"160","Pituophis catenifer","Reptilia","Match","2"
"161","Sceloporus occidentalis","Reptilia","Match","8"
"162","Thamnophis sirtalis","Reptilia","Match","2"
"163","Uta stansburiana","Reptilia","Match","3"
"164","Trachusa timberlakei","Insecta","Table 4","7"
"165","Lycaena gorgon","Insecta","Table 4","3"
"166","Apis mellifera","Insecta","Table 4","15"
"167","Frontinella pyramitela","Arachnida","Table 4","2"
"168","Lycaena xanthoides","Insecta","Table 4","5"
"169","Danaus plexippus","Insecta","Table 4","2"
"170","Satyrium saepium","Insecta","Table 4","14"
"171","Papilio zelicaon","Insecta","Table 4","4"
"172","Junonia coenia","Insecta","Table 4","7"
"173","Euphilotes bernardino","Insecta","Table 4","7"
"174","Adelpha californica","Insecta","Table 4","2"
"175","Chlosyne gabbii","Insecta","Table 4","4"
"176","Coccinella septempunctata","Insecta","Table 4","6"
"177","Rhionaeschna multicolor","Insecta","Table 4","2"
"178","Plathemis lydia","Insecta","Table 4","4"
"179","Libellula saturata","Insecta","Table 4","3"
"180","Sericosema juturnaria","Insecta","Table 4","8"
"181","Sympetrum corruptum","Insecta","Table 4","3"
"182","Neriene litigiosa","Arachnida","Table 4","3"
"183","Euphydryas editha","Insecta","Table 4","9"
"184","Aeoloplides fuscipes","Insecta","Table 4","1"
"185","Alopecosa kochi","Arachnida","Table 4","4"
"186","Polygonia satyrus","Insecta","Table 4","4"
"187","Physcia adscendens","Fungi","Table 4","1"
"188","Ramalina menziesii","Fungi","Table 4","3"
"189","Ochlodes agricola","Insecta","Table 4","6"
"190","Coenonympha tullia california","Insecta","Table 4","4"
"191","Argia vivida","Insecta","Table 4","4"
"192","Pieris marginalis","Insecta","Table 4","2"
"193","Lycaena arota","Insecta","Table 4","2"
"194","Sympetrum illotum","Insecta","Table 4","4"
"195","Satyrium sylvinus","Insecta","Table 4","11"
"196","Vanessa virginiensis","Insecta","Table 4","2"
"197","Heliopetes ericetorum","Insecta","Table 4","2"
"198","Euphydryas chalcedona","Insecta","Table 4","8"
"199","Celastrina echo","Insecta","Table 4","3"
"200","Anthocharis sara","Insecta","Table 4","6"
"201","Hetaerina americana","Insecta","Table 4","2"
"202","Vanessa atalanta","Insecta","Table 4","2"
"203","Dermacentor occidentalis","Arachnida","Table 4","3"
"204","Papilio rutulus","Insecta","Table 4","2"
"205","Noctua pronuba","Insecta","Table 4","3"
"206","Zotheca tranquilla","Insecta","Table 4","2"
"207","Arachnis picta","Insecta","Table 4","2"
"208","Tinea occidentella","Insecta","Table 4","2"
"209","Phloeodes diabolicus","Insecta","Table 4","2"
"210","Mecyna mustelinalis","Insecta","Table 4","3"
"211","Speyeria callippe","Insecta","Table 4","2"
"212","Cochlorhinus pluto","Insecta","Table 4","3"
"213","Limenitis lorquini","Insecta","Table 4","2"
"214","Bombus melanopygus","Insecta","Table 4","5"
"215","Evernia prunastri","Fungi","Table 4","1"
"216","Flavopunctelia flaventior","Fungi","Table 4","1"
"217","Letharia vulpina","Fungi","Table 4","1"
"218","Nyctoporis carinata","Insecta","Table 4","2"
"219","Veromessor andrei","Insecta","Table 4","2"
"220","Pirata piraticus","Arachnida","Table 4","2"
"221","Callophrys augustinus iroides","Insecta","Table 4","1"
"222","Pyrausta semirubralis","Insecta","Table 4","3"
"223","Trichodes ornatus","Insecta","Table 4","1"
"224","Chlosyne leanira","Insecta","Table 4","2"
"225","Icaricia acmon","Insecta","Table 4","3"
"226","Icaricia lupini","Insecta","Table 4","2"
"227","Tetracis cervinaria","Insecta","Table 4","3"
"228","Largus californicus","Insecta","Table 4","1"
"229","Gasterosteus aculeatus","Actinopterygii","Table 4","2"
"230","Anastrangalia laetifica","Insecta","Table 4","2"
"231","Andrena cerasifolii","Insecta","Table 4","1"
"232","Andricus quercuscalifornicus","Insecta","Table 4","1"
"233","Achyra occidentalis","Insecta","Table 4","4"
"234","Hippodamia convergens","Insecta","Table 4","1"
