"","Iconic_taxa","iNat_entry","NPSpecies_name","Accepted_TSN","NPS_entry_TSN"
"1","Amphibia","Rana draytonii","Rana aurora draytonii","207009","207008"
"2","Aves","Haemorhous mexicanus","Carpodacus mexicanus","997805","179191"
"3","Mammalia","Otospermophilus beecheyi","Spermophilus beecheyi","930301","180148"
"4","Plantae","Croton setiger","Eremocarpus setigerus","845455","28317"
"5","Plantae","Gastridium phleoides","Gastridium ventricosum ssp. phleoides","41746","797875"
"6","Plantae","Marah fabacea","Marah fabaceus","847536","22391"
"7","Plantae","Matricaria discoidea","Chamomilla suaveolens","501470","510768"
"8","Plantae","Nasturtium officinale","Rorippa nasturtium-aquaticum","23255","22993"
"9","Plantae","Sairocarpus multiflorus","Antirrhinum multiflorum","504944","33478"
