"","Scientific_name","Iconic_taxa","iNat_NPS_matches","iNat_NPSsynonym_matches","iNat_ITIS_synonym_matches","iNat_ITIS_nonsyn_matches","iNaturalist_URL"
"1","Pseudacris sierra","Amphibia","FALSE","FALSE","FALSE","FALSE","http://www.inaturalist.org/observations/3296708"
"2","Rana draytonii","Amphibia","FALSE","FALSE","FALSE","TRUE","http://www.inaturalist.org/observations/3320995"
"3","Rana draytonii","Amphibia","FALSE","FALSE","FALSE","TRUE","http://www.inaturalist.org/observations/3276138"
"4","Aeronautes saxatalis","Aves","TRUE","FALSE","FALSE","FALSE","http://www.inaturalist.org/observations/3330592"
"5","Aeronautes saxatalis","Aves","TRUE","FALSE","FALSE","FALSE","http://www.inaturalist.org/observations/3275950"
"6","Aphelocoma californica","Aves","TRUE","FALSE","FALSE","TRUE","http://www.inaturalist.org/observations/3311925"
"7","Aphelocoma californica","Aves","TRUE","FALSE","FALSE","TRUE","http://www.inaturalist.org/observations/3261212"
"8","Aphelocoma californica","Aves","TRUE","FALSE","FALSE","TRUE","http://www.inaturalist.org/observations/3261078"
"9","Baeolophus inornatus","Aves","TRUE","FALSE","FALSE","TRUE","http://www.inaturalist.org/observations/3272675"
"10","Buteo jamaicensis","Aves","TRUE","FALSE","FALSE","FALSE","http://www.inaturalist.org/observations/3269653"
"11","Buteo lineatus","Aves","TRUE","FALSE","FALSE","FALSE","http://www.inaturalist.org/observations/3323551"
"12","Buteo lineatus","Aves","TRUE","FALSE","FALSE","FALSE","http://www.inaturalist.org/observations/3264453"
"13","Buteo lineatus","Aves","TRUE","FALSE","FALSE","FALSE","http://www.inaturalist.org/observations/3253883"
"14","Callipepla californica","Aves","TRUE","FALSE","FALSE","TRUE","http://www.inaturalist.org/observations/3281815"
"15","Callipepla californica","Aves","TRUE","FALSE","FALSE","TRUE","http://www.inaturalist.org/observations/3270965"
"16","Cathartes aura","Aves","TRUE","FALSE","FALSE","FALSE","http://www.inaturalist.org/observations/3330627"
"17","Cathartes aura","Aves","TRUE","FALSE","FALSE","FALSE","http://www.inaturalist.org/observations/3281887"
"18","Cathartes aura","Aves","TRUE","FALSE","FALSE","FALSE","http://www.inaturalist.org/observations/3264454"
"19","Chamaea fasciata","Aves","TRUE","FALSE","FALSE","FALSE","http://www.inaturalist.org/observations/3296579"
"20","Colaptes auratus","Aves","TRUE","TRUE","FALSE","FALSE","http://www.inaturalist.org/observations/3246049"
"21","Columba livia","Aves","TRUE","FALSE","FALSE","FALSE","http://www.inaturalist.org/observations/3330590"
"22","Columba livia","Aves","TRUE","FALSE","FALSE","FALSE","http://www.inaturalist.org/observations/3281748"
"23","Corvus brachyrhynchos","Aves","TRUE","FALSE","FALSE","FALSE","http://www.inaturalist.org/observations/3281907"
"24","Corvus corax","Aves","TRUE","FALSE","FALSE","FALSE","http://www.inaturalist.org/observations/3321002"
"25","Corvus corax","Aves","TRUE","FALSE","FALSE","FALSE","http://www.inaturalist.org/observations/3276246"
"26","Dryobates nuttallii","Aves","FALSE","FALSE","FALSE","FALSE","http://www.inaturalist.org/observations/3261048"
"27","Euphagus cyanocephalus","Aves","TRUE","FALSE","FALSE","FALSE","http://www.inaturalist.org/observations/3267231"
"28","Euphagus cyanocephalus","Aves","TRUE","FALSE","FALSE","FALSE","http://www.inaturalist.org/observations/3269639"
"29","Euphagus cyanocephalus","Aves","TRUE","FALSE","FALSE","FALSE","http://www.inaturalist.org/observations/3249980"
"30","Gymnogyps californianus","Aves","TRUE","FALSE","FALSE","TRUE","http://www.inaturalist.org/observations/3326530"
"31","Gymnogyps californianus","Aves","TRUE","FALSE","FALSE","TRUE","http://www.inaturalist.org/observations/3270164"
"32","Gymnogyps californianus","Aves","TRUE","FALSE","FALSE","TRUE","http://www.inaturalist.org/observations/3275181"
"33","Gymnogyps californianus","Aves","TRUE","FALSE","FALSE","TRUE","http://www.inaturalist.org/observations/3265366"
"34","Gymnogyps californianus","Aves","TRUE","FALSE","FALSE","TRUE","http://www.inaturalist.org/observations/3258843"
"35","Haemorhous mexicanus","Aves","FALSE","FALSE","FALSE","TRUE","http://www.inaturalist.org/observations/3267222"
"36","Haemorhous mexicanus","Aves","FALSE","FALSE","FALSE","TRUE","http://www.inaturalist.org/observations/3269659"
"37","Haemorhous mexicanus","Aves","FALSE","FALSE","FALSE","TRUE","http://www.inaturalist.org/observations/3258920"
"38","Junco hyemalis","Aves","TRUE","FALSE","FALSE","FALSE","http://www.inaturalist.org/observations/3269857"
"39","Melanerpes formicivorus","Aves","TRUE","FALSE","FALSE","FALSE","http://www.inaturalist.org/observations/3330661"
"40","Melanerpes formicivorus","Aves","TRUE","FALSE","FALSE","FALSE","http://www.inaturalist.org/observations/3281772"
"41","Melanerpes formicivorus","Aves","TRUE","FALSE","FALSE","FALSE","http://www.inaturalist.org/observations/3270961"
"42","Melanerpes formicivorus","Aves","TRUE","FALSE","FALSE","FALSE","http://www.inaturalist.org/observations/3264523"
"43","Meleagris gallopavo","Aves","TRUE","FALSE","FALSE","FALSE","http://www.inaturalist.org/observations/3330609"
"44","Meleagris gallopavo","Aves","TRUE","FALSE","FALSE","FALSE","http://www.inaturalist.org/observations/3292867"
"45","Meleagris gallopavo","Aves","TRUE","FALSE","FALSE","FALSE","http://www.inaturalist.org/observations/3281844"
"46","Meleagris gallopavo","Aves","TRUE","FALSE","FALSE","FALSE","http://www.inaturalist.org/observations/3265871"
"47","Meleagris gallopavo","Aves","TRUE","FALSE","FALSE","FALSE","http://www.inaturalist.org/observations/3265571"
"48","Meleagris gallopavo","Aves","TRUE","FALSE","FALSE","FALSE","http://www.inaturalist.org/observations/3253618"
"49","Meleagris gallopavo","Aves","TRUE","FALSE","FALSE","FALSE","http://www.inaturalist.org/observations/3253962"
"50","Myiarchus cinerascens","Aves","TRUE","FALSE","FALSE","FALSE","http://www.inaturalist.org/observations/3245485"
"51","Phainopepla nitens","Aves","TRUE","FALSE","FALSE","FALSE","http://www.inaturalist.org/observations/3245828"
"52","Pica nuttalli","Aves","TRUE","FALSE","FALSE","FALSE","http://www.inaturalist.org/observations/3245660"
"53","Pipilo maculatus","Aves","TRUE","FALSE","FALSE","FALSE","http://www.inaturalist.org/observations/3311928"
"54","Pipilo maculatus","Aves","TRUE","FALSE","FALSE","FALSE","http://www.inaturalist.org/observations/3281703"
"55","Sayornis nigricans","Aves","TRUE","FALSE","FALSE","FALSE","http://www.inaturalist.org/observations/3330599"
"56","Sayornis nigricans","Aves","TRUE","FALSE","FALSE","FALSE","http://www.inaturalist.org/observations/3281805"
"57","Sayornis nigricans","Aves","TRUE","FALSE","FALSE","FALSE","http://www.inaturalist.org/observations/3265507"
"58","Sayornis nigricans","Aves","TRUE","FALSE","FALSE","FALSE","http://www.inaturalist.org/observations/3245771"
"59","Sialia mexicana","Aves","TRUE","FALSE","FALSE","FALSE","http://www.inaturalist.org/observations/3269612"
"60","Sitta carolinensis","Aves","TRUE","FALSE","FALSE","FALSE","http://www.inaturalist.org/observations/3330633"
"61","Sitta carolinensis","Aves","TRUE","FALSE","FALSE","FALSE","http://www.inaturalist.org/observations/3281895"
"62","Sitta carolinensis","Aves","TRUE","FALSE","FALSE","FALSE","http://www.inaturalist.org/observations/3261066"
"63","Sturnus vulgaris","Aves","TRUE","FALSE","FALSE","FALSE","http://www.inaturalist.org/observations/3330647"
"64","Sturnus vulgaris","Aves","TRUE","FALSE","FALSE","FALSE","http://www.inaturalist.org/observations/3281905"
"65","Thryomanes bewickii","Aves","TRUE","FALSE","FALSE","FALSE","http://www.inaturalist.org/observations/3281598"
"66","Troglodytes aedon","Aves","TRUE","FALSE","FALSE","FALSE","http://www.inaturalist.org/observations/3311941"
"67","Troglodytes aedon","Aves","TRUE","FALSE","FALSE","FALSE","http://www.inaturalist.org/observations/3275711"
"68","Tyrannus verticalis","Aves","TRUE","FALSE","FALSE","FALSE","http://www.inaturalist.org/observations/3270099"
"69","Lepus californicus","Mammalia","TRUE","FALSE","FALSE","FALSE","http://www.inaturalist.org/observations/3330654"
"70","Lepus californicus","Mammalia","TRUE","FALSE","FALSE","FALSE","http://www.inaturalist.org/observations/3281926"
"71","Lynx rufus","Mammalia","TRUE","FALSE","FALSE","TRUE","http://www.inaturalist.org/observations/3789185"
"72","Myotis evotis","Mammalia","TRUE","FALSE","FALSE","FALSE","http://www.inaturalist.org/observations/3246035"
"73","Neotamias merriami","Mammalia","FALSE","FALSE","FALSE","FALSE","http://www.inaturalist.org/observations/3330594"
"74","Neotamias merriami","Mammalia","FALSE","FALSE","FALSE","FALSE","http://www.inaturalist.org/observations/3281782"
"75","Otospermophilus beecheyi","Mammalia","FALSE","FALSE","FALSE","TRUE","http://www.inaturalist.org/observations/3321000"
"76","Otospermophilus beecheyi","Mammalia","FALSE","FALSE","FALSE","TRUE","http://www.inaturalist.org/observations/3276213"
"77","Otospermophilus beecheyi","Mammalia","FALSE","FALSE","FALSE","TRUE","http://www.inaturalist.org/observations/3269459"
"78","Otospermophilus beecheyi","Mammalia","FALSE","FALSE","FALSE","TRUE","http://www.inaturalist.org/observations/3262342"
"79","Otospermophilus beecheyi","Mammalia","FALSE","FALSE","FALSE","TRUE","http://www.inaturalist.org/observations/3259812"
"80","Otospermophilus beecheyi","Mammalia","FALSE","FALSE","FALSE","TRUE","http://www.inaturalist.org/observations/3257891"
"81","Otospermophilus beecheyi","Mammalia","FALSE","FALSE","FALSE","TRUE","http://www.inaturalist.org/observations/3258548"
"82","Sylvilagus audubonii","Mammalia","TRUE","FALSE","FALSE","FALSE","http://www.inaturalist.org/observations/3330667"
"83","Sylvilagus audubonii","Mammalia","TRUE","FALSE","FALSE","FALSE","http://www.inaturalist.org/observations/3249789"
"84","Achillea millefolium","Plantae","TRUE","FALSE","FALSE","TRUE","http://www.inaturalist.org/observations/3265859"
"85","Acmispon americanus","Plantae","FALSE","FALSE","FALSE","FALSE","http://www.inaturalist.org/observations/3261917"
"86","Acmispon americanus","Plantae","FALSE","FALSE","FALSE","FALSE","http://www.inaturalist.org/observations/3257837"
"87","Acmispon glaber","Plantae","FALSE","FALSE","FALSE","FALSE","http://www.inaturalist.org/observations/4207941"
"88","Acmispon glaber","Plantae","FALSE","FALSE","FALSE","FALSE","http://www.inaturalist.org/observations/3273229"
"89","Acmispon glaber","Plantae","FALSE","FALSE","FALSE","FALSE","http://www.inaturalist.org/observations/3275692"
"90","Acmispon glaber","Plantae","FALSE","FALSE","FALSE","FALSE","http://www.inaturalist.org/observations/3265723"
"91","Acmispon glaber","Plantae","FALSE","FALSE","FALSE","FALSE","http://www.inaturalist.org/observations/3265758"
"92","Acmispon glaber","Plantae","FALSE","FALSE","FALSE","FALSE","http://www.inaturalist.org/observations/3260616"
"93","Acmispon glaber","Plantae","FALSE","FALSE","FALSE","FALSE","http://www.inaturalist.org/observations/3262829"
"94","Adenostoma fasciculatum","Plantae","TRUE","FALSE","FALSE","FALSE","http://www.inaturalist.org/observations/3287473"
"95","Adenostoma fasciculatum","Plantae","TRUE","FALSE","FALSE","FALSE","http://www.inaturalist.org/observations/3267929"
"96","Adenostoma fasciculatum","Plantae","TRUE","FALSE","FALSE","FALSE","http://www.inaturalist.org/observations/3269006"
"97","Adenostoma fasciculatum","Plantae","TRUE","FALSE","FALSE","FALSE","http://www.inaturalist.org/observations/3269140"
"98","Adenostoma fasciculatum","Plantae","TRUE","FALSE","FALSE","FALSE","http://www.inaturalist.org/observations/3265514"
"99","Adenostoma fasciculatum","Plantae","TRUE","FALSE","FALSE","FALSE","http://www.inaturalist.org/observations/3265768"
"100","Adenostoma fasciculatum","Plantae","TRUE","FALSE","FALSE","FALSE","http://www.inaturalist.org/observations/3260757"
"101","Adenostoma fasciculatum","Plantae","TRUE","FALSE","FALSE","FALSE","http://www.inaturalist.org/observations/3260358"
"102","Adenostoma fasciculatum","Plantae","TRUE","FALSE","FALSE","FALSE","http://www.inaturalist.org/observations/3259218"
"103","Adiantum jordanii","Plantae","TRUE","FALSE","FALSE","FALSE","http://www.inaturalist.org/observations/3286987"
"104","Adiantum jordanii","Plantae","TRUE","FALSE","FALSE","FALSE","http://www.inaturalist.org/observations/3268478"
"105","Adiantum jordanii","Plantae","TRUE","FALSE","FALSE","FALSE","http://www.inaturalist.org/observations/3260468"
"106","Aesculus californica","Plantae","TRUE","FALSE","FALSE","TRUE","http://www.inaturalist.org/observations/3311887"
"107","Aesculus californica","Plantae","TRUE","FALSE","FALSE","TRUE","http://www.inaturalist.org/observations/3275435"
"108","Aesculus californica","Plantae","TRUE","FALSE","FALSE","TRUE","http://www.inaturalist.org/observations/3267845"
"109","Aesculus californica","Plantae","TRUE","FALSE","FALSE","TRUE","http://www.inaturalist.org/observations/3259052"
"110","Anthriscus caucalis","Plantae","TRUE","FALSE","FALSE","TRUE","http://www.inaturalist.org/observations/3289263"
"111","Arctostaphylos glauca","Plantae","TRUE","FALSE","FALSE","TRUE","http://www.inaturalist.org/observations/3281410"
"112","Arctostaphylos pungens","Plantae","TRUE","FALSE","FALSE","TRUE","http://www.inaturalist.org/observations/3277475"
"113","Artemisia douglasiana","Plantae","TRUE","FALSE","FALSE","TRUE","http://www.inaturalist.org/observations/4207922"
"114","Artemisia douglasiana","Plantae","TRUE","FALSE","FALSE","TRUE","http://www.inaturalist.org/observations/3281445"
"115","Artemisia douglasiana","Plantae","TRUE","FALSE","FALSE","TRUE","http://www.inaturalist.org/observations/3269875"
"116","Artemisia douglasiana","Plantae","TRUE","FALSE","FALSE","TRUE","http://www.inaturalist.org/observations/3265611"
"117","Artemisia douglasiana","Plantae","TRUE","FALSE","FALSE","TRUE","http://www.inaturalist.org/observations/3260759"
"118","Artemisia douglasiana","Plantae","TRUE","FALSE","FALSE","TRUE","http://www.inaturalist.org/observations/3261896"
"119","Artemisia douglasiana","Plantae","TRUE","FALSE","FALSE","TRUE","http://www.inaturalist.org/observations/3264652"
"120","Artemisia douglasiana","Plantae","TRUE","FALSE","FALSE","TRUE","http://www.inaturalist.org/observations/3261240"
"121","Artemisia douglasiana","Plantae","TRUE","FALSE","FALSE","TRUE","http://www.inaturalist.org/observations/3259168"
"122","Artemisia dracunculus","Plantae","TRUE","FALSE","FALSE","TRUE","http://www.inaturalist.org/observations/3293152"
"123","Artemisia dracunculus","Plantae","TRUE","FALSE","FALSE","TRUE","http://www.inaturalist.org/observations/3261254"
"124","Baccharis pilularis","Plantae","TRUE","FALSE","FALSE","FALSE","http://www.inaturalist.org/observations/4207889"
"125","Baccharis pilularis","Plantae","TRUE","FALSE","FALSE","FALSE","http://www.inaturalist.org/observations/3281876"
"126","Baccharis pilularis","Plantae","TRUE","FALSE","FALSE","FALSE","http://www.inaturalist.org/observations/3265963"
"127","Baccharis pilularis","Plantae","TRUE","FALSE","FALSE","FALSE","http://www.inaturalist.org/observations/3269750"
"128","Baccharis pilularis","Plantae","TRUE","FALSE","FALSE","FALSE","http://www.inaturalist.org/observations/3265442"
"129","Baccharis pilularis","Plantae","TRUE","FALSE","FALSE","FALSE","http://www.inaturalist.org/observations/3265498"
"130","Baccharis pilularis","Plantae","TRUE","FALSE","FALSE","FALSE","http://www.inaturalist.org/observations/3264522"
"131","Baccharis pilularis","Plantae","TRUE","FALSE","FALSE","FALSE","http://www.inaturalist.org/observations/3249569"
"132","Baccharis salicifolia","Plantae","TRUE","FALSE","FALSE","TRUE","http://www.inaturalist.org/observations/3286202"
"133","Bloomeria crocea","Plantae","TRUE","FALSE","FALSE","FALSE","http://www.inaturalist.org/observations/3277150"
"134","Bloomeria crocea","Plantae","TRUE","FALSE","FALSE","FALSE","http://www.inaturalist.org/observations/3259607"
"135","Bloomeria crocea","Plantae","TRUE","FALSE","FALSE","FALSE","http://www.inaturalist.org/observations/3260574"
"136","Bloomeria crocea","Plantae","TRUE","FALSE","FALSE","FALSE","http://www.inaturalist.org/observations/3258565"
"137","Brodiaea elegans","Plantae","FALSE","FALSE","FALSE","FALSE","http://www.inaturalist.org/observations/3321188"
"138","Brodiaea terrestris","Plantae","TRUE","FALSE","FALSE","FALSE","http://www.inaturalist.org/observations/3281412"
"139","Calochortus venustus","Plantae","TRUE","FALSE","FALSE","TRUE","http://www.inaturalist.org/observations/3265851"
"140","Carex barbarae","Plantae","TRUE","FALSE","FALSE","FALSE","http://www.inaturalist.org/observations/3293086"
"141","Castilleja foliolosa","Plantae","TRUE","FALSE","FALSE","FALSE","http://www.inaturalist.org/observations/3291215"
"142","Castilleja foliolosa","Plantae","TRUE","FALSE","FALSE","FALSE","http://www.inaturalist.org/observations/3274159"
"143","Ceanothus cuneatus","Plantae","TRUE","TRUE","FALSE","FALSE","http://www.inaturalist.org/observations/3269196"
"144","Centaurea melitensis","Plantae","TRUE","FALSE","FALSE","FALSE","http://www.inaturalist.org/observations/3301850"
"145","Centaurea melitensis","Plantae","TRUE","FALSE","FALSE","FALSE","http://www.inaturalist.org/observations/3272318"
"146","Centaurea melitensis","Plantae","TRUE","FALSE","FALSE","FALSE","http://www.inaturalist.org/observations/3264746"
"147","Centaurea melitensis","Plantae","TRUE","FALSE","FALSE","FALSE","http://www.inaturalist.org/observations/3265722"
"148","Cercocarpus betuloides","Plantae","TRUE","FALSE","FALSE","FALSE","http://www.inaturalist.org/observations/3277908"
"149","Chlorogalum pomeridianum","Plantae","TRUE","FALSE","FALSE","FALSE","http://www.inaturalist.org/observations/3292759"
"150","Chlorogalum pomeridianum","Plantae","TRUE","FALSE","FALSE","FALSE","http://www.inaturalist.org/observations/3265842"
"151","Chorizanthe douglasii","Plantae","TRUE","FALSE","FALSE","FALSE","http://www.inaturalist.org/observations/3269013"
"152","Chorizanthe douglasii","Plantae","TRUE","FALSE","FALSE","FALSE","http://www.inaturalist.org/observations/3261162"
"153","Chorizanthe douglasii","Plantae","TRUE","FALSE","FALSE","FALSE","http://www.inaturalist.org/observations/3258773"
"154","Cirsium douglasii","Plantae","FALSE","FALSE","FALSE","FALSE","http://www.inaturalist.org/observations/3269838"
"155","Cirsium occidentale","Plantae","TRUE","FALSE","FALSE","FALSE","http://www.inaturalist.org/observations/4207938"
"156","Cirsium occidentale","Plantae","TRUE","FALSE","FALSE","FALSE","http://www.inaturalist.org/observations/3291213"
"157","Cirsium occidentale","Plantae","TRUE","FALSE","FALSE","FALSE","http://www.inaturalist.org/observations/3296702"
"158","Cirsium occidentale","Plantae","TRUE","FALSE","FALSE","FALSE","http://www.inaturalist.org/observations/3268525"
"159","Cirsium occidentale","Plantae","TRUE","FALSE","FALSE","FALSE","http://www.inaturalist.org/observations/3265626"
"160","Cirsium occidentale","Plantae","TRUE","FALSE","FALSE","FALSE","http://www.inaturalist.org/observations/3262285"
"161","Cirsium occidentale","Plantae","TRUE","FALSE","FALSE","FALSE","http://www.inaturalist.org/observations/3259586"
"162","Cirsium occidentale","Plantae","TRUE","FALSE","FALSE","FALSE","http://www.inaturalist.org/observations/3253921"
"163","Cirsium occidentale","Plantae","TRUE","FALSE","FALSE","FALSE","http://www.inaturalist.org/observations/3260303"
"164","Clarkia cylindrica","Plantae","TRUE","FALSE","FALSE","FALSE","http://www.inaturalist.org/observations/3260440"
"165","Clarkia lewisii","Plantae","FALSE","FALSE","FALSE","FALSE","http://www.inaturalist.org/observations/3287318"
"166","Clarkia purpurea","Plantae","TRUE","FALSE","FALSE","FALSE","http://www.inaturalist.org/observations/3296503"
"167","Clarkia purpurea","Plantae","TRUE","FALSE","FALSE","FALSE","http://www.inaturalist.org/observations/3277277"
"168","Clarkia purpurea","Plantae","TRUE","FALSE","FALSE","FALSE","http://www.inaturalist.org/observations/3269021"
"169","Clarkia purpurea","Plantae","TRUE","FALSE","FALSE","FALSE","http://www.inaturalist.org/observations/3264833"
"170","Clarkia purpurea","Plantae","TRUE","FALSE","FALSE","FALSE","http://www.inaturalist.org/observations/3261965"
"171","Clarkia purpurea","Plantae","TRUE","FALSE","FALSE","FALSE","http://www.inaturalist.org/observations/3260675"
"172","Clarkia purpurea","Plantae","TRUE","FALSE","FALSE","FALSE","http://www.inaturalist.org/observations/3258621"
"173","Clarkia similis","Plantae","TRUE","FALSE","FALSE","FALSE","http://www.inaturalist.org/observations/3281431"
"174","Clarkia unguiculata","Plantae","TRUE","FALSE","FALSE","TRUE","http://www.inaturalist.org/observations/3277725"
"175","Clarkia unguiculata","Plantae","TRUE","FALSE","FALSE","TRUE","http://www.inaturalist.org/observations/3268448"
"176","Clarkia unguiculata","Plantae","TRUE","FALSE","FALSE","TRUE","http://www.inaturalist.org/observations/3265651"
"177","Clarkia unguiculata","Plantae","TRUE","FALSE","FALSE","TRUE","http://www.inaturalist.org/observations/3265763"
"178","Clarkia unguiculata","Plantae","TRUE","FALSE","FALSE","TRUE","http://www.inaturalist.org/observations/3260341"
"179","Clarkia unguiculata","Plantae","TRUE","FALSE","FALSE","TRUE","http://www.inaturalist.org/observations/3247253"
"180","Claytonia perfoliata","Plantae","TRUE","FALSE","FALSE","FALSE","http://www.inaturalist.org/observations/3262298"
"181","Clematis lasiantha","Plantae","TRUE","FALSE","FALSE","FALSE","http://www.inaturalist.org/observations/3269955"
"182","Croton setiger","Plantae","FALSE","FALSE","FALSE","TRUE","http://www.inaturalist.org/observations/3265818"
"183","Datura wrightii","Plantae","TRUE","FALSE","FALSE","TRUE","http://www.inaturalist.org/observations/3330618"
"184","Datura wrightii","Plantae","TRUE","FALSE","FALSE","TRUE","http://www.inaturalist.org/observations/3291774"
"185","Datura wrightii","Plantae","TRUE","FALSE","FALSE","TRUE","http://www.inaturalist.org/observations/3249777"
"186","Datura wrightii","Plantae","TRUE","FALSE","FALSE","TRUE","http://www.inaturalist.org/observations/3258022"
"187","Datura wrightii","Plantae","TRUE","FALSE","FALSE","TRUE","http://www.inaturalist.org/observations/3258630"
"188","Daucus pusillus","Plantae","TRUE","FALSE","FALSE","FALSE","http://www.inaturalist.org/observations/3277683"
"189","Daucus pusillus","Plantae","TRUE","FALSE","FALSE","FALSE","http://www.inaturalist.org/observations/3265806"
"190","Dendromecon rigida","Plantae","TRUE","FALSE","FALSE","TRUE","http://www.inaturalist.org/observations/3326065"
"191","Dryopteris arguta","Plantae","TRUE","FALSE","FALSE","FALSE","http://www.inaturalist.org/observations/3281436"
"192","Dudleya abramsii","Plantae","FALSE","FALSE","FALSE","FALSE","http://www.inaturalist.org/observations/3271227"
"193","Dudleya lanceolata","Plantae","TRUE","FALSE","FALSE","TRUE","http://www.inaturalist.org/observations/3275992"
"194","Dudleya lanceolata","Plantae","TRUE","FALSE","FALSE","TRUE","http://www.inaturalist.org/observations/3260559"
"195","Elymus glaucus","Plantae","TRUE","FALSE","FALSE","FALSE","http://www.inaturalist.org/observations/3261344"
"196","Emmenanthe penduliflora","Plantae","TRUE","FALSE","FALSE","FALSE","http://www.inaturalist.org/observations/3273547"
"197","Emmenanthe penduliflora","Plantae","TRUE","FALSE","FALSE","FALSE","http://www.inaturalist.org/observations/3265762"
"198","Emmenanthe penduliflora","Plantae","TRUE","FALSE","FALSE","FALSE","http://www.inaturalist.org/observations/3260604"
"199","Epilobium densiflorum","Plantae","TRUE","FALSE","FALSE","TRUE","http://www.inaturalist.org/observations/3311156"
"200","Epilobium densiflorum","Plantae","TRUE","FALSE","FALSE","TRUE","http://www.inaturalist.org/observations/3277790"
"201","Epilobium densiflorum","Plantae","TRUE","FALSE","FALSE","TRUE","http://www.inaturalist.org/observations/3271332"
"202","Epilobium densiflorum","Plantae","TRUE","FALSE","FALSE","TRUE","http://www.inaturalist.org/observations/3269034"
"203","Eriodictyon tomentosum","Plantae","TRUE","FALSE","FALSE","TRUE","http://www.inaturalist.org/observations/3293214"
"204","Eriodictyon tomentosum","Plantae","TRUE","FALSE","FALSE","TRUE","http://www.inaturalist.org/observations/3274374"
"205","Eriodictyon tomentosum","Plantae","TRUE","FALSE","FALSE","TRUE","http://www.inaturalist.org/observations/3265900"
"206","Eriodictyon tomentosum","Plantae","TRUE","FALSE","FALSE","TRUE","http://www.inaturalist.org/observations/3267936"
"207","Eriodictyon tomentosum","Plantae","TRUE","FALSE","FALSE","TRUE","http://www.inaturalist.org/observations/3269824"
"208","Eriodictyon tomentosum","Plantae","TRUE","FALSE","FALSE","TRUE","http://www.inaturalist.org/observations/3265510"
"209","Eriodictyon tomentosum","Plantae","TRUE","FALSE","FALSE","TRUE","http://www.inaturalist.org/observations/3258760"
"210","Eriogonum fasciculatum","Plantae","TRUE","TRUE","FALSE","FALSE","http://www.inaturalist.org/observations/3301759"
"211","Eriogonum fasciculatum","Plantae","TRUE","TRUE","FALSE","FALSE","http://www.inaturalist.org/observations/3270594"
"212","Eriogonum fasciculatum","Plantae","TRUE","TRUE","FALSE","FALSE","http://www.inaturalist.org/observations/3264821"
"213","Eriogonum fasciculatum","Plantae","TRUE","TRUE","FALSE","FALSE","http://www.inaturalist.org/observations/3265813"
"214","Eriogonum fasciculatum","Plantae","TRUE","TRUE","FALSE","FALSE","http://www.inaturalist.org/observations/3259844"
"215","Eriogonum fasciculatum","Plantae","TRUE","TRUE","FALSE","FALSE","http://www.inaturalist.org/observations/3258735"
"216","Eriogonum fasciculatum","Plantae","TRUE","TRUE","FALSE","FALSE","http://www.inaturalist.org/observations/3259285"
"217","Eriogonum nortonii","Plantae","TRUE","FALSE","FALSE","FALSE","http://www.inaturalist.org/observations/3330570"
"218","Eriogonum nortonii","Plantae","TRUE","FALSE","FALSE","FALSE","http://www.inaturalist.org/observations/3281423"
"219","Eriogonum nudum","Plantae","TRUE","FALSE","FALSE","FALSE","http://www.inaturalist.org/observations/3280402"
"220","Eriophyllum confertiflorum","Plantae","TRUE","FALSE","FALSE","FALSE","http://www.inaturalist.org/observations/3286807"
"221","Eriophyllum confertiflorum","Plantae","TRUE","FALSE","FALSE","FALSE","http://www.inaturalist.org/observations/3268897"
"222","Erythranthe guttata","Plantae","FALSE","FALSE","FALSE","FALSE","http://www.inaturalist.org/observations/3276076"
"223","Erythranthe guttata","Plantae","FALSE","FALSE","FALSE","FALSE","http://www.inaturalist.org/observations/3269026"
"224","Eschscholzia californica","Plantae","TRUE","FALSE","FALSE","FALSE","http://www.inaturalist.org/observations/3304277"
"225","Eschscholzia californica","Plantae","TRUE","FALSE","FALSE","FALSE","http://www.inaturalist.org/observations/4207911"
"226","Eschscholzia californica","Plantae","TRUE","FALSE","FALSE","FALSE","http://www.inaturalist.org/observations/3272660"
"227","Eschscholzia californica","Plantae","TRUE","FALSE","FALSE","FALSE","http://www.inaturalist.org/observations/3265895"
"228","Eschscholzia californica","Plantae","TRUE","FALSE","FALSE","FALSE","http://www.inaturalist.org/observations/3267828"
"229","Eschscholzia californica","Plantae","TRUE","FALSE","FALSE","FALSE","http://www.inaturalist.org/observations/3269036"
"230","Eschscholzia californica","Plantae","TRUE","FALSE","FALSE","FALSE","http://www.inaturalist.org/observations/3265598"
"231","Eschscholzia californica","Plantae","TRUE","FALSE","FALSE","FALSE","http://www.inaturalist.org/observations/3265640"
"232","Eschscholzia californica","Plantae","TRUE","FALSE","FALSE","FALSE","http://www.inaturalist.org/observations/3259280"
"233","Eucrypta chrysanthemifolia","Plantae","TRUE","FALSE","FALSE","FALSE","http://www.inaturalist.org/observations/3325425"
"234","Galium angustifolium","Plantae","TRUE","FALSE","FALSE","FALSE","http://www.inaturalist.org/observations/3273255"
"235","Gastridium phleoides","Plantae","FALSE","FALSE","FALSE","TRUE","http://www.inaturalist.org/observations/3265747"
"236","Heliotropium curassavicum","Plantae","TRUE","FALSE","FALSE","FALSE","http://www.inaturalist.org/observations/3277418"
"237","Heteromeles arbutifolia","Plantae","TRUE","FALSE","FALSE","TRUE","http://www.inaturalist.org/observations/3279801"
"238","Heteromeles arbutifolia","Plantae","TRUE","FALSE","FALSE","TRUE","http://www.inaturalist.org/observations/3260375"
"239","Hirschfeldia incana","Plantae","TRUE","FALSE","FALSE","TRUE","http://www.inaturalist.org/observations/3281466"
"240","Hirschfeldia incana","Plantae","TRUE","FALSE","FALSE","TRUE","http://www.inaturalist.org/observations/3267192"
"241","Hirschfeldia incana","Plantae","TRUE","FALSE","FALSE","TRUE","http://www.inaturalist.org/observations/3253542"
"242","Juncus effusus","Plantae","TRUE","FALSE","FALSE","FALSE","http://www.inaturalist.org/observations/3291816"
"243","Juniperus californica","Plantae","TRUE","FALSE","FALSE","TRUE","http://www.inaturalist.org/observations/3296898"
"244","Juniperus californica","Plantae","TRUE","FALSE","FALSE","TRUE","http://www.inaturalist.org/observations/3260601"
"245","Keckiella breviflora","Plantae","TRUE","FALSE","FALSE","FALSE","http://www.inaturalist.org/observations/3269032"
"246","Keckiella breviflora","Plantae","TRUE","FALSE","FALSE","FALSE","http://www.inaturalist.org/observations/3269832"
"247","Keckiella breviflora","Plantae","TRUE","FALSE","FALSE","FALSE","http://www.inaturalist.org/observations/3265681"
"248","Lagophylla ramosissima","Plantae","TRUE","FALSE","FALSE","TRUE","http://www.inaturalist.org/observations/3286421"
"249","Lastarriaea coriacea","Plantae","FALSE","FALSE","FALSE","FALSE","http://www.inaturalist.org/observations/3296893"
"250","Lathyrus vestitus","Plantae","TRUE","TRUE","FALSE","FALSE","http://www.inaturalist.org/observations/3272653"
"251","Layia hieracioides","Plantae","TRUE","FALSE","FALSE","TRUE","http://www.inaturalist.org/observations/3281419"
"252","Lepechinia calycina","Plantae","TRUE","FALSE","FALSE","FALSE","http://www.inaturalist.org/observations/3287407"
"253","Lepechinia calycina","Plantae","TRUE","FALSE","FALSE","FALSE","http://www.inaturalist.org/observations/3292005"
"254","Lepechinia calycina","Plantae","TRUE","FALSE","FALSE","FALSE","http://www.inaturalist.org/observations/3269126"
"255","Lepechinia calycina","Plantae","TRUE","FALSE","FALSE","FALSE","http://www.inaturalist.org/observations/3260404"
"256","Lonicera subspicata","Plantae","TRUE","FALSE","FALSE","FALSE","http://www.inaturalist.org/observations/3288009"
"257","Lonicera subspicata","Plantae","TRUE","FALSE","FALSE","FALSE","http://www.inaturalist.org/observations/3260514"
"258","Lupinus albifrons","Plantae","TRUE","FALSE","FALSE","FALSE","http://www.inaturalist.org/observations/3265960"
"259","Lupinus bicolor","Plantae","TRUE","FALSE","FALSE","FALSE","http://www.inaturalist.org/observations/3277201"
"260","Lupinus bicolor","Plantae","TRUE","FALSE","FALSE","FALSE","http://www.inaturalist.org/observations/3277724"
"261","Lupinus bicolor","Plantae","TRUE","FALSE","FALSE","FALSE","http://www.inaturalist.org/observations/3264528"
"262","Malacothamnus aboriginum","Plantae","TRUE","FALSE","FALSE","TRUE","http://www.inaturalist.org/observations/3265738"
"263","Marah fabacea","Plantae","FALSE","FALSE","FALSE","TRUE","http://www.inaturalist.org/observations/3291863"
"264","Marah fabacea","Plantae","FALSE","FALSE","FALSE","TRUE","http://www.inaturalist.org/observations/3265780"
"265","Marrubium vulgare","Plantae","TRUE","FALSE","FALSE","FALSE","http://www.inaturalist.org/observations/3281467"
"266","Matricaria discoidea","Plantae","FALSE","FALSE","FALSE","TRUE","http://www.inaturalist.org/observations/3264653"
"267","Monardella villosa","Plantae","TRUE","FALSE","FALSE","FALSE","http://www.inaturalist.org/observations/3281420"
"268","Muhlenbergia rigens","Plantae","TRUE","FALSE","FALSE","TRUE","http://www.inaturalist.org/observations/3269867"
"269","Nasturtium officinale","Plantae","FALSE","FALSE","FALSE","TRUE","http://www.inaturalist.org/observations/3265696"
"270","Navarretia atractyloides","Plantae","TRUE","FALSE","TRUE","TRUE","http://www.inaturalist.org/observations/3296500"
"271","Nicotiana quadrivalvis","Plantae","TRUE","FALSE","FALSE","FALSE","http://www.inaturalist.org/observations/3281866"
"272","Nicotiana quadrivalvis","Plantae","TRUE","FALSE","FALSE","FALSE","http://www.inaturalist.org/observations/3265492"
"273","Nicotiana quadrivalvis","Plantae","TRUE","FALSE","FALSE","FALSE","http://www.inaturalist.org/observations/3265564"
"274","Nicotiana quadrivalvis","Plantae","TRUE","FALSE","FALSE","FALSE","http://www.inaturalist.org/observations/3264654"
"275","Nicotiana quadrivalvis","Plantae","TRUE","FALSE","FALSE","FALSE","http://www.inaturalist.org/observations/3261756"
"276","Pedicularis densiflora","Plantae","TRUE","FALSE","FALSE","TRUE","http://www.inaturalist.org/observations/3291751"
"277","Pedicularis densiflora","Plantae","TRUE","FALSE","FALSE","TRUE","http://www.inaturalist.org/observations/3269341"
"278","Pedicularis densiflora","Plantae","TRUE","FALSE","FALSE","TRUE","http://www.inaturalist.org/observations/3260426"
"279","Pellaea andromedifolia","Plantae","TRUE","FALSE","FALSE","TRUE","http://www.inaturalist.org/observations/3279987"
"280","Pellaea mucronata","Plantae","TRUE","FALSE","FALSE","FALSE","http://www.inaturalist.org/observations/3301919"
"281","Pellaea mucronata","Plantae","TRUE","FALSE","FALSE","FALSE","http://www.inaturalist.org/observations/3271260"
"282","Pellaea mucronata","Plantae","TRUE","FALSE","FALSE","FALSE","http://www.inaturalist.org/observations/3272764"
"283","Penstemon centranthifolius","Plantae","TRUE","FALSE","FALSE","FALSE","http://www.inaturalist.org/observations/3301971"
"284","Penstemon centranthifolius","Plantae","TRUE","FALSE","FALSE","FALSE","http://www.inaturalist.org/observations/3277169"
"285","Penstemon centranthifolius","Plantae","TRUE","FALSE","FALSE","FALSE","http://www.inaturalist.org/observations/3268991"
"286","Penstemon centranthifolius","Plantae","TRUE","FALSE","FALSE","FALSE","http://www.inaturalist.org/observations/3260650"
"287","Penstemon centranthifolius","Plantae","TRUE","FALSE","FALSE","FALSE","http://www.inaturalist.org/observations/3257965"
"288","Pentagramma triangularis","Plantae","TRUE","FALSE","FALSE","FALSE","http://www.inaturalist.org/observations/3291667"
"289","Pentagramma triangularis","Plantae","TRUE","FALSE","FALSE","FALSE","http://www.inaturalist.org/observations/3269107"
"290","Phyla nodiflora","Plantae","TRUE","TRUE","FALSE","TRUE","http://www.inaturalist.org/observations/3277026"
"291","Pinus sabiniana","Plantae","TRUE","FALSE","FALSE","FALSE","http://www.inaturalist.org/observations/3322670"
"292","Pinus sabiniana","Plantae","TRUE","FALSE","FALSE","FALSE","http://www.inaturalist.org/observations/3281582"
"293","Pinus sabiniana","Plantae","TRUE","FALSE","FALSE","FALSE","http://www.inaturalist.org/observations/3269845"
"294","Pinus sabiniana","Plantae","TRUE","FALSE","FALSE","FALSE","http://www.inaturalist.org/observations/3265997"
"295","Pinus sabiniana","Plantae","TRUE","FALSE","FALSE","FALSE","http://www.inaturalist.org/observations/3265684"
"296","Pinus sabiniana","Plantae","TRUE","FALSE","FALSE","FALSE","http://www.inaturalist.org/observations/3262497"
"297","Pinus sabiniana","Plantae","TRUE","FALSE","FALSE","FALSE","http://www.inaturalist.org/observations/3259814"
"298","Pinus sabiniana","Plantae","TRUE","FALSE","FALSE","FALSE","http://www.inaturalist.org/observations/3260550"
"299","Plantago erecta","Plantae","TRUE","FALSE","FALSE","TRUE","http://www.inaturalist.org/observations/3265761"
"300","Populus fremontii","Plantae","TRUE","FALSE","FALSE","FALSE","http://www.inaturalist.org/observations/4207894"
"301","Populus fremontii","Plantae","TRUE","FALSE","FALSE","FALSE","http://www.inaturalist.org/observations/3281443"
"302","Populus fremontii","Plantae","TRUE","FALSE","FALSE","FALSE","http://www.inaturalist.org/observations/3264792"
"303","Populus fremontii","Plantae","TRUE","FALSE","FALSE","FALSE","http://www.inaturalist.org/observations/3261906"
"304","Prunus ilicifolia","Plantae","TRUE","FALSE","FALSE","FALSE","http://www.inaturalist.org/observations/3269561"
"305","Prunus ilicifolia","Plantae","TRUE","FALSE","FALSE","FALSE","http://www.inaturalist.org/observations/3260382"
"306","Pteridium aquilinum","Plantae","TRUE","FALSE","FALSE","FALSE","http://www.inaturalist.org/observations/3269883"
"307","Pteridium aquilinum","Plantae","TRUE","FALSE","FALSE","FALSE","http://www.inaturalist.org/observations/3266010"
"308","Pterostegia drymarioides","Plantae","TRUE","FALSE","FALSE","FALSE","http://www.inaturalist.org/observations/3280076"
"309","Quercus agrifolia","Plantae","TRUE","FALSE","FALSE","TRUE","http://www.inaturalist.org/observations/4207874"
"310","Quercus agrifolia","Plantae","TRUE","FALSE","FALSE","TRUE","http://www.inaturalist.org/observations/3276890"
"311","Quercus agrifolia","Plantae","TRUE","FALSE","FALSE","TRUE","http://www.inaturalist.org/observations/3272745"
"312","Quercus agrifolia","Plantae","TRUE","FALSE","FALSE","TRUE","http://www.inaturalist.org/observations/3262471"
"313","Quercus agrifolia","Plantae","TRUE","FALSE","FALSE","TRUE","http://www.inaturalist.org/observations/3264524"
"314","Quercus berberidifolia","Plantae","TRUE","FALSE","FALSE","FALSE","http://www.inaturalist.org/observations/3286580"
"315","Quercus lobata","Plantae","TRUE","FALSE","FALSE","TRUE","http://www.inaturalist.org/observations/4207840"
"316","Quercus lobata","Plantae","TRUE","FALSE","FALSE","TRUE","http://www.inaturalist.org/observations/3281446"
"317","Quercus lobata","Plantae","TRUE","FALSE","FALSE","TRUE","http://www.inaturalist.org/observations/3272729"
"318","Quercus lobata","Plantae","TRUE","FALSE","FALSE","TRUE","http://www.inaturalist.org/observations/3269714"
"319","Quercus lobata","Plantae","TRUE","FALSE","FALSE","TRUE","http://www.inaturalist.org/observations/3264829"
"320","Quercus lobata","Plantae","TRUE","FALSE","FALSE","TRUE","http://www.inaturalist.org/observations/3265552"
"321","Quercus lobata","Plantae","TRUE","FALSE","FALSE","TRUE","http://www.inaturalist.org/observations/3262740"
"322","Quercus lobata","Plantae","TRUE","FALSE","FALSE","TRUE","http://www.inaturalist.org/observations/3258556"
"323","Quercus lobata","Plantae","TRUE","FALSE","FALSE","TRUE","http://www.inaturalist.org/observations/3246930"
"324","Rafinesquia californica","Plantae","TRUE","FALSE","FALSE","FALSE","http://www.inaturalist.org/observations/3287024"
"325","Rafinesquia californica","Plantae","TRUE","FALSE","FALSE","FALSE","http://www.inaturalist.org/observations/3273411"
"326","Rhamnus ilicifolia","Plantae","TRUE","FALSE","FALSE","TRUE","http://www.inaturalist.org/observations/3260539"
"327","Rosa californica","Plantae","TRUE","FALSE","FALSE","TRUE","http://www.inaturalist.org/observations/4207934"
"328","Rosa californica","Plantae","TRUE","FALSE","FALSE","TRUE","http://www.inaturalist.org/observations/3277726"
"329","Rosa californica","Plantae","TRUE","FALSE","FALSE","TRUE","http://www.inaturalist.org/observations/3277728"
"330","Rosa californica","Plantae","TRUE","FALSE","FALSE","TRUE","http://www.inaturalist.org/observations/3278966"
"331","Rosa californica","Plantae","TRUE","FALSE","FALSE","TRUE","http://www.inaturalist.org/observations/3275534"
"332","Rosa californica","Plantae","TRUE","FALSE","FALSE","TRUE","http://www.inaturalist.org/observations/3264791"
"333","Rosa californica","Plantae","TRUE","FALSE","FALSE","TRUE","http://www.inaturalist.org/observations/3265708"
"334","Rosa californica","Plantae","TRUE","FALSE","FALSE","TRUE","http://www.inaturalist.org/observations/3261940"
"335","Rosa californica","Plantae","TRUE","FALSE","FALSE","TRUE","http://www.inaturalist.org/observations/3264639"
"336","Rosa californica","Plantae","TRUE","FALSE","FALSE","TRUE","http://www.inaturalist.org/observations/3259824"
"337","Rosa californica","Plantae","TRUE","FALSE","FALSE","TRUE","http://www.inaturalist.org/observations/3259253"
"338","Rubus ursinus","Plantae","TRUE","FALSE","FALSE","TRUE","http://www.inaturalist.org/observations/4207908"
"339","Rubus ursinus","Plantae","TRUE","FALSE","FALSE","TRUE","http://www.inaturalist.org/observations/3259089"
"340","Rumex crispus","Plantae","TRUE","FALSE","FALSE","TRUE","http://www.inaturalist.org/observations/3303952"
"341","Rumex crispus","Plantae","TRUE","FALSE","FALSE","TRUE","http://www.inaturalist.org/observations/3277755"
"342","Rumex salicifolius","Plantae","TRUE","FALSE","FALSE","TRUE","http://www.inaturalist.org/observations/3261496"
"343","Sairocarpus multiflorus","Plantae","FALSE","FALSE","FALSE","TRUE","http://www.inaturalist.org/observations/3330548"
"344","Sairocarpus multiflorus","Plantae","FALSE","FALSE","FALSE","TRUE","http://www.inaturalist.org/observations/3281421"
"345","Salix laevigata","Plantae","TRUE","FALSE","FALSE","TRUE","http://www.inaturalist.org/observations/3293188"
"346","Salvia columbariae","Plantae","TRUE","FALSE","FALSE","FALSE","http://www.inaturalist.org/observations/3269863"
"347","Salvia columbariae","Plantae","TRUE","FALSE","FALSE","FALSE","http://www.inaturalist.org/observations/3273590"
"348","Salvia columbariae","Plantae","TRUE","FALSE","FALSE","FALSE","http://www.inaturalist.org/observations/3260612"
"349","Salvia mellifera","Plantae","TRUE","FALSE","FALSE","FALSE","http://www.inaturalist.org/observations/3301802"
"350","Salvia mellifera","Plantae","TRUE","FALSE","FALSE","FALSE","http://www.inaturalist.org/observations/3272199"
"351","Salvia mellifera","Plantae","TRUE","FALSE","FALSE","FALSE","http://www.inaturalist.org/observations/3260585"
"352","Sambucus cerulea","Plantae","FALSE","FALSE","FALSE","FALSE","http://www.inaturalist.org/observations/4207904"
"353","Sambucus cerulea","Plantae","FALSE","FALSE","FALSE","FALSE","http://www.inaturalist.org/observations/3277969"
"354","Sambucus cerulea","Plantae","FALSE","FALSE","FALSE","FALSE","http://www.inaturalist.org/observations/3264813"
"355","Sambucus cerulea","Plantae","FALSE","FALSE","FALSE","FALSE","http://www.inaturalist.org/observations/3264839"
"356","Sambucus cerulea","Plantae","FALSE","FALSE","FALSE","FALSE","http://www.inaturalist.org/observations/3261874"
"357","Sambucus cerulea","Plantae","FALSE","FALSE","FALSE","FALSE","http://www.inaturalist.org/observations/3259833"
"358","Scrophularia californica","Plantae","TRUE","TRUE","FALSE","TRUE","http://www.inaturalist.org/observations/3320936"
"359","Scrophularia californica","Plantae","TRUE","TRUE","FALSE","TRUE","http://www.inaturalist.org/observations/3280640"
"360","Selaginella bigelovii","Plantae","TRUE","FALSE","FALSE","FALSE","http://www.inaturalist.org/observations/3272273"
"361","Senecio flaccidus","Plantae","TRUE","FALSE","FALSE","FALSE","http://www.inaturalist.org/observations/3265970"
"362","Silene gallica","Plantae","TRUE","FALSE","FALSE","TRUE","http://www.inaturalist.org/observations/3266016"
"363","Silybum marianum","Plantae","TRUE","FALSE","FALSE","TRUE","http://www.inaturalist.org/observations/3265358"
"364","Silybum marianum","Plantae","TRUE","FALSE","FALSE","TRUE","http://www.inaturalist.org/observations/3265463"
"365","Solanum umbelliferum","Plantae","TRUE","FALSE","FALSE","TRUE","http://www.inaturalist.org/observations/4207917"
"366","Solanum umbelliferum","Plantae","TRUE","FALSE","FALSE","TRUE","http://www.inaturalist.org/observations/3281418"
"367","Solanum umbelliferum","Plantae","TRUE","FALSE","FALSE","TRUE","http://www.inaturalist.org/observations/3272734"
"368","Solanum umbelliferum","Plantae","TRUE","FALSE","FALSE","TRUE","http://www.inaturalist.org/observations/3264790"
"369","Solanum umbelliferum","Plantae","TRUE","FALSE","FALSE","TRUE","http://www.inaturalist.org/observations/3259796"
"370","Solanum umbelliferum","Plantae","TRUE","FALSE","FALSE","TRUE","http://www.inaturalist.org/observations/3259025"
"371","Stachys bullata","Plantae","TRUE","FALSE","FALSE","FALSE","http://www.inaturalist.org/observations/3291720"
"372","Stachys bullata","Plantae","TRUE","FALSE","FALSE","FALSE","http://www.inaturalist.org/observations/3291694"
"373","Toxicodendron diversilobum","Plantae","TRUE","FALSE","FALSE","TRUE","http://www.inaturalist.org/observations/3311968"
"374","Toxicodendron diversilobum","Plantae","TRUE","FALSE","FALSE","TRUE","http://www.inaturalist.org/observations/4207885"
"375","Toxicodendron diversilobum","Plantae","TRUE","FALSE","FALSE","TRUE","http://www.inaturalist.org/observations/3292029"
"376","Toxicodendron diversilobum","Plantae","TRUE","FALSE","FALSE","TRUE","http://www.inaturalist.org/observations/3265981"
"377","Toxicodendron diversilobum","Plantae","TRUE","FALSE","FALSE","TRUE","http://www.inaturalist.org/observations/3265575"
"378","Toxicodendron diversilobum","Plantae","TRUE","FALSE","FALSE","TRUE","http://www.inaturalist.org/observations/3265597"
"379","Toxicodendron diversilobum","Plantae","TRUE","FALSE","FALSE","TRUE","http://www.inaturalist.org/observations/3264651"
"380","Toxicodendron diversilobum","Plantae","TRUE","FALSE","FALSE","TRUE","http://www.inaturalist.org/observations/3259076"
"381","Toxicodendron diversilobum","Plantae","TRUE","FALSE","FALSE","TRUE","http://www.inaturalist.org/observations/3254732"
"382","Tragopogon dubius","Plantae","TRUE","FALSE","FALSE","TRUE","http://www.inaturalist.org/observations/3292962"
"383","Tragopogon dubius","Plantae","TRUE","FALSE","FALSE","TRUE","http://www.inaturalist.org/observations/3269828"
"384","Trichostema lanatum","Plantae","TRUE","FALSE","FALSE","FALSE","http://www.inaturalist.org/observations/3311268"
"385","Trichostema lanatum","Plantae","TRUE","FALSE","FALSE","FALSE","http://www.inaturalist.org/observations/3277129"
"386","Trichostema lanceolatum","Plantae","TRUE","FALSE","FALSE","FALSE","http://www.inaturalist.org/observations/3265715"
"387","Urtica dioica","Plantae","TRUE","FALSE","FALSE","FALSE","http://www.inaturalist.org/observations/3281449"
"388","Urtica dioica","Plantae","TRUE","FALSE","FALSE","FALSE","http://www.inaturalist.org/observations/3265879"
"389","Urtica urens","Plantae","TRUE","FALSE","FALSE","FALSE","http://www.inaturalist.org/observations/3304213"
"390","Urtica urens","Plantae","TRUE","FALSE","FALSE","FALSE","http://www.inaturalist.org/observations/3261907"
"391","Verbena lasiostachys","Plantae","TRUE","FALSE","FALSE","FALSE","http://www.inaturalist.org/observations/3281455"
"392","Veronica anagallis-aquatica","Plantae","TRUE","FALSE","FALSE","TRUE","http://www.inaturalist.org/observations/3274671"
"393","Veronica anagallis-aquatica","Plantae","TRUE","FALSE","FALSE","TRUE","http://www.inaturalist.org/observations/3261330"
"394","Vicia americana","Plantae","FALSE","FALSE","FALSE","FALSE","http://www.inaturalist.org/observations/3265357"
"395","Viola pedunculata","Plantae","TRUE","FALSE","FALSE","FALSE","http://www.inaturalist.org/observations/3265857"
"396","Woodwardia fimbriata","Plantae","TRUE","FALSE","FALSE","TRUE","http://www.inaturalist.org/observations/3320940"
"397","Woodwardia fimbriata","Plantae","TRUE","FALSE","FALSE","TRUE","http://www.inaturalist.org/observations/3275776"
"398","Aspidoscelis tigris","Reptilia","FALSE","FALSE","FALSE","FALSE","http://www.inaturalist.org/observations/3323547"
"399","Aspidoscelis tigris","Reptilia","FALSE","FALSE","FALSE","FALSE","http://www.inaturalist.org/observations/3296581"
"400","Aspidoscelis tigris","Reptilia","FALSE","FALSE","FALSE","FALSE","http://www.inaturalist.org/observations/3274834"
"401","Aspidoscelis tigris","Reptilia","FALSE","FALSE","FALSE","FALSE","http://www.inaturalist.org/observations/3266213"
"402","Aspidoscelis tigris","Reptilia","FALSE","FALSE","FALSE","FALSE","http://www.inaturalist.org/observations/3264836"
"403","Aspidoscelis tigris","Reptilia","FALSE","FALSE","FALSE","FALSE","http://www.inaturalist.org/observations/3264350"
"404","Pituophis catenifer","Reptilia","TRUE","FALSE","FALSE","TRUE","http://www.inaturalist.org/observations/3269886"
"405","Pituophis catenifer","Reptilia","TRUE","FALSE","FALSE","TRUE","http://www.inaturalist.org/observations/3262142"
"406","Sceloporus occidentalis","Reptilia","TRUE","FALSE","FALSE","FALSE","http://www.inaturalist.org/observations/3323581"
"407","Sceloporus occidentalis","Reptilia","TRUE","FALSE","FALSE","FALSE","http://www.inaturalist.org/observations/3285974"
"408","Sceloporus occidentalis","Reptilia","TRUE","FALSE","FALSE","FALSE","http://www.inaturalist.org/observations/3296584"
"409","Sceloporus occidentalis","Reptilia","TRUE","FALSE","FALSE","FALSE","http://www.inaturalist.org/observations/3272656"
"410","Sceloporus occidentalis","Reptilia","TRUE","FALSE","FALSE","FALSE","http://www.inaturalist.org/observations/3272657"
"411","Sceloporus occidentalis","Reptilia","TRUE","FALSE","FALSE","FALSE","http://www.inaturalist.org/observations/3275367"
"412","Sceloporus occidentalis","Reptilia","TRUE","FALSE","FALSE","FALSE","http://www.inaturalist.org/observations/3269779"
"413","Sceloporus occidentalis","Reptilia","TRUE","FALSE","FALSE","FALSE","http://www.inaturalist.org/observations/3264520"
"414","Thamnophis sirtalis","Reptilia","TRUE","FALSE","FALSE","TRUE","http://www.inaturalist.org/observations/3320974"
"415","Thamnophis sirtalis","Reptilia","TRUE","FALSE","FALSE","TRUE","http://www.inaturalist.org/observations/3276187"
"416","Uta stansburiana","Reptilia","TRUE","FALSE","FALSE","TRUE","http://www.inaturalist.org/observations/3296895"
"417","Uta stansburiana","Reptilia","TRUE","FALSE","FALSE","TRUE","http://www.inaturalist.org/observations/3265569"
"418","Uta stansburiana","Reptilia","TRUE","FALSE","FALSE","TRUE","http://www.inaturalist.org/observations/3261081"
