"","Iconic_taxa","Scientific_name","Occurences in BISON","Invasive.Record"
"1","Amphibia","Pseudacris sierra","OR 86; MT 7; BC CAN 1; CA 2454; FL 4; ID 304; WA 109; UT 2; NV 72","No"
"2","Aves","Dryobates nuttallii","CA 20","No"
"3","Mammalia","Neotamias merriami","CA 116","No"
"4","Plantae","Acmispon americanus","OR 195; NC 2; DC 1; MT 1; WY 1; OK 9; SD 16; MN 6; CA 632; KS 8; AL 1; WA 39; NE 11; IA 1; MB CAN 1; NM 4; TX 36; MO 4; LA 1; ND 10; ID 18; AZ 7; NV 6","No"
"5","Plantae","Acmispon glaber","CA 2254","No"
"6","Plantae","Brodiaea elegans","OR 65; BC CAN 1; CA 544; WA 1","No"
"7","Plantae","Cirsium douglasii","OR 8; CA 74; NV 6","No"
"8","Plantae","Clarkia lewisii","CA 199","No"
"9","Plantae","Dudleya abramsii","CA 72","No"
"10","Plantae","Erythranthe guttata","OR 202; WY 1; BC CAN 61; CA 738; WA 3; YT CAN 3; UT 1; NB CAN 2; CO 2; CT 4; AK 6; AB CAN 2; AZ 17; NV 3","No"
"11","Plantae","Lastarriaea coriacea","CA 547","No"
"12","Plantae","Sambucus cerulea","OR 54; DC 3; MT 24; WY 1; BC CAN 6; HI 1; CA 1021; UT 103; WA 94; NM 12; CO 5; TX 1; ID 97; AZ 46; NV 75","No"
"13","Plantae","Vicia americana","OR 632; NC 2; IN 14; WY 72; OK 18; ME 1; BC CAN 119; SK CAN 13; AR 2; WA 524; UT 476; YT CAN 16; NE 50; ON CAN 37; WV 35; MB CAN 45; CO 721; MO 12; QC CAN 4; AK 11; AB CAN 119; ND 90; AZ 213; WI 147; NV 71; NY 35; DC 1; MT 750; SD 96; MN 211; CA 1964; KS 56; DE 1; NJ 11; MI 83; PA 30; NB CAN 1; IA 20; MS 1; NM 363; IL 124; TX 15; CT 1; OH 12; NT CAN 11; VA 9; MD 3; ID 342","No"
"14","Reptilia","Aspidoscelis tigris","OR 30; NM 1070; TX 867; CO 94; OK 1; CA 7332; AZ 6374; UT 1017; ID 223; WA 2; NV 2195","No"
