"","Scientific_name","Iconic_taxa","iNat_NPS_matches","iNat_NPSsynonym_matches","iNat_ITIS_synonym_matches","iNat_ITIS_nonsyn_matches","iNaturalist_URL"
"1","Aythya americana","Aves","TRUE","FALSE","FALSE","FALSE","http://www.inaturalist.org/observations/3780392"
"2","Calidris alba","Aves","TRUE","FALSE","FALSE","FALSE","http://www.inaturalist.org/observations/3813521"
"3","Calidris minutilla","Aves","TRUE","FALSE","FALSE","FALSE","http://www.inaturalist.org/observations/3780386"
"4","Leucophaeus atricilla","Aves","FALSE","FALSE","FALSE","TRUE","http://www.inaturalist.org/observations/3813603"
"5","Leucophaeus atricilla","Aves","FALSE","FALSE","FALSE","TRUE","http://conabio.inaturalist.org/observations/4098597"
"6","Limosa fedoa","Aves","TRUE","FALSE","FALSE","TRUE","http://www.inaturalist.org/observations/3887767"
"7","Pelecanus occidentalis","Aves","TRUE","FALSE","FALSE","FALSE","http://www.inaturalist.org/observations/3884032"
"8","Rynchops niger","Aves","TRUE","FALSE","FALSE","TRUE","http://www.inaturalist.org/observations/3813487"
"9","Sula dactylatra","Aves","TRUE","FALSE","FALSE","FALSE","http://www.inaturalist.org/observations/3851488"
"10","Tringa semipalmata","Aves","FALSE","FALSE","FALSE","TRUE","http://www.inaturalist.org/observations/3887821"
"11","Ipomoea imperati","Plantae","TRUE","FALSE","FALSE","TRUE","http://www.inaturalist.org/observations/3883889"
"12","Ipomoea pes-caprae","Plantae","TRUE","FALSE","FALSE","FALSE","http://www.inaturalist.org/observations/3883872"
"13","Sesuvium portulacastrum","Plantae","TRUE","FALSE","FALSE","TRUE","http://www.inaturalist.org/observations/3883920"
"14","Uniola paniculata","Plantae","TRUE","FALSE","FALSE","TRUE","http://www.inaturalist.org/observations/3883846"
"15","Thamnophis proximus","Reptilia","TRUE","FALSE","FALSE","FALSE","http://www.inaturalist.org/observations/3780385"
