"","Scientific_name","Iconic_taxa","Match NPSpecies","iNaturalist_Entry_count"
"1","Aythya americana","Aves","Match","1"
"2","Calidris alba","Aves","Match","1"
"3","Calidris minutilla","Aves","Match","1"
"4","Leucophaeus atricilla","Aves","ITIS Match","2"
"5","Limosa fedoa","Aves","Match","1"
"6","Pelecanus occidentalis","Aves","Match","1"
"7","Rynchops niger","Aves","Match","1"
"8","Sula dactylatra","Aves","Match","1"
"9","Tringa semipalmata","Aves","ITIS Match","1"
"10","Ipomoea imperati","Plantae","Match","1"
"11","Ipomoea pes-caprae","Plantae","Match","1"
"12","Sesuvium portulacastrum","Plantae","Match","1"
"13","Uniola paniculata","Plantae","Match","1"
"14","Thamnophis proximus","Reptilia","Match","1"
"15","Brachymesia gravida","Insecta","Table 4","2"
"16","Macrodiplax balteata","Insecta","Table 4","1"
"17","Ischnura ramburii","Insecta","Table 4","1"
"18","Erythemis simplicicollis","Insecta","Table 4","1"
"19","Brachymesia furcata","Insecta","Table 4","1"
"20","Sceliphron caementarium","Insecta","Table 4","1"
"21","Ocypode quadrata","Animalia","Table 4","2"
"22","Donax variabilis","Mollusca","Table 4","1"
"23","Physalia physalis","Animalia","Table 4","1"
