"","Iconic.taxon.name","Scientific.name","Common.name"
"1","Animalia","Ocypode quadrata","Atlantic Ghost Crab"
"2","Animalia","Physalia physalis","Portuguese Man o' War"
"3","Insecta","Brachymesia furcata","Red-tailed Pennant"
"4","Insecta","Brachymesia gravida","Four-spotted Pennant"
"5","Insecta","Erythemis simplicicollis","Eastern Pondhawk"
"6","Insecta","Ischnura ramburii","Rambur's Forktail"
"7","Insecta","Macrodiplax balteata","Marl Pennant"
"8","Insecta","Sceliphron caementarium","Yellow-legged Mud-dauber Wasp"
"9","Mollusca","Donax variabilis","Coquina"
