"","Iconic_taxa","iNat_entry","NPSpecies_name","Accepted_TSN","NPS_entry_TSN"
"1","Amphibia","Lithobates palustris","Rana palustris","775107","173435"
"2","Amphibia","Lithobates sylvaticus","Rana sylvatica cantabrigensis","775117","207004"
"3","Plantae","Carex laevivaginata","Carex stipata var. laevivaginata","39410","533122"
"4","Plantae","Osmundastrum cinnamomeum","Osmunda cinnamomea","1012094","17219"
"5","Plantae","Persicaria arifolia","Polygonum arifolium var. lentiforme","823782","539044"
"6","Plantae","Persicaria sagittata","Polygonum sagittatum var. gracilentum","823786","539101"
"7","Plantae","Rubus flagellaris","Rubus enslenii","24921","24916"
"8","Reptilia","Glyptemys insculpta","Clemmys insculpta","668669","173772"
