"","Iconic_taxa","Scientific_name","Occurences in BISON","Invasive.Record"
"1","Amphibia","Anaxyrus americanus","VT 485; NC 282; IN 179; OK 1251; TN 213; ME 93; PE CAN 16; AL 48; AR 660; SC 36; NE 13; ON CAN 2641; WV 129; MB CAN 173; MA 227; CO 2; QC CAN 870; MO 497; ND 19; WI 327; NY 790; RI 67; DC 28; KY 384; SD 45; MN 313; KS 735; NL CAN 36; DE 24; FL 2; NJ 94; MI 527; NB CAN 412; PA 332; MS 169; IA 152; NU CAN 2; IL 320; NS CAN 139; TX 83; CT 294; NH 126; LA 39; OH 553; GA 189; NT CAN 1; VA 821; MD 366","No"
"2","Amphibia","Lithobates clamitans","VT 397; NC 215; IN 184; OK 411; ME 182; TN 151; BC CAN 20; PE CAN 83; AL 113; AR 180; SC 82; UT 14; WA 4; ON CAN 2971; WV 102; MB CAN 6; MA 236; QC CAN 911; MO 128; WI 224; NY 1146; RI 141; DC 63; KY 192; MN 240; NL CAN 27; KS 11; FL 119; DE 41; NJ 358; NB CAN 1262; MI 532; PA 335; MS 131; IA 52; TX 434; NS CAN 266; IL 215; CT 356; NH 82; LA 404; OH 483; GA 211; VA 935; MD 518","No"
"3","Plantae","Anemonoides quinquefolia","No data available","No"
"4","Plantae","Botrypus virginianus","NC 905; VT 64; OR 21; IN 9; WY 1; TN 96; OK 14; ME 1; BC CAN 2; SK CAN 7; AL 6; AR 15; SC 105; YT CAN 3; WA 2; NE 1; ON CAN 71; WV 62; MB CAN 8; QC CAN 26; MO 16; AK 2; AB CAN 42; WI 49; NY 9; KY 34; MN 15; CA 4; KS 3; NL CAN 2; DE 3; FL 2; NJ 6; MI 43; PA 32; NB CAN 8; MS 3; IL 34; TX 14; NS CAN 2; NH 5; CT 3; OH 49; GA 22; NT CAN 3; VA 487; MD 91","No"
"5","Plantae","Circaea canadensis","NC 88; VT 42; IN 7; TN 25; ME 8; OK 1; AR 2; SC 9; NE 6; ON CAN 70; WV 42; MA 24; MO 115; QC CAN 8; ND 4; WI 41; NY 53; DC 13; RI 2; KY 24; SD 2; MN 11; KS 4; DE 1; NJ 22; MI 40; PA 22; IA 7; IL 48; CT 29; NH 6; OH 24; GA 10; VA 538; MD 134","No"
"6","Plantae","Cirsium muticum","NC 63; VT 40; IN 90; ME 30; TN 20; OK 2; SK CAN 1; PE CAN 4; AL 3; AR 4; SC 2; WV 31; ON CAN 28; MB CAN 33; MA 30; QC CAN 96; MO 38; ND 14; WI 177; NY 96; RI 8; MT 1; KY 19; MN 95; NL CAN 17; FL 15; DE 2; NJ 33; MI 163; PA 77; NB CAN 9; IA 110; MS 2; IL 78; NS CAN 31; TX 8; CT 59; NH 8; LA 20; OH 75; GA 5; VA 49; MD 7","No"
"7","Plantae","Dendrolycopodium obscurum","NC 70; VT 66; IN 1; ME 19; TN 12; AL 1; SC 20; ON CAN 26; WV 10; MA 100; QC CAN 16; WI 8; NY 77; RI 4; DC 1; KY 1; MN 2; DE 14; NJ 31; PA 56; MI 23; NB CAN 10; NS CAN 15; NH 30; CT 28; OH 20; GA 2; VA 69; MD 42","No"
"8","Plantae","Nuphar advena","NC 20; VT 4; IN 40; ME 14; OK 4; TN 3; AL 4; AR 4; SC 56; ON CAN 5; WV 2; MA 3; MO 20; QC CAN 2; WI 13; NY 23; DC 4; KY 2; SD 1; MN 1; KS 3; FL 144; DE 6; NJ 34; PA 28; MI 24; NB CAN 1; MS 1; TX 54; IL 20; CT 9; LA 11; OH 38; GA 6; VA 98; MD 50","No"
"9","Plantae","Parathelypteris noveboracensis","NC 775; VT 143; IN 5; TN 161; ME 45; PE CAN 1; AL 25; SC 101; WV 52; ON CAN 37; MA 105; QC CAN 6; AK 1; WI 1; NY 55; DC 23; RI 16; KY 17; CA 1; NL CAN 1; DE 5; NJ 26; PA 62; MI 21; NB CAN 8; IA 1; MS 1; NS CAN 17; CT 81; NH 33; OH 61; GA 129; VA 324; MD 116","No"
"10","Plantae","Persicaria perfoliata","NC 1; NY 537; DC 12; RI 2; DE 9; NJ 48; SC 1; PA 68; WV 4; MA 6; CT 18; MD 144; VA 35","Yes"
"11","Plantae","Trillium cernuum","VT 46; NC 7; IN 6; ME 42; SK CAN 1; PE CAN 9; AL 1; SC 4; ON CAN 80; WV 5; MB CAN 31; MA 136; QC CAN 126; ND 12; WI 160; NY 49; RI 21; SD 12; MN 183; NL CAN 3; DE 34; NJ 21; MI 180; PA 89; NB CAN 23; IA 23; NS CAN 69; IL 14; CT 79; NH 21; OH 3; GA 2; VA 15; MD 2","No"
