"","Scientific_name","Iconic_taxa","iNat_NPS_matches","iNat_NPSsynonym_matches","iNat_ITIS_synonym_matches","iNat_ITIS_nonsyn_matches","iNaturalist_URL"
"1","Ambystoma maculatum","Amphibia","TRUE","FALSE","FALSE","TRUE","http://www.inaturalist.org/observations/3268034"
"2","Anaxyrus americanus","Amphibia","FALSE","FALSE","FALSE","FALSE","http://www.inaturalist.org/observations/3245913"
"3","Anaxyrus americanus","Amphibia","FALSE","FALSE","FALSE","FALSE","http://www.inaturalist.org/observations/3244883"
"4","Eurycea bislineata","Amphibia","TRUE","FALSE","FALSE","TRUE","http://www.inaturalist.org/observations/3267179"
"5","Eurycea bislineata","Amphibia","TRUE","FALSE","FALSE","TRUE","http://www.inaturalist.org/observations/3267196"
"6","Eurycea bislineata","Amphibia","TRUE","FALSE","FALSE","TRUE","http://www.inaturalist.org/observations/3267227"
"7","Hemidactylium scutatum","Amphibia","TRUE","FALSE","FALSE","FALSE","http://www.inaturalist.org/observations/3267951"
"8","Lithobates clamitans","Amphibia","FALSE","FALSE","FALSE","FALSE","http://www.inaturalist.org/observations/3245418"
"9","Lithobates clamitans","Amphibia","FALSE","FALSE","FALSE","FALSE","http://www.inaturalist.org/observations/3267991"
"10","Lithobates palustris","Amphibia","FALSE","FALSE","FALSE","TRUE","http://www.inaturalist.org/observations/3244714"
"11","Lithobates sylvaticus","Amphibia","FALSE","FALSE","FALSE","TRUE","http://www.inaturalist.org/observations/3245829"
"12","Lithobates sylvaticus","Amphibia","FALSE","FALSE","FALSE","TRUE","http://www.inaturalist.org/observations/3267405"
"13","Lithobates sylvaticus","Amphibia","FALSE","FALSE","FALSE","TRUE","http://www.inaturalist.org/observations/3267773"
"14","Lithobates sylvaticus","Amphibia","FALSE","FALSE","FALSE","TRUE","http://www.inaturalist.org/observations/3238521"
"15","Notophthalmus viridescens","Amphibia","TRUE","TRUE","FALSE","FALSE","http://www.inaturalist.org/observations/3245994"
"16","Plethodon cinereus","Amphibia","TRUE","FALSE","FALSE","TRUE","http://www.inaturalist.org/observations/3267173"
"17","Plethodon cinereus","Amphibia","TRUE","FALSE","FALSE","TRUE","http://www.inaturalist.org/observations/3267233"
"18","Plethodon cinereus","Amphibia","TRUE","FALSE","FALSE","TRUE","http://www.inaturalist.org/observations/3267305"
"19","Plethodon cinereus","Amphibia","TRUE","FALSE","FALSE","TRUE","http://www.inaturalist.org/observations/3267788"
"20","Plethodon cinereus","Amphibia","TRUE","FALSE","FALSE","TRUE","http://www.inaturalist.org/observations/3267983"
"21","Plethodon cinereus","Amphibia","TRUE","FALSE","FALSE","TRUE","http://www.inaturalist.org/observations/3245376"
"22","Cathartes aura","Aves","TRUE","FALSE","FALSE","FALSE","http://www.inaturalist.org/observations/3247776"
"23","Colaptes auratus","Aves","TRUE","FALSE","FALSE","FALSE","http://www.inaturalist.org/observations/3236143"
"24","Hirundo rustica","Aves","TRUE","FALSE","FALSE","FALSE","http://www.inaturalist.org/observations/3269180"
"25","Icterus galbula","Aves","TRUE","FALSE","FALSE","TRUE","http://www.inaturalist.org/observations/3246296"
"26","Passerina cyanea","Aves","TRUE","FALSE","FALSE","TRUE","http://www.inaturalist.org/observations/3244577"
"27","Sialia sialis","Aves","TRUE","FALSE","FALSE","FALSE","http://www.inaturalist.org/observations/3269098"
"28","Ailanthus altissima","Plantae","TRUE","FALSE","FALSE","TRUE","http://www.inaturalist.org/observations/3270362"
"29","Alliaria petiolata","Plantae","TRUE","FALSE","FALSE","TRUE","http://www.inaturalist.org/observations/3238683"
"30","Alnus incana","Plantae","TRUE","FALSE","FALSE","FALSE","http://www.inaturalist.org/observations/3238751"
"31","Andropogon virginicus","Plantae","TRUE","FALSE","FALSE","TRUE","http://www.inaturalist.org/observations/3238598"
"32","Anemonoides quinquefolia","Plantae","FALSE","FALSE","FALSE","FALSE","http://www.inaturalist.org/observations/3346846"
"33","Anthoxanthum odoratum","Plantae","TRUE","FALSE","FALSE","TRUE","http://www.inaturalist.org/observations/3346855"
"34","Arisaema triphyllum","Plantae","TRUE","FALSE","FALSE","TRUE","http://www.inaturalist.org/observations/3234458"
"35","Asplenium platyneuron","Plantae","TRUE","FALSE","FALSE","TRUE","http://www.inaturalist.org/observations/3321854"
"36","Athyrium filix-femina","Plantae","TRUE","FALSE","TRUE","TRUE","http://www.inaturalist.org/observations/3240903"
"37","Barbarea vulgaris","Plantae","TRUE","FALSE","FALSE","TRUE","http://www.inaturalist.org/observations/3238576"
"38","Betula lenta","Plantae","TRUE","FALSE","FALSE","FALSE","http://www.inaturalist.org/observations/3240893"
"39","Botrypus virginianus","Plantae","FALSE","FALSE","FALSE","FALSE","http://www.inaturalist.org/observations/3248559"
"40","Cardamine bulbosa","Plantae","TRUE","FALSE","FALSE","TRUE","http://www.inaturalist.org/observations/3238315"
"41","Cardamine bulbosa","Plantae","TRUE","FALSE","FALSE","TRUE","http://www.inaturalist.org/observations/3238223"
"42","Cardamine pensylvanica","Plantae","TRUE","FALSE","FALSE","TRUE","http://www.inaturalist.org/observations/3236337"
"43","Cardamine pensylvanica","Plantae","TRUE","FALSE","FALSE","TRUE","http://www.inaturalist.org/observations/3238704"
"44","Carex bromoides","Plantae","TRUE","FALSE","FALSE","FALSE","http://www.inaturalist.org/observations/3237756"
"45","Carex bromoides","Plantae","TRUE","FALSE","FALSE","FALSE","http://www.inaturalist.org/observations/3237894"
"46","Carex crinita","Plantae","TRUE","FALSE","FALSE","FALSE","http://www.inaturalist.org/observations/3238108"
"47","Carex crinita","Plantae","TRUE","FALSE","FALSE","FALSE","http://www.inaturalist.org/observations/3237912"
"48","Carex debilis","Plantae","TRUE","FALSE","FALSE","FALSE","http://www.inaturalist.org/observations/3249508"
"49","Carex gracillima","Plantae","TRUE","FALSE","FALSE","TRUE","http://www.inaturalist.org/observations/3346853"
"50","Carex granularis","Plantae","TRUE","FALSE","FALSE","TRUE","http://www.inaturalist.org/observations/3237574"
"51","Carex granularis","Plantae","TRUE","FALSE","FALSE","TRUE","http://www.inaturalist.org/observations/3237736"
"52","Carex intumescens","Plantae","TRUE","FALSE","FALSE","TRUE","http://www.inaturalist.org/observations/3248607"
"53","Carex intumescens","Plantae","TRUE","FALSE","FALSE","TRUE","http://www.inaturalist.org/observations/3240908"
"54","Carex laevivaginata","Plantae","FALSE","FALSE","FALSE","TRUE","http://www.inaturalist.org/observations/3238242"
"55","Carex stipata","Plantae","TRUE","FALSE","FALSE","FALSE","http://www.inaturalist.org/observations/3346859"
"56","Carex stricta","Plantae","TRUE","FALSE","FALSE","TRUE","http://www.inaturalist.org/observations/3346856"
"57","Carpinus caroliniana","Plantae","TRUE","FALSE","FALSE","TRUE","http://www.inaturalist.org/observations/3346869"
"58","Carpinus caroliniana","Plantae","TRUE","FALSE","FALSE","TRUE","http://www.inaturalist.org/observations/3241790"
"59","Castanea dentata","Plantae","TRUE","FALSE","FALSE","TRUE","http://www.inaturalist.org/observations/3270005"
"60","Castanea dentata","Plantae","TRUE","FALSE","FALSE","TRUE","http://www.inaturalist.org/observations/3246352"
"61","Castanea dentata","Plantae","TRUE","FALSE","FALSE","TRUE","http://www.inaturalist.org/observations/3236790"
"62","Celastrus orbiculatus","Plantae","TRUE","FALSE","FALSE","FALSE","http://www.inaturalist.org/observations/3270025"
"63","Cercis canadensis","Plantae","TRUE","FALSE","FALSE","FALSE","http://www.inaturalist.org/observations/3237847"
"64","Chimaphila maculata","Plantae","TRUE","FALSE","FALSE","TRUE","http://www.inaturalist.org/observations/3237337"
"65","Circaea canadensis","Plantae","FALSE","FALSE","FALSE","FALSE","http://www.inaturalist.org/observations/3236620"
"66","Cirsium muticum","Plantae","FALSE","FALSE","FALSE","FALSE","http://www.inaturalist.org/observations/3238740"
"67","Cypripedium acaule","Plantae","TRUE","FALSE","FALSE","TRUE","http://www.inaturalist.org/observations/3268929"
"68","Cypripedium acaule","Plantae","TRUE","FALSE","FALSE","TRUE","http://www.inaturalist.org/observations/3246313"
"69","Dactylis glomerata","Plantae","TRUE","FALSE","FALSE","TRUE","http://www.inaturalist.org/observations/3237572"
"70","Dendrolycopodium obscurum","Plantae","FALSE","FALSE","FALSE","FALSE","http://www.inaturalist.org/observations/3241012"
"71","Dennstaedtia punctilobula","Plantae","TRUE","FALSE","FALSE","FALSE","http://www.inaturalist.org/observations/3240840"
"72","Dryopteris carthusiana","Plantae","TRUE","FALSE","FALSE","TRUE","http://www.inaturalist.org/observations/3346848"
"73","Dryopteris cristata","Plantae","TRUE","FALSE","FALSE","FALSE","http://www.inaturalist.org/observations/3346866"
"74","Elaeagnus umbellata","Plantae","TRUE","FALSE","FALSE","FALSE","http://www.inaturalist.org/observations/3237915"
"75","Equisetum sylvaticum","Plantae","TRUE","FALSE","FALSE","TRUE","http://www.inaturalist.org/observations/3238712"
"76","Fagus grandifolia","Plantae","TRUE","FALSE","FALSE","TRUE","http://www.inaturalist.org/observations/3240836"
"77","Fraxinus nigra","Plantae","TRUE","FALSE","FALSE","FALSE","http://www.inaturalist.org/observations/3238342"
"78","Galearis spectabilis","Plantae","TRUE","FALSE","FALSE","TRUE","http://www.inaturalist.org/observations/3269947"
"79","Galearis spectabilis","Plantae","TRUE","FALSE","FALSE","TRUE","http://www.inaturalist.org/observations/3245594"
"80","Galium aparine","Plantae","TRUE","FALSE","FALSE","TRUE","http://www.inaturalist.org/observations/3346841"
"81","Galium circaezans","Plantae","TRUE","FALSE","FALSE","FALSE","http://www.inaturalist.org/observations/3249744"
"82","Geranium maculatum","Plantae","TRUE","FALSE","FALSE","FALSE","http://www.inaturalist.org/observations/3268871"
"83","Geranium maculatum","Plantae","TRUE","FALSE","FALSE","FALSE","http://www.inaturalist.org/observations/3244118"
"84","Glechoma hederacea","Plantae","TRUE","FALSE","FALSE","TRUE","http://www.inaturalist.org/observations/3237406"
"85","Houstonia caerulea","Plantae","TRUE","FALSE","FALSE","TRUE","http://www.inaturalist.org/observations/3249562"
"86","Ilex verticillata","Plantae","TRUE","FALSE","FALSE","TRUE","http://www.inaturalist.org/observations/3346850"
"87","Juncus effusus","Plantae","TRUE","FALSE","FALSE","FALSE","http://www.inaturalist.org/observations/3346865"
"88","Laportea canadensis","Plantae","TRUE","FALSE","FALSE","TRUE","http://www.inaturalist.org/observations/3238283"
"89","Lonicera japonica","Plantae","TRUE","FALSE","FALSE","TRUE","http://www.inaturalist.org/observations/3238346"
"90","Ludwigia palustris","Plantae","TRUE","FALSE","FALSE","TRUE","http://www.inaturalist.org/observations/3346879"
"91","Luzula multiflora","Plantae","TRUE","FALSE","FALSE","FALSE","http://www.inaturalist.org/observations/3346860"
"92","Maianthemum canadense","Plantae","TRUE","FALSE","FALSE","TRUE","http://www.inaturalist.org/observations/3268984"
"93","Medeola virginiana","Plantae","TRUE","FALSE","FALSE","FALSE","http://www.inaturalist.org/observations/3268893"
"94","Medeola virginiana","Plantae","TRUE","FALSE","FALSE","FALSE","http://www.inaturalist.org/observations/3249686"
"95","Medeola virginiana","Plantae","TRUE","FALSE","FALSE","FALSE","http://www.inaturalist.org/observations/3240843"
"96","Melilotus officinalis","Plantae","TRUE","FALSE","FALSE","TRUE","http://www.inaturalist.org/observations/3238478"
"97","Melilotus officinalis","Plantae","TRUE","FALSE","FALSE","TRUE","http://www.inaturalist.org/observations/3238510"
"98","Microstegium vimineum","Plantae","TRUE","FALSE","FALSE","TRUE","http://www.inaturalist.org/observations/3234544"
"99","Mitchella repens","Plantae","TRUE","FALSE","FALSE","FALSE","http://www.inaturalist.org/observations/3270016"
"100","Nuphar advena","Plantae","FALSE","FALSE","FALSE","FALSE","http://www.inaturalist.org/observations/3241111"
"101","Nyssa sylvatica","Plantae","TRUE","FALSE","FALSE","TRUE","http://www.inaturalist.org/observations/3270335"
"102","Obolaria virginica","Plantae","TRUE","FALSE","FALSE","FALSE","http://www.inaturalist.org/observations/3245691"
"103","Onoclea sensibilis","Plantae","TRUE","FALSE","FALSE","FALSE","http://www.inaturalist.org/observations/3234571"
"104","Osmunda regalis","Plantae","TRUE","FALSE","FALSE","FALSE","http://www.inaturalist.org/observations/3346863"
"105","Osmundastrum cinnamomeum","Plantae","FALSE","FALSE","FALSE","TRUE","http://www.inaturalist.org/observations/3240952"
"106","Osmundastrum cinnamomeum","Plantae","FALSE","FALSE","FALSE","TRUE","http://www.inaturalist.org/observations/3238658"
"107","Parathelypteris noveboracensis","Plantae","FALSE","FALSE","FALSE","FALSE","http://www.inaturalist.org/observations/3241715"
"108","Parathelypteris noveboracensis","Plantae","FALSE","FALSE","FALSE","FALSE","http://www.inaturalist.org/observations/3240831"
"109","Parthenocissus quinquefolia","Plantae","TRUE","FALSE","FALSE","TRUE","http://www.inaturalist.org/observations/3268834"
"110","Persicaria arifolia","Plantae","FALSE","FALSE","FALSE","TRUE","http://www.inaturalist.org/observations/3238199"
"111","Persicaria arifolia","Plantae","FALSE","FALSE","FALSE","TRUE","http://www.inaturalist.org/observations/3237651"
"112","Persicaria perfoliata","Plantae","FALSE","FALSE","FALSE","FALSE","http://www.inaturalist.org/observations/3269045"
"113","Persicaria perfoliata","Plantae","FALSE","FALSE","FALSE","FALSE","http://www.inaturalist.org/observations/3238361"
"114","Persicaria sagittata","Plantae","FALSE","FALSE","FALSE","TRUE","http://www.inaturalist.org/observations/3238693"
"115","Platanus occidentalis","Plantae","TRUE","FALSE","FALSE","TRUE","http://www.inaturalist.org/observations/3238065"
"116","Polygonatum pubescens","Plantae","TRUE","FALSE","FALSE","TRUE","http://www.inaturalist.org/observations/3236536"
"117","Polystichum acrostichoides","Plantae","TRUE","FALSE","FALSE","TRUE","http://www.inaturalist.org/observations/3346874"
"118","Potamogeton crispus","Plantae","TRUE","FALSE","FALSE","FALSE","http://www.inaturalist.org/observations/3241016"
"119","Prunus serotina","Plantae","TRUE","FALSE","FALSE","FALSE","http://www.inaturalist.org/observations/3346871"
"120","Quercus alba","Plantae","TRUE","FALSE","FALSE","TRUE","http://www.inaturalist.org/observations/3270080"
"121","Ranunculus abortivus","Plantae","TRUE","FALSE","FALSE","TRUE","http://www.inaturalist.org/observations/3237535"
"122","Ranunculus hispidus","Plantae","TRUE","FALSE","FALSE","FALSE","http://www.inaturalist.org/observations/3238606"
"123","Robinia pseudoacacia","Plantae","TRUE","FALSE","FALSE","TRUE","http://www.inaturalist.org/observations/3237806"
"124","Rosa multiflora","Plantae","TRUE","FALSE","FALSE","TRUE","http://www.inaturalist.org/observations/3237471"
"125","Rosa palustris","Plantae","TRUE","FALSE","FALSE","TRUE","http://www.inaturalist.org/observations/3238791"
"126","Rubus flagellaris","Plantae","FALSE","FALSE","FALSE","TRUE","http://www.inaturalist.org/observations/3237984"
"127","Rubus phoenicolasius","Plantae","TRUE","FALSE","FALSE","FALSE","http://www.inaturalist.org/observations/3237312"
"128","Rubus phoenicolasius","Plantae","TRUE","FALSE","FALSE","FALSE","http://www.inaturalist.org/observations/3237550"
"129","Rumex acetosella","Plantae","TRUE","FALSE","FALSE","TRUE","http://www.inaturalist.org/observations/3238456"
"130","Smilax herbacea","Plantae","TRUE","FALSE","FALSE","TRUE","http://www.inaturalist.org/observations/3249389"
"131","Smilax rotundifolia","Plantae","TRUE","FALSE","FALSE","TRUE","http://www.inaturalist.org/observations/3241904"
"132","Smilax rotundifolia","Plantae","TRUE","FALSE","FALSE","TRUE","http://www.inaturalist.org/observations/3236647"
"133","Stellaria longifolia","Plantae","TRUE","FALSE","FALSE","TRUE","http://www.inaturalist.org/observations/3346843"
"134","Symphoricarpos orbiculatus","Plantae","TRUE","FALSE","FALSE","TRUE","http://www.inaturalist.org/observations/3270355"
"135","Symplocarpus foetidus","Plantae","TRUE","FALSE","TRUE","TRUE","http://www.inaturalist.org/observations/3241155"
"136","Symplocarpus foetidus","Plantae","TRUE","FALSE","TRUE","TRUE","http://www.inaturalist.org/observations/3238682"
"137","Toxicodendron vernix","Plantae","TRUE","FALSE","FALSE","TRUE","http://www.inaturalist.org/observations/3238769"
"138","Trillium cernuum","Plantae","FALSE","FALSE","FALSE","FALSE","http://www.inaturalist.org/observations/3237503"
"139","Uvularia sessilifolia","Plantae","TRUE","FALSE","FALSE","TRUE","http://www.inaturalist.org/observations/3238538"
"140","Vaccinium stamineum","Plantae","TRUE","FALSE","FALSE","TRUE","http://www.inaturalist.org/observations/3270041"
"141","Veratrum viride","Plantae","TRUE","FALSE","FALSE","TRUE","http://www.inaturalist.org/observations/3346878"
"142","Verbascum thapsus","Plantae","TRUE","FALSE","FALSE","FALSE","http://www.inaturalist.org/observations/3237782"
"143","Viburnum acerifolium","Plantae","TRUE","FALSE","FALSE","TRUE","http://www.inaturalist.org/observations/3268601"
"144","Viburnum acerifolium","Plantae","TRUE","FALSE","FALSE","TRUE","http://www.inaturalist.org/observations/3259691"
"145","Chrysemys picta","Reptilia","TRUE","TRUE","FALSE","FALSE","http://www.inaturalist.org/observations/3267823"
"146","Diadophis punctatus","Reptilia","TRUE","TRUE","FALSE","FALSE","http://www.inaturalist.org/observations/3245535"
"147","Glyptemys insculpta","Reptilia","FALSE","FALSE","FALSE","TRUE","http://www.inaturalist.org/observations/3267917"
"148","Glyptemys insculpta","Reptilia","FALSE","FALSE","FALSE","TRUE","http://www.inaturalist.org/observations/3243715"
