"","Scientific_name","Iconic_taxa","Match NPSpecies","iNaturalist_Entry_count"
"1","Ambystoma maculatum","Amphibia","Match","1"
"2","Anaxyrus americanus","Amphibia","No Match","2"
"3","Eurycea bislineata","Amphibia","Match","3"
"4","Hemidactylium scutatum","Amphibia","Match","1"
"5","Lithobates clamitans","Amphibia","No Match","2"
"6","Lithobates palustris","Amphibia","ITIS Match","1"
"7","Lithobates sylvaticus","Amphibia","ITIS Match","4"
"8","Notophthalmus viridescens","Amphibia","Match","1"
"9","Plethodon cinereus","Amphibia","Match","6"
"10","Cathartes aura","Aves","Match","1"
"11","Colaptes auratus","Aves","Match","1"
"12","Hirundo rustica","Aves","Match","1"
"13","Icterus galbula","Aves","Match","1"
"14","Passerina cyanea","Aves","Match","1"
"15","Sialia sialis","Aves","Match","1"
"16","Ailanthus altissima","Plantae","Match","1"
"17","Alliaria petiolata","Plantae","Match","1"
"18","Alnus incana","Plantae","Match","1"
"19","Andropogon virginicus","Plantae","Match","1"
"20","Anemonoides quinquefolia","Plantae","No Match","1"
"21","Anthoxanthum odoratum","Plantae","Match","1"
"22","Arisaema triphyllum","Plantae","Match","1"
"23","Asplenium platyneuron","Plantae","Match","1"
"24","Athyrium filix-femina","Plantae","Match","1"
"25","Barbarea vulgaris","Plantae","Match","1"
"26","Betula lenta","Plantae","Match","1"
"27","Botrypus virginianus","Plantae","No Match","1"
"28","Cardamine bulbosa","Plantae","Match","2"
"29","Cardamine pensylvanica","Plantae","Match","2"
"30","Carex bromoides","Plantae","Match","2"
"31","Carex crinita","Plantae","Match","2"
"32","Carex debilis","Plantae","Match","1"
"33","Carex gracillima","Plantae","Match","1"
"34","Carex granularis","Plantae","Match","2"
"35","Carex intumescens","Plantae","Match","2"
"36","Carex laevivaginata","Plantae","ITIS Match","1"
"37","Carex stipata","Plantae","Match","1"
"38","Carex stricta","Plantae","Match","1"
"39","Carpinus caroliniana","Plantae","Match","2"
"40","Castanea dentata","Plantae","Match","3"
"41","Celastrus orbiculatus","Plantae","Match","1"
"42","Cercis canadensis","Plantae","Match","1"
"43","Chimaphila maculata","Plantae","Match","1"
"44","Circaea canadensis","Plantae","No Match","1"
"45","Cirsium muticum","Plantae","No Match","1"
"46","Cypripedium acaule","Plantae","Match","2"
"47","Dactylis glomerata","Plantae","Match","1"
"48","Dendrolycopodium obscurum","Plantae","No Match","1"
"49","Dennstaedtia punctilobula","Plantae","Match","1"
"50","Dryopteris carthusiana","Plantae","Match","1"
"51","Dryopteris cristata","Plantae","Match","1"
"52","Elaeagnus umbellata","Plantae","Match","1"
"53","Equisetum sylvaticum","Plantae","Match","1"
"54","Fagus grandifolia","Plantae","Match","1"
"55","Fraxinus nigra","Plantae","Match","1"
"56","Galearis spectabilis","Plantae","Match","2"
"57","Galium aparine","Plantae","Match","1"
"58","Galium circaezans","Plantae","Match","1"
"59","Geranium maculatum","Plantae","Match","2"
"60","Glechoma hederacea","Plantae","Match","1"
"61","Houstonia caerulea","Plantae","Match","1"
"62","Ilex verticillata","Plantae","Match","1"
"63","Juncus effusus","Plantae","Match","1"
"64","Laportea canadensis","Plantae","Match","1"
"65","Lonicera japonica","Plantae","Match","1"
"66","Ludwigia palustris","Plantae","Match","1"
"67","Luzula multiflora","Plantae","Match","1"
"68","Maianthemum canadense","Plantae","Match","1"
"69","Medeola virginiana","Plantae","Match","3"
"70","Melilotus officinalis","Plantae","Match","2"
"71","Microstegium vimineum","Plantae","Match","1"
"72","Mitchella repens","Plantae","Match","1"
"73","Nuphar advena","Plantae","No Match","1"
"74","Nyssa sylvatica","Plantae","Match","1"
"75","Obolaria virginica","Plantae","Match","1"
"76","Onoclea sensibilis","Plantae","Match","1"
"77","Osmunda regalis","Plantae","Match","1"
"78","Osmundastrum cinnamomeum","Plantae","ITIS Match","2"
"79","Parathelypteris noveboracensis","Plantae","No Match","2"
"80","Parthenocissus quinquefolia","Plantae","Match","1"
"81","Persicaria arifolia","Plantae","ITIS Match","2"
"82","Persicaria perfoliata","Plantae","No Match","2"
"83","Persicaria sagittata","Plantae","ITIS Match","1"
"84","Platanus occidentalis","Plantae","Match","1"
"85","Polygonatum pubescens","Plantae","Match","1"
"86","Polystichum acrostichoides","Plantae","Match","1"
"87","Potamogeton crispus","Plantae","Match","1"
"88","Prunus serotina","Plantae","Match","1"
"89","Quercus alba","Plantae","Match","1"
"90","Ranunculus abortivus","Plantae","Match","1"
"91","Ranunculus hispidus","Plantae","Match","1"
"92","Robinia pseudoacacia","Plantae","Match","1"
"93","Rosa multiflora","Plantae","Match","1"
"94","Rosa palustris","Plantae","Match","1"
"95","Rubus flagellaris","Plantae","ITIS Match","1"
"96","Rubus phoenicolasius","Plantae","Match","2"
"97","Rumex acetosella","Plantae","Match","1"
"98","Smilax herbacea","Plantae","Match","1"
"99","Smilax rotundifolia","Plantae","Match","2"
"100","Stellaria longifolia","Plantae","Match","1"
"101","Symphoricarpos orbiculatus","Plantae","Match","1"
"102","Symplocarpus foetidus","Plantae","Match","2"
"103","Toxicodendron vernix","Plantae","Match","1"
"104","Trillium cernuum","Plantae","No Match","1"
"105","Uvularia sessilifolia","Plantae","Match","1"
"106","Vaccinium stamineum","Plantae","Match","1"
"107","Veratrum viride","Plantae","Match","1"
"108","Verbascum thapsus","Plantae","Match","1"
"109","Viburnum acerifolium","Plantae","Match","2"
"110","Chrysemys picta","Reptilia","Match","1"
"111","Diadophis punctatus","Reptilia","Match","1"
"112","Glyptemys insculpta","Reptilia","ITIS Match","2"
"113","Vanessa virginiensis","Insecta","Table 4","3"
"114","Platydracus maculosus","Insecta","Table 4","3"
"115","Cambarus bartonii","Animalia","Table 4","2"
"116","Apheloria virginiensis","Animalia","Table 4","3"
"117","Callosamia promethea","Insecta","Table 4","3"
"118","Actias luna","Insecta","Table 4","3"
"119","Campaea perlata","Insecta","Table 4","2"
"120","Ectropis crepuscularia","Insecta","Table 4","2"
"121","Crambus laqueatellus","Insecta","Table 4","2"
"122","Cicindela sexguttata","Insecta","Table 4","3"
"123","Maliattha synochitis","Insecta","Table 4","2"
"124","Comachara cadburyi","Insecta","Table 4","3"
"125","Raphia frater","Insecta","Table 4","2"
"126","Metarranthis duaria","Insecta","Table 4","1"
"127","Lophocampa caryae","Insecta","Table 4","1"
"128","Vespula maculifrons","Insecta","Table 4","1"
"129","Cissusa spadix","Insecta","Table 4","1"
"130","Lacinipolia renigera","Insecta","Table 4","1"
"131","Galerita bicolor","Insecta","Table 4","1"
"132","Leptorhabdium pictum","Insecta","Table 4","2"
"133","Epimecis hortaria","Insecta","Table 4","2"
"134","Palpita magniferalis","Insecta","Table 4","1"
"135","Syndemis afflictana","Insecta","Table 4","3"
"136","Ancylis burgessiana","Insecta","Table 4","1"
"137","Biston betularia","Insecta","Table 4","1"
"138","Protodeltote muscosula","Insecta","Table 4","1"
"139","Costaconvexa centrostrigaria","Insecta","Table 4","1"
"140","Dryocampa rubicunda","Insecta","Table 4","1"
"141","Cyclophora packardi","Insecta","Table 4","1"
"142","Phaeoura quernaria","Insecta","Table 4","2"
"143","Argyrotaenia mariana","Insecta","Table 4","2"
"144","Phosphila turbulenta","Insecta","Table 4","2"
"145","Clepsis melaleucana","Insecta","Table 4","1"
"146","Plagodis serinaria","Insecta","Table 4","1"
"147","Probole amicaria","Insecta","Table 4","1"
"148","Glischrochilus sanguinolentus","Insecta","Table 4","2"
"149","Atalantycha bilineata","Insecta","Table 4","2"
"150","Lascoria ambigualis","Insecta","Table 4","1"
"151","Ophion","Insecta","Table 4","1"
"152","Pomoxis nigromaculatus","Actinopterygii","Table 4","2"
"153","Papilio polyxenes","Insecta","Table 4","1"
"154","Faxonius obscurus","Animalia","Table 4","5"
"155","Tanyptera dorsalis","Insecta","Table 4","2"
