"","Iconic.taxon.name","Scientific.name","Common.name"
"1","Actinopterygii","Pomoxis nigromaculatus","Black Crappie"
"2","Animalia","Apheloria virginiensis","Black-and-gold Flat Millipede"
"3","Animalia","Cambarus bartonii","Eastern Crayfish"
"4","Animalia","Faxonius obscurus","Allegheny Crayfish"
"5","Insecta","Actias luna","North American Luna Moth"
"6","Insecta","Ancylis burgessiana","Oak Leaffolder Moth"
"7","Insecta","Argyrotaenia mariana","Gray-banded Leafroller Moth"
"8","Insecta","Atalantycha bilineata","Two-lined Leatherwing Beetle"
"9","Insecta","Biston betularia","Peppered Moth"
"10","Insecta","Callosamia promethea","Promethea Silkmoth"
"11","Insecta","Campaea perlata","Pale Beauty"
"12","Insecta","Cicindela sexguttata","Six-spotted Tiger Beetle"
"13","Insecta","Cissusa spadix","Black-dotted Brown"
"14","Insecta","Clepsis melaleucana","Black-patched Clepsis Moth"
"15","Insecta","Comachara cadburyi","Cadbury's Lichen Moth"
"16","Insecta","Costaconvexa centrostrigaria","Bent-line Carpet Moth"
"17","Insecta","Crambus laqueatellus","Eastern Grass-veneer"
"18","Insecta","Cyclophora packardi","Packard's Wave"
"19","Insecta","Dryocampa rubicunda","Rosy Maple Moth"
"20","Insecta","Ectropis crepuscularia","Small Engrailed"
"21","Insecta","Epimecis hortaria","Tulip-tree Beauty"
"22","Insecta","Galerita bicolor","False Bombardier Beetle"
"23","Insecta","Glischrochilus sanguinolentus",""
"24","Insecta","Lacinipolia renigera","Bristly Cutworm Moth"
"25","Insecta","Lascoria ambigualis","Ambiguous Moth"
"26","Insecta","Leptorhabdium pictum",""
"27","Insecta","Lophocampa caryae","Hickory Tussock Moth"
"28","Insecta","Maliattha synochitis","Black-dotted Glyph"
"29","Insecta","Metarranthis duaria","Ruddy Metarranthis Moth"
"30","Insecta","Ophion",""
"31","Insecta","Palpita magniferalis","Splendid Palpita Moth"
"32","Insecta","Papilio polyxenes","Black Swallowtail"
"33","Insecta","Phaeoura quernaria","American Oak Beauty"
"34","Insecta","Phosphila turbulenta","Turbulent Phosphila Moth"
"35","Insecta","Plagodis serinaria","Lemon Plagodis Moth"
"36","Insecta","Platydracus maculosus","Brown Rove Beetle"
"37","Insecta","Probole amicaria","Friendly Probole Moth"
"38","Insecta","Protodeltote muscosula","Large Mossy Glyph"
"39","Insecta","Raphia frater","Brother Moth"
"40","Insecta","Syndemis afflictana","Gray Leafroller Moth"
"41","Insecta","Tanyptera dorsalis","Antlered Crane Fly"
"42","Insecta","Vanessa virginiensis","American Lady"
"43","Insecta","Vespula maculifrons","Eastern Yellowjacket"
