"","Scientific_name","Iconic_taxa","Match NPSpecies","iNaturalist_Entry_count"
"1","Anaxyrus americanus","Amphibia","No Match","1"
"2","Lithobates clamitans","Amphibia","No Match","5"
"3","Lithobates sylvaticus","Amphibia","ITIS Match","1"
"4","Plethodon cinereus","Amphibia","Match","1"
"5","Buteo jamaicensis","Aves","Match","2"
"6","Cathartes aura","Aves","Match","5"
"7","Corvus corax","Aves","Match","1"
"8","Gavia immer","Aves","Match","1"
"9","Haliaeetus leucocephalus","Aves","Match","3"
"10","Meleagris gallopavo","Aves","Match","1"
"11","Phalacrocorax auritus","Aves","Match","1"
"12","Tamias striatus","Mammalia","Match","1"
"13","Abies balsamea","Plantae","Match","3"
"14","Acer rubrum","Plantae","Match","1"
"15","Acer saccharum","Plantae","Match","6"
"16","Acer spicatum","Plantae","Match","2"
"17","Actaea pachypoda","Plantae","Match","3"
"18","Alliaria petiolata","Plantae","Match","1"
"19","Alnus incana","Plantae","Match","1"
"20","Ambrosia artemisiifolia","Plantae","Match","1"
"21","Ammophila breviligulata","Plantae","Match","1"
"22","Amphicarpaea bracteata","Plantae","Match","1"
"23","Anaphalis margaritacea","Plantae","Match","1"
"24","Aralia nudicaulis","Plantae","Match","2"
"25","Aralia racemosa","Plantae","Match","1"
"26","Arctostaphylos uva-ursi","Plantae","Match","3"
"27","Argentina anserina","Plantae","Match","2"
"28","Arisaema triphyllum","Plantae","Match","2"
"29","Asclepias incarnata","Plantae","Match","1"
"30","Asclepias syriaca","Plantae","Match","4"
"31","Asparagus officinalis","Plantae","Match","1"
"32","Betula papyrifera","Plantae","Match","5"
"33","Bidens frondosa","Plantae","Match","3"
"34","Boehmeria cylindrica","Plantae","Match","1"
"35","Botrypus virginianus","Plantae","No Match","2"
"36","Carex lupulina","Plantae","Match","3"
"37","Carex plantaginea","Plantae","Match","1"
"38","Centaurea stoebe","Plantae","No Match","3"
"39","Cirsium pitcheri","Plantae","Match","1"
"40","Corallorhiza odontorhiza","Plantae","ITIS Match","1"
"41","Cornus rugosa","Plantae","Match","1"
"42","Cornus sericea","Plantae","Match","3"
"43","Elaeagnus umbellata","Plantae","Match","3"
"44","Elymus canadensis","Plantae","Match","1"
"45","Epifagus virginiana","Plantae","Match","1"
"46","Epilobium coloratum","Plantae","Match","1"
"47","Epipactis helleborine","Plantae","Match","1"
"48","Equisetum arvense","Plantae","Match","1"
"49","Equisetum hyemale","Plantae","Match","2"
"50","Equisetum scirpoides","Plantae","Match","2"
"51","Erigeron strigosus","Plantae","Match","1"
"52","Eupatorium perfoliatum","Plantae","Match","4"
"53","Eurybia macrophylla","Plantae","Match","3"
"54","Euthamia graminifolia","Plantae","Match","1"
"55","Eutrochium maculatum","Plantae","ITIS Match","3"
"56","Fagus grandifolia","Plantae","Match","7"
"57","Fragaria virginiana","Plantae","Match","1"
"58","Fraxinus americana","Plantae","Match","2"
"59","Geranium robertianum","Plantae","Match","1"
"60","Gypsophila paniculata","Plantae","Match","1"
"61","Hamamelis virginiana","Plantae","Match","1"
"62","Hepatica americana","Plantae","NPSpecies synonym match","1"
"63","Hypericum fraseri","Plantae","No Match","1"
"64","Ilex verticillata","Plantae","Match","3"
"65","Juncus balticus","Plantae","Match","1"
"66","Juniperus communis","Plantae","Match","6"
"67","Juniperus horizontalis","Plantae","Match","3"
"68","Lactuca canadensis","Plantae","Match","2"
"69","Lathyrus japonicus","Plantae","Match","2"
"70","Lobelia cardinalis","Plantae","Match","1"
"71","Lobelia kalmii","Plantae","Match","2"
"72","Lycopus americanus","Plantae","Match","1"
"73","Maianthemum canadense","Plantae","Match","1"
"74","Mentha ×","Plantae","No Match","1"
"75","Mentha canadensis","Plantae","ITIS Match","1"
"76","Monarda punctata","Plantae","Match","1"
"77","Nabalus albus","Plantae","ITIS Match","1"
"78","Oenothera biennis","Plantae","Match","1"
"79","Onoclea sensibilis","Plantae","Match","1"
"80","Ostrya virginiana","Plantae","Match","2"
"81","Pedicularis canadensis","Plantae","Match","2"
"82","Phryma leptostachya","Plantae","Match","1"
"83","Phytolacca americana","Plantae","Match","1"
"84","Pinus resinosa","Plantae","Match","2"
"85","Pinus strobus","Plantae","Match","1"
"86","Pinus sylvestris","Plantae","Match","1"
"87","Populus grandidentata","Plantae","Match","1"
"88","Populus tremuloides","Plantae","Match","2"
"89","Potentilla simplex","Plantae","Match","1"
"90","Prunus serotina","Plantae","Match","2"
"91","Quercus rubra","Plantae","Match","3"
"92","Rhus typhina","Plantae","NPSpecies synonym match","2"
"93","Ribes americanum","Plantae","Match","2"
"94","Rubus allegheniensis","Plantae","Match","1"
"95","Rubus idaeus","Plantae","Match","1"
"96","Saponaria officinalis","Plantae","Match","1"
"97","Schizachyrium scoparium","Plantae","Match","1"
"98","Scirpus cyperinus","Plantae","Match","1"
"99","Shepherdia canadensis","Plantae","Match","2"
"100","Silene vulgaris","Plantae","Match","4"
"101","Solidago altissima","Plantae","NPSpecies synonym match","7"
"102","Solidago caesia","Plantae","Match","4"
"103","Solidago flexicaulis","Plantae","Match","2"
"104","Solidago simplex","Plantae","Match","2"
"105","Spinulum annotinum","Plantae","No Match","1"
"106","Symphyotrichum laeve","Plantae","Match","6"
"107","Symphyotrichum lanceolatum","Plantae","Match","3"
"108","Symphyotrichum lateriflorum","Plantae","Match","3"
"109","Thelypteris palustris","Plantae","Match","1"
"110","Thuja occidentalis","Plantae","Match","7"
"111","Tilia americana","Plantae","Match","4"
"112","Toxicodendron radicans","Plantae","No Match","1"
"113","Toxicodendron rydbergii","Plantae","Match","2"
"114","Tsuga canadensis","Plantae","Match","2"
"115","Ulmus americana","Plantae","Match","1"
"116","Uvularia grandiflora","Plantae","Match","1"
"117","Vaccinium myrtilloides","Plantae","Match","1"
"118","Viburnum acerifolium","Plantae","Match","2"
"119","Vitis riparia","Plantae","Match","2"
"120","Lampropeltis triangulum","Reptilia","Match","1"
"121","Sphecodes davisii","Insecta","Table 4","2"
"122","Bombus impatiens","Insecta","Table 4","3"
"123","Danaus plexippus","Insecta","Table 4","1"
"124","Eristalis flavipes","Insecta","Table 4","1"
"125","Polistes fuscatus","Insecta","Table 4","2"
"126","Philanthus lepidus","Insecta","Table 4","2"
"127","Harmonia axyridis","Insecta","Table 4","2"
"128","Lygaeus kalmii","Insecta","Table 4","5"
"129","Halictus ligatus","Insecta","Table 4","1"
"130","Mantis religiosa","Insecta","Table 4","3"
"131","Epicauta pennsylvanica","Insecta","Table 4","1"
"132","Sympetrum costiferum","Insecta","Table 4","6"
"133","Bittacomorpha clavipes","Insecta","Table 4","2"
"134","Zelus luridus","Insecta","Table 4","1"
"135","Dolichovespula arenaria","Insecta","Table 4","1"
"136","Cladonia cristatella","Fungi","Table 4","1"
"137","Diabrotica undecimpunctata","Insecta","Table 4","2"
"138","Melanoplus bivittatus","Insecta","Table 4","4"
"139","Apis mellifera","Insecta","Table 4","2"
"140","Agapostemon splendens","Insecta","Table 4","1"
"141","Corythucha marmorata","Insecta","Table 4","1"
"142","Helophilus latifrons","Insecta","Table 4","1"
"143","Andrena hirticincta","Insecta","Table 4","4"
"144","Ceratina","Insecta","Table 4","1"
"145","Notropis hudsonius","Actinopterygii","Table 4","4"
"146","Oncopeltus fasciatus","Insecta","Table 4","2"
"147","Sympetrum vicinum","Insecta","Table 4","2"
"148","Colias eurytheme","Insecta","Table 4","1"
"149","Colletes simulans armatus","Insecta","Table 4","1"
"150","Andrena asteris","Insecta","Table 4","2"
"151","Chauliognathus pensylvanicus","Insecta","Table 4","3"
"152","Toxomerus geminatus","Insecta","Table 4","1"
"153","Percina caprodes","Actinopterygii","Table 4","1"
"154","Neogobius melanostomus","Actinopterygii","Table 4","1"
"155","Rhinichthys cataractae","Actinopterygii","Table 4","1"
"156","Micropterus dolomieu","Actinopterygii","Table 4","1"
"157","Perca flavescens","Actinopterygii","Table 4","3"
"158","Etheostoma nigrum","Actinopterygii","Table 4","1"
"159","Fundulus diaphanus","Actinopterygii","Table 4","1"
"160","Micropterus salmoides","Actinopterygii","Table 4","1"
"161","Lepomis macrochirus","Actinopterygii","Table 4","1"
"162","Notropis atherinoides","Actinopterygii","Table 4","3"
"163","Osmerus mordax","Actinopterygii","Table 4","2"
"164","Dorosoma cepedianum","Actinopterygii","Table 4","1"
"165","Dreissena bugensis","Mollusca","Table 4","1"
"166","Dissosteira carolina","Insecta","Table 4","1"
"167","Labidesthes sicculus","Actinopterygii","Table 4","1"
"168","Megacyllene robiniae","Insecta","Table 4","1"
"169","Atteva aurea","Insecta","Table 4","1"
