"","Iconic_taxa","Scientific_name","Occurences in BISON","Invasive.Record"
"1","Amphibia","Anaxyrus americanus","VT 485; NC 282; IN 179; OK 1251; TN 213; ME 93; PE CAN 16; AL 48; AR 660; SC 36; NE 13; ON CAN 2641; WV 129; MB CAN 173; MA 227; CO 2; QC CAN 870; MO 497; ND 19; WI 327; NY 790; RI 67; DC 28; KY 384; SD 45; MN 313; KS 735; NL CAN 36; DE 24; FL 2; NJ 94; MI 527; NB CAN 412; PA 332; MS 169; IA 152; NU CAN 2; IL 320; NS CAN 139; TX 83; CT 294; NH 126; LA 39; OH 553; GA 189; NT CAN 1; VA 821; MD 366","No"
"2","Amphibia","Lithobates clamitans","VT 397; NC 215; IN 184; OK 411; ME 182; TN 151; BC CAN 20; PE CAN 83; AL 113; AR 180; SC 82; UT 14; WA 4; ON CAN 2971; WV 102; MB CAN 6; MA 236; QC CAN 911; MO 128; WI 224; NY 1146; RI 141; DC 63; KY 192; MN 240; NL CAN 27; KS 11; FL 119; DE 41; NJ 358; NB CAN 1262; MI 532; PA 335; MS 131; IA 52; TX 434; NS CAN 266; IL 215; CT 356; NH 82; LA 404; OH 483; GA 211; VA 935; MD 518","No"
"3","Plantae","Botrypus virginianus","NC 905; VT 64; OR 21; IN 9; WY 1; TN 96; OK 14; ME 1; BC CAN 2; SK CAN 7; AL 6; AR 15; SC 105; YT CAN 3; WA 2; NE 1; ON CAN 71; WV 62; MB CAN 8; QC CAN 26; MO 16; AK 2; AB CAN 42; WI 49; NY 9; KY 34; MN 15; CA 4; KS 3; NL CAN 2; DE 3; FL 2; NJ 6; MI 43; PA 32; NB CAN 8; MS 3; IL 34; TX 14; NS CAN 2; NH 5; CT 3; OH 49; GA 22; NT CAN 3; VA 487; MD 91","No"
"4","Plantae","Centaurea stoebe","OR 722; NC 24; VT 18; IN 8; WY 26; TN 18; ME 3; BC CAN 5; AR 14; WA 49; UT 24; YT CAN 5; SC 2; ON CAN 48; WV 27; MA 43; CO 6; MO 24; AK 72; AB CAN 3; ND 2; WI 121; AZ 3; NV 11; NY 102; RI 6; DC 1; MT 162; KY 27; SD 6; MN 41; CA 90; KS 3; DE 6; FL 1; NJ 37; MI 143; PA 69; IA 1; NM 16; IL 56; CT 20; NH 7; LA 1; OH 32; VA 100; MD 10; ID 231","Yes"
"5","Plantae","Hypericum fraseri","NC 1; ON CAN 6; WV 4; MB CAN 1; QC CAN 23; VA 4; NB CAN 5","No"
"6","Plantae","Mentha ×","No data available","No"
"7","Plantae","Spinulum annotinum","VT 92; ME 16; BC CAN 9; SK CAN 2; YT CAN 5; WA 2; ON CAN 48; WV 10; MB CAN 3; MA 14; CO 3; QC CAN 12; AK 33; AB CAN 2; WI 27; NY 29; MN 55; NL CAN 1; MI 34; PA 15; NB CAN 5; NS CAN 11; NH 26; CT 4; NT CAN 1; MD 1","No"
"8","Plantae","Toxicodendron radicans","NC 702; IN 159; BC CAN 1; PE CAN 1; UT 7; AZ 36; MT 1; KY 186; KS 115; CA 2; FL 416; DE 31; PA 267; MS 139; IA 52; TX 1518; IL 296; NS CAN 23; CT 94; GA 169; VA 2209; MD 690; ID 8; VT 153; OR 1; TN 258; OK 54; ME 37; AL 321; AR 139; SC 250; WA 2; NE 28; WV 1146; ON CAN 214; MA 331; CO 15; MO 180; QC CAN 13; ND 1; WI 74; NV 1; NY 590; DC 132; RI 47; SD 8; MN 54; NJ 712; MI 228; NB CAN 3; NM 5; NH 32; LA 181; OH 355","Yes"
