"","Scientific_name","Iconic_taxa","iNat_NPS_matches","iNat_NPSsynonym_matches","iNat_ITIS_synonym_matches","iNat_ITIS_nonsyn_matches","iNaturalist_URL"
"1","Anaxyrus americanus","Amphibia","FALSE","FALSE","FALSE","FALSE","http://www.inaturalist.org/observations/4174151"
"2","Lithobates clamitans","Amphibia","FALSE","FALSE","FALSE","FALSE","http://www.inaturalist.org/observations/4174145"
"3","Lithobates clamitans","Amphibia","FALSE","FALSE","FALSE","FALSE","http://www.inaturalist.org/observations/4132488"
"4","Lithobates clamitans","Amphibia","FALSE","FALSE","FALSE","FALSE","http://www.inaturalist.org/observations/4132835"
"5","Lithobates clamitans","Amphibia","FALSE","FALSE","FALSE","FALSE","http://www.inaturalist.org/observations/4130859"
"6","Lithobates clamitans","Amphibia","FALSE","FALSE","FALSE","FALSE","http://www.inaturalist.org/observations/4124193"
"7","Lithobates sylvaticus","Amphibia","FALSE","FALSE","FALSE","TRUE","http://www.inaturalist.org/observations/4130710"
"8","Plethodon cinereus","Amphibia","TRUE","FALSE","FALSE","TRUE","http://www.inaturalist.org/observations/4130748"
"9","Buteo jamaicensis","Aves","TRUE","FALSE","FALSE","FALSE","http://www.inaturalist.org/observations/4386230"
"10","Buteo jamaicensis","Aves","TRUE","FALSE","FALSE","FALSE","http://www.inaturalist.org/observations/4164350"
"11","Cathartes aura","Aves","TRUE","FALSE","FALSE","FALSE","http://www.inaturalist.org/observations/4386227"
"12","Cathartes aura","Aves","TRUE","FALSE","FALSE","FALSE","http://www.inaturalist.org/observations/4158550"
"13","Cathartes aura","Aves","TRUE","FALSE","FALSE","FALSE","http://www.inaturalist.org/observations/4181037"
"14","Cathartes aura","Aves","TRUE","FALSE","FALSE","FALSE","http://www.inaturalist.org/observations/4181041"
"15","Cathartes aura","Aves","TRUE","FALSE","FALSE","FALSE","http://www.inaturalist.org/observations/4130085"
"16","Corvus corax","Aves","TRUE","FALSE","FALSE","FALSE","http://www.inaturalist.org/observations/4386250"
"17","Gavia immer","Aves","TRUE","FALSE","FALSE","FALSE","http://www.inaturalist.org/observations/4386225"
"18","Haliaeetus leucocephalus","Aves","TRUE","FALSE","FALSE","FALSE","http://www.inaturalist.org/observations/4386228"
"19","Haliaeetus leucocephalus","Aves","TRUE","FALSE","FALSE","FALSE","http://www.inaturalist.org/observations/4164352"
"20","Haliaeetus leucocephalus","Aves","TRUE","FALSE","FALSE","FALSE","http://www.inaturalist.org/observations/4164361"
"21","Meleagris gallopavo","Aves","TRUE","FALSE","FALSE","FALSE","http://www.inaturalist.org/observations/4121946"
"22","Phalacrocorax auritus","Aves","TRUE","FALSE","FALSE","FALSE","http://www.inaturalist.org/observations/4164356"
"23","Tamias striatus","Mammalia","TRUE","FALSE","FALSE","FALSE","http://www.inaturalist.org/observations/4131150"
"24","Abies balsamea","Plantae","TRUE","FALSE","FALSE","FALSE","http://www.inaturalist.org/observations/4213195"
"25","Abies balsamea","Plantae","TRUE","FALSE","FALSE","FALSE","http://www.inaturalist.org/observations/4213196"
"26","Abies balsamea","Plantae","TRUE","FALSE","FALSE","FALSE","http://www.inaturalist.org/observations/4173629"
"27","Acer rubrum","Plantae","TRUE","FALSE","FALSE","FALSE","http://www.inaturalist.org/observations/4173637"
"28","Acer saccharum","Plantae","TRUE","FALSE","FALSE","FALSE","http://www.inaturalist.org/observations/4158625"
"29","Acer saccharum","Plantae","TRUE","FALSE","FALSE","FALSE","http://www.inaturalist.org/observations/4144686"
"30","Acer saccharum","Plantae","TRUE","FALSE","FALSE","FALSE","http://www.inaturalist.org/observations/4130961"
"31","Acer saccharum","Plantae","TRUE","FALSE","FALSE","FALSE","http://www.inaturalist.org/observations/4125381"
"32","Acer saccharum","Plantae","TRUE","FALSE","FALSE","FALSE","http://www.inaturalist.org/observations/4129558"
"33","Acer saccharum","Plantae","TRUE","FALSE","FALSE","FALSE","http://www.inaturalist.org/observations/4123045"
"34","Acer spicatum","Plantae","TRUE","FALSE","FALSE","FALSE","http://www.inaturalist.org/observations/4144302"
"35","Acer spicatum","Plantae","TRUE","FALSE","FALSE","FALSE","http://www.inaturalist.org/observations/4130843"
"36","Actaea pachypoda","Plantae","TRUE","FALSE","FALSE","TRUE","http://www.inaturalist.org/observations/4233747"
"37","Actaea pachypoda","Plantae","TRUE","FALSE","FALSE","TRUE","http://www.inaturalist.org/observations/4233841"
"38","Actaea pachypoda","Plantae","TRUE","FALSE","FALSE","TRUE","http://www.inaturalist.org/observations/4129716"
"39","Alliaria petiolata","Plantae","TRUE","FALSE","FALSE","TRUE","http://www.inaturalist.org/observations/4131250"
"40","Alnus incana","Plantae","TRUE","FALSE","FALSE","FALSE","http://www.inaturalist.org/observations/4125406"
"41","Ambrosia artemisiifolia","Plantae","TRUE","FALSE","FALSE","TRUE","http://www.inaturalist.org/observations/4130943"
"42","Ammophila breviligulata","Plantae","TRUE","FALSE","FALSE","TRUE","http://www.inaturalist.org/observations/4122328"
"43","Amphicarpaea bracteata","Plantae","TRUE","FALSE","FALSE","TRUE","http://www.inaturalist.org/observations/4136397"
"44","Anaphalis margaritacea","Plantae","TRUE","FALSE","FALSE","TRUE","http://www.inaturalist.org/observations/4174138"
"45","Aralia nudicaulis","Plantae","TRUE","FALSE","FALSE","FALSE","http://www.inaturalist.org/observations/4233771"
"46","Aralia nudicaulis","Plantae","TRUE","FALSE","FALSE","FALSE","http://www.inaturalist.org/observations/4131066"
"47","Aralia racemosa","Plantae","TRUE","FALSE","FALSE","FALSE","http://www.inaturalist.org/observations/4233880"
"48","Arctostaphylos uva-ursi","Plantae","TRUE","FALSE","FALSE","TRUE","http://www.inaturalist.org/observations/4156399"
"49","Arctostaphylos uva-ursi","Plantae","TRUE","FALSE","FALSE","TRUE","http://www.inaturalist.org/observations/4174117"
"50","Arctostaphylos uva-ursi","Plantae","TRUE","FALSE","FALSE","TRUE","http://www.inaturalist.org/observations/4144345"
"51","Argentina anserina","Plantae","TRUE","FALSE","TRUE","FALSE","http://www.inaturalist.org/observations/4154489"
"52","Argentina anserina","Plantae","TRUE","FALSE","TRUE","FALSE","http://www.inaturalist.org/observations/4122781"
"53","Arisaema triphyllum","Plantae","TRUE","FALSE","FALSE","TRUE","http://www.inaturalist.org/observations/4149044"
"54","Arisaema triphyllum","Plantae","TRUE","FALSE","FALSE","TRUE","http://www.inaturalist.org/observations/4129723"
"55","Asclepias incarnata","Plantae","TRUE","FALSE","FALSE","FALSE","http://www.inaturalist.org/observations/4136393"
"56","Asclepias syriaca","Plantae","TRUE","FALSE","FALSE","TRUE","http://www.inaturalist.org/observations/4156230"
"57","Asclepias syriaca","Plantae","TRUE","FALSE","FALSE","TRUE","http://www.inaturalist.org/observations/4147623"
"58","Asclepias syriaca","Plantae","TRUE","FALSE","FALSE","TRUE","http://www.inaturalist.org/observations/4129948"
"59","Asclepias syriaca","Plantae","TRUE","FALSE","FALSE","TRUE","http://www.inaturalist.org/observations/4122589"
"60","Asparagus officinalis","Plantae","TRUE","FALSE","FALSE","TRUE","http://www.inaturalist.org/observations/4129960"
"61","Betula papyrifera","Plantae","TRUE","FALSE","FALSE","TRUE","http://www.inaturalist.org/observations/4213188"
"62","Betula papyrifera","Plantae","TRUE","FALSE","FALSE","TRUE","http://www.inaturalist.org/observations/4147634"
"63","Betula papyrifera","Plantae","TRUE","FALSE","FALSE","TRUE","http://www.inaturalist.org/observations/4129552"
"64","Betula papyrifera","Plantae","TRUE","FALSE","FALSE","TRUE","http://www.inaturalist.org/observations/4129557"
"65","Betula papyrifera","Plantae","TRUE","FALSE","FALSE","TRUE","http://www.inaturalist.org/observations/4123129"
"66","Bidens frondosa","Plantae","TRUE","FALSE","FALSE","TRUE","http://www.inaturalist.org/observations/4136381"
"67","Bidens frondosa","Plantae","TRUE","FALSE","FALSE","TRUE","http://www.inaturalist.org/observations/4130803"
"68","Bidens frondosa","Plantae","TRUE","FALSE","FALSE","TRUE","http://www.inaturalist.org/observations/4130898"
"69","Boehmeria cylindrica","Plantae","TRUE","FALSE","FALSE","TRUE","http://www.inaturalist.org/observations/4136391"
"70","Botrypus virginianus","Plantae","FALSE","FALSE","FALSE","FALSE","http://www.inaturalist.org/observations/4233732"
"71","Botrypus virginianus","Plantae","FALSE","FALSE","FALSE","FALSE","http://www.inaturalist.org/observations/4123035"
"72","Carex lupulina","Plantae","TRUE","FALSE","FALSE","TRUE","http://www.inaturalist.org/observations/4136392"
"73","Carex lupulina","Plantae","TRUE","FALSE","FALSE","TRUE","http://www.inaturalist.org/observations/4144328"
"74","Carex lupulina","Plantae","TRUE","FALSE","FALSE","TRUE","http://www.inaturalist.org/observations/4130887"
"75","Carex plantaginea","Plantae","TRUE","FALSE","FALSE","FALSE","http://www.inaturalist.org/observations/4130915"
"76","Centaurea stoebe","Plantae","FALSE","FALSE","FALSE","FALSE","http://www.inaturalist.org/observations/4122705"
"77","Centaurea stoebe","Plantae","FALSE","FALSE","FALSE","FALSE","http://www.inaturalist.org/observations/4122948"
"78","Centaurea stoebe","Plantae","FALSE","FALSE","FALSE","FALSE","http://www.inaturalist.org/observations/4123225"
"79","Cirsium pitcheri","Plantae","TRUE","FALSE","FALSE","FALSE","http://www.inaturalist.org/observations/4122213"
"80","Corallorhiza odontorhiza","Plantae","FALSE","FALSE","FALSE","TRUE","http://www.inaturalist.org/observations/4233731"
"81","Cornus rugosa","Plantae","TRUE","FALSE","FALSE","FALSE","http://www.inaturalist.org/observations/4130849"
"82","Cornus sericea","Plantae","TRUE","FALSE","FALSE","FALSE","http://www.inaturalist.org/observations/4158911"
"83","Cornus sericea","Plantae","TRUE","FALSE","FALSE","FALSE","http://www.inaturalist.org/observations/4144296"
"84","Cornus sericea","Plantae","TRUE","FALSE","FALSE","FALSE","http://www.inaturalist.org/observations/4144740"
"85","Elaeagnus umbellata","Plantae","TRUE","FALSE","FALSE","FALSE","http://www.inaturalist.org/observations/4213189"
"86","Elaeagnus umbellata","Plantae","TRUE","FALSE","FALSE","FALSE","http://www.inaturalist.org/observations/4154185"
"87","Elaeagnus umbellata","Plantae","TRUE","FALSE","FALSE","FALSE","http://www.inaturalist.org/observations/4133921"
"88","Elymus canadensis","Plantae","TRUE","FALSE","FALSE","TRUE","http://www.inaturalist.org/observations/4122758"
"89","Epifagus virginiana","Plantae","TRUE","FALSE","FALSE","TRUE","http://www.inaturalist.org/observations/4233535"
"90","Epilobium coloratum","Plantae","TRUE","FALSE","FALSE","FALSE","http://www.inaturalist.org/observations/4144312"
"91","Epipactis helleborine","Plantae","TRUE","FALSE","FALSE","TRUE","http://www.inaturalist.org/observations/4233876"
"92","Equisetum arvense","Plantae","TRUE","FALSE","FALSE","TRUE","http://www.inaturalist.org/observations/4147665"
"93","Equisetum hyemale","Plantae","TRUE","FALSE","FALSE","FALSE","http://www.inaturalist.org/observations/4123179"
"94","Equisetum hyemale","Plantae","TRUE","FALSE","FALSE","FALSE","http://www.inaturalist.org/observations/4123211"
"95","Equisetum scirpoides","Plantae","TRUE","FALSE","FALSE","FALSE","http://www.inaturalist.org/observations/4144286"
"96","Equisetum scirpoides","Plantae","TRUE","FALSE","FALSE","FALSE","http://www.inaturalist.org/observations/4129724"
"97","Erigeron strigosus","Plantae","TRUE","FALSE","FALSE","FALSE","http://www.inaturalist.org/observations/4130974"
"98","Eupatorium perfoliatum","Plantae","TRUE","FALSE","FALSE","TRUE","http://www.inaturalist.org/observations/4174062"
"99","Eupatorium perfoliatum","Plantae","TRUE","FALSE","FALSE","TRUE","http://www.inaturalist.org/observations/4174038"
"100","Eupatorium perfoliatum","Plantae","TRUE","FALSE","FALSE","TRUE","http://www.inaturalist.org/observations/4144309"
"101","Eupatorium perfoliatum","Plantae","TRUE","FALSE","FALSE","TRUE","http://www.inaturalist.org/observations/4130871"
"102","Eurybia macrophylla","Plantae","TRUE","FALSE","FALSE","TRUE","http://www.inaturalist.org/observations/4229700"
"103","Eurybia macrophylla","Plantae","TRUE","FALSE","FALSE","TRUE","http://www.inaturalist.org/observations/4144280"
"104","Eurybia macrophylla","Plantae","TRUE","FALSE","FALSE","TRUE","http://www.inaturalist.org/observations/4129691"
"105","Euthamia graminifolia","Plantae","TRUE","FALSE","FALSE","TRUE","http://www.inaturalist.org/observations/4136400"
"106","Eutrochium maculatum","Plantae","FALSE","FALSE","FALSE","TRUE","http://www.inaturalist.org/observations/4158852"
"107","Eutrochium maculatum","Plantae","FALSE","FALSE","FALSE","TRUE","http://www.inaturalist.org/observations/4174161"
"108","Eutrochium maculatum","Plantae","FALSE","FALSE","FALSE","TRUE","http://www.inaturalist.org/observations/4174165"
"109","Fagus grandifolia","Plantae","TRUE","FALSE","FALSE","TRUE","http://www.inaturalist.org/observations/4213198"
"110","Fagus grandifolia","Plantae","TRUE","FALSE","FALSE","TRUE","http://www.inaturalist.org/observations/4213199"
"111","Fagus grandifolia","Plantae","TRUE","FALSE","FALSE","TRUE","http://www.inaturalist.org/observations/4233332"
"112","Fagus grandifolia","Plantae","TRUE","FALSE","FALSE","TRUE","http://www.inaturalist.org/observations/4158578"
"113","Fagus grandifolia","Plantae","TRUE","FALSE","FALSE","TRUE","http://www.inaturalist.org/observations/4129555"
"114","Fagus grandifolia","Plantae","TRUE","FALSE","FALSE","TRUE","http://www.inaturalist.org/observations/4123446"
"115","Fagus grandifolia","Plantae","TRUE","FALSE","FALSE","TRUE","http://www.inaturalist.org/observations/4123514"
"116","Fragaria virginiana","Plantae","TRUE","FALSE","FALSE","FALSE","http://www.inaturalist.org/observations/4156377"
"117","Fraxinus americana","Plantae","TRUE","FALSE","FALSE","TRUE","http://www.inaturalist.org/observations/4213193"
"118","Fraxinus americana","Plantae","TRUE","FALSE","FALSE","TRUE","http://www.inaturalist.org/observations/4213194"
"119","Geranium robertianum","Plantae","TRUE","FALSE","FALSE","FALSE","http://www.inaturalist.org/observations/4130862"
"120","Gypsophila paniculata","Plantae","TRUE","FALSE","FALSE","TRUE","http://www.inaturalist.org/observations/4174098"
"121","Hamamelis virginiana","Plantae","TRUE","FALSE","FALSE","TRUE","http://www.inaturalist.org/observations/4233769"
"122","Hepatica americana","Plantae","FALSE","TRUE","FALSE","FALSE","http://www.inaturalist.org/observations/4233840"
"123","Hypericum fraseri","Plantae","FALSE","FALSE","FALSE","FALSE","http://www.inaturalist.org/observations/4136384"
"124","Ilex verticillata","Plantae","TRUE","FALSE","FALSE","TRUE","http://www.inaturalist.org/observations/4297819"
"125","Ilex verticillata","Plantae","TRUE","FALSE","FALSE","TRUE","http://www.inaturalist.org/observations/4144289"
"126","Ilex verticillata","Plantae","TRUE","FALSE","FALSE","TRUE","http://www.inaturalist.org/observations/4130838"
"127","Juncus balticus","Plantae","TRUE","TRUE","FALSE","FALSE","http://www.inaturalist.org/observations/4144353"
"128","Juniperus communis","Plantae","TRUE","TRUE","FALSE","FALSE","http://www.inaturalist.org/observations/4213202"
"129","Juniperus communis","Plantae","TRUE","TRUE","FALSE","FALSE","http://www.inaturalist.org/observations/4213203"
"130","Juniperus communis","Plantae","TRUE","TRUE","FALSE","FALSE","http://www.inaturalist.org/observations/4140809"
"131","Juniperus communis","Plantae","TRUE","TRUE","FALSE","FALSE","http://www.inaturalist.org/observations/4144277"
"132","Juniperus communis","Plantae","TRUE","TRUE","FALSE","FALSE","http://www.inaturalist.org/observations/4144337"
"133","Juniperus communis","Plantae","TRUE","TRUE","FALSE","FALSE","http://www.inaturalist.org/observations/4123256"
"134","Juniperus horizontalis","Plantae","TRUE","FALSE","FALSE","TRUE","http://www.inaturalist.org/observations/4136401"
"135","Juniperus horizontalis","Plantae","TRUE","FALSE","FALSE","TRUE","http://www.inaturalist.org/observations/4144340"
"136","Juniperus horizontalis","Plantae","TRUE","FALSE","FALSE","TRUE","http://www.inaturalist.org/observations/4122556"
"137","Lactuca canadensis","Plantae","TRUE","FALSE","FALSE","TRUE","http://www.inaturalist.org/observations/4144307"
"138","Lactuca canadensis","Plantae","TRUE","FALSE","FALSE","TRUE","http://www.inaturalist.org/observations/4130774"
"139","Lathyrus japonicus","Plantae","TRUE","FALSE","FALSE","FALSE","http://www.inaturalist.org/observations/4154893"
"140","Lathyrus japonicus","Plantae","TRUE","FALSE","FALSE","FALSE","http://www.inaturalist.org/observations/4144401"
"141","Lobelia cardinalis","Plantae","TRUE","FALSE","FALSE","TRUE","http://www.inaturalist.org/observations/4123032"
"142","Lobelia kalmii","Plantae","TRUE","FALSE","FALSE","TRUE","http://www.inaturalist.org/observations/4174089"
"143","Lobelia kalmii","Plantae","TRUE","FALSE","FALSE","TRUE","http://www.inaturalist.org/observations/4136399"
"144","Lycopus americanus","Plantae","TRUE","FALSE","FALSE","TRUE","http://www.inaturalist.org/observations/4136406"
"145","Maianthemum canadense","Plantae","TRUE","FALSE","FALSE","TRUE","http://www.inaturalist.org/observations/4233401"
"146","Mentha ×","Plantae","FALSE","FALSE","FALSE","FALSE","http://www.inaturalist.org/observations/4147825"
"147","Mentha canadensis","Plantae","FALSE","FALSE","TRUE","FALSE","http://www.inaturalist.org/observations/4147914"
"148","Monarda punctata","Plantae","TRUE","TRUE","FALSE","FALSE","http://www.inaturalist.org/observations/4133909"
"149","Nabalus albus","Plantae","FALSE","FALSE","TRUE","FALSE","http://www.inaturalist.org/observations/4130084"
"150","Oenothera biennis","Plantae","TRUE","FALSE","FALSE","TRUE","http://www.inaturalist.org/observations/4144374"
"151","Onoclea sensibilis","Plantae","TRUE","FALSE","FALSE","FALSE","http://www.inaturalist.org/observations/4147880"
"152","Ostrya virginiana","Plantae","TRUE","FALSE","FALSE","TRUE","http://www.inaturalist.org/observations/4229693"
"153","Ostrya virginiana","Plantae","TRUE","FALSE","FALSE","TRUE","http://www.inaturalist.org/observations/4144324"
"154","Pedicularis canadensis","Plantae","TRUE","FALSE","FALSE","TRUE","http://www.inaturalist.org/observations/4233881"
"155","Pedicularis canadensis","Plantae","TRUE","FALSE","FALSE","TRUE","http://www.inaturalist.org/observations/4233882"
"156","Phryma leptostachya","Plantae","TRUE","FALSE","FALSE","TRUE","http://www.inaturalist.org/observations/4233770"
"157","Phytolacca americana","Plantae","TRUE","FALSE","FALSE","FALSE","http://www.inaturalist.org/observations/4129829"
"158","Pinus resinosa","Plantae","TRUE","FALSE","FALSE","FALSE","http://www.inaturalist.org/observations/4125402"
"159","Pinus resinosa","Plantae","TRUE","FALSE","FALSE","FALSE","http://www.inaturalist.org/observations/4122677"
"160","Pinus strobus","Plantae","TRUE","FALSE","FALSE","TRUE","http://www.inaturalist.org/observations/4213204"
"161","Pinus sylvestris","Plantae","TRUE","FALSE","FALSE","FALSE","http://www.inaturalist.org/observations/4123214"
"162","Populus grandidentata","Plantae","TRUE","FALSE","FALSE","TRUE","http://www.inaturalist.org/observations/4233403"
"163","Populus tremuloides","Plantae","TRUE","FALSE","FALSE","TRUE","http://www.inaturalist.org/observations/4213197"
"164","Populus tremuloides","Plantae","TRUE","FALSE","FALSE","TRUE","http://www.inaturalist.org/observations/4132454"
"165","Potentilla simplex","Plantae","TRUE","FALSE","FALSE","TRUE","http://www.inaturalist.org/observations/4174061"
"166","Prunus serotina","Plantae","TRUE","FALSE","FALSE","FALSE","http://www.inaturalist.org/observations/4213190"
"167","Prunus serotina","Plantae","TRUE","FALSE","FALSE","FALSE","http://www.inaturalist.org/observations/4129556"
"168","Quercus rubra","Plantae","TRUE","FALSE","FALSE","TRUE","http://www.inaturalist.org/observations/4229701"
"169","Quercus rubra","Plantae","TRUE","FALSE","FALSE","TRUE","http://www.inaturalist.org/observations/4125441"
"170","Quercus rubra","Plantae","TRUE","FALSE","FALSE","TRUE","http://www.inaturalist.org/observations/4129554"
"171","Rhus typhina","Plantae","FALSE","TRUE","FALSE","TRUE","http://www.inaturalist.org/observations/4144321"
"172","Rhus typhina","Plantae","FALSE","TRUE","FALSE","TRUE","http://www.inaturalist.org/observations/4130913"
"173","Ribes americanum","Plantae","TRUE","FALSE","FALSE","FALSE","http://www.inaturalist.org/observations/4144315"
"174","Ribes americanum","Plantae","TRUE","FALSE","FALSE","FALSE","http://www.inaturalist.org/observations/4130311"
"175","Rubus allegheniensis","Plantae","TRUE","FALSE","FALSE","TRUE","http://www.inaturalist.org/observations/4144717"
"176","Rubus idaeus","Plantae","TRUE","FALSE","FALSE","FALSE","http://www.inaturalist.org/observations/4144713"
"177","Saponaria officinalis","Plantae","TRUE","FALSE","FALSE","TRUE","http://www.inaturalist.org/observations/4297812"
"178","Schizachyrium scoparium","Plantae","TRUE","FALSE","FALSE","TRUE","http://www.inaturalist.org/observations/4122551"
"179","Scirpus cyperinus","Plantae","TRUE","FALSE","FALSE","TRUE","http://www.inaturalist.org/observations/4136395"
"180","Shepherdia canadensis","Plantae","TRUE","FALSE","FALSE","TRUE","http://www.inaturalist.org/observations/4154174"
"181","Shepherdia canadensis","Plantae","TRUE","FALSE","FALSE","TRUE","http://www.inaturalist.org/observations/4144349"
"182","Silene vulgaris","Plantae","TRUE","FALSE","FALSE","TRUE","http://www.inaturalist.org/observations/4124183"
"183","Silene vulgaris","Plantae","TRUE","FALSE","FALSE","TRUE","http://www.inaturalist.org/observations/4124853"
"184","Silene vulgaris","Plantae","TRUE","FALSE","FALSE","TRUE","http://www.inaturalist.org/observations/4122980"
"185","Silene vulgaris","Plantae","TRUE","FALSE","FALSE","TRUE","http://www.inaturalist.org/observations/4123289"
"186","Solidago altissima","Plantae","FALSE","TRUE","FALSE","FALSE","http://www.inaturalist.org/observations/4133913"
"187","Solidago altissima","Plantae","FALSE","TRUE","FALSE","FALSE","http://www.inaturalist.org/observations/4130545"
"188","Solidago altissima","Plantae","FALSE","TRUE","FALSE","FALSE","http://www.inaturalist.org/observations/4129587"
"189","Solidago altissima","Plantae","FALSE","TRUE","FALSE","FALSE","http://www.inaturalist.org/observations/4129941"
"190","Solidago altissima","Plantae","FALSE","TRUE","FALSE","FALSE","http://www.inaturalist.org/observations/4122762"
"191","Solidago altissima","Plantae","FALSE","TRUE","FALSE","FALSE","http://www.inaturalist.org/observations/4122950"
"192","Solidago altissima","Plantae","FALSE","TRUE","FALSE","FALSE","http://www.inaturalist.org/observations/4123338"
"193","Solidago caesia","Plantae","TRUE","FALSE","FALSE","FALSE","http://www.inaturalist.org/observations/4229684"
"194","Solidago caesia","Plantae","TRUE","FALSE","FALSE","FALSE","http://www.inaturalist.org/observations/4175105"
"195","Solidago caesia","Plantae","TRUE","FALSE","FALSE","FALSE","http://www.inaturalist.org/observations/4136376"
"196","Solidago caesia","Plantae","TRUE","FALSE","FALSE","FALSE","http://www.inaturalist.org/observations/4129676"
"197","Solidago flexicaulis","Plantae","TRUE","FALSE","FALSE","TRUE","http://www.inaturalist.org/observations/4233404"
"198","Solidago flexicaulis","Plantae","TRUE","FALSE","FALSE","TRUE","http://www.inaturalist.org/observations/4129662"
"199","Solidago simplex","Plantae","TRUE","FALSE","FALSE","FALSE","http://www.inaturalist.org/observations/4136413"
"200","Solidago simplex","Plantae","TRUE","FALSE","FALSE","FALSE","http://www.inaturalist.org/observations/4144395"
"201","Spinulum annotinum","Plantae","FALSE","FALSE","FALSE","FALSE","http://www.inaturalist.org/observations/4245223"
"202","Symphyotrichum laeve","Plantae","TRUE","FALSE","FALSE","TRUE","http://www.inaturalist.org/observations/4229683"
"203","Symphyotrichum laeve","Plantae","TRUE","FALSE","FALSE","TRUE","http://www.inaturalist.org/observations/4136416"
"204","Symphyotrichum laeve","Plantae","TRUE","FALSE","FALSE","TRUE","http://www.inaturalist.org/observations/4144274"
"205","Symphyotrichum laeve","Plantae","TRUE","FALSE","FALSE","TRUE","http://www.inaturalist.org/observations/4144351"
"206","Symphyotrichum laeve","Plantae","TRUE","FALSE","FALSE","TRUE","http://www.inaturalist.org/observations/4129531"
"207","Symphyotrichum laeve","Plantae","TRUE","FALSE","FALSE","TRUE","http://www.inaturalist.org/observations/4122979"
"208","Symphyotrichum lanceolatum","Plantae","TRUE","FALSE","FALSE","TRUE","http://www.inaturalist.org/observations/4144318"
"209","Symphyotrichum lanceolatum","Plantae","TRUE","FALSE","FALSE","TRUE","http://www.inaturalist.org/observations/4144329"
"210","Symphyotrichum lanceolatum","Plantae","TRUE","FALSE","FALSE","TRUE","http://www.inaturalist.org/observations/4130905"
"211","Symphyotrichum lateriflorum","Plantae","TRUE","FALSE","FALSE","TRUE","http://www.inaturalist.org/observations/4147612"
"212","Symphyotrichum lateriflorum","Plantae","TRUE","FALSE","FALSE","TRUE","http://www.inaturalist.org/observations/4147618"
"213","Symphyotrichum lateriflorum","Plantae","TRUE","FALSE","FALSE","TRUE","http://www.inaturalist.org/observations/4129770"
"214","Thelypteris palustris","Plantae","TRUE","FALSE","FALSE","FALSE","http://www.inaturalist.org/observations/4148836"
"215","Thuja occidentalis","Plantae","TRUE","FALSE","FALSE","TRUE","http://www.inaturalist.org/observations/4229746"
"216","Thuja occidentalis","Plantae","TRUE","FALSE","FALSE","TRUE","http://www.inaturalist.org/observations/4158628"
"217","Thuja occidentalis","Plantae","TRUE","FALSE","FALSE","TRUE","http://www.inaturalist.org/observations/4144710"
"218","Thuja occidentalis","Plantae","TRUE","FALSE","FALSE","TRUE","http://www.inaturalist.org/observations/4125398"
"219","Thuja occidentalis","Plantae","TRUE","FALSE","FALSE","TRUE","http://www.inaturalist.org/observations/4122632"
"220","Thuja occidentalis","Plantae","TRUE","FALSE","FALSE","TRUE","http://www.inaturalist.org/observations/4123199"
"221","Thuja occidentalis","Plantae","TRUE","FALSE","FALSE","TRUE","http://www.inaturalist.org/observations/4122136"
"222","Tilia americana","Plantae","TRUE","FALSE","FALSE","FALSE","http://www.inaturalist.org/observations/4213200"
"223","Tilia americana","Plantae","TRUE","FALSE","FALSE","FALSE","http://www.inaturalist.org/observations/4213201"
"224","Tilia americana","Plantae","TRUE","FALSE","FALSE","FALSE","http://www.inaturalist.org/observations/4233536"
"225","Tilia americana","Plantae","TRUE","FALSE","FALSE","FALSE","http://www.inaturalist.org/observations/4144708"
"226","Toxicodendron radicans","Plantae","FALSE","FALSE","FALSE","FALSE","http://www.inaturalist.org/observations/4123274"
"227","Toxicodendron rydbergii","Plantae","TRUE","FALSE","FALSE","TRUE","http://www.inaturalist.org/observations/4124158"
"228","Toxicodendron rydbergii","Plantae","TRUE","FALSE","FALSE","TRUE","http://www.inaturalist.org/observations/4125373"
"229","Tsuga canadensis","Plantae","TRUE","FALSE","FALSE","TRUE","http://www.inaturalist.org/observations/4229689"
"230","Tsuga canadensis","Plantae","TRUE","FALSE","FALSE","TRUE","http://www.inaturalist.org/observations/4133462"
"231","Ulmus americana","Plantae","TRUE","FALSE","FALSE","TRUE","http://www.inaturalist.org/observations/4144728"
"232","Uvularia grandiflora","Plantae","TRUE","FALSE","FALSE","FALSE","http://www.inaturalist.org/observations/4233875"
"233","Vaccinium myrtilloides","Plantae","TRUE","FALSE","FALSE","TRUE","http://www.inaturalist.org/observations/4233539"
"234","Viburnum acerifolium","Plantae","TRUE","FALSE","FALSE","TRUE","http://www.inaturalist.org/observations/4233333"
"235","Viburnum acerifolium","Plantae","TRUE","FALSE","FALSE","TRUE","http://www.inaturalist.org/observations/4233402"
"236","Vitis riparia","Plantae","TRUE","FALSE","FALSE","TRUE","http://www.inaturalist.org/observations/4125383"
"237","Vitis riparia","Plantae","TRUE","FALSE","FALSE","TRUE","http://www.inaturalist.org/observations/4129560"
"238","Lampropeltis triangulum","Reptilia","TRUE","FALSE","FALSE","TRUE","http://www.inaturalist.org/observations/4132019"
