"","Iconic.taxon.name","Scientific.name","Common.name"
"1","Actinopterygii","Dorosoma cepedianum","American Gizzard Shad"
"2","Actinopterygii","Etheostoma nigrum","Johnny Darter"
"3","Actinopterygii","Fundulus diaphanus","banded killifish"
"4","Actinopterygii","Labidesthes sicculus","Brook Silverside"
"5","Actinopterygii","Lepomis macrochirus","Bluegill"
"6","Actinopterygii","Micropterus dolomieu","Smallmouth Bass"
"7","Actinopterygii","Micropterus salmoides","Largemouth Bass"
"8","Actinopterygii","Neogobius melanostomus","Round Goby"
"9","Actinopterygii","Notropis atherinoides","Emerald shiner"
"10","Actinopterygii","Notropis hudsonius","Spottail Shiner"
"11","Actinopterygii","Osmerus mordax","Rainbow Smelt"
"12","Actinopterygii","Perca flavescens","Yellow Perch"
"13","Actinopterygii","Percina caprodes","Common Logperch"
"14","Actinopterygii","Rhinichthys cataractae","Longnose Dace"
"15","Fungi","Cladonia cristatella","British soldier lichen"
"16","Insecta","Agapostemon splendens","Brown-winged Striped Sweat Bee"
"17","Insecta","Andrena asteris","Aster Mining Bee"
"18","Insecta","Andrena hirticincta","Hairy-banded Mining Bee"
"19","Insecta","Apis mellifera","Western Honey Bee"
"20","Insecta","Atteva aurea","Ailanthus Webworm Moth"
"21","Insecta","Bittacomorpha clavipes","Eastern Phantom Crane Fly"
"22","Insecta","Bombus impatiens","Common Eastern Bumble Bee"
"23","Insecta","Ceratina","Small Carpenter Bees"
"24","Insecta","Chauliognathus pensylvanicus","Goldenrod Soldier Beetle"
"25","Insecta","Colias eurytheme","Orange Sulphur"
"26","Insecta","Colletes simulans armatus","Eastern Spine-shouldered Cellophane Bee"
"27","Insecta","Corythucha marmorata","Chrysanthemum Lace Bug"
"28","Insecta","Danaus plexippus","Monarch"
"29","Insecta","Diabrotica undecimpunctata","Spotted Cucumber Beetle"
"30","Insecta","Dissosteira carolina","Carolina Grasshopper"
"31","Insecta","Dolichovespula arenaria","Common Aerial Yellowjacket"
"32","Insecta","Epicauta pennsylvanica","Black Blister Beetle"
"33","Insecta","Eristalis flavipes","Orange-legged Drone Fly"
"34","Insecta","Halictus ligatus","Ligated Furrow Bee"
"35","Insecta","Harmonia axyridis","Asian Lady Beetle"
"36","Insecta","Helophilus latifrons","Broad-headed Marsh Fly"
"37","Insecta","Lygaeus kalmii","Small Milkweed Bug"
"38","Insecta","Mantis religiosa","European Mantis"
"39","Insecta","Megacyllene robiniae","Locust Longhorn Borer"
"40","Insecta","Melanoplus bivittatus","Two-striped Grasshopper"
"41","Insecta","Oncopeltus fasciatus","Large Milkweed Bug"
"42","Insecta","Philanthus lepidus",""
"43","Insecta","Polistes fuscatus","Dark Paper Wasp"
"44","Insecta","Sphecodes davisii","Davis's Cuckoo Sweat Bee"
"45","Insecta","Sympetrum costiferum","Saffron-winged Meadowhawk"
"46","Insecta","Sympetrum vicinum","Autumn Meadowhawk"
"47","Insecta","Toxomerus geminatus","Eastern Calligrapher"
"48","Insecta","Zelus luridus","Pale Green Assassin Bug"
"49","Mollusca","Dreissena bugensis","Quagga Mussel"
