"","Scientific_name","Iconic_taxa","Match NPSpecies","iNaturalist_Entry_count"
"1","Acris gryllus","Amphibia","Match","2"
"2","Anaxyrus quercicus","Amphibia","Match","11"
"3","Anaxyrus terrestris","Amphibia","Match","8"
"4","Eleutherodactylus planirostris","Amphibia","Match","2"
"5","Gastrophryne carolinensis","Amphibia","Match","3"
"6","Hyla femoralis","Amphibia","Match","7"
"7","Lithobates sphenocephalus","Amphibia","Match","2"
"8","Scaphiopus holbrookii","Amphibia","No Match","1"
"9","Ardea herodias","Aves","Match","3"
"10","Cardinalis cardinalis","Aves","Match","1"
"11","Melanerpes carolinus","Aves","Match","1"
"12","Melanerpes erythrocephalus","Aves","Match","2"
"13","Mimus polyglottos","Aves","Match","1"
"14","Pandion haliaetus","Aves","Match","6"
"15","Pelecanus occidentalis","Aves","Match","1"
"16","Sylvilagus floridanus","Mammalia","Match","1"
"17","Ampelopsis arborea","Plantae","Match","1"
"18","Bidens pilosa","Plantae","Match","3"
"19","Callicarpa americana","Plantae","Match","5"
"20","Calystegia sepium","Plantae","Match","1"
"21","Campsis radicans","Plantae","Match","7"
"22","Clitoria mariana","Plantae","Match","1"
"23","Conradina canescens","Plantae","Match","1"
"24","Cyperus esculentus","Plantae","Match","1"
"25","Cyperus haspan","Plantae","Match","1"
"26","Elymus virginicus","Plantae","Match","1"
"27","Erythrina herbacea","Plantae","Match","1"
"28","Eupatorium capillifolium","Plantae","Match","1"
"29","Hydrocotyle bonariensis","Plantae","Match","1"
"30","Ilex vomitoria","Plantae","Match","7"
"31","Lantana camara","Plantae","Match","1"
"32","Liquidambar styraciflua","Plantae","Match","2"
"33","Lonicera sempervirens","Plantae","Match","2"
"34","Magnolia grandiflora","Plantae","Match","2"
"35","Morella cerifera","Plantae","Match","2"
"36","Opuntia humifusa","Plantae","Match","2"
"37","Parthenocissus quinquefolia","Plantae","Match","4"
"38","Paspalum urvillei","Plantae","Match","1"
"39","Pinus palustris","Plantae","Match","4"
"40","Pleopeltis michauxiana","Plantae","No Match","1"
"41","Pteridium aquilinum","Plantae","Match","2"
"42","Quercus geminata","Plantae","Match","1"
"43","Quercus nigra","Plantae","Match","1"
"44","Rhus copallinum","Plantae","Match","2"
"45","Sabal palmetto","Plantae","Match","1"
"46","Salvia lyrata","Plantae","Match","1"
"47","Saururus cernuus","Plantae","Match","2"
"48","Serenoa repens","Plantae","Match","7"
"49","Sesuvium portulacastrum","Plantae","Match","2"
"50","Sida rhombifolia","Plantae","Match","2"
"51","Smilax bona-nox","Plantae","Match","2"
"52","Smilax glauca","Plantae","Match","1"
"53","Tillandsia usneoides","Plantae","Match","1"
"54","Toxicodendron radicans","Plantae","Match","1"
"55","Typha latifolia","Plantae","Match","1"
"56","Uniola paniculata","Plantae","Match","1"
"57","Vitis rotundifolia","Plantae","Match","5"
"58","Anolis carolinensis","Reptilia","Match","5"
"59","Anolis sagrei","Reptilia","No Match","1"
"60","Aspidoscelis sexlineatus","Reptilia","ITIS Match","8"
"61","Coluber constrictor","Reptilia","Match","3"
"62","Plestiodon fasciatus","Reptilia","No Match","4"
"63","Plestiodon laticeps","Reptilia","No Match","14"
"64","Sceloporus undulatus","Reptilia","Match","6"
"65","Diachlorus ferrugatus","Insecta","Table 4","2"
"66","Trichonephila clavipes","Arachnida","Table 4","5"
"67","Euglandina rosea","Mollusca","Table 4","1"
"68","Satyrium favonius","Insecta","Table 4","1"
"69","Schizophyllum commune","Fungi","Table 4","1"
"70","Alaus oculatus","Insecta","Table 4","3"
"71","Dasymutilla occidentalis","Insecta","Table 4","2"
"72","Herpothallon rubrocinctum","Fungi","Table 4","1"
"73","Acanalonia conica","Insecta","Table 4","2"
"74","Trirhabda bacharidis","Insecta","Table 4","4"
"75","Epicauta tenuis","Insecta","Table 4","2"
"76","Venezillo parvus","Animalia","Table 4","2"
"77","Atlantoscia floridana","Animalia","Table 4","1"
"78","Dianthidium curvatum","Insecta","Table 4","2"
"79","Bombus impatiens","Insecta","Table 4","1"
"80","Libellula needhami","Insecta","Table 4","2"
"81","Prosapia bicincta","Insecta","Table 4","1"
"82","Ischnura ramburii","Insecta","Table 4","1"
"83","Orphulella pelidna","Insecta","Table 4","1"
"84","Psyrassa pertenuis","Insecta","Table 4","2"
"85","Hemeroplanis habitalis","Insecta","Table 4","2"
"86","Deloyala guttata","Insecta","Table 4","2"
"87","Scolopendra viridis","Animalia","Table 4","1"
"88","Hemisphaerota cyanea","Insecta","Table 4","1"
"89","Chilomycterus schoepfii","Actinopterygii","Table 4","1"
"90","Clibanarius vittatus","Animalia","Table 4","1"
"91","Leiostomus xanthurus","Actinopterygii","Table 4","5"
"92","Lagodon rhomboides","Actinopterygii","Table 4","7"
"93","Glenurus gratus","Insecta","Table 4","2"
"94","Menidia beryllina","Actinopterygii","Table 4","3"
"95","Orthopristis chrysoptera","Actinopterygii","Table 4","1"
"96","Synodus foetens","Actinopterygii","Table 4","1"
"97","Fundulus similis","Actinopterygii","Table 4","3"
"98","Pachydiplax longipennis","Insecta","Table 4","3"
"99","Callinectes sapidus","Animalia","Table 4","1"
"100","Hippodamia convergens","Insecta","Table 4","1"
"101","Gambusia holbrooki","Actinopterygii","Table 4","1"
"102","Fundulus grandis","Actinopterygii","Table 4","1"
"103","Mugil curema","Actinopterygii","Table 4","1"
"104","Syngnathus floridae","Actinopterygii","Table 4","2"
"105","Bairdiella chrysoura","Actinopterygii","Table 4","1"
"106","Eurycotis floridana","Insecta","Table 4","1"
"107","Anisomorpha buprestoides","Insecta","Table 4","4"
"108","Armadillidium vulgare","Animalia","Table 4","1"
"109","Scudderia cuneata","Insecta","Table 4","2"
"110","Eotettix pusillus","Insecta","Table 4","2"
"111","Podium luctuosum","Insecta","Table 4","2"
"112","Prochoerodes lineola","Insecta","Table 4","1"
"113","Cycloneda sanguinea","Insecta","Table 4","1"
"114","Pogonomyrmex badius","Insecta","Table 4","1"
"115","Ceratium longipes","Chromista","Table 4","2"
"116","Metcalfa pruinosa","Insecta","Table 4","1"
"117","Camponotus floridanus","Insecta","Table 4","1"
"118","Pseudomyrmex gracilis","Insecta","Table 4","3"
"119","Cladonia evansii","Fungi","Table 4","2"
"120","Centruroides hentzi","Arachnida","Table 4","1"
"121","Ganoderma curtisii","Fungi","Table 4","2"
"122","Argiope aurantia","Arachnida","Table 4","1"
"123","Solenopsis invicta","Insecta","Table 4","2"
"124","Erythemis simplicicollis","Insecta","Table 4","2"
"125","Anax junius","Insecta","Table 4","1"
