"","Scientific_name","Iconic_taxa","iNat_NPS_matches","iNat_NPSsynonym_matches","iNat_ITIS_synonym_matches","iNat_ITIS_nonsyn_matches","iNaturalist_URL"
"1","Acris gryllus","Amphibia","TRUE","TRUE","FALSE","FALSE","http://www.inaturalist.org/observations/3255128"
"2","Acris gryllus","Amphibia","TRUE","TRUE","FALSE","FALSE","http://www.inaturalist.org/observations/3255123"
"3","Anaxyrus quercicus","Amphibia","TRUE","FALSE","FALSE","TRUE","http://www.inaturalist.org/observations/3255593"
"4","Anaxyrus quercicus","Amphibia","TRUE","FALSE","FALSE","TRUE","http://www.inaturalist.org/observations/3255613"
"5","Anaxyrus quercicus","Amphibia","TRUE","FALSE","FALSE","TRUE","http://www.inaturalist.org/observations/3256285"
"6","Anaxyrus quercicus","Amphibia","TRUE","FALSE","FALSE","TRUE","http://www.inaturalist.org/observations/3256287"
"7","Anaxyrus quercicus","Amphibia","TRUE","FALSE","FALSE","TRUE","http://www.inaturalist.org/observations/3256309"
"8","Anaxyrus quercicus","Amphibia","TRUE","FALSE","FALSE","TRUE","http://www.inaturalist.org/observations/3256322"
"9","Anaxyrus quercicus","Amphibia","TRUE","FALSE","FALSE","TRUE","http://www.inaturalist.org/observations/3254075"
"10","Anaxyrus quercicus","Amphibia","TRUE","FALSE","FALSE","TRUE","http://www.inaturalist.org/observations/3255115"
"11","Anaxyrus quercicus","Amphibia","TRUE","FALSE","FALSE","TRUE","http://www.inaturalist.org/observations/3250715"
"12","Anaxyrus quercicus","Amphibia","TRUE","FALSE","FALSE","TRUE","http://www.inaturalist.org/observations/3247584"
"13","Anaxyrus quercicus","Amphibia","TRUE","FALSE","FALSE","TRUE","http://www.inaturalist.org/observations/3250150"
"14","Anaxyrus terrestris","Amphibia","TRUE","FALSE","FALSE","TRUE","http://www.inaturalist.org/observations/3256271"
"15","Anaxyrus terrestris","Amphibia","TRUE","FALSE","FALSE","TRUE","http://www.inaturalist.org/observations/3255107"
"16","Anaxyrus terrestris","Amphibia","TRUE","FALSE","FALSE","TRUE","http://www.inaturalist.org/observations/3250661"
"17","Anaxyrus terrestris","Amphibia","TRUE","FALSE","FALSE","TRUE","http://www.inaturalist.org/observations/3252804"
"18","Anaxyrus terrestris","Amphibia","TRUE","FALSE","FALSE","TRUE","http://www.inaturalist.org/observations/3248263"
"19","Anaxyrus terrestris","Amphibia","TRUE","FALSE","FALSE","TRUE","http://www.inaturalist.org/observations/3248268"
"20","Anaxyrus terrestris","Amphibia","TRUE","FALSE","FALSE","TRUE","http://www.inaturalist.org/observations/3248433"
"21","Anaxyrus terrestris","Amphibia","TRUE","FALSE","FALSE","TRUE","http://www.inaturalist.org/observations/3248442"
"22","Eleutherodactylus planirostris","Amphibia","TRUE","FALSE","FALSE","FALSE","http://www.inaturalist.org/observations/3247785"
"23","Eleutherodactylus planirostris","Amphibia","TRUE","FALSE","FALSE","FALSE","http://www.inaturalist.org/observations/3247792"
"24","Gastrophryne carolinensis","Amphibia","TRUE","FALSE","FALSE","TRUE","http://www.inaturalist.org/observations/3255932"
"25","Gastrophryne carolinensis","Amphibia","TRUE","FALSE","FALSE","TRUE","http://www.inaturalist.org/observations/3255944"
"26","Gastrophryne carolinensis","Amphibia","TRUE","FALSE","FALSE","TRUE","http://www.inaturalist.org/observations/3255125"
"27","Hyla femoralis","Amphibia","TRUE","FALSE","FALSE","FALSE","http://www.inaturalist.org/observations/3256031"
"28","Hyla femoralis","Amphibia","TRUE","FALSE","FALSE","FALSE","http://www.inaturalist.org/observations/3256032"
"29","Hyla femoralis","Amphibia","TRUE","FALSE","FALSE","FALSE","http://www.inaturalist.org/observations/3255124"
"30","Hyla femoralis","Amphibia","TRUE","FALSE","FALSE","FALSE","http://www.inaturalist.org/observations/3255126"
"31","Hyla femoralis","Amphibia","TRUE","FALSE","FALSE","FALSE","http://www.inaturalist.org/observations/3255118"
"32","Hyla femoralis","Amphibia","TRUE","FALSE","FALSE","FALSE","http://www.inaturalist.org/observations/3255120"
"33","Hyla femoralis","Amphibia","TRUE","FALSE","FALSE","FALSE","http://www.inaturalist.org/observations/3239553"
"34","Lithobates sphenocephalus","Amphibia","TRUE","FALSE","FALSE","FALSE","http://www.inaturalist.org/observations/3253131"
"35","Lithobates sphenocephalus","Amphibia","TRUE","FALSE","FALSE","FALSE","http://www.inaturalist.org/observations/3253276"
"36","Scaphiopus holbrookii","Amphibia","FALSE","FALSE","FALSE","FALSE","http://www.inaturalist.org/observations/3255536"
"37","Ardea herodias","Aves","TRUE","TRUE","FALSE","FALSE","http://www.inaturalist.org/observations/3248772"
"38","Ardea herodias","Aves","TRUE","TRUE","FALSE","FALSE","http://www.inaturalist.org/observations/3248782"
"39","Ardea herodias","Aves","TRUE","TRUE","FALSE","FALSE","http://www.inaturalist.org/observations/3248786"
"40","Cardinalis cardinalis","Aves","TRUE","FALSE","FALSE","FALSE","http://www.inaturalist.org/observations/3255334"
"41","Melanerpes carolinus","Aves","TRUE","FALSE","FALSE","TRUE","http://www.inaturalist.org/observations/3252386"
"42","Melanerpes erythrocephalus","Aves","TRUE","FALSE","FALSE","TRUE","http://www.inaturalist.org/observations/3255310"
"43","Melanerpes erythrocephalus","Aves","TRUE","FALSE","FALSE","TRUE","http://www.inaturalist.org/observations/3253703"
"44","Mimus polyglottos","Aves","TRUE","TRUE","FALSE","FALSE","http://www.inaturalist.org/observations/3248766"
"45","Pandion haliaetus","Aves","TRUE","TRUE","FALSE","FALSE","http://www.inaturalist.org/observations/3280991"
"46","Pandion haliaetus","Aves","TRUE","TRUE","FALSE","FALSE","http://www.inaturalist.org/observations/3309520"
"47","Pandion haliaetus","Aves","TRUE","TRUE","FALSE","FALSE","http://www.inaturalist.org/observations/3255317"
"48","Pandion haliaetus","Aves","TRUE","TRUE","FALSE","FALSE","http://www.inaturalist.org/observations/3251864"
"49","Pandion haliaetus","Aves","TRUE","TRUE","FALSE","FALSE","http://www.inaturalist.org/observations/3247168"
"50","Pandion haliaetus","Aves","TRUE","TRUE","FALSE","FALSE","http://www.inaturalist.org/observations/3248792"
"51","Pelecanus occidentalis","Aves","TRUE","TRUE","FALSE","FALSE","http://www.inaturalist.org/observations/3255349"
"52","Sylvilagus floridanus","Mammalia","TRUE","FALSE","FALSE","TRUE","http://www.inaturalist.org/observations/3244432"
"53","Ampelopsis arborea","Plantae","TRUE","FALSE","FALSE","TRUE","http://www.inaturalist.org/observations/3286107"
"54","Bidens pilosa","Plantae","TRUE","FALSE","FALSE","TRUE","http://www.inaturalist.org/observations/3287355"
"55","Bidens pilosa","Plantae","TRUE","FALSE","FALSE","TRUE","http://www.inaturalist.org/observations/3254110"
"56","Bidens pilosa","Plantae","TRUE","FALSE","FALSE","TRUE","http://www.inaturalist.org/observations/3253356"
"57","Callicarpa americana","Plantae","TRUE","FALSE","FALSE","TRUE","http://www.inaturalist.org/observations/3280714"
"58","Callicarpa americana","Plantae","TRUE","FALSE","FALSE","TRUE","http://www.inaturalist.org/observations/3254112"
"59","Callicarpa americana","Plantae","TRUE","FALSE","FALSE","TRUE","http://www.inaturalist.org/observations/3252995"
"60","Callicarpa americana","Plantae","TRUE","FALSE","FALSE","TRUE","http://www.inaturalist.org/observations/3253135"
"61","Callicarpa americana","Plantae","TRUE","FALSE","FALSE","TRUE","http://www.inaturalist.org/observations/3253248"
"62","Calystegia sepium","Plantae","TRUE","FALSE","FALSE","FALSE","http://www.inaturalist.org/observations/3257270"
"63","Campsis radicans","Plantae","TRUE","FALSE","FALSE","TRUE","http://www.inaturalist.org/observations/3280670"
"64","Campsis radicans","Plantae","TRUE","FALSE","FALSE","TRUE","http://www.inaturalist.org/observations/3257669"
"65","Campsis radicans","Plantae","TRUE","FALSE","FALSE","TRUE","http://www.inaturalist.org/observations/3253507"
"66","Campsis radicans","Plantae","TRUE","FALSE","FALSE","TRUE","http://www.inaturalist.org/observations/3253525"
"67","Campsis radicans","Plantae","TRUE","FALSE","FALSE","TRUE","http://www.inaturalist.org/observations/3249335"
"68","Campsis radicans","Plantae","TRUE","FALSE","FALSE","TRUE","http://www.inaturalist.org/observations/3249317"
"69","Campsis radicans","Plantae","TRUE","FALSE","FALSE","TRUE","http://www.inaturalist.org/observations/3249298"
"70","Clitoria mariana","Plantae","TRUE","FALSE","FALSE","TRUE","http://www.inaturalist.org/observations/3252709"
"71","Conradina canescens","Plantae","TRUE","FALSE","FALSE","TRUE","http://www.inaturalist.org/observations/3280791"
"72","Cyperus esculentus","Plantae","TRUE","FALSE","FALSE","FALSE","http://www.inaturalist.org/observations/3253532"
"73","Cyperus haspan","Plantae","TRUE","FALSE","FALSE","TRUE","http://www.inaturalist.org/observations/3286115"
"74","Elymus virginicus","Plantae","TRUE","TRUE","FALSE","TRUE","http://www.inaturalist.org/observations/3274534"
"75","Erythrina herbacea","Plantae","TRUE","FALSE","FALSE","TRUE","http://www.inaturalist.org/observations/3280931"
"76","Eupatorium capillifolium","Plantae","TRUE","FALSE","FALSE","FALSE","http://www.inaturalist.org/observations/3254305"
"77","Hydrocotyle bonariensis","Plantae","TRUE","FALSE","FALSE","FALSE","http://www.inaturalist.org/observations/3287360"
"78","Ilex vomitoria","Plantae","TRUE","FALSE","FALSE","FALSE","http://www.inaturalist.org/observations/3257016"
"79","Ilex vomitoria","Plantae","TRUE","FALSE","FALSE","FALSE","http://www.inaturalist.org/observations/3257266"
"80","Ilex vomitoria","Plantae","TRUE","FALSE","FALSE","FALSE","http://www.inaturalist.org/observations/3257358"
"81","Ilex vomitoria","Plantae","TRUE","FALSE","FALSE","FALSE","http://www.inaturalist.org/observations/3254223"
"82","Ilex vomitoria","Plantae","TRUE","FALSE","FALSE","FALSE","http://www.inaturalist.org/observations/3250478"
"83","Ilex vomitoria","Plantae","TRUE","FALSE","FALSE","FALSE","http://www.inaturalist.org/observations/3252963"
"84","Ilex vomitoria","Plantae","TRUE","FALSE","FALSE","FALSE","http://www.inaturalist.org/observations/3253520"
"85","Lantana camara","Plantae","TRUE","FALSE","FALSE","TRUE","http://www.inaturalist.org/observations/3248952"
"86","Liquidambar styraciflua","Plantae","TRUE","FALSE","FALSE","FALSE","http://www.inaturalist.org/observations/3251058"
"87","Liquidambar styraciflua","Plantae","TRUE","FALSE","FALSE","FALSE","http://www.inaturalist.org/observations/3253802"
"88","Lonicera sempervirens","Plantae","TRUE","FALSE","FALSE","TRUE","http://www.inaturalist.org/observations/3257317"
"89","Lonicera sempervirens","Plantae","TRUE","FALSE","FALSE","TRUE","http://www.inaturalist.org/observations/3249346"
"90","Magnolia grandiflora","Plantae","TRUE","FALSE","FALSE","FALSE","http://www.inaturalist.org/observations/3253889"
"91","Magnolia grandiflora","Plantae","TRUE","FALSE","FALSE","FALSE","http://www.inaturalist.org/observations/3253553"
"92","Morella cerifera","Plantae","TRUE","FALSE","FALSE","TRUE","http://www.inaturalist.org/observations/3257618"
"93","Morella cerifera","Plantae","TRUE","FALSE","FALSE","TRUE","http://www.inaturalist.org/observations/3254080"
"94","Opuntia humifusa","Plantae","TRUE","TRUE","FALSE","TRUE","http://www.inaturalist.org/observations/3280856"
"95","Opuntia humifusa","Plantae","TRUE","TRUE","FALSE","TRUE","http://www.inaturalist.org/observations/3255114"
"96","Parthenocissus quinquefolia","Plantae","TRUE","FALSE","FALSE","TRUE","http://www.inaturalist.org/observations/3256635"
"97","Parthenocissus quinquefolia","Plantae","TRUE","FALSE","FALSE","TRUE","http://www.inaturalist.org/observations/3254019"
"98","Parthenocissus quinquefolia","Plantae","TRUE","FALSE","FALSE","TRUE","http://www.inaturalist.org/observations/3254140"
"99","Parthenocissus quinquefolia","Plantae","TRUE","FALSE","FALSE","TRUE","http://www.inaturalist.org/observations/3254665"
"100","Paspalum urvillei","Plantae","TRUE","FALSE","FALSE","TRUE","http://www.inaturalist.org/observations/3255404"
"101","Pinus palustris","Plantae","TRUE","FALSE","FALSE","TRUE","http://www.inaturalist.org/observations/3287359"
"102","Pinus palustris","Plantae","TRUE","FALSE","FALSE","TRUE","http://www.inaturalist.org/observations/3309530"
"103","Pinus palustris","Plantae","TRUE","FALSE","FALSE","TRUE","http://www.inaturalist.org/observations/3256634"
"104","Pinus palustris","Plantae","TRUE","FALSE","FALSE","TRUE","http://www.inaturalist.org/observations/3254801"
"105","Pleopeltis michauxiana","Plantae","FALSE","FALSE","FALSE","FALSE","http://www.inaturalist.org/observations/3253273"
"106","Pteridium aquilinum","Plantae","TRUE","TRUE","FALSE","FALSE","http://www.inaturalist.org/observations/3287362"
"107","Pteridium aquilinum","Plantae","TRUE","TRUE","FALSE","FALSE","http://www.inaturalist.org/observations/3253631"
"108","Quercus geminata","Plantae","TRUE","FALSE","FALSE","TRUE","http://www.inaturalist.org/observations/3250288"
"109","Quercus nigra","Plantae","TRUE","FALSE","FALSE","TRUE","http://www.inaturalist.org/observations/3257652"
"110","Rhus copallinum","Plantae","TRUE","FALSE","FALSE","TRUE","http://www.inaturalist.org/observations/3287432"
"111","Rhus copallinum","Plantae","TRUE","FALSE","FALSE","TRUE","http://www.inaturalist.org/observations/3253591"
"112","Sabal palmetto","Plantae","TRUE","FALSE","FALSE","TRUE","http://www.inaturalist.org/observations/3281360"
"113","Salvia lyrata","Plantae","TRUE","FALSE","FALSE","FALSE","http://www.inaturalist.org/observations/3256680"
"114","Saururus cernuus","Plantae","TRUE","FALSE","FALSE","FALSE","http://www.inaturalist.org/observations/3286116"
"115","Saururus cernuus","Plantae","TRUE","FALSE","FALSE","FALSE","http://www.inaturalist.org/observations/3309525"
"116","Serenoa repens","Plantae","TRUE","FALSE","FALSE","TRUE","http://www.inaturalist.org/observations/3257693"
"117","Serenoa repens","Plantae","TRUE","FALSE","FALSE","TRUE","http://www.inaturalist.org/observations/3274505"
"118","Serenoa repens","Plantae","TRUE","FALSE","FALSE","TRUE","http://www.inaturalist.org/observations/3250358"
"119","Serenoa repens","Plantae","TRUE","FALSE","FALSE","TRUE","http://www.inaturalist.org/observations/3251308"
"120","Serenoa repens","Plantae","TRUE","FALSE","FALSE","TRUE","http://www.inaturalist.org/observations/3252852"
"121","Serenoa repens","Plantae","TRUE","FALSE","FALSE","TRUE","http://www.inaturalist.org/observations/3253700"
"122","Serenoa repens","Plantae","TRUE","FALSE","FALSE","TRUE","http://www.inaturalist.org/observations/3248416"
"123","Sesuvium portulacastrum","Plantae","TRUE","FALSE","FALSE","TRUE","http://www.inaturalist.org/observations/3257275"
"124","Sesuvium portulacastrum","Plantae","TRUE","FALSE","FALSE","TRUE","http://www.inaturalist.org/observations/3253934"
"125","Sida rhombifolia","Plantae","TRUE","FALSE","FALSE","TRUE","http://www.inaturalist.org/observations/3256912"
"126","Sida rhombifolia","Plantae","TRUE","FALSE","FALSE","TRUE","http://www.inaturalist.org/observations/3250125"
"127","Smilax bona-nox","Plantae","TRUE","FALSE","FALSE","TRUE","http://www.inaturalist.org/observations/3252937"
"128","Smilax bona-nox","Plantae","TRUE","FALSE","FALSE","TRUE","http://www.inaturalist.org/observations/3250143"
"129","Smilax glauca","Plantae","TRUE","FALSE","FALSE","TRUE","http://www.inaturalist.org/observations/3256114"
"130","Tillandsia usneoides","Plantae","TRUE","FALSE","FALSE","TRUE","http://www.inaturalist.org/observations/3254342"
"131","Toxicodendron radicans","Plantae","TRUE","TRUE","FALSE","FALSE","http://www.inaturalist.org/observations/3254359"
"132","Typha latifolia","Plantae","TRUE","FALSE","FALSE","FALSE","http://www.inaturalist.org/observations/3257307"
"133","Uniola paniculata","Plantae","TRUE","FALSE","FALSE","TRUE","http://www.inaturalist.org/observations/3257246"
"134","Vitis rotundifolia","Plantae","TRUE","FALSE","FALSE","FALSE","http://www.inaturalist.org/observations/3280753"
"135","Vitis rotundifolia","Plantae","TRUE","FALSE","FALSE","FALSE","http://www.inaturalist.org/observations/3257025"
"136","Vitis rotundifolia","Plantae","TRUE","FALSE","FALSE","FALSE","http://www.inaturalist.org/observations/3257569"
"137","Vitis rotundifolia","Plantae","TRUE","FALSE","FALSE","FALSE","http://www.inaturalist.org/observations/3253964"
"138","Vitis rotundifolia","Plantae","TRUE","FALSE","FALSE","FALSE","http://www.inaturalist.org/observations/3253332"
"139","Anolis carolinensis","Reptilia","TRUE","FALSE","FALSE","TRUE","http://www.inaturalist.org/observations/3256011"
"140","Anolis carolinensis","Reptilia","TRUE","FALSE","FALSE","TRUE","http://www.inaturalist.org/observations/3255100"
"141","Anolis carolinensis","Reptilia","TRUE","FALSE","FALSE","TRUE","http://www.inaturalist.org/observations/3254830"
"142","Anolis carolinensis","Reptilia","TRUE","FALSE","FALSE","TRUE","http://www.inaturalist.org/observations/3253139"
"143","Anolis carolinensis","Reptilia","TRUE","FALSE","FALSE","TRUE","http://www.inaturalist.org/observations/3248789"
"144","Anolis sagrei","Reptilia","FALSE","FALSE","FALSE","FALSE","http://www.inaturalist.org/observations/3274690"
"145","Aspidoscelis sexlineatus","Reptilia","FALSE","FALSE","TRUE","FALSE","http://www.inaturalist.org/observations/3255403"
"146","Aspidoscelis sexlineatus","Reptilia","FALSE","FALSE","TRUE","FALSE","http://www.inaturalist.org/observations/3256687"
"147","Aspidoscelis sexlineatus","Reptilia","FALSE","FALSE","TRUE","FALSE","http://www.inaturalist.org/observations/3256851"
"148","Aspidoscelis sexlineatus","Reptilia","FALSE","FALSE","TRUE","FALSE","http://www.inaturalist.org/observations/3251516"
"149","Aspidoscelis sexlineatus","Reptilia","FALSE","FALSE","TRUE","FALSE","http://www.inaturalist.org/observations/3252947"
"150","Aspidoscelis sexlineatus","Reptilia","FALSE","FALSE","TRUE","FALSE","http://www.inaturalist.org/observations/3252591"
"151","Aspidoscelis sexlineatus","Reptilia","FALSE","FALSE","TRUE","FALSE","http://www.inaturalist.org/observations/3252595"
"152","Aspidoscelis sexlineatus","Reptilia","FALSE","FALSE","TRUE","FALSE","http://www.inaturalist.org/observations/3246690"
"153","Coluber constrictor","Reptilia","TRUE","TRUE","FALSE","FALSE","http://www.inaturalist.org/observations/3263884"
"154","Coluber constrictor","Reptilia","TRUE","TRUE","FALSE","FALSE","http://www.inaturalist.org/observations/3255831"
"155","Coluber constrictor","Reptilia","TRUE","TRUE","FALSE","FALSE","http://www.inaturalist.org/observations/3254204"
"156","Plestiodon fasciatus","Reptilia","FALSE","FALSE","FALSE","FALSE","http://www.inaturalist.org/observations/3258631"
"157","Plestiodon fasciatus","Reptilia","FALSE","FALSE","FALSE","FALSE","http://www.inaturalist.org/observations/3274514"
"158","Plestiodon fasciatus","Reptilia","FALSE","FALSE","FALSE","FALSE","http://www.inaturalist.org/observations/3255513"
"159","Plestiodon fasciatus","Reptilia","FALSE","FALSE","FALSE","FALSE","http://www.inaturalist.org/observations/3254454"
"160","Plestiodon laticeps","Reptilia","FALSE","FALSE","FALSE","FALSE","http://www.inaturalist.org/observations/3280664"
"161","Plestiodon laticeps","Reptilia","FALSE","FALSE","FALSE","FALSE","http://www.inaturalist.org/observations/3280693"
"162","Plestiodon laticeps","Reptilia","FALSE","FALSE","FALSE","FALSE","http://www.inaturalist.org/observations/3257169"
"163","Plestiodon laticeps","Reptilia","FALSE","FALSE","FALSE","FALSE","http://www.inaturalist.org/observations/3257682"
"164","Plestiodon laticeps","Reptilia","FALSE","FALSE","FALSE","FALSE","http://www.inaturalist.org/observations/3258424"
"165","Plestiodon laticeps","Reptilia","FALSE","FALSE","FALSE","FALSE","http://www.inaturalist.org/observations/3274447"
"166","Plestiodon laticeps","Reptilia","FALSE","FALSE","FALSE","FALSE","http://www.inaturalist.org/observations/3255377"
"167","Plestiodon laticeps","Reptilia","FALSE","FALSE","FALSE","FALSE","http://www.inaturalist.org/observations/3255664"
"168","Plestiodon laticeps","Reptilia","FALSE","FALSE","FALSE","FALSE","http://www.inaturalist.org/observations/3255573"
"169","Plestiodon laticeps","Reptilia","FALSE","FALSE","FALSE","FALSE","http://www.inaturalist.org/observations/3251615"
"170","Plestiodon laticeps","Reptilia","FALSE","FALSE","FALSE","FALSE","http://www.inaturalist.org/observations/3249769"
"171","Plestiodon laticeps","Reptilia","FALSE","FALSE","FALSE","FALSE","http://www.inaturalist.org/observations/3249364"
"172","Plestiodon laticeps","Reptilia","FALSE","FALSE","FALSE","FALSE","http://www.inaturalist.org/observations/3249351"
"173","Plestiodon laticeps","Reptilia","FALSE","FALSE","FALSE","FALSE","http://www.inaturalist.org/observations/3249374"
"174","Sceloporus undulatus","Reptilia","TRUE","TRUE","FALSE","TRUE","http://www.inaturalist.org/observations/3256367"
"175","Sceloporus undulatus","Reptilia","TRUE","TRUE","FALSE","TRUE","http://www.inaturalist.org/observations/3251753"
"176","Sceloporus undulatus","Reptilia","TRUE","TRUE","FALSE","TRUE","http://www.inaturalist.org/observations/3252732"
"177","Sceloporus undulatus","Reptilia","TRUE","TRUE","FALSE","TRUE","http://www.inaturalist.org/observations/3252468"
"178","Sceloporus undulatus","Reptilia","TRUE","TRUE","FALSE","TRUE","http://www.inaturalist.org/observations/3252496"
"179","Sceloporus undulatus","Reptilia","TRUE","TRUE","FALSE","TRUE","http://www.inaturalist.org/observations/3249999"
