"","Iconic_taxa","Scientific_name","Occurences in BISON","Invasive.Record"
"1","Amphibia","Scaphiopus holbrookii","NC 540; IN 88; TN 122; OK 18; ME 1; AL 165; AR 167; SC 187; WV 29; MA 159; MO 104; NY 124; RI 27; DC 6; KY 98; KS 11; CA 1; FL 1968; DE 10; NJ 100; PA 31; MS 121; TX 324; IL 42; CT 773; LA 462; OH 141; GA 576; VA 436; MD 46","No"
"2","Plantae","Pleopeltis michauxiana","NC 234; IN 3; TN 20; OK 2; KY 11; FL 259; AL 29; AR 19; SC 156; MI 1; WV 3; MS 16; TX 33; IL 1; MO 6; LA 21; OH 1; GA 51; VA 13; MD 1","No"
"3","Reptilia","Anolis sagrei","NC 17; PR 2; TN 1; HI 982; CA 166; FL 6381; AL 8; DE 1; SC 14; MI 1; PA 1; ON CAN 1; TX 808; IL 1; CT 1; LA 107; OH 1; GA 15; VA 3","No"
"4","Reptilia","Plestiodon fasciatus","NC 116; VT 6; IN 46; OK 687; TN 202; AL 75; AR 563; SC 59; NE 4; ON CAN 104; WV 20; MA 1; MO 395; WI 6; AZ 2; DC 60; NY 28; KY 162; SD 1; MN 83; KS 881; FL 97; DE 14; NJ 40; MI 28; PA 20; MS 97; IA 16; NM 2; TX 684; IL 98; CT 11; LA 1078; OH 61; GA 172; VA 553; MD 303","No"
"5","Reptilia","Plestiodon laticeps","NC 54; IN 7; OK 133; TN 47; AL 38; AR 43; SC 79; WV 13; MO 38; DC 7; KY 8; KS 31; FL 619; DE 1; MI 6; PA 3; MS 20; TX 164; IL 19; CT 1; LA 352; OH 13; GA 255; VA 88; MD 48","No"
