"","Iconic.taxon.name","Scientific.name","Common.name"
"1","Actinopterygii","Bairdiella chrysoura","Silver Perch"
"2","Actinopterygii","Chilomycterus schoepfii","Striped Burrfish"
"3","Actinopterygii","Fundulus grandis","Gulf Killifish"
"4","Actinopterygii","Fundulus similis","Longnose Killifish"
"5","Actinopterygii","Gambusia holbrooki","Eastern Mosquitofish"
"6","Actinopterygii","Lagodon rhomboides","Pinfish"
"7","Actinopterygii","Leiostomus xanthurus","Spot Croaker"
"8","Actinopterygii","Menidia beryllina","Inland Silverside"
"9","Actinopterygii","Mugil curema","White Mullet"
"10","Actinopterygii","Orthopristis chrysoptera","Pigfish"
"11","Actinopterygii","Syngnathus floridae","Dusky Pipefish"
"12","Actinopterygii","Synodus foetens","Inshore Lizardfish"
"13","Animalia","Armadillidium vulgare","Common Pill Woodlouse"
"14","Animalia","Atlantoscia floridana","Florida Fast Woodlouse"
"15","Animalia","Callinectes sapidus","Atlantic Blue Crab"
"16","Animalia","Clibanarius vittatus","Thinstripe Hermit Crab"
"17","Animalia","Scolopendra viridis","Florida Blue Centipede"
"18","Animalia","Venezillo parvus","Little Pill-bug"
"19","Arachnida","Argiope aurantia","Yellow Garden Spider"
"20","Arachnida","Centruroides hentzi","Hentz Striped Scorpion"
"21","Arachnida","Trichonephila clavipes","Golden Silk Spider"
"22","Chromista","Ceratium longipes",""
"23","Fungi","Cladonia evansii","Deer Moss"
"24","Fungi","Ganoderma curtisii","golden reishi"
"25","Fungi","Herpothallon rubrocinctum","Christmas lichen"
"26","Fungi","Schizophyllum commune","splitgill mushroom"
"27","Insecta","Acanalonia conica","Green Cone-headed Planthopper"
"28","Insecta","Alaus oculatus","Eastern Eyed Click Beetle"
"29","Insecta","Anax junius","Common Green Darner"
"30","Insecta","Anisomorpha buprestoides","Southern Two-striped Walkingstick"
"31","Insecta","Bombus impatiens","Common Eastern Bumble Bee"
"32","Insecta","Camponotus floridanus","Florida Carpenter Ant"
"33","Insecta","Cycloneda sanguinea","Spotless Lady Beetle"
"34","Insecta","Dasymutilla occidentalis","Common Eastern Velvet Ant"
"35","Insecta","Deloyala guttata","Mottled Tortoise Beetle"
"36","Insecta","Diachlorus ferrugatus","Doctor Fly"
"37","Insecta","Dianthidium curvatum",""
"38","Insecta","Eotettix pusillus",""
"39","Insecta","Epicauta tenuis",""
"40","Insecta","Erythemis simplicicollis","Eastern Pondhawk"
"41","Insecta","Eurycotis floridana","Florida Woods Cockroach"
"42","Insecta","Glenurus gratus","Picture-winged Antlion"
"43","Insecta","Hemeroplanis habitalis","Black-dotted Hemeroplanis Moth"
"44","Insecta","Hemisphaerota cyanea","Florida tortoise beetle"
"45","Insecta","Hippodamia convergens","Convergent Lady Beetle"
"46","Insecta","Ischnura ramburii","Rambur's Forktail"
"47","Insecta","Libellula needhami","Needham's Skimmer"
"48","Insecta","Metcalfa pruinosa","Citrus Flatid Planthopper"
"49","Insecta","Orphulella pelidna","Spotted-winged Grasshopper"
"50","Insecta","Pachydiplax longipennis","Blue Dasher"
"51","Insecta","Podium luctuosum",""
"52","Insecta","Pogonomyrmex badius","Florida Harvester Ant"
"53","Insecta","Prochoerodes lineola","Large Maple Spanworm Moth"
"54","Insecta","Prosapia bicincta","Two-lined Spittlebug"
"55","Insecta","Pseudomyrmex gracilis","Graceful Twig Ant"
"56","Insecta","Psyrassa pertenuis",""
"57","Insecta","Satyrium favonius","Oak Hairstreak"
"58","Insecta","Scudderia cuneata","Southeastern Bush Katydid"
"59","Insecta","Solenopsis invicta","Red Imported Fire Ant"
"60","Insecta","Trirhabda bacharidis","Groundselbush beetle"
"61","Mollusca","Euglandina rosea","Rosy Wolfsnail"
