"","Scientific_name","Iconic_taxa","iNat_NPS_matches","iNat_NPSsynonym_matches","iNat_ITIS_synonym_matches","iNat_ITIS_nonsyn_matches","iNaturalist_URL"
"1","Lithobates catesbeianus","Amphibia","TRUE","FALSE","FALSE","TRUE","http://www.inaturalist.org/observations/3252291"
"2","Lithobates clamitans","Amphibia","TRUE","FALSE","FALSE","FALSE","http://www.inaturalist.org/observations/3236318"
"3","Lithobates clamitans","Amphibia","TRUE","FALSE","FALSE","FALSE","http://www.inaturalist.org/observations/3227618"
"4","Lithobates clamitans","Amphibia","TRUE","FALSE","FALSE","FALSE","http://www.inaturalist.org/observations/3229219"
"5","Notophthalmus viridescens","Amphibia","TRUE","FALSE","FALSE","TRUE","http://www.inaturalist.org/observations/3250816"
"6","Anas platyrhynchos","Aves","TRUE","FALSE","FALSE","TRUE","http://www.inaturalist.org/observations/3227305"
"7","Branta canadensis","Aves","FALSE","FALSE","FALSE","FALSE","http://www.inaturalist.org/observations/3229962"
"8","Branta canadensis","Aves","FALSE","FALSE","FALSE","FALSE","http://www.inaturalist.org/observations/3231529"
"9","Dryobates pubescens","Aves","FALSE","FALSE","FALSE","FALSE","http://www.inaturalist.org/observations/3232038"
"10","Larus delawarensis","Aves","TRUE","FALSE","FALSE","FALSE","http://www.inaturalist.org/observations/3225348"
"11","Melanerpes carolinus","Aves","TRUE","FALSE","FALSE","TRUE","http://www.inaturalist.org/observations/3260356"
"12","Sayornis phoebe","Aves","TRUE","FALSE","FALSE","FALSE","http://www.inaturalist.org/observations/3259614"
"13","Spinus tristis","Aves","FALSE","FALSE","FALSE","TRUE","http://www.inaturalist.org/observations/3231588"
"14","Strix varia","Aves","TRUE","FALSE","FALSE","TRUE","http://www.inaturalist.org/observations/3235993"
"15","Turdus migratorius","Aves","TRUE","FALSE","FALSE","FALSE","http://www.inaturalist.org/observations/3226154"
"16","Odocoileus virginianus","Mammalia","TRUE","FALSE","FALSE","TRUE","http://www.inaturalist.org/observations/3259612"
"17","Odocoileus virginianus","Mammalia","TRUE","FALSE","FALSE","TRUE","http://www.inaturalist.org/observations/3229204"
"18","Peromyscus leucopus","Mammalia","TRUE","FALSE","FALSE","TRUE","http://www.inaturalist.org/observations/3226332"
"19","Sciurus carolinensis","Mammalia","TRUE","FALSE","FALSE","FALSE","http://www.inaturalist.org/observations/3231566"
"20","Acer negundo","Plantae","TRUE","FALSE","FALSE","FALSE","http://www.inaturalist.org/observations/3229702"
"21","Achillea millefolium","Plantae","TRUE","FALSE","FALSE","TRUE","http://www.inaturalist.org/observations/3253945"
"22","Achillea millefolium","Plantae","TRUE","FALSE","FALSE","TRUE","http://www.inaturalist.org/observations/3252819"
"23","Achillea millefolium","Plantae","TRUE","FALSE","FALSE","TRUE","http://www.inaturalist.org/observations/3231515"
"24","Achillea millefolium","Plantae","TRUE","FALSE","FALSE","TRUE","http://www.inaturalist.org/observations/3229719"
"25","Ammophila breviligulata","Plantae","FALSE","FALSE","FALSE","FALSE","http://www.inaturalist.org/observations/3230846"
"26","Aphyllon uniflorum","Plantae","FALSE","FALSE","FALSE","FALSE","http://www.inaturalist.org/observations/3253214"
"27","Aphyllon uniflorum","Plantae","FALSE","FALSE","FALSE","FALSE","http://www.inaturalist.org/observations/3225382"
"28","Aquilegia canadensis","Plantae","FALSE","FALSE","FALSE","FALSE","http://www.inaturalist.org/observations/3252759"
"29","Aquilegia canadensis","Plantae","FALSE","FALSE","FALSE","FALSE","http://www.inaturalist.org/observations/3267382"
"30","Aquilegia canadensis","Plantae","FALSE","FALSE","FALSE","FALSE","http://www.inaturalist.org/observations/3267374"
"31","Aquilegia canadensis","Plantae","FALSE","FALSE","FALSE","FALSE","http://www.inaturalist.org/observations/3249202"
"32","Aquilegia canadensis","Plantae","FALSE","FALSE","FALSE","FALSE","http://www.inaturalist.org/observations/3251926"
"33","Aquilegia canadensis","Plantae","FALSE","FALSE","FALSE","FALSE","http://www.inaturalist.org/observations/3243623"
"34","Aquilegia canadensis","Plantae","FALSE","FALSE","FALSE","FALSE","http://www.inaturalist.org/observations/3243740"
"35","Aquilegia canadensis","Plantae","FALSE","FALSE","FALSE","FALSE","http://www.inaturalist.org/observations/3244935"
"36","Aquilegia canadensis","Plantae","FALSE","FALSE","FALSE","FALSE","http://www.inaturalist.org/observations/3228512"
"37","Aquilegia canadensis","Plantae","FALSE","FALSE","FALSE","FALSE","http://www.inaturalist.org/observations/3229699"
"38","Aquilegia canadensis","Plantae","FALSE","FALSE","FALSE","FALSE","http://www.inaturalist.org/observations/3226439"
"39","Aquilegia canadensis","Plantae","FALSE","FALSE","FALSE","FALSE","http://www.inaturalist.org/observations/3223051"
"40","Aquilegia canadensis","Plantae","FALSE","FALSE","FALSE","FALSE","http://www.inaturalist.org/observations/3223732"
"41","Arabidopsis lyrata","Plantae","FALSE","FALSE","FALSE","FALSE","http://www.inaturalist.org/observations/3245196"
"42","Arabidopsis lyrata","Plantae","FALSE","FALSE","FALSE","FALSE","http://www.inaturalist.org/observations/3226428"
"43","Aralia nudicaulis","Plantae","FALSE","FALSE","FALSE","FALSE","http://www.inaturalist.org/observations/3261552"
"44","Aralia nudicaulis","Plantae","FALSE","FALSE","FALSE","FALSE","http://www.inaturalist.org/observations/3248441"
"45","Aralia nudicaulis","Plantae","FALSE","FALSE","FALSE","FALSE","http://www.inaturalist.org/observations/3231361"
"46","Aralia nudicaulis","Plantae","FALSE","FALSE","FALSE","FALSE","http://www.inaturalist.org/observations/3229755"
"47","Aralia nudicaulis","Plantae","FALSE","FALSE","FALSE","FALSE","http://www.inaturalist.org/observations/3226188"
"48","Aralia nudicaulis","Plantae","FALSE","FALSE","FALSE","FALSE","http://www.inaturalist.org/observations/3223306"
"49","Artemisia campestris","Plantae","FALSE","FALSE","FALSE","FALSE","http://www.inaturalist.org/observations/3255009"
"50","Artemisia campestris","Plantae","FALSE","FALSE","FALSE","FALSE","http://www.inaturalist.org/observations/3236295"
"51","Artemisia campestris","Plantae","FALSE","FALSE","FALSE","FALSE","http://www.inaturalist.org/observations/3225497"
"52","Artemisia campestris","Plantae","FALSE","FALSE","FALSE","FALSE","http://www.inaturalist.org/observations/3224091"
"53","Artemisia campestris","Plantae","FALSE","FALSE","FALSE","FALSE","http://www.inaturalist.org/observations/3224458"
"54","Artemisia pycnocephala","Plantae","FALSE","FALSE","FALSE","FALSE","http://www.inaturalist.org/observations/3225888"
"55","Asclepias syriaca","Plantae","FALSE","FALSE","FALSE","FALSE","http://www.inaturalist.org/observations/3229789"
"56","Asclepias syriaca","Plantae","FALSE","FALSE","FALSE","FALSE","http://www.inaturalist.org/observations/3231517"
"57","Asclepias syriaca","Plantae","FALSE","FALSE","FALSE","FALSE","http://www.inaturalist.org/observations/3225074"
"58","Asclepias syriaca","Plantae","FALSE","FALSE","FALSE","FALSE","http://www.inaturalist.org/observations/3225948"
"59","Asclepias syriaca","Plantae","FALSE","FALSE","FALSE","FALSE","http://www.inaturalist.org/observations/3226251"
"60","Asparagus officinalis","Plantae","FALSE","FALSE","FALSE","FALSE","http://www.inaturalist.org/observations/3244416"
"61","Barbarea vulgaris","Plantae","FALSE","FALSE","FALSE","FALSE","http://www.inaturalist.org/observations/3248413"
"62","Betula papyrifera","Plantae","FALSE","FALSE","FALSE","FALSE","http://www.inaturalist.org/observations/3249413"
"63","Betula papyrifera","Plantae","FALSE","FALSE","FALSE","FALSE","http://www.inaturalist.org/observations/3225205"
"64","Boechera laevigata","Plantae","FALSE","FALSE","FALSE","FALSE","http://www.inaturalist.org/observations/3248735"
"65","Boechera laevigata","Plantae","FALSE","FALSE","FALSE","FALSE","http://www.inaturalist.org/observations/3229701"
"66","Carex buxbaumii","Plantae","FALSE","FALSE","FALSE","FALSE","http://www.inaturalist.org/observations/3244688"
"67","Carex buxbaumii","Plantae","FALSE","FALSE","FALSE","FALSE","http://www.inaturalist.org/observations/3231750"
"68","Carex garberi","Plantae","FALSE","FALSE","FALSE","FALSE","http://www.inaturalist.org/observations/3236319"
"69","Carex stricta","Plantae","FALSE","FALSE","FALSE","FALSE","http://www.inaturalist.org/observations/3252758"
"70","Castilleja coccinea","Plantae","FALSE","FALSE","FALSE","FALSE","http://www.inaturalist.org/observations/3244399"
"71","Castilleja coccinea","Plantae","FALSE","FALSE","FALSE","FALSE","http://www.inaturalist.org/observations/3233943"
"72","Ceanothus americanus","Plantae","FALSE","FALSE","FALSE","FALSE","http://www.inaturalist.org/observations/3231799"
"73","Celastrus orbiculatus","Plantae","FALSE","FALSE","FALSE","FALSE","http://www.inaturalist.org/observations/3230536"
"74","Ceratophyllum demersum","Plantae","TRUE","FALSE","FALSE","TRUE","http://www.inaturalist.org/observations/3229796"
"75","Comandra umbellata","Plantae","FALSE","FALSE","FALSE","FALSE","http://www.inaturalist.org/observations/3253711"
"76","Comandra umbellata","Plantae","FALSE","FALSE","FALSE","FALSE","http://www.inaturalist.org/observations/3267380"
"77","Comandra umbellata","Plantae","FALSE","FALSE","FALSE","FALSE","http://www.inaturalist.org/observations/3267387"
"78","Comandra umbellata","Plantae","FALSE","FALSE","FALSE","FALSE","http://www.inaturalist.org/observations/3229762"
"79","Convallaria majalis","Plantae","FALSE","FALSE","FALSE","FALSE","http://www.inaturalist.org/observations/3252659"
"80","Convallaria majalis","Plantae","FALSE","FALSE","FALSE","FALSE","http://www.inaturalist.org/observations/3253985"
"81","Convallaria majalis","Plantae","FALSE","FALSE","FALSE","FALSE","http://www.inaturalist.org/observations/3244989"
"82","Convallaria majalis","Plantae","FALSE","FALSE","FALSE","FALSE","http://www.inaturalist.org/observations/3226432"
"83","Convallaria majalis","Plantae","FALSE","FALSE","FALSE","FALSE","http://www.inaturalist.org/observations/3223542"
"84","Coreopsis lanceolata","Plantae","FALSE","FALSE","FALSE","FALSE","http://www.inaturalist.org/observations/3231518"
"85","Coreopsis lanceolata","Plantae","FALSE","FALSE","FALSE","FALSE","http://www.inaturalist.org/observations/3229727"
"86","Coreopsis tripteris","Plantae","FALSE","FALSE","FALSE","FALSE","http://www.inaturalist.org/observations/3231826"
"87","Cornus sericea","Plantae","FALSE","FALSE","FALSE","FALSE","http://www.inaturalist.org/observations/3227072"
"88","Cornus sericea","Plantae","FALSE","FALSE","FALSE","FALSE","http://www.inaturalist.org/observations/3225536"
"89","Crocanthemum canadense","Plantae","FALSE","FALSE","FALSE","FALSE","http://www.inaturalist.org/observations/3225669"
"90","Dulichium arundinaceum","Plantae","FALSE","FALSE","FALSE","FALSE","http://www.inaturalist.org/observations/3252471"
"91","Elaeagnus angustifolia","Plantae","FALSE","FALSE","FALSE","FALSE","http://www.inaturalist.org/observations/3225661"
"92","Eupatorium perfoliatum","Plantae","TRUE","FALSE","FALSE","TRUE","http://www.inaturalist.org/observations/3267395"
"93","Helianthus divaricatus","Plantae","FALSE","FALSE","FALSE","FALSE","http://www.inaturalist.org/observations/3231364"
"94","Helianthus divaricatus","Plantae","FALSE","FALSE","FALSE","FALSE","http://www.inaturalist.org/observations/3223884"
"95","Helianthus divaricatus","Plantae","FALSE","FALSE","FALSE","FALSE","http://www.inaturalist.org/observations/3224981"
"96","Helianthus occidentalis","Plantae","FALSE","FALSE","FALSE","FALSE","http://www.inaturalist.org/observations/3233926"
"97","Hydrophyllum virginianum","Plantae","FALSE","FALSE","FALSE","FALSE","http://www.inaturalist.org/observations/3220185"
"98","Ionactis linariifolia","Plantae","FALSE","FALSE","FALSE","FALSE","http://www.inaturalist.org/observations/3253166"
"99","Ionactis linariifolia","Plantae","FALSE","FALSE","FALSE","FALSE","http://www.inaturalist.org/observations/3245160"
"100","Iris pseudacorus","Plantae","TRUE","FALSE","FALSE","FALSE","http://www.inaturalist.org/observations/3236314"
"101","Iris pseudacorus","Plantae","TRUE","FALSE","FALSE","FALSE","http://www.inaturalist.org/observations/3230341"
"102","Juncus balticus","Plantae","FALSE","FALSE","FALSE","FALSE","http://www.inaturalist.org/observations/3262895"
"103","Juniperus virginiana","Plantae","TRUE","FALSE","FALSE","FALSE","http://www.inaturalist.org/observations/3227093"
"104","Krigia biflora","Plantae","FALSE","FALSE","FALSE","FALSE","http://www.inaturalist.org/observations/3267396"
"105","Krigia virginica","Plantae","FALSE","FALSE","FALSE","FALSE","http://www.inaturalist.org/observations/3244820"
"106","Krigia virginica","Plantae","FALSE","FALSE","FALSE","FALSE","http://www.inaturalist.org/observations/3226548"
"107","Lithospermum caroliniense","Plantae","FALSE","FALSE","FALSE","FALSE","http://www.inaturalist.org/observations/3225160"
"108","Lithospermum caroliniense","Plantae","FALSE","FALSE","FALSE","FALSE","http://www.inaturalist.org/observations/3226010"
"109","Lonicera dioica","Plantae","FALSE","FALSE","FALSE","FALSE","http://www.inaturalist.org/observations/3232396"
"110","Lonicera dioica","Plantae","FALSE","FALSE","FALSE","FALSE","http://www.inaturalist.org/observations/3226241"
"111","Lupinus perennis","Plantae","FALSE","FALSE","FALSE","FALSE","http://www.inaturalist.org/observations/3259312"
"112","Lupinus perennis","Plantae","FALSE","FALSE","FALSE","FALSE","http://www.inaturalist.org/observations/3231367"
"113","Lupinus perennis","Plantae","FALSE","FALSE","FALSE","FALSE","http://www.inaturalist.org/observations/3226135"
"114","Lupinus perennis","Plantae","FALSE","FALSE","FALSE","FALSE","http://www.inaturalist.org/observations/3224183"
"115","Lupinus perennis","Plantae","FALSE","FALSE","FALSE","FALSE","http://www.inaturalist.org/observations/3224561"
"116","Lupinus perennis","Plantae","FALSE","FALSE","FALSE","FALSE","http://www.inaturalist.org/observations/3224600"
"117","Maianthemum canadense","Plantae","FALSE","FALSE","FALSE","FALSE","http://www.inaturalist.org/observations/3267399"
"118","Maianthemum canadense","Plantae","FALSE","FALSE","FALSE","FALSE","http://www.inaturalist.org/observations/3229766"
"119","Maianthemum canadense","Plantae","FALSE","FALSE","FALSE","FALSE","http://www.inaturalist.org/observations/3231437"
"120","Maianthemum canadense","Plantae","FALSE","FALSE","FALSE","FALSE","http://www.inaturalist.org/observations/3225075"
"121","Maianthemum racemosum","Plantae","FALSE","FALSE","FALSE","FALSE","http://www.inaturalist.org/observations/3252900"
"122","Maianthemum racemosum","Plantae","FALSE","FALSE","FALSE","FALSE","http://www.inaturalist.org/observations/3253072"
"123","Maianthemum stellatum","Plantae","FALSE","FALSE","FALSE","FALSE","http://www.inaturalist.org/observations/3253958"
"124","Maianthemum stellatum","Plantae","FALSE","FALSE","FALSE","FALSE","http://www.inaturalist.org/observations/3267371"
"125","Maianthemum stellatum","Plantae","FALSE","FALSE","FALSE","FALSE","http://www.inaturalist.org/observations/3251992"
"126","Maianthemum stellatum","Plantae","FALSE","FALSE","FALSE","FALSE","http://www.inaturalist.org/observations/3244524"
"127","Maianthemum stellatum","Plantae","FALSE","FALSE","FALSE","FALSE","http://www.inaturalist.org/observations/3244601"
"128","Maianthemum stellatum","Plantae","FALSE","FALSE","FALSE","FALSE","http://www.inaturalist.org/observations/3231502"
"129","Maianthemum stellatum","Plantae","FALSE","FALSE","FALSE","FALSE","http://www.inaturalist.org/observations/3231328"
"130","Maianthemum stellatum","Plantae","FALSE","FALSE","FALSE","FALSE","http://www.inaturalist.org/observations/3227119"
"131","Maianthemum stellatum","Plantae","FALSE","FALSE","FALSE","FALSE","http://www.inaturalist.org/observations/3229697"
"132","Maianthemum stellatum","Plantae","FALSE","FALSE","FALSE","FALSE","http://www.inaturalist.org/observations/3222976"
"133","Maianthemum stellatum","Plantae","FALSE","FALSE","FALSE","FALSE","http://www.inaturalist.org/observations/3223925"
"134","Medicago lupulina","Plantae","TRUE","FALSE","FALSE","TRUE","http://www.inaturalist.org/observations/3229764"
"135","Monarda fistulosa","Plantae","FALSE","FALSE","FALSE","FALSE","http://www.inaturalist.org/observations/3225247"
"136","Morus alba","Plantae","TRUE","FALSE","FALSE","TRUE","http://www.inaturalist.org/observations/3251887"
"137","Ophioglossum pusillum","Plantae","FALSE","FALSE","FALSE","FALSE","http://www.inaturalist.org/observations/3232704"
"138","Opuntia humifusa","Plantae","FALSE","FALSE","FALSE","FALSE","http://www.inaturalist.org/observations/3267390"
"139","Opuntia humifusa","Plantae","FALSE","FALSE","FALSE","FALSE","http://www.inaturalist.org/observations/3236297"
"140","Opuntia humifusa","Plantae","FALSE","FALSE","FALSE","FALSE","http://www.inaturalist.org/observations/3226688"
"141","Opuntia humifusa","Plantae","FALSE","FALSE","FALSE","FALSE","http://www.inaturalist.org/observations/3229726"
"142","Opuntia humifusa","Plantae","FALSE","FALSE","FALSE","FALSE","http://www.inaturalist.org/observations/3225355"
"143","Opuntia humifusa","Plantae","FALSE","FALSE","FALSE","FALSE","http://www.inaturalist.org/observations/3226498"
"144","Osmunda regalis","Plantae","TRUE","FALSE","FALSE","FALSE","http://www.inaturalist.org/observations/3252424"
"145","Osmunda regalis","Plantae","TRUE","FALSE","FALSE","FALSE","http://www.inaturalist.org/observations/3229761"
"146","Panicum virgatum","Plantae","TRUE","FALSE","FALSE","TRUE","http://www.inaturalist.org/observations/3222469"
"147","Parthenocissus quinquefolia","Plantae","TRUE","FALSE","FALSE","TRUE","http://www.inaturalist.org/observations/3224660"
"148","Pedicularis canadensis","Plantae","FALSE","FALSE","FALSE","FALSE","http://www.inaturalist.org/observations/3254107"
"149","Pedicularis canadensis","Plantae","FALSE","FALSE","FALSE","FALSE","http://www.inaturalist.org/observations/3249974"
"150","Pedicularis canadensis","Plantae","FALSE","FALSE","FALSE","FALSE","http://www.inaturalist.org/observations/3236307"
"151","Pedicularis canadensis","Plantae","FALSE","FALSE","FALSE","FALSE","http://www.inaturalist.org/observations/3229770"
"152","Pedicularis canadensis","Plantae","FALSE","FALSE","FALSE","FALSE","http://www.inaturalist.org/observations/3228462"
"153","Pedicularis canadensis","Plantae","FALSE","FALSE","FALSE","FALSE","http://www.inaturalist.org/observations/3228811"
"154","Pedicularis canadensis","Plantae","FALSE","FALSE","FALSE","FALSE","http://www.inaturalist.org/observations/3227614"
"155","Pedicularis canadensis","Plantae","FALSE","FALSE","FALSE","FALSE","http://www.inaturalist.org/observations/3225565"
"156","Persicaria amphibia","Plantae","FALSE","FALSE","FALSE","FALSE","http://www.inaturalist.org/observations/3262828"
"157","Phlox pilosa","Plantae","FALSE","FALSE","FALSE","FALSE","http://www.inaturalist.org/observations/3253007"
"158","Phlox pilosa","Plantae","FALSE","FALSE","FALSE","FALSE","http://www.inaturalist.org/observations/3246968"
"159","Phlox pilosa","Plantae","FALSE","FALSE","FALSE","FALSE","http://www.inaturalist.org/observations/3231524"
"160","Phlox pilosa","Plantae","FALSE","FALSE","FALSE","FALSE","http://www.inaturalist.org/observations/3227010"
"161","Phlox pilosa","Plantae","FALSE","FALSE","FALSE","FALSE","http://www.inaturalist.org/observations/3227200"
"162","Phragmites australis","Plantae","TRUE","FALSE","FALSE","TRUE","http://www.inaturalist.org/observations/3236315"
"163","Phragmites australis","Plantae","TRUE","FALSE","FALSE","TRUE","http://www.inaturalist.org/observations/3230360"
"164","Phragmites australis","Plantae","TRUE","FALSE","FALSE","TRUE","http://www.inaturalist.org/observations/3227227"
"165","Plantago major","Plantae","TRUE","FALSE","FALSE","TRUE","http://www.inaturalist.org/observations/3253978"
"166","Plantago major","Plantae","TRUE","FALSE","FALSE","TRUE","http://www.inaturalist.org/observations/3223639"
"167","Plantago rugelii","Plantae","FALSE","FALSE","FALSE","FALSE","http://www.inaturalist.org/observations/3244387"
"168","Populus deltoides","Plantae","TRUE","FALSE","FALSE","FALSE","http://www.inaturalist.org/observations/3226197"
"169","Populus deltoides","Plantae","TRUE","FALSE","FALSE","FALSE","http://www.inaturalist.org/observations/3226180"
"170","Populus deltoides","Plantae","TRUE","FALSE","FALSE","FALSE","http://www.inaturalist.org/observations/3224494"
"171","Populus deltoides","Plantae","TRUE","FALSE","FALSE","FALSE","http://www.inaturalist.org/observations/3224400"
"172","Potentilla simplex","Plantae","FALSE","FALSE","FALSE","FALSE","http://www.inaturalist.org/observations/3253979"
"173","Potentilla simplex","Plantae","FALSE","FALSE","FALSE","FALSE","http://www.inaturalist.org/observations/3244284"
"174","Potentilla simplex","Plantae","FALSE","FALSE","FALSE","FALSE","http://www.inaturalist.org/observations/3229759"
"175","Potentilla simplex","Plantae","FALSE","FALSE","FALSE","FALSE","http://www.inaturalist.org/observations/3225428"
"176","Prunus pumila","Plantae","FALSE","FALSE","FALSE","FALSE","http://www.inaturalist.org/observations/3236291"
"177","Prunus pumila","Plantae","FALSE","FALSE","FALSE","FALSE","http://www.inaturalist.org/observations/3224602"
"178","Prunus serotina","Plantae","TRUE","FALSE","FALSE","FALSE","http://www.inaturalist.org/observations/3225490"
"179","Prunus virginiana","Plantae","FALSE","FALSE","FALSE","FALSE","http://www.inaturalist.org/observations/3236310"
"180","Prunus virginiana","Plantae","FALSE","FALSE","FALSE","FALSE","http://www.inaturalist.org/observations/3227184"
"181","Ptelea trifoliata","Plantae","FALSE","FALSE","FALSE","FALSE","http://www.inaturalist.org/observations/3236316"
"182","Pteridium aquilinum","Plantae","FALSE","FALSE","FALSE","FALSE","http://www.inaturalist.org/observations/3244460"
"183","Pteridium aquilinum","Plantae","FALSE","FALSE","FALSE","FALSE","http://www.inaturalist.org/observations/3229118"
"184","Pteridium aquilinum","Plantae","FALSE","FALSE","FALSE","FALSE","http://www.inaturalist.org/observations/3229714"
"185","Pteridium aquilinum","Plantae","FALSE","FALSE","FALSE","FALSE","http://www.inaturalist.org/observations/3223629"
"186","Pteridium aquilinum","Plantae","FALSE","FALSE","FALSE","FALSE","http://www.inaturalist.org/observations/3224892"
"187","Pteridium aquilinum","Plantae","FALSE","FALSE","FALSE","FALSE","http://www.inaturalist.org/observations/3223675"
"188","Quercus alba","Plantae","FALSE","FALSE","FALSE","FALSE","http://www.inaturalist.org/observations/3227267"
"189","Quercus velutina","Plantae","FALSE","FALSE","FALSE","FALSE","http://www.inaturalist.org/observations/3267384"
"190","Ranunculus flabellaris","Plantae","FALSE","FALSE","FALSE","FALSE","http://www.inaturalist.org/observations/3226066"
"191","Rhus aromatica","Plantae","FALSE","FALSE","FALSE","FALSE","http://www.inaturalist.org/observations/3236301"
"192","Rhus aromatica","Plantae","FALSE","FALSE","FALSE","FALSE","http://www.inaturalist.org/observations/3229787"
"193","Rhus aromatica","Plantae","FALSE","FALSE","FALSE","FALSE","http://www.inaturalist.org/observations/3227158"
"194","Rhus aromatica","Plantae","FALSE","FALSE","FALSE","FALSE","http://www.inaturalist.org/observations/3225986"
"195","Rhus typhina","Plantae","FALSE","FALSE","FALSE","FALSE","http://www.inaturalist.org/observations/3244821"
"196","Rhus typhina","Plantae","FALSE","FALSE","FALSE","FALSE","http://www.inaturalist.org/observations/3226290"
"197","Rhus typhina","Plantae","FALSE","FALSE","FALSE","FALSE","http://www.inaturalist.org/observations/3222977"
"198","Robinia pseudoacacia","Plantae","FALSE","FALSE","FALSE","FALSE","http://www.inaturalist.org/observations/3267389"
"199","Robinia pseudoacacia","Plantae","FALSE","FALSE","FALSE","FALSE","http://www.inaturalist.org/observations/3244482"
"200","Rosa multiflora","Plantae","FALSE","FALSE","FALSE","FALSE","http://www.inaturalist.org/observations/3251904"
"201","Rosa palustris","Plantae","FALSE","FALSE","FALSE","FALSE","http://www.inaturalist.org/observations/3236317"
"202","Rumex acetosella","Plantae","FALSE","FALSE","FALSE","FALSE","http://www.inaturalist.org/observations/3261792"
"203","Sanguinaria canadensis","Plantae","FALSE","FALSE","FALSE","FALSE","http://www.inaturalist.org/observations/3229208"
"204","Sassafras albidum","Plantae","FALSE","FALSE","FALSE","FALSE","http://www.inaturalist.org/observations/3267376"
"205","Sassafras albidum","Plantae","FALSE","FALSE","FALSE","FALSE","http://www.inaturalist.org/observations/3251828"
"206","Sassafras albidum","Plantae","FALSE","FALSE","FALSE","FALSE","http://www.inaturalist.org/observations/3245319"
"207","Sassafras albidum","Plantae","FALSE","FALSE","FALSE","FALSE","http://www.inaturalist.org/observations/3229768"
"208","Sassafras albidum","Plantae","FALSE","FALSE","FALSE","FALSE","http://www.inaturalist.org/observations/3224004"
"209","Schizachyrium scoparium","Plantae","FALSE","FALSE","FALSE","FALSE","http://www.inaturalist.org/observations/3229272"
"210","Schizachyrium scoparium","Plantae","FALSE","FALSE","FALSE","FALSE","http://www.inaturalist.org/observations/3226257"
"211","Silene latifolia","Plantae","FALSE","FALSE","FALSE","FALSE","http://www.inaturalist.org/observations/3267379"
"212","Silene latifolia","Plantae","FALSE","FALSE","FALSE","FALSE","http://www.inaturalist.org/observations/3267386"
"213","Smilax tamnoides","Plantae","TRUE","FALSE","FALSE","TRUE","http://www.inaturalist.org/observations/3225432"
"214","Solidago speciosa","Plantae","FALSE","FALSE","FALSE","FALSE","http://www.inaturalist.org/observations/3252980"
"215","Solidago speciosa","Plantae","FALSE","FALSE","FALSE","FALSE","http://www.inaturalist.org/observations/3224992"
"216","Taraxacum officinale","Plantae","TRUE","FALSE","FALSE","TRUE","http://www.inaturalist.org/observations/3248460"
"217","Taraxacum officinale","Plantae","TRUE","FALSE","FALSE","TRUE","http://www.inaturalist.org/observations/3236300"
"218","Toxicodendron radicans","Plantae","TRUE","FALSE","FALSE","FALSE","http://www.inaturalist.org/observations/3248286"
"219","Toxicodendron radicans","Plantae","TRUE","FALSE","FALSE","FALSE","http://www.inaturalist.org/observations/3248409"
"220","Toxicodendron radicans","Plantae","TRUE","FALSE","FALSE","FALSE","http://www.inaturalist.org/observations/3248779"
"221","Toxicodendron radicans","Plantae","TRUE","FALSE","FALSE","FALSE","http://www.inaturalist.org/observations/3236302"
"222","Toxicodendron radicans","Plantae","TRUE","FALSE","FALSE","FALSE","http://www.inaturalist.org/observations/3226621"
"223","Toxicodendron radicans","Plantae","TRUE","FALSE","FALSE","FALSE","http://www.inaturalist.org/observations/3226683"
"224","Toxicodendron radicans","Plantae","TRUE","FALSE","FALSE","FALSE","http://www.inaturalist.org/observations/3229705"
"225","Toxicodendron radicans","Plantae","TRUE","FALSE","FALSE","FALSE","http://www.inaturalist.org/observations/3225112"
"226","Toxicodendron radicans","Plantae","TRUE","FALSE","FALSE","FALSE","http://www.inaturalist.org/observations/3222400"
"227","Toxicodendron radicans","Plantae","TRUE","FALSE","FALSE","FALSE","http://www.inaturalist.org/observations/3224950"
"228","Tradescantia ohiensis","Plantae","TRUE","FALSE","FALSE","TRUE","http://www.inaturalist.org/observations/3231519"
"229","Tradescantia ohiensis","Plantae","TRUE","FALSE","FALSE","TRUE","http://www.inaturalist.org/observations/3225543"
"230","Tragopogon dubius","Plantae","FALSE","FALSE","FALSE","FALSE","http://www.inaturalist.org/observations/3226569"
"231","Typha ×","Plantae","FALSE","FALSE","FALSE","FALSE","http://www.inaturalist.org/observations/3229743"
"232","Verbascum thapsus","Plantae","TRUE","FALSE","FALSE","FALSE","http://www.inaturalist.org/observations/3236296"
"233","Viola pedata","Plantae","FALSE","FALSE","FALSE","FALSE","http://www.inaturalist.org/observations/3267400"
"234","Viola pedata","Plantae","FALSE","FALSE","FALSE","FALSE","http://www.inaturalist.org/observations/3253948"
"235","Viola pedata","Plantae","FALSE","FALSE","FALSE","FALSE","http://www.inaturalist.org/observations/3259613"
"236","Viola pedata","Plantae","FALSE","FALSE","FALSE","FALSE","http://www.inaturalist.org/observations/3246787"
"237","Viola pedata","Plantae","FALSE","FALSE","FALSE","FALSE","http://www.inaturalist.org/observations/3231528"
"238","Viola pedata","Plantae","FALSE","FALSE","FALSE","FALSE","http://www.inaturalist.org/observations/3231326"
"239","Viola pedata","Plantae","FALSE","FALSE","FALSE","FALSE","http://www.inaturalist.org/observations/3228765"
"240","Viola pedata","Plantae","FALSE","FALSE","FALSE","FALSE","http://www.inaturalist.org/observations/3229752"
"241","Viola pedata","Plantae","FALSE","FALSE","FALSE","FALSE","http://www.inaturalist.org/observations/3227475"
"242","Viola pedata","Plantae","FALSE","FALSE","FALSE","FALSE","http://www.inaturalist.org/observations/3225266"
"243","Viola pedata","Plantae","FALSE","FALSE","FALSE","FALSE","http://www.inaturalist.org/observations/3226095"
"244","Viola sagittata","Plantae","FALSE","FALSE","FALSE","FALSE","http://www.inaturalist.org/observations/3253317"
"245","Viola sagittata","Plantae","FALSE","FALSE","FALSE","FALSE","http://www.inaturalist.org/observations/3244564"
"246","Zizia aurea","Plantae","FALSE","FALSE","FALSE","FALSE","http://www.inaturalist.org/observations/3229777"
"247","Zizia aurea","Plantae","FALSE","FALSE","FALSE","FALSE","http://www.inaturalist.org/observations/3231362"
"248","Aspidoscelis sexlineatus","Reptilia","FALSE","FALSE","FALSE","FALSE","http://www.inaturalist.org/observations/3248636"
"249","Thamnophis sirtalis","Reptilia","TRUE","FALSE","FALSE","TRUE","http://www.inaturalist.org/observations/3232755"
