"","Iconic_taxa","Scientific_name","Occurences in BISON","Invasive.Record"
"1","Aves","Branta canadensis","NC 103101; IN 133066; WY 49491; BC CAN 131707; SK CAN 13689; PE CAN 1241; UT 127219; YT CAN 3088; AB CAN 59310; AZ 22706; MT 65528; KY 65081; CA 316778; KS 63975; DE 51494; FL 20492; PA 302406; IA 83157; MS 11007; IL 402683; TX 27321; NS CAN 9555; CT 106418; GA 75861; MD 279887; VA 184698; ID 64578; OR 135943; VT 62365; TN 133852; OK 50303; ME 40641; AL 25857; AR 39038; WA 156714; SC 37100; NE 58809; ON CAN 282746; WV 37855; MB CAN 27040; MA 210810; CO 174344; MO 224966; QC CAN 122675; AK 101628; ND 29630; WI 331901; NV 24977; NY 506635; RI 22679; DC 12998; SD 41420; HI 215; MN 144210; NL CAN 1917; NJ 272520; MI 273320; NB CAN 6424; NU CAN 3336; NM 33993; NH 35578; LA 7670; OH 414972; NT CAN 1514","No"
"2","Aves","Dryobates pubescens","OR 2; IN 2; OK 1; TN 1; BC CAN 9; PE CAN 1; WA 18; UT 1; NE 3; ON CAN 8; WV 3; QC CAN 22; MO 1; WI 2; NY 9; DC 2; MT 2; MN 3; CA 9; KS 2; FL 22; NJ 3; PA 127; IL 6; TX 4; NS CAN 3; OH 2; VA 2; MD 1; ID 12","No"
"3","Plantae","Ammophila breviligulata","NC 56; VT 12; OR 2; IN 35; ME 54; PE CAN 14; WA 7; NE 1; ON CAN 28; MA 113; QC CAN 70; WI 53; NY 101; RI 19; MN 6; CA 9; NL CAN 6; DE 13; FL 1; NJ 52; MI 80; PA 13; NB CAN 13; IL 44; NS CAN 44; CT 55; NH 35; OH 31; GA 1; VA 97; MD 34","No"
"4","Plantae","Aphyllon uniflorum","NC 4; CO 23; AK 5; CA 1; FL 4; SC 2","No"
"5","Plantae","Aquilegia canadensis","VT 203; NC 156; OR 2; IN 161; ME 81; TN 78; OK 21; BC CAN 6; SK CAN 1; AL 22; AR 39; SC 13; NE 51; ON CAN 341; WV 118; MB CAN 36; MA 170; CO 7; MO 272; QC CAN 67; ND 42; WI 382; AZ 1; NV 1; NY 275; RI 33; DC 13; KY 81; SD 37; MN 307; KS 152; CA 2; FL 21; DE 11; NJ 71; MI 290; PA 145; IA 47; MS 12; NM 2; IL 287; TX 45; CT 176; NH 60; OH 140; GA 27; VA 264; MD 47","No"
"6","Plantae","Arabidopsis lyrata","VT 17; NC 3; IN 32; TN 2; BC CAN 1; ON CAN 31; WV 1; MA 16; MO 1; AK 30; AB CAN 2; WI 87; NY 20; DC 5; MT 1; MN 4; DE 3; NJ 5; MI 87; PA 12; MS 2; IA 1; IL 56; CT 85; OH 41; GA 1; MD 46; VA 23","No"
"7","Plantae","Aralia nudicaulis","VT 290; NC 183; IN 60; WY 9; ME 197; TN 27; BC CAN 75; SK CAN 11; PE CAN 13; WA 41; SC 5; YT CAN 5; NE 51; ON CAN 417; WV 136; MB CAN 110; MA 321; CO 81; QC CAN 194; MO 16; AB CAN 66; ND 46; WI 275; NY 246; RI 21; DC 15; MT 169; KY 18; SD 73; MN 965; NL CAN 9; DE 4; NJ 64; MI 369; PA 125; NB CAN 53; IA 26; NS CAN 340; IL 66; CT 152; NH 121; OH 69; GA 26; NT CAN 8; VA 296; MD 27; ID 17","No"
"8","Plantae","Artemisia campestris","IN 22; WY 38; BC CAN 20; SK CAN 12; UT 153; YT CAN 19; AB CAN 92; AZ 67; MT 46; KS 23; CA 2; FL 6; PA 4; IA 6; IL 38; TX 17; CT 6; VA 2; ID 2; VT 4; OR 3; OK 6; ME 3; AR 1; WA 31; SC 3; NE 43; ON CAN 21; MB CAN 7; CO 154; MA 12; MO 6; QC CAN 3; AK 24; ND 35; WI 92; NV 1; NY 15; RI 4; SD 35; MN 62; NL CAN 2; NJ 10; MI 89; NB CAN 5; NU CAN 1; NM 42; NH 2; LA 1; OH 16; NT CAN 3","No"
"9","Plantae","Artemisia pycnocephala","OR 6; CA 693","No"
"10","Plantae","Asclepias syriaca","VT 447; NC 177; OR 1; IN 204; ME 91; TN 85; OK 18; PE CAN 2; AL 3; AR 9; SC 3; NE 211; ON CAN 593; WV 108; MB CAN 37; MA 260; CO 1; QC CAN 347; MO 270; ND 32; WI 544; NY 541; DC 52; RI 14; MT 21; KY 98; SD 65; MN 283; KS 299; CA 1; DE 22; FL 4; NJ 234; MI 491; PA 258; NB CAN 26; IA 239; MS 2; IL 576; NS CAN 18; CT 149; NH 46; LA 6; OH 429; GA 2; VA 307; MD 242","No"
"11","Plantae","Asparagus officinalis","NC 62; IN 59; WY 12; BC CAN 38; SK CAN 1; PE CAN 1; UT 37; AB CAN 3; AZ 28; MT 25; KY 57; CA 417; KS 212; FL 12; DE 3; PA 66; IA 67; MS 13; IL 173; TX 39; NS CAN 6; CT 58; GA 16; VA 127; MD 22; ID 26; VT 46; OR 32; ME 37; TN 28; OK 7; AL 21; AR 40; WA 82; SC 45; NE 26; WV 65; ON CAN 58; MB CAN 11; CO 128; MA 95; MO 111; QC CAN 9; ND 43; WI 137; NV 14; NY 70; DC 14; RI 12; SD 14; HI 4; MN 78; NJ 33; MI 114; NB CAN 4; NM 45; NH 22; LA 35; OH 16","No"
"12","Plantae","Barbarea vulgaris","NC 104; IN 97; WY 13; BC CAN 54; PE CAN 17; UT 30; AB CAN 4; AZ 3; MT 34; KY 89; KS 201; CA 166; DE 5; PA 132; IA 11; IL 244; NS CAN 66; TX 1; CT 161; GA 7; VA 232; MD 128; ID 17; VT 142; OR 89; ME 73; TN 58; OK 8; AR 45; WA 53; SC 7; NE 9; ON CAN 201; WV 192; MB CAN 1; MA 245; CO 93; MO 401; QC CAN 296; AK 2; ND 1; WI 152; NV 10; NY 194; DC 43; RI 14; SD 2; MN 50; NL CAN 8; NJ 177; MI 203; NB CAN 31; NM 19; NH 58; OH 126","Yes"
"13","Plantae","Betula papyrifera","NC 2; IN 55; WY 90; BC CAN 78; SK CAN 6; PE CAN 16; YT CAN 12; AB CAN 51; MT 916; KS 5; CA 4; FL 1; PA 1113; IA 100; MS 1; NS CAN 197; IL 26; CT 364; VA 8; MD 5; ID 1134; VT 8683; OR 30; ME 44678; TN 1; WA 1273; SC 1; NE 91; ON CAN 416; WV 38; MB CAN 43; MA 1838; CO 23; QC CAN 263; MO 3; AK 3878; ND 207; WI 45777; NV 1; NY 6292; RI 21; DC 2; SD 479; MN 103212; NL CAN 27; NJ 39; MI 45168; NB CAN 50; NH 14121; OH 5; NT CAN 32","No"
"14","Plantae","Boechera laevigata","NC 99; IN 12; TN 20; OK 2; ME 1; AL 3; AR 21; SC 9; WV 48; ON CAN 10; MA 2; CO 1; MO 169; QC CAN 1; WI 18; NY 24; DC 12; KY 10; KS 7; PA 24; MI 16; IA 1; IL 78; CT 5; OH 9; GA 1; VA 230; MD 40","No"
"15","Plantae","Carex buxbaumii","NC 41; IN 59; WY 33; BC CAN 17; SK CAN 10; UT 17; YT CAN 11; AB CAN 14; MT 44; KY 11; CA 183; KS 6; DE 4; PA 79; IA 62; IL 91; NS CAN 31; CT 51; GA 2; VA 45; MD 25; ID 30; OR 38; VT 22; ME 71; TN 13; AR 2; WA 58; SC 6; NE 37; ON CAN 103; WV 16; MB CAN 19; MA 105; CO 53; MO 85; QC CAN 64; AK 81; ND 4; WI 90; NV 1; NY 85; RI 17; DC 3; MN 66; NL CAN 30; NJ 44; MI 157; NB CAN 4; NH 4; OH 20; NT CAN 17","No"
"16","Plantae","Carex garberi","VT 10; IN 32; ME 60; BC CAN 26; SK CAN 1; YT CAN 19; WA 6; NE 2; ON CAN 45; MB CAN 14; QC CAN 16; AK 87; AB CAN 28; ND 6; WI 39; NV 1; NY 18; MN 6; CA 16; MI 71; PA 23; NB CAN 1; NU CAN 1; IL 9; NH 10; OH 20; NT CAN 30","No"
"17","Plantae","Carex stricta","NC 83; VT 28; IN 49; WY 1; ME 73; TN 22; PE CAN 2; AL 10; AR 35; SC 12; NE 36; ON CAN 136; WV 112; MB CAN 6; MA 118; CO 3; MO 87; QC CAN 53; ND 24; WI 225; NY 165; DC 25; RI 25; KY 10; SD 23; MN 73; KS 22; CA 1; NL CAN 1; DE 8; FL 1; NJ 59; MI 155; PA 108; NB CAN 13; IA 92; MS 37; IL 130; NS CAN 35; TX 17; CT 138; NH 30; LA 2; OH 45; GA 5; VA 182; MD 70","No"
"18","Plantae","Castilleja coccinea","NC 83; OR 1; VT 1; IN 74; OK 29; TN 15; BC CAN 1; AL 22; AR 31; SC 19; WA 2; ON CAN 111; WV 16; MB CAN 8; MA 95; CO 1; MO 370; WI 187; NY 62; RI 17; KY 20; MN 77; KS 70; CA 1; FL 5; DE 1; NJ 106; MI 93; PA 80; MS 12; IA 4; NM 1; IL 135; TX 5; NS CAN 1; CT 148; NH 5; LA 5; OH 43; GA 5; VA 27; MD 9; ID 1","No"
"19","Plantae","Ceanothus americanus","NC 200; VT 29; IN 144; TN 81; OK 31; ME 28; BC CAN 1; AL 117; AR 141; SC 142; WA 5; NE 12; ON CAN 111; WV 60; MB CAN 1; MA 168; CO 1; MO 307; QC CAN 24; AB CAN 1; WI 165; NY 99; RI 27; DC 17; MT 4; KY 67; MN 43; KS 166; CA 1; FL 93; DE 10; NJ 26; MI 149; PA 96; MS 84; IA 26; IL 201; TX 62; CT 101; NH 31; LA 116; OH 80; GA 114; VA 167; MD 22","No"
"20","Plantae","Celastrus orbiculatus","NC 504; VT 88; IN 13; ME 63; TN 34; PE CAN 2; AL 1; AR 4; SC 13; WA 2; NE 3; ON CAN 32; WV 17; MA 282; MO 21; QC CAN 1; WI 14; NY 3905; DC 54; RI 40; KY 40; MN 4; KS 20; DE 5; FL 1; NJ 323; PA 138; MI 38; NB CAN 4; MS 2; IA 1; IL 353; NS CAN 5; CT 289; NH 71; LA 2; OH 54; GA 3; VA 382; MD 211","Yes"
"21","Plantae","Comandra umbellata","NC 47; IN 65; WY 103; BC CAN 5; SK CAN 11; PE CAN 4; UT 115; YT CAN 5; AB CAN 69; AZ 85; MT 393; KY 21; CA 87; KS 49; DE 3; PA 71; IA 26; MS 12; IL 137; TX 39; CT 111; GA 8; VA 101; MD 19; ID 58; OR 53; VT 38; ME 60; TN 42; OK 20; AL 14; AR 20; WA 43; SC 16; NE 30; ON CAN 89; WV 8; MB CAN 33; CO 246; MA 167; MO 107; QC CAN 9; AK 2; ND 68; WI 212; NV 37; NY 89; RI 20; DC 8; SD 42; MN 141; NL CAN 1; NJ 27; MI 223; NB CAN 3; NM 34; NH 27; OH 60; NT CAN 1","No"
"22","Plantae","Convallaria majalis","VT 59; NC 21; OR 1; IN 13; ME 17; TN 12; BC CAN 3; AR 3; WA 4; SC 2; NE 2; ON CAN 81; WV 7; MB CAN 1; MA 72; CO 3; MO 27; QC CAN 19; WI 64; NY 70; RI 4; DC 2; MT 1; KY 3; SD 1; MN 15; KS 22; DE 3; FL 1; NJ 20; MI 47; PA 44; NB CAN 6; IA 10; NM 1; IL 79; NS CAN 46; CT 47; NH 17; LA 1; OH 36; GA 1; VA 27; MD 7","Yes"
"23","Plantae","Coreopsis lanceolata","NC 95; OR 4; VT 3; IN 33; TN 37; OK 18; ME 4; BC CAN 3; AL 70; AR 81; SC 114; WA 3; NE 1; ON CAN 51; WV 11; MA 50; CO 4; MO 247; QC CAN 1; WI 51; AZ 3; NY 52; RI 7; DC 1; MT 4; KY 25; HI 24; MN 4; CA 45; KS 31; FL 98; DE 3; NJ 19; MI 123; PA 37; MS 33; IA 1; NM 19; TX 132; IL 122; NS CAN 1; CT 41; NH 5; LA 170; OH 31; GA 60; VA 69; MD 7","No"
"24","Plantae","Coreopsis tripteris","NC 53; IN 110; TN 44; OK 6; AL 35; AR 59; SC 16; UT 1; WV 64; ON CAN 9; MA 5; MO 239; WI 4; NY 8; DC 6; KY 58; KS 24; FL 10; MI 61; PA 37; MS 19; IA 10; IL 163; TX 9; NS CAN 1; CT 10; LA 52; OH 94; GA 19; VA 67; MD 21","No"
"25","Plantae","Cornus sericea","NC 3; IN 33; WY 25; BC CAN 43; SK CAN 13; PE CAN 3; UT 84; YT CAN 3; AB CAN 87; AZ 74; MT 182; KY 36; CA 1264; FL 2; DE 1; PA 38; IA 7; IL 83; NS CAN 19; CT 7; MD 4; VA 4; ID 99; OR 343; VT 202; ME 29; WA 156; NE 40; ON CAN 312; WV 11; MB CAN 22; CO 383; MA 16; QC CAN 92; MO 1; AK 19; ND 53; WI 110; NV 31; NY 147; DC 2; RI 1; SD 33; MN 192; NL CAN 11; NJ 36; MI 176; NB CAN 28; NM 26; NH 16; OH 54; NT CAN 6","Yes"
"26","Plantae","Crocanthemum canadense","NC 15; VT 6; RI 23; NY 20; DC 9; ME 28; MN 1; AL 1; SC 20; NJ 4; MI 5; PA 2; ON CAN 8; MA 194; IL 4; CT 66; NH 27; QC CAN 3; GA 2; VA 14; MD 11; WI 30","No"
"27","Plantae","Dulichium arundinaceum","NC 78; IN 70; WY 4; BC CAN 32; PE CAN 3; MT 8; KY 29; CA 156; FL 113; DE 4; PA 109; IA 15; MS 10; IL 49; NS CAN 16; TX 15; CT 113; GA 41; VA 153; MD 48; ID 16; OR 47; VT 46; ME 58; TN 26; OK 13; AL 56; AR 23; SC 76; WA 47; NE 42; ON CAN 142; WV 117; MB CAN 11; MA 74; MO 66; QC CAN 63; AK 5; WI 128; NY 117; RI 13; DC 8; MN 66; NL CAN 3; NJ 81; MI 173; NB CAN 8; NH 28; LA 19; OH 56","No"
"28","Plantae","Elaeagnus angustifolia","NC 13; IN 10; WY 56; BC CAN 6; SK CAN 2; UT 530; AB CAN 118; AZ 433; MT 1774; KY 13; KS 161; CA 133; PA 15; IA 33; IL 37; TX 17; CT 22; GA 1; VA 16; MD 9; ID 161; OR 280; VT 1; OK 4; ME 1; TN 1; AL 1; AR 1; WA 47; SC 2; NE 129; ON CAN 28; CO 903; MA 22; MO 27; QC CAN 3; ND 61; WI 20; NV 162; NY 100; DC 13; RI 3; SD 55; MN 18; NJ 10; MI 194; NM 860; NH 2; OH 10","Yes"
"29","Plantae","Helianthus divaricatus","NC 158; VT 10; IN 138; TN 56; ME 3; OK 3; AL 33; AR 82; SC 88; WV 233; ON CAN 86; MA 70; MO 71; QC CAN 45; WI 14; AZ 1; NY 158; DC 33; RI 11; KY 83; MN 4; KS 2; FL 12; DE 5; NJ 50; MI 136; PA 108; MS 28; IA 1; IL 127; TX 2; CT 98; NH 8; LA 16; OH 87; GA 34; VA 347; MD 51","No"
"30","Plantae","Helianthus occidentalis","NC 8; DC 15; NY 1; IN 72; TN 69; KY 14; MN 17; FL 14; AL 1; AR 10; MI 108; PA 2; WV 10; IA 7; IL 100; TX 22; MO 44; LA 5; OH 95; GA 9; MD 26; VA 6; WI 167","No"
"31","Plantae","Hydrophyllum virginianum","VT 102; NC 62; IN 85; TN 103; OK 2; AR 14; WA 1; NE 17; ON CAN 188; WV 136; MA 13; CO 2; MO 99; QC CAN 61; ND 13; WI 281; NY 167; DC 19; KY 30; SD 13; MN 168; KS 84; DE 10; NJ 41; PA 144; MI 96; IA 55; MS 1; IL 303; CT 78; NH 28; OH 153; GA 1; VA 297; MD 67","Yes"
"32","Plantae","Ionactis linariifolia","NC 248; VT 4; IN 33; TN 18; ME 13; OK 9; AL 22; AR 10; SC 157; NE 2; ON CAN 18; WV 5; MA 68; MO 90; QC CAN 9; WI 12; NY 52; DC 19; RI 3; KY 5; KS 10; FL 56; DE 10; NJ 37; PA 17; NB CAN 3; IA 11; MS 9; NU CAN 1; IL 15; TX 2; CT 65; NH 6; LA 45; OH 3; GA 27; VA 53; MD 30","No"
"33","Plantae","Juncus balticus","OR 79; IN 3; WY 42; ME 4; BC CAN 12; SK CAN 8; PE CAN 1; UT 69; WA 49; YT CAN 9; NE 20; ON CAN 39; MB CAN 16; CO 439; MA 4; QC CAN 98; MO 1; AK 38; AB CAN 31; ND 5; AZ 72; WI 35; NV 367; NY 6; MT 303; SD 4; MN 6; CA 952; KS 4; NL CAN 4; FL 1; MI 73; PA 7; NB CAN 4; NU CAN 5; IA 4; NM 35; IL 7; NS CAN 5; TX 4; OH 40; NT CAN 13; VA 12; MD 1; ID 10","No"
"34","Plantae","Krigia biflora","NC 24; IN 143; WY 1; TN 82; OK 4; AL 45; AR 36; SC 2; WV 34; ON CAN 3; MB CAN 3; CO 11; MO 106; WI 166; AZ 7; NY 19; DC 1; KY 89; MN 44; KS 9; DE 1; NJ 38; MI 94; PA 45; IA 7; MS 4; NM 16; IL 109; TX 2; CT 38; LA 1; OH 84; GA 24; VA 10; MD 1","No"
"35","Plantae","Krigia virginica","NC 191; VT 4; IN 41; TN 38; ME 8; OK 2; AL 34; AR 61; SC 150; WA 1; WV 14; ON CAN 1; MA 54; MO 159; WI 13; NY 72; DC 27; RI 11; KY 24; FL 165; DE 7; NJ 58; MI 106; PA 37; MS 16; IA 9; IL 45; TX 42; CT 111; NH 10; LA 52; OH 61; GA 73; VA 160; MD 40","No"
"36","Plantae","Lithospermum caroliniense","IN 64; OK 21; AL 4; AR 20; SC 49; NE 51; ON CAN 38; CO 11; MO 29; QC CAN 1; WI 141; NY 6; MT 1; KY 1; SD 12; MN 34; KS 53; FL 31; MI 142; PA 10; IA 7; MS 5; IL 89; TX 59; CT 1; LA 47; OH 56; GA 24; VA 7","No"
"37","Plantae","Lonicera dioica","NC 37; VT 30; IN 68; WY 12; TN 69; ME 17; OK 1; BC CAN 6; SK CAN 4; AL 2; AR 39; YT CAN 1; NE 12; ON CAN 173; WV 10; MB CAN 12; MA 23; MO 52; QC CAN 25; AB CAN 27; ND 36; WI 130; NY 109; RI 7; KY 17; SD 53; MN 151; KS 30; FL 1; NJ 46; MI 238; PA 75; IA 26; IL 39; CT 108; NH 8; OH 76; GA 9; NT CAN 2; VA 44; MD 4","No"
"38","Plantae","Lupinus perennis","NC 59; VT 18; OR 6; IN 180; ME 8; TN 1; BC CAN 1; AL 19; SC 46; WA 3; UT 1; ON CAN 37; WV 14; MA 323; MO 1; AK 33; AB CAN 1; ND 1; WI 222; NY 125; RI 47; DC 27; KY 2; MN 50; CA 2; KS 2; NL CAN 1; FL 144; DE 12; NJ 66; PA 170; MI 139; NB CAN 1; IA 7; MS 1; IL 109; TX 10; NS CAN 1; CT 134; NH 74; LA 1; OH 147; GA 52; VA 101; MD 53; ID 1","No"
"39","Plantae","Maianthemum canadense","VT 416; NC 264; IN 53; WY 2; ME 377; TN 30; BC CAN 40; SK CAN 6; PE CAN 21; SC 3; WA 1; ON CAN 628; WV 340; MB CAN 59; MA 382; QC CAN 293; AB CAN 48; ND 10; WI 410; NY 366; RI 38; DC 4; MT 5; KY 21; SD 37; MN 987; NL CAN 16; KS 1; DE 5; NJ 93; MI 566; PA 184; NB CAN 75; IA 12; NS CAN 374; IL 47; NH 230; CT 163; OH 103; GA 5; NT CAN 5; VA 236; MD 30","No"
"40","Plantae","Maianthemum racemosum","NC 363; IN 111; WY 17; BC CAN 33; SK CAN 1; PE CAN 4; UT 37; AB CAN 82; AZ 110; MT 121; KY 160; CA 885; KS 45; DE 13; FL 2; PA 174; IA 88; MS 27; IL 218; NS CAN 10; TX 3; CT 136; GA 69; VA 1022; MD 235; ID 70; VT 321; OR 136; TN 141; ME 48; OK 9; AL 49; AR 49; WA 111; SC 82; NE 9; WV 578; ON CAN 316; CO 150; MA 80; MO 88; QC CAN 36; AK 5; ND 7; WI 224; NV 5; NY 225; DC 26; RI 6; SD 8; MN 118; NL CAN 1; NJ 56; MI 192; NB CAN 18; NM 32; NH 56; LA 1; OH 188","No"
"41","Plantae","Maianthemum stellatum","IN 63; WY 55; BC CAN 144; SK CAN 11; PE CAN 7; UT 126; YT CAN 11; AB CAN 108; AZ 75; MT 240; KY 14; CA 1474; KS 38; PA 24; IA 81; IL 139; NS CAN 12; CT 46; VA 27; MD 17; ID 111; OR 358; VT 32; ME 18; TN 6; OK 1; AR 5; WA 157; NE 57; ON CAN 296; WV 24; MB CAN 23; CO 951; MA 31; QC CAN 69; MO 18; AK 46; ND 75; WI 180; NV 40; NY 91; RI 10; DC 3; SD 118; MN 109; NL CAN 9; NJ 14; MI 144; NB CAN 31; NM 129; NH 8; OH 65; NT CAN 2","No"
"42","Plantae","Monarda fistulosa","NC 120; IN 125; WY 23; BC CAN 3; SK CAN 18; UT 8; AB CAN 72; AZ 37; MT 287; KY 107; KS 136; DE 2; PA 105; IA 71; MS 66; IL 433; TX 108; CT 155; GA 41; VA 135; MD 51; ID 6; VT 49; TN 100; OK 90; ME 9; AL 36; AR 129; SC 14; WA 3; NE 65; ON CAN 207; WV 96; MB CAN 43; CO 177; MA 22; MO 165; QC CAN 15; ND 58; WI 358; NV 2; NY 188; DC 8; RI 1; SD 91; MN 191; NJ 62; MI 174; NM 49; NH 9; LA 90; OH 243","No"
"43","Plantae","Ophioglossum pusillum","VT 31; OR 28; NC 1; IN 7; WY 2; ME 32; BC CAN 5; WA 30; NE 28; ON CAN 1; MB CAN 1; MA 130; QC CAN 16; MO 1; AK 1; ND 24; WI 26; NY 51; RI 5; DC 1; MT 38; KY 41; MN 17; CA 16; KS 1; DE 1; NJ 19; PA 39; MI 4; IA 53; IL 40; NS CAN 1; CT 46; NH 15; LA 2; OH 8; VA 2; MD 1","No"
"44","Plantae","Opuntia humifusa","NC 101; IN 45; TN 48; OK 8; BC CAN 2; AL 17; AR 47; SC 100; NE 1; WV 37; ON CAN 4; MA 56; CO 4; MO 155; ND 1; WI 3; AZ 1; NY 54; KY 44; SD 15; MN 8; KS 35; FL 269; DE 24; NJ 109; PA 67; MI 35; MS 19; NM 5; IL 138; TX 67; CT 64; NH 1; LA 24; OH 68; GA 44; VA 164; MD 52","No"
"45","Plantae","Pedicularis canadensis","NC 204; VT 35; IN 128; TN 100; ME 76; OK 33; AL 46; AR 94; SC 66; WA 1; NE 12; WV 98; ON CAN 83; MB CAN 15; MA 168; CO 73; MO 327; QC CAN 52; ND 7; WI 246; NY 148; RI 16; DC 10; MT 3; KY 61; SD 11; MN 90; KS 94; FL 16; DE 9; NJ 49; MI 199; PA 89; NB CAN 1; MS 34; IA 22; NM 16; IL 234; TX 41; CT 148; NH 29; LA 79; OH 104; GA 45; NT CAN 1; VA 130; MD 5","No"
"46","Plantae","Persicaria amphibia","NC 6; IN 35; WY 23; BC CAN 4; SK CAN 10; PE CAN 1; UT 40; YT CAN 6; AB CAN 14; AZ 17; MT 14; KY 1; CA 808; KS 222; DE 1; PA 16; IA 32; IL 109; TX 14; NS CAN 4; CT 90; VA 14; MD 10; ID 27; OR 123; VT 38; ME 20; OK 3; TN 3; AR 2; WA 20; NE 87; ON CAN 65; MB CAN 8; CO 69; MA 34; MO 68; QC CAN 33; AK 7; ND 61; WI 42; NV 23; NY 74; RI 5; DC 1; SD 69; MN 23; NL CAN 2; NJ 19; MI 37; NB CAN 6; NM 42; NH 3; LA 1; OH 21; NT CAN 21","No"
"47","Plantae","Phlox pilosa","NC 20; IN 93; OK 44; TN 43; AL 44; AR 77; SC 26; NE 12; MB CAN 1; MO 157; ND 3; WI 181; DC 4; NY 3; MT 1; KY 29; SD 5; MN 105; KS 31; FL 106; DE 1; NJ 22; MI 67; PA 62; MS 57; IA 32; TX 183; IL 161; CT 11; LA 79; OH 38; GA 23; VA 24; MD 5","No"
"48","Plantae","Plantago rugelii","NC 132; VT 39; IN 125; TN 61; OK 18; ME 16; AL 18; AR 47; SC 43; WA 1; NE 24; WV 98; ON CAN 49; MA 36; CO 1; MO 221; QC CAN 49; ND 10; WI 112; NY 113; DC 16; RI 6; MT 2; KY 75; SD 9; MN 49; KS 182; CA 1; DE 4; FL 4; NJ 53; MI 111; PA 85; NB CAN 1; MS 44; IA 29; IL 154; NS CAN 6; TX 1; CT 100; NH 13; LA 38; OH 89; GA 16; VA 175; MD 41","No"
"49","Plantae","Potentilla simplex","NC 194; VT 51; IN 136; WY 1; TN 98; ME 50; OK 22; PE CAN 2; AL 34; AR 91; SC 75; WV 556; ON CAN 77; MA 70; MO 430; QC CAN 15; WI 191; NY 148; DC 32; RI 20; KY 98; MN 36; KS 126; CA 1; DE 1; FL 1; NJ 87; MI 186; PA 107; NB CAN 34; MS 34; IA 10; IL 259; NS CAN 217; TX 14; CT 116; NH 22; LA 54; OH 132; GA 31; VA 354; MD 63","No"
"50","Plantae","Prunus pumila","VT 9; OR 1; IN 63; WY 8; ME 16; TN 14; AR 1; UT 2; WA 1; NE 38; ON CAN 97; WV 2; MB CAN 21; CO 19; MA 16; QC CAN 10; ND 25; WI 73; NY 36; RI 5; MT 1; KY 1; SD 38; MN 71; KS 16; DE 1; NJ 11; MI 183; PA 46; NB CAN 3; IA 28; NU CAN 1; NM 1; IL 52; TX 1; NH 10; CT 6; OH 2; MD 15","No"
"51","Plantae","Prunus virginiana","NC 9; IN 122; WY 69; BC CAN 71; SK CAN 10; PE CAN 17; UT 422; AB CAN 103; AZ 56; MT 356; KY 63; KS 285; CA 258; DE 2; FL 2; PA 349; IA 122; MS 9; IL 184; NS CAN 144; TX 17; CT 103; GA 14; VA 127; MD 36; ID 287; OR 214; VT 183; ME 434; TN 35; OK 5; AR 5; WA 265; SC 1; NE 106; ON CAN 359; WV 68; MB CAN 44; CO 533; MA 97; QC CAN 124; MO 65; AK 88; ND 610; WI 1852; NV 354; NY 568; RI 14; DC 4; SD 391; MN 3011; NL CAN 4; NJ 42; MI 1633; NB CAN 49; NM 83; NH 61; LA 1; OH 157; NT CAN 8","Yes"
"52","Plantae","Ptelea trifoliata","NC 36; VT 1; IN 77; TN 47; OK 32; BC CAN 7; AL 48; AR 60; SC 31; UT 7; WA 1; ON CAN 20; WV 14; MA 61; CO 55; MO 99; QC CAN 5; AZ 243; WI 77; NY 81; DC 9; RI 2; MT 4; KY 38; SD 1; MN 2; KS 19; CA 18; FL 89; NJ 12; MI 87; PA 43; MS 37; IA 3; NM 93; TX 405; IL 153; CT 60; NH 4; LA 56; OH 88; GA 55; VA 57; MD 25","No"
"53","Plantae","Pteridium aquilinum","NC 238; IN 66; WY 13; BC CAN 102; PE CAN 5; UT 36; AB CAN 6; AZ 214; MT 147; KY 76; CA 2232; KS 7; FL 269; DE 8; PA 140; MS 83; IA 29; NS CAN 201; TX 153; IL 99; CT 57; GA 181; VA 288; MD 30; ID 309; VT 342; OR 173; PR 2; ME 169; TN 111; OK 3; AL 208; AR 109; WA 479; SC 188; WV 318; ON CAN 255; MB CAN 22; MA 112; CO 106; QC CAN 103; MO 64; AK 22; ND 5; WI 214; NV 10; NY 190; DC 9; RI 7; SD 18; HI 6; MN 640; NL CAN 7; NJ 64; MI 162; NB CAN 35; NU CAN 2; NM 28; NH 79; LA 102; OH 96","No"
"54","Plantae","Quercus alba","NC 37994; VT 367; IN 12566; TN 37535; OK 5263; ME 584; BC CAN 2; AL 24069; AR 51791; SC 19226; WA 6; NE 24; WV 20648; ON CAN 169; MA 2593; CO 6; MO 70752; QC CAN 113; WI 20182; NY 3351; RI 1404; DC 148; MT 1; KY 18706; SD 31; MN 3156; KS 207; CA 7; DE 1248; FL 658; NJ 4217; MI 19993; PA 15134; MS 16395; IA 3849; IL 11358; TX 7570; CT 2379; NH 1059; LA 6442; OH 7030; GA 30225; VA 61907; MD 5157","No"
"55","Plantae","Quercus velutina","NC 9994; VT 51; IN 9117; TN 13112; OK 8332; ME 364; BC CAN 5; AL 8206; AR 21857; SC 4030; WA 1; NE 45; WV 9559; ON CAN 55; MA 3213; CO 4; MO 58536; WI 17799; NY 1743; RI 1326; DC 96; KY 8622; MN 280; KS 1341; CA 1; DE 205; FL 46; NJ 1980; MI 12740; PA 6563; MS 3285; IA 1349; IL 8504; TX 1002; CT 2099; NH 907; LA 524; OH 3757; GA 8004; VA 20986; MD 1640","No"
"56","Plantae","Ranunculus flabellaris","VT 34; OR 25; NC 8; IN 61; WY 5; TN 35; ME 16; OK 3; BC CAN 1; AL 15; AR 19; UT 10; WA 6; NE 9; ON CAN 32; MA 30; CO 4; MO 51; QC CAN 37; ND 21; WI 43; NV 8; NY 72; RI 16; MT 1; KY 15; SD 7; MN 52; CA 27; KS 15; DE 2; NJ 83; MI 49; PA 40; IA 4; MS 1; IL 127; CT 76; NH 6; LA 14; OH 26; MD 15; VA 10; ID 15","No"
"57","Plantae","Rhus aromatica","NC 51; IN 75; WY 8; BC CAN 3; SK CAN 5; UT 191; AB CAN 5; AZ 308; MT 8; KY 78; CA 1236; KS 139; FL 6; PA 30; MS 6; IA 4; TX 368; IL 118; CT 49; GA 53; VA 130; MD 13; ID 33; VT 66; OR 13; TN 83; OK 72; ME 1; AL 65; AR 65; SC 19; WA 3; NE 22; ON CAN 143; WV 107; CO 220; MA 15; MO 233; QC CAN 5; ND 3; WI 19; NV 33; NY 89; DC 7; SD 19; MN 5; NJ 17; MI 31; NM 52; LA 45; OH 69","No"
"58","Plantae","Rhus typhina","VT 504; NC 71; OR 1; IN 72; ME 91; TN 33; BC CAN 10; PE CAN 5; AL 6; WA 11; UT 2; SC 1; NE 2; ON CAN 561; WV 95; MA 240; CO 4; QC CAN 119; MO 7; WI 138; NY 317; DC 14; RI 5; MT 2; KY 24; SD 1; MN 94; KS 9; CA 2; DE 4; NJ 96; MI 182; PA 179; NB CAN 16; IA 3; MS 1; IL 100; NS CAN 20; TX 4; CT 107; NH 45; OH 191; GA 7; VA 111; MD 49","Yes"
"59","Plantae","Robinia pseudoacacia","NC 7680; IN 2865; WY 1; BC CAN 13; PE CAN 2; UT 47; AZ 9; MT 1; KY 5227; KS 870; CA 554; DE 88; FL 25; PA 5484; IA 811; MS 765; IL 1875; TX 155; NS CAN 16; CT 174; GA 1230; VA 14327; MD 1597; ID 24; VT 214; OR 83; TN 5869; OK 554; ME 62; AL 571; AR 1391; SC 528; WA 38; NE 129; WV 10073; ON CAN 131; MA 286; CO 44; MO 1663; QC CAN 38; WI 1750; NV 11; NY 4034; DC 59; RI 35; SD 9; MN 142; NJ 441; MI 1082; NB CAN 6; NM 44; NH 41; LA 236; OH 4774","Yes"
"60","Plantae","Rosa multiflora","NC 279; IN 36; BC CAN 6; UT 2; MT 2; KY 115; KS 118; CA 37; DE 16; FL 6; PA 245; MS 70; IA 13; IL 166; NS CAN 42; TX 17; CT 198; GA 20; VA 376; MD 349; VT 161; OR 53; TN 104; ME 49; OK 18; AL 35; AR 50; SC 61; WA 14; NE 3; WV 587; ON CAN 84; MA 260; CO 1; MO 185; QC CAN 7; WI 72; NY 5395; DC 53; RI 26; HI 4; MN 1; NL CAN 1; NJ 594; MI 78; NM 4; NH 59; LA 35; OH 231","Yes"
"61","Plantae","Rosa palustris","NC 274; VT 20; IN 146; TN 51; ME 37; BC CAN 3; AL 12; AR 14; SC 65; WV 160; ON CAN 57; MA 48; MO 62; QC CAN 30; WI 33; NY 128; DC 11; RI 11; KY 63; FL 131; DE 5; NJ 96; MI 103; PA 86; NB CAN 20; MS 9; IA 1; NS CAN 118; IL 61; CT 96; NH 13; LA 1; OH 112; GA 26; VA 271; MD 58","No"
"62","Plantae","Rumex acetosella","NC 189; IN 152; WY 25; BC CAN 90; PE CAN 6; UT 37; YT CAN 1; AB CAN 11; AZ 110; MT 88; KY 65; CA 2363; KS 90; FL 13; DE 5; PA 102; IA 24; MS 13; IL 184; NS CAN 81; TX 10; CT 167; GA 33; VA 195; MD 59; ID 105; OR 235; VT 82; ME 100; TN 72; OK 11; AL 23; AR 70; WA 266; SC 66; NE 17; ON CAN 152; WV 92; MB CAN 7; MA 177; CO 128; QC CAN 346; MO 339; AK 1667; ND 8; WI 205; NV 27; NY 195; RI 29; DC 18; HI 155; SD 15; MN 70; NL CAN 12; NJ 89; MI 242; NB CAN 28; NM 72; NH 81; LA 11; OH 102","Yes"
"63","Plantae","Sanguinaria canadensis","NC 623; VT 342; OR 1; IN 180; TN 177; ME 45; OK 15; BC CAN 4; AL 73; AR 71; SC 188; WA 3; NE 23; ON CAN 376; WV 205; MB CAN 3; MA 161; MO 319; QC CAN 95; ND 8; WI 379; NY 246; DC 70; RI 27; MT 2; KY 112; SD 40; MN 251; KS 36; FL 40; DE 32; NJ 73; MI 270; PA 240; NB CAN 10; IA 55; MS 26; IL 399; NS CAN 53; TX 14; CT 182; NH 48; LA 33; OH 431; GA 98; VA 757; MD 202","No"
"64","Plantae","Sassafras albidum","NC 3844; VT 8; IN 12070; TN 9112; OK 682; ME 44; BC CAN 2; AL 3505; AR 3722; SC 1488; WA 4; WV 6766; ON CAN 88; MA 266; MO 7999; WI 1; NY 791; RI 143; DC 79; KY 8911; KS 70; CA 2; FL 466; DE 331; NJ 1198; PA 6911; MI 4649; MS 2387; IA 2; IL 4999; TX 2426; CT 400; NH 18; LA 1054; OH 4864; GA 2893; VA 7883; MD 1203","No"
"65","Plantae","Schizachyrium scoparium","NC 333; IN 72; WY 40; BC CAN 9; SK CAN 5; UT 24; AB CAN 2; AZ 65; MT 34; KY 85; KS 336; CA 9; FL 149; DE 7; PA 70; IA 329; MS 52; TX 690; IL 141; CT 144; GA 142; VA 355; MD 77; VT 19; TN 128; OK 70; ME 64; AL 113; AR 70; SC 244; WA 38; NE 73; WV 158; ON CAN 61; MB CAN 6; MA 171; CO 156; MO 91; QC CAN 1; ND 91; WI 188; NY 107; RI 20; DC 18; SD 128; HI 7; MN 85; NJ 58; MI 92; NM 188; NH 63; LA 87; OH 83","No"
"66","Plantae","Silene latifolia","NC 46; IN 46; WY 25; BC CAN 5; SK CAN 2; PE CAN 1; UT 11; YT CAN 2; AB CAN 15; AZ 1; MT 53; KY 29; CA 35; KS 17; DE 4; PA 90; IA 22; IL 156; NS CAN 8; CT 44; GA 3; VA 127; MD 37; ID 26; VT 81; OR 41; TN 24; ME 20; AL 1; AR 3; WA 69; SC 4; NE 24; ON CAN 95; WV 32; MB CAN 30; MA 80; CO 57; MO 77; QC CAN 18; AK 81; ND 20; WI 177; NV 1; NY 191; RI 9; DC 7; SD 26; MN 130; NJ 81; MI 133; NB CAN 4; NM 6; NH 20; OH 83","Yes"
"67","Plantae","Solidago speciosa","NC 82; VT 1; IN 84; WY 5; TN 38; OK 17; AL 7; AR 13; SC 21; NE 17; WV 9; MA 44; CO 24; MO 62; ND 1; WI 162; NY 34; RI 4; MT 1; KY 41; SD 20; MN 60; KS 35; CA 1; NJ 21; MI 65; PA 26; IA 29; MS 10; NM 9; IL 155; TX 19; CT 92; NH 2; LA 10; OH 19; GA 7; MD 36; VA 33","No"
"68","Plantae","Tragopogon dubius","NC 16; IN 103; WY 121; BC CAN 49; SK CAN 14; UT 264; YT CAN 7; AB CAN 42; AZ 498; MT 732; KY 27; CA 614; KS 347; PA 46; IA 25; TX 179; IL 113; NS CAN 3; CT 22; VA 76; MD 14; ID 215; OR 240; VT 9; OK 39; TN 27; ME 5; AL 5; AR 20; WA 243; NE 84; ON CAN 100; WV 13; MB CAN 19; CO 434; MA 25; MO 150; QC CAN 5; AK 33; ND 124; WI 72; NV 139; NY 39; DC 3; RI 2; SD 156; MN 97; NJ 19; MI 101; NM 143; NH 5; LA 1; OH 55","Yes"
"69","Plantae","Typha ×","No data available","No"
"70","Plantae","Viola pedata","NC 93; IN 97; TN 72; OK 35; ME 1; AL 77; AR 101; SC 91; NE 1; WV 94; ON CAN 3; MA 49; CO 2; MO 342; QC CAN 1; ND 1; WI 161; NY 26; DC 19; RI 9; KY 51; MN 25; KS 66; CA 1; DE 10; NJ 25; MI 97; PA 40; MS 39; IA 6; IL 120; TX 31; CT 136; NH 25; LA 96; OH 54; GA 76; VA 134; MD 29","No"
"71","Plantae","Viola sagittata","NC 66; VT 13; IN 37; TN 38; ME 16; OK 8; AL 11; AR 41; SC 25; WV 71; ON CAN 8; MA 58; MO 127; QC CAN 29; WI 68; NY 74; DC 24; RI 17; MT 1; KY 36; MN 25; KS 32; DE 5; NJ 31; MI 113; PA 88; MS 13; IA 4; IL 87; TX 26; NS CAN 11; CT 176; NH 17; LA 33; OH 64; GA 7; VA 180; MD 39","No"
"72","Plantae","Zizia aurea","VT 213; NC 100; IN 120; ME 56; TN 40; OK 29; AL 49; AR 66; SC 39; NE 11; WV 78; ON CAN 37; MB CAN 23; MA 213; MO 334; QC CAN 297; ND 15; WI 251; NY 117; RI 24; DC 10; MT 2; KY 28; SD 14; MN 154; KS 162; FL 26; DE 11; NJ 28; PA 103; MI 66; NB CAN 22; IA 60; MS 17; IL 364; TX 37; NS CAN 1; CT 183; NH 69; LA 33; OH 88; GA 18; VA 85; MD 44; ID 1","No"
"73","Reptilia","Aspidoscelis sexlineatus","TX 1","No"
