"","Iconic_taxa","Scientific_name","Occurences in BISON","Invasive.Record"
"1","Amphibia","Anaxyrus americanus","VT 485; NC 282; IN 179; OK 1251; TN 213; ME 93; PE CAN 16; AL 48; AR 660; SC 36; NE 13; ON CAN 2641; WV 129; MB CAN 173; MA 227; CO 2; QC CAN 870; MO 497; ND 19; WI 327; NY 790; RI 67; DC 28; KY 384; SD 45; MN 313; KS 735; NL CAN 36; DE 24; FL 2; NJ 94; MI 527; NB CAN 412; PA 332; MS 169; IA 152; NU CAN 2; IL 320; NS CAN 139; TX 83; CT 294; NH 126; LA 39; OH 553; GA 189; NT CAN 1; VA 821; MD 366","No"
"2","Amphibia","Lithobates clamitans","VT 397; NC 215; IN 184; OK 411; ME 182; TN 151; BC CAN 20; PE CAN 83; AL 113; AR 180; SC 82; UT 14; WA 4; ON CAN 2971; WV 102; MB CAN 6; MA 236; QC CAN 911; MO 128; WI 224; NY 1146; RI 141; DC 63; KY 192; MN 240; NL CAN 27; KS 11; FL 119; DE 41; NJ 358; NB CAN 1262; MI 532; PA 335; MS 131; IA 52; TX 434; NS CAN 266; IL 215; CT 356; NH 82; LA 404; OH 483; GA 211; VA 935; MD 518","No"
"3","Plantae","Alliaria petiolata","VT 312; OR 151; NC 50; IN 66; TN 43; ME 12; OK 2; BC CAN 5; PE CAN 1; AL 2; AR 5; WA 22; UT 7; SC 1; NE 8; ON CAN 395; WV 210; MA 615; CO 11; MO 134; QC CAN 65; AK 23; ND 3; WI 608; NY 5148; DC 103; RI 6; MT 1; KY 73; SD 1; MN 67; KS 112; DE 15; NJ 555; PA 423; MI 106; NB CAN 1; IA 14; IL 249; NS CAN 12; CT 223; NH 46; OH 382; GA 3; VA 695; MD 546","Yes"
"4","Plantae","Botrypus virginianus","NC 905; VT 64; OR 21; IN 9; WY 1; TN 96; OK 14; ME 1; BC CAN 2; SK CAN 7; AL 6; AR 15; SC 105; YT CAN 3; WA 2; NE 1; ON CAN 71; WV 62; MB CAN 8; QC CAN 26; MO 16; AK 2; AB CAN 42; WI 49; NY 9; KY 34; MN 15; CA 4; KS 3; NL CAN 2; DE 3; FL 2; NJ 6; MI 43; PA 32; NB CAN 8; MS 3; IL 34; TX 14; NS CAN 2; NH 5; CT 3; OH 49; GA 22; NT CAN 3; VA 487; MD 91","No"
"5","Plantae","Convallaria majalis","VT 59; NC 21; OR 1; IN 13; ME 17; TN 12; BC CAN 3; AR 3; WA 4; SC 2; NE 2; ON CAN 81; WV 7; MB CAN 1; MA 72; CO 3; MO 27; QC CAN 19; WI 64; NY 70; RI 4; DC 2; MT 1; KY 3; SD 1; MN 15; KS 22; DE 3; FL 1; NJ 20; MI 47; PA 44; NB CAN 6; IA 10; NM 1; IL 79; NS CAN 46; CT 47; NH 17; LA 1; OH 36; GA 1; VA 27; MD 7","Yes"
"6","Plantae","Equisetum variegatum","VT 73; OR 17; IN 19; WY 15; ME 21; BC CAN 89; SK CAN 1; PE CAN 1; YT CAN 25; UT 16; WA 14; NE 2; ON CAN 91; MB CAN 33; CO 54; MA 19; QC CAN 93; AK 353; AB CAN 100; ND 1; WI 42; AZ 1; NY 60; RI 1; MT 17; HI 5; SD 3; MN 29; NL CAN 3; CA 1; FL 1; NJ 5; MI 46; PA 19; NB CAN 3; NU CAN 99; NM 1; NS CAN 18; IL 15; CT 60; NH 43; OH 16; NT CAN 49; VA 1; ID 10","No"
"7","Plantae","Fragaria vesca","NC 4; IN 13; WY 24; BC CAN 118; SK CAN 3; PE CAN 1; UT 36; AB CAN 17; AZ 11; MT 660; KY 2; CA 1394; KS 1; PA 70; IA 12; IL 43; NS CAN 19; TX 2; CT 94; VA 20; MD 5; ID 400; OR 225; VT 93; ME 49; TN 3; AR 2; WA 219; NE 19; ON CAN 80; WV 64; CO 224; MA 86; QC CAN 13; MO 9; ND 18; WI 133; NY 128; RI 3; DC 1; HI 83; SD 19; MN 166; NL CAN 2; NJ 21; MI 83; NB CAN 9; NM 38; NH 25; LA 1; OH 58","No"
"8","Plantae","Maianthemum racemosum","NC 363; IN 111; WY 17; BC CAN 33; SK CAN 1; PE CAN 4; UT 37; AB CAN 82; AZ 110; MT 121; KY 160; CA 885; KS 45; DE 13; FL 2; PA 174; IA 88; MS 27; IL 218; NS CAN 10; TX 3; CT 136; GA 69; VA 1022; MD 235; ID 70; VT 321; OR 136; TN 141; ME 48; OK 9; AL 49; AR 49; WA 111; SC 82; NE 9; WV 578; ON CAN 316; CO 150; MA 80; MO 88; QC CAN 36; AK 5; ND 7; WI 224; NV 5; NY 225; DC 26; RI 6; SD 8; MN 118; NL CAN 1; NJ 56; MI 192; NB CAN 18; NM 32; NH 56; LA 1; OH 188","No"
"9","Plantae","Securigera varia","NC 31; IN 29; PE CAN 1; UT 9; MT 6; KY 54; KS 150; CA 10; DE 9; FL 2; PA 158; IA 15; MS 1; IL 201; TX 18; NS CAN 13; CT 50; GA 9; VA 160; MD 80; ID 5; VT 140; OR 19; TN 52; ME 26; OK 8; AL 8; AR 20; WA 6; SC 2; NE 8; ON CAN 128; WV 35; MA 52; CO 28; MO 169; QC CAN 9; AK 9; WI 96; NV 1; NY 163; RI 8; DC 6; SD 7; MN 66; NJ 167; MI 62; NB CAN 1; NM 8; NH 11; LA 2; OH 127","Yes"
"10","Plantae","Streptopus lanceolatus","VT 61; NC 33; OR 16; TN 61; ME 27; BC CAN 77; PE CAN 3; WA 21; ON CAN 79; WV 17; MB CAN 26; MA 7; QC CAN 114; AK 31; AB CAN 1; WI 56; NY 74; RI 3; KY 9; MN 82; NL CAN 2; NJ 8; MI 133; PA 40; NB CAN 29; IA 51; NS CAN 14; NH 12; CT 6; OH 4; GA 6; VA 28; MD 15","No"
"11","Plantae","Uvularia perfoliata","NC 1050; VT 19; IN 10; TN 126; AL 55; AR 45; SC 143; WV 295; ON CAN 5; MA 30; QC CAN 3; WI 1; NY 77; DC 24; RI 6; KY 100; KS 1; DE 6; FL 4; NJ 24; PA 97; MI 1; MS 21; IA 1; TX 11; CT 78; NH 4; LA 27; OH 52; GA 71; VA 668; MD 90","No"
