"","Iconic_taxa","iNat_entry","NPSpecies_name","Accepted_TSN","NPS_entry_TSN"
"1","Aves","Seiurus aurocapilla","Seiurus aurocapillus","726205","178927"
"2","Aves","Setophaga caerulescens","Dendroica caerulescens","950042","178888"
"3","Aves","Setophaga pensylvanica","Dendroica pensylvanica","950040","178911"
"4","Plantae","Galearis spectabilis","Orchis spectabilis","43591","517895"
"5","Plantae","Houstonia caerulea","Hedyotis caerulea","35038","514490"
"6","Plantae","Viburnum lantanoides","Viburnum alnifolium","35265","523239"
