"","Iconic.taxon.name","Scientific.name","Common.name"
"1","Actinopterygii","Perca flavescens","Yellow Perch"
"2","Insecta","Anatis mali","Eye-spotted Lady Beetle"
"3","Insecta","Apis mellifera","Western Honey Bee"
"4","Insecta","Bombus bimaculatus","Two-spotted Bumble Bee"
"5","Insecta","Bombus impatiens","Common Eastern Bumble Bee"
"6","Insecta","Bombus ternarius","Tricolored Bumble Bee"
"7","Insecta","Ellychnia corrusca","Winter Firefly"
"8","Insecta","Evodinus monticola",""
"9","Insecta","Malacosoma americana","Eastern Tent Caterpillar Moth"
"10","Insecta","Rhingia nasica","American Heineken Fly"
"11","Insecta","Trichodezia albovittata","White-striped Black"
