"","Scientific_name","Iconic_taxa","iNat_NPS_matches","iNat_NPSsynonym_matches","iNat_ITIS_synonym_matches","iNat_ITIS_nonsyn_matches","iNaturalist_URL"
"1","Ambystoma maculatum","Amphibia","TRUE","FALSE","FALSE","TRUE","http://www.inaturalist.org/observations/3308563"
"2","Anaxyrus americanus","Amphibia","FALSE","FALSE","FALSE","FALSE","http://www.inaturalist.org/observations/3308573"
"3","Desmognathus fuscus","Amphibia","TRUE","FALSE","FALSE","TRUE","http://www.inaturalist.org/observations/3234989"
"4","Lithobates clamitans","Amphibia","FALSE","FALSE","FALSE","FALSE","http://www.inaturalist.org/observations/3274970"
"5","Plethodon cinereus","Amphibia","TRUE","FALSE","FALSE","TRUE","http://www.inaturalist.org/observations/3274985"
"6","Plethodon cinereus","Amphibia","TRUE","FALSE","FALSE","TRUE","http://www.inaturalist.org/observations/3253858"
"7","Plethodon cinereus","Amphibia","TRUE","FALSE","FALSE","TRUE","http://www.inaturalist.org/observations/3254101"
"8","Plethodon cinereus","Amphibia","TRUE","FALSE","FALSE","TRUE","http://www.inaturalist.org/observations/3254100"
"9","Plethodon cinereus","Amphibia","TRUE","FALSE","FALSE","TRUE","http://www.inaturalist.org/observations/3256446"
"10","Plethodon cinereus","Amphibia","TRUE","FALSE","FALSE","TRUE","http://www.inaturalist.org/observations/3253293"
"11","Plethodon cinereus","Amphibia","TRUE","FALSE","FALSE","TRUE","http://www.inaturalist.org/observations/3253297"
"12","Plethodon cinereus","Amphibia","TRUE","FALSE","FALSE","TRUE","http://www.inaturalist.org/observations/3252436"
"13","Plethodon cinereus","Amphibia","TRUE","FALSE","FALSE","TRUE","http://www.inaturalist.org/observations/3253646"
"14","Plethodon cinereus","Amphibia","TRUE","FALSE","FALSE","TRUE","http://www.inaturalist.org/observations/3252429"
"15","Plethodon cinereus","Amphibia","TRUE","FALSE","FALSE","TRUE","http://www.inaturalist.org/observations/3227788"
"16","Anas platyrhynchos","Aves","TRUE","FALSE","FALSE","TRUE","http://www.inaturalist.org/observations/3274965"
"17","Bombycilla cedrorum","Aves","TRUE","FALSE","FALSE","FALSE","http://www.inaturalist.org/observations/3268404"
"18","Cyanocitta cristata","Aves","TRUE","FALSE","FALSE","FALSE","http://www.inaturalist.org/observations/3231322"
"19","Cyanocitta cristata","Aves","TRUE","FALSE","FALSE","FALSE","http://www.inaturalist.org/observations/3242031"
"20","Meleagris gallopavo","Aves","TRUE","FALSE","FALSE","FALSE","http://www.inaturalist.org/observations/3291262"
"21","Seiurus aurocapilla","Aves","FALSE","FALSE","FALSE","TRUE","http://www.inaturalist.org/observations/3268405"
"22","Seiurus aurocapilla","Aves","FALSE","FALSE","FALSE","TRUE","http://www.inaturalist.org/observations/3288924"
"23","Seiurus aurocapilla","Aves","FALSE","FALSE","FALSE","TRUE","http://www.inaturalist.org/observations/3240717"
"24","Setophaga caerulescens","Aves","FALSE","FALSE","FALSE","TRUE","http://www.inaturalist.org/observations/3254671"
"25","Setophaga pensylvanica","Aves","FALSE","FALSE","FALSE","TRUE","http://www.inaturalist.org/observations/3288929"
"26","Spizella passerina","Aves","TRUE","FALSE","FALSE","FALSE","http://www.inaturalist.org/observations/3268415"
"27","Odocoileus virginianus","Mammalia","TRUE","FALSE","FALSE","TRUE","http://www.inaturalist.org/observations/3291255"
"28","Odocoileus virginianus","Mammalia","TRUE","FALSE","FALSE","TRUE","http://www.inaturalist.org/observations/3236522"
"29","Parascalops breweri","Mammalia","TRUE","FALSE","FALSE","FALSE","http://www.inaturalist.org/observations/3231317"
"30","Tamias striatus","Mammalia","TRUE","FALSE","FALSE","FALSE","http://www.inaturalist.org/observations/3249610"
"31","Tamias striatus","Mammalia","TRUE","FALSE","FALSE","FALSE","http://www.inaturalist.org/observations/3229152"
"32","Tamias striatus","Mammalia","TRUE","FALSE","FALSE","FALSE","http://www.inaturalist.org/observations/3220666"
"33","Tamiasciurus hudsonicus","Mammalia","TRUE","FALSE","FALSE","FALSE","http://www.inaturalist.org/observations/3288971"
"34","Acer pensylvanicum","Plantae","TRUE","FALSE","FALSE","FALSE","http://www.inaturalist.org/observations/3220860"
"35","Acer saccharum","Plantae","TRUE","FALSE","FALSE","FALSE","http://www.inaturalist.org/observations/3254445"
"36","Actaea rubra","Plantae","TRUE","FALSE","FALSE","TRUE","http://www.inaturalist.org/observations/3267325"
"37","Adiantum pedatum","Plantae","TRUE","FALSE","FALSE","FALSE","http://www.inaturalist.org/observations/3252472"
"38","Alliaria petiolata","Plantae","FALSE","FALSE","FALSE","FALSE","http://www.inaturalist.org/observations/3257330"
"39","Alliaria petiolata","Plantae","FALSE","FALSE","FALSE","FALSE","http://www.inaturalist.org/observations/3267463"
"40","Allium tricoccum","Plantae","TRUE","FALSE","FALSE","FALSE","http://www.inaturalist.org/observations/3267840"
"41","Arisaema triphyllum","Plantae","TRUE","FALSE","FALSE","TRUE","http://www.inaturalist.org/observations/3267956"
"42","Asarum canadense","Plantae","TRUE","FALSE","FALSE","TRUE","http://www.inaturalist.org/observations/3267952"
"43","Asarum canadense","Plantae","TRUE","FALSE","FALSE","TRUE","http://www.inaturalist.org/observations/3252477"
"44","Berberis thunbergii","Plantae","TRUE","FALSE","FALSE","TRUE","http://www.inaturalist.org/observations/3257485"
"45","Betula alleghaniensis","Plantae","TRUE","FALSE","FALSE","TRUE","http://www.inaturalist.org/observations/3254095"
"46","Betula alleghaniensis","Plantae","TRUE","FALSE","FALSE","TRUE","http://www.inaturalist.org/observations/3252466"
"47","Betula papyrifera","Plantae","TRUE","FALSE","FALSE","TRUE","http://www.inaturalist.org/observations/3254548"
"48","Botrypus virginianus","Plantae","FALSE","FALSE","FALSE","FALSE","http://www.inaturalist.org/observations/3267406"
"49","Botrypus virginianus","Plantae","FALSE","FALSE","FALSE","FALSE","http://www.inaturalist.org/observations/3234987"
"50","Cardamine diphylla","Plantae","TRUE","FALSE","FALSE","TRUE","http://www.inaturalist.org/observations/3267921"
"51","Carex plantaginea","Plantae","TRUE","FALSE","FALSE","FALSE","http://www.inaturalist.org/observations/3267801"
"52","Chelidonium majus","Plantae","TRUE","FALSE","FALSE","TRUE","http://www.inaturalist.org/observations/3267994"
"53","Chelidonium majus","Plantae","TRUE","FALSE","FALSE","TRUE","http://www.inaturalist.org/observations/3267169"
"54","Convallaria majalis","Plantae","FALSE","FALSE","FALSE","FALSE","http://www.inaturalist.org/observations/3220620"
"55","Dicentra canadensis","Plantae","TRUE","FALSE","FALSE","TRUE","http://www.inaturalist.org/observations/3257311"
"56","Echinocystis lobata","Plantae","TRUE","FALSE","FALSE","TRUE","http://www.inaturalist.org/observations/3254954"
"57","Equisetum arvense","Plantae","TRUE","FALSE","FALSE","TRUE","http://www.inaturalist.org/observations/3274986"
"58","Equisetum variegatum","Plantae","FALSE","FALSE","FALSE","FALSE","http://www.inaturalist.org/observations/3232069"
"59","Erythronium americanum","Plantae","TRUE","FALSE","FALSE","FALSE","http://www.inaturalist.org/observations/3267887"
"60","Fagus grandifolia","Plantae","TRUE","FALSE","FALSE","TRUE","http://www.inaturalist.org/observations/3254564"
"61","Fagus grandifolia","Plantae","TRUE","FALSE","FALSE","TRUE","http://www.inaturalist.org/observations/3254474"
"62","Fagus grandifolia","Plantae","TRUE","FALSE","FALSE","TRUE","http://www.inaturalist.org/observations/3254613"
"63","Fagus grandifolia","Plantae","TRUE","FALSE","FALSE","TRUE","http://www.inaturalist.org/observations/3252457"
"64","Fragaria vesca","Plantae","FALSE","FALSE","FALSE","FALSE","http://www.inaturalist.org/observations/3244616"
"65","Fraxinus americana","Plantae","TRUE","FALSE","FALSE","TRUE","http://www.inaturalist.org/observations/3231311"
"66","Galearis spectabilis","Plantae","FALSE","FALSE","FALSE","TRUE","http://www.inaturalist.org/observations/3226184"
"67","Geranium robertianum","Plantae","TRUE","FALSE","FALSE","FALSE","http://www.inaturalist.org/observations/3267784"
"68","Glechoma hederacea","Plantae","TRUE","FALSE","FALSE","TRUE","http://www.inaturalist.org/observations/3248728"
"69","Glechoma hederacea","Plantae","TRUE","FALSE","FALSE","TRUE","http://www.inaturalist.org/observations/3229015"
"70","Hesperis matronalis","Plantae","TRUE","FALSE","FALSE","TRUE","http://www.inaturalist.org/observations/3245097"
"71","Houstonia caerulea","Plantae","FALSE","FALSE","FALSE","TRUE","http://www.inaturalist.org/observations/3267357"
"72","Maianthemum canadense","Plantae","TRUE","FALSE","FALSE","TRUE","http://www.inaturalist.org/observations/3267364"
"73","Maianthemum canadense","Plantae","TRUE","FALSE","FALSE","TRUE","http://www.inaturalist.org/observations/3254439"
"74","Maianthemum racemosum","Plantae","FALSE","FALSE","FALSE","FALSE","http://www.inaturalist.org/observations/3267789"
"75","Maianthemum racemosum","Plantae","FALSE","FALSE","FALSE","FALSE","http://www.inaturalist.org/observations/3252443"
"76","Matteuccia struthiopteris","Plantae","TRUE","FALSE","FALSE","TRUE","http://www.inaturalist.org/observations/3267780"
"77","Medeola virginiana","Plantae","TRUE","FALSE","FALSE","FALSE","http://www.inaturalist.org/observations/3249498"
"78","Mitchella repens","Plantae","TRUE","FALSE","FALSE","FALSE","http://www.inaturalist.org/observations/3254589"
"79","Onoclea sensibilis","Plantae","TRUE","FALSE","FALSE","FALSE","http://www.inaturalist.org/observations/3225578"
"80","Osmunda claytoniana","Plantae","TRUE","FALSE","FALSE","FALSE","http://www.inaturalist.org/observations/3254483"
"81","Osmunda claytoniana","Plantae","TRUE","FALSE","FALSE","FALSE","http://www.inaturalist.org/observations/3254517"
"82","Picea abies","Plantae","TRUE","FALSE","FALSE","TRUE","http://www.inaturalist.org/observations/3231313"
"83","Pinus strobus","Plantae","TRUE","FALSE","FALSE","TRUE","http://www.inaturalist.org/observations/3257410"
"84","Pinus strobus","Plantae","TRUE","FALSE","FALSE","TRUE","http://www.inaturalist.org/observations/3252451"
"85","Pinus sylvestris","Plantae","TRUE","FALSE","FALSE","FALSE","http://www.inaturalist.org/observations/3254093"
"86","Polystichum acrostichoides","Plantae","TRUE","FALSE","FALSE","TRUE","http://www.inaturalist.org/observations/3257361"
"87","Polystichum acrostichoides","Plantae","TRUE","FALSE","FALSE","TRUE","http://www.inaturalist.org/observations/3252464"
"88","Prunus serotina","Plantae","TRUE","FALSE","FALSE","FALSE","http://www.inaturalist.org/observations/3254554"
"89","Quercus rubra","Plantae","TRUE","FALSE","FALSE","TRUE","http://www.inaturalist.org/observations/3254619"
"90","Quercus rubra","Plantae","TRUE","FALSE","FALSE","TRUE","http://www.inaturalist.org/observations/3253284"
"91","Ranunculus abortivus","Plantae","TRUE","FALSE","FALSE","TRUE","http://www.inaturalist.org/observations/3257060"
"92","Ranunculus abortivus","Plantae","TRUE","FALSE","FALSE","TRUE","http://www.inaturalist.org/observations/3254508"
"93","Ranunculus abortivus","Plantae","TRUE","FALSE","FALSE","TRUE","http://www.inaturalist.org/observations/3249428"
"94","Sambucus racemosa","Plantae","TRUE","FALSE","FALSE","FALSE","http://www.inaturalist.org/observations/3267563"
"95","Sanguinaria canadensis","Plantae","TRUE","FALSE","FALSE","TRUE","http://www.inaturalist.org/observations/3274971"
"96","Sanguinaria canadensis","Plantae","TRUE","FALSE","FALSE","TRUE","http://www.inaturalist.org/observations/3267786"
"97","Securigera varia","Plantae","FALSE","FALSE","FALSE","FALSE","http://www.inaturalist.org/observations/3232276"
"98","Streptopus lanceolatus","Plantae","FALSE","FALSE","FALSE","FALSE","http://www.inaturalist.org/observations/3267944"
"99","Streptopus lanceolatus","Plantae","FALSE","FALSE","FALSE","FALSE","http://www.inaturalist.org/observations/3245429"
"100","Taraxacum officinale","Plantae","TRUE","FALSE","FALSE","TRUE","http://www.inaturalist.org/observations/3267894"
"101","Taraxacum officinale","Plantae","TRUE","FALSE","FALSE","TRUE","http://www.inaturalist.org/observations/3256868"
"102","Taraxacum officinale","Plantae","TRUE","FALSE","FALSE","TRUE","http://www.inaturalist.org/observations/3228085"
"103","Taraxacum officinale","Plantae","TRUE","FALSE","FALSE","TRUE","http://www.inaturalist.org/observations/3228825"
"104","Taraxacum officinale","Plantae","TRUE","FALSE","FALSE","TRUE","http://www.inaturalist.org/observations/3231309"
"105","Tiarella cordifolia","Plantae","TRUE","FALSE","FALSE","TRUE","http://www.inaturalist.org/observations/3267855"
"106","Tiarella cordifolia","Plantae","TRUE","FALSE","FALSE","TRUE","http://www.inaturalist.org/observations/3268005"
"107","Tiarella cordifolia","Plantae","TRUE","FALSE","FALSE","TRUE","http://www.inaturalist.org/observations/3254477"
"108","Trillium erectum","Plantae","TRUE","FALSE","FALSE","TRUE","http://www.inaturalist.org/observations/3267963"
"109","Trillium erectum","Plantae","TRUE","FALSE","FALSE","TRUE","http://www.inaturalist.org/observations/3274982"
"110","Trillium erectum","Plantae","TRUE","FALSE","FALSE","TRUE","http://www.inaturalist.org/observations/3254533"
"111","Trillium erectum","Plantae","TRUE","FALSE","FALSE","TRUE","http://www.inaturalist.org/observations/3254617"
"112","Trillium erectum","Plantae","TRUE","FALSE","FALSE","TRUE","http://www.inaturalist.org/observations/3248791"
"113","Trillium erectum","Plantae","TRUE","FALSE","FALSE","TRUE","http://www.inaturalist.org/observations/3252441"
"114","Trillium erectum","Plantae","TRUE","FALSE","FALSE","TRUE","http://www.inaturalist.org/observations/3253280"
"115","Trillium erectum","Plantae","TRUE","FALSE","FALSE","TRUE","http://www.inaturalist.org/observations/3221118"
"116","Trillium grandiflorum","Plantae","TRUE","FALSE","FALSE","FALSE","http://www.inaturalist.org/observations/3220698"
"117","Tsuga canadensis","Plantae","TRUE","FALSE","FALSE","TRUE","http://www.inaturalist.org/observations/3253285"
"118","Tsuga canadensis","Plantae","TRUE","FALSE","FALSE","TRUE","http://www.inaturalist.org/observations/3252453"
"119","Tussilago farfara","Plantae","TRUE","FALSE","FALSE","FALSE","http://www.inaturalist.org/observations/3254537"
"120","Tussilago farfara","Plantae","TRUE","FALSE","FALSE","FALSE","http://www.inaturalist.org/observations/3231791"
"121","Uvularia perfoliata","Plantae","FALSE","FALSE","FALSE","FALSE","http://www.inaturalist.org/observations/3267735"
"122","Verbascum thapsus","Plantae","TRUE","FALSE","FALSE","FALSE","http://www.inaturalist.org/observations/3252467"
"123","Veronica chamaedrys","Plantae","TRUE","FALSE","FALSE","FALSE","http://www.inaturalist.org/observations/3257013"
"124","Viburnum lantanoides","Plantae","FALSE","FALSE","FALSE","TRUE","http://www.inaturalist.org/observations/3231975"
"125","Vinca minor","Plantae","TRUE","FALSE","FALSE","FALSE","http://www.inaturalist.org/observations/3249459"
"126","Viola canadensis","Plantae","TRUE","FALSE","FALSE","FALSE","http://www.inaturalist.org/observations/3267893"
"127","Viola canadensis","Plantae","TRUE","FALSE","FALSE","FALSE","http://www.inaturalist.org/observations/3257400"
"128","Viola pubescens","Plantae","TRUE","FALSE","FALSE","FALSE","http://www.inaturalist.org/observations/3267407"
"129","Viola sororia","Plantae","TRUE","FALSE","FALSE","FALSE","http://www.inaturalist.org/observations/3274978"
"130","Viola sororia","Plantae","TRUE","FALSE","FALSE","FALSE","http://www.inaturalist.org/observations/3248942"
"131","Chelydra serpentina","Reptilia","TRUE","FALSE","FALSE","TRUE","http://www.inaturalist.org/observations/3252438"
"132","Chrysemys picta","Reptilia","TRUE","FALSE","FALSE","FALSE","http://www.inaturalist.org/observations/3274967"
"133","Chrysemys picta","Reptilia","TRUE","FALSE","FALSE","FALSE","http://www.inaturalist.org/observations/3252432"
"134","Chrysemys picta","Reptilia","TRUE","FALSE","FALSE","FALSE","http://www.inaturalist.org/observations/3228479"
"135","Chrysemys picta","Reptilia","TRUE","FALSE","FALSE","FALSE","http://www.inaturalist.org/observations/3235357"
"136","Chrysemys picta","Reptilia","TRUE","FALSE","FALSE","FALSE","http://www.inaturalist.org/observations/3221094"
"137","Thamnophis sirtalis","Reptilia","TRUE","FALSE","FALSE","TRUE","http://www.inaturalist.org/observations/3292050"
