"","Scientific_name","Iconic_taxa","Match NPSpecies","iNaturalist_Entry_count"
"1","Ambystoma maculatum","Amphibia","Match","1"
"2","Anaxyrus americanus","Amphibia","No Match","1"
"3","Desmognathus fuscus","Amphibia","Match","1"
"4","Lithobates clamitans","Amphibia","No Match","1"
"5","Plethodon cinereus","Amphibia","Match","11"
"6","Anas platyrhynchos","Aves","Match","1"
"7","Bombycilla cedrorum","Aves","Match","1"
"8","Cyanocitta cristata","Aves","Match","2"
"9","Meleagris gallopavo","Aves","Match","1"
"10","Seiurus aurocapilla","Aves","ITIS Match","3"
"11","Setophaga caerulescens","Aves","ITIS Match","1"
"12","Setophaga pensylvanica","Aves","ITIS Match","1"
"13","Spizella passerina","Aves","Match","1"
"14","Odocoileus virginianus","Mammalia","Match","2"
"15","Parascalops breweri","Mammalia","Match","1"
"16","Tamias striatus","Mammalia","Match","3"
"17","Tamiasciurus hudsonicus","Mammalia","Match","1"
"18","Acer pensylvanicum","Plantae","Match","1"
"19","Acer saccharum","Plantae","Match","1"
"20","Actaea rubra","Plantae","Match","1"
"21","Adiantum pedatum","Plantae","Match","1"
"22","Alliaria petiolata","Plantae","No Match","2"
"23","Allium tricoccum","Plantae","Match","1"
"24","Arisaema triphyllum","Plantae","Match","1"
"25","Asarum canadense","Plantae","Match","2"
"26","Berberis thunbergii","Plantae","Match","1"
"27","Betula alleghaniensis","Plantae","Match","2"
"28","Betula papyrifera","Plantae","Match","1"
"29","Botrypus virginianus","Plantae","No Match","2"
"30","Cardamine diphylla","Plantae","Match","1"
"31","Carex plantaginea","Plantae","Match","1"
"32","Chelidonium majus","Plantae","Match","2"
"33","Convallaria majalis","Plantae","No Match","1"
"34","Dicentra canadensis","Plantae","Match","1"
"35","Echinocystis lobata","Plantae","Match","1"
"36","Equisetum arvense","Plantae","Match","1"
"37","Equisetum variegatum","Plantae","No Match","1"
"38","Erythronium americanum","Plantae","Match","1"
"39","Fagus grandifolia","Plantae","Match","4"
"40","Fragaria vesca","Plantae","No Match","1"
"41","Fraxinus americana","Plantae","Match","1"
"42","Galearis spectabilis","Plantae","ITIS Match","1"
"43","Geranium robertianum","Plantae","Match","1"
"44","Glechoma hederacea","Plantae","Match","2"
"45","Hesperis matronalis","Plantae","Match","1"
"46","Houstonia caerulea","Plantae","ITIS Match","1"
"47","Maianthemum canadense","Plantae","Match","2"
"48","Maianthemum racemosum","Plantae","No Match","2"
"49","Matteuccia struthiopteris","Plantae","Match","1"
"50","Medeola virginiana","Plantae","Match","1"
"51","Mitchella repens","Plantae","Match","1"
"52","Onoclea sensibilis","Plantae","Match","1"
"53","Osmunda claytoniana","Plantae","Match","2"
"54","Picea abies","Plantae","Match","1"
"55","Pinus strobus","Plantae","Match","2"
"56","Pinus sylvestris","Plantae","Match","1"
"57","Polystichum acrostichoides","Plantae","Match","2"
"58","Prunus serotina","Plantae","Match","1"
"59","Quercus rubra","Plantae","Match","2"
"60","Ranunculus abortivus","Plantae","Match","3"
"61","Sambucus racemosa","Plantae","Match","1"
"62","Sanguinaria canadensis","Plantae","Match","2"
"63","Securigera varia","Plantae","No Match","1"
"64","Streptopus lanceolatus","Plantae","No Match","2"
"65","Taraxacum officinale","Plantae","Match","5"
"66","Tiarella cordifolia","Plantae","Match","3"
"67","Trillium erectum","Plantae","Match","8"
"68","Trillium grandiflorum","Plantae","Match","1"
"69","Tsuga canadensis","Plantae","Match","2"
"70","Tussilago farfara","Plantae","Match","2"
"71","Uvularia perfoliata","Plantae","No Match","1"
"72","Verbascum thapsus","Plantae","Match","1"
"73","Veronica chamaedrys","Plantae","Match","1"
"74","Viburnum lantanoides","Plantae","ITIS Match","1"
"75","Vinca minor","Plantae","Match","1"
"76","Viola canadensis","Plantae","Match","2"
"77","Viola pubescens","Plantae","Match","1"
"78","Viola sororia","Plantae","Match","2"
"79","Chelydra serpentina","Reptilia","Match","1"
"80","Chrysemys picta","Reptilia","Match","5"
"81","Thamnophis sirtalis","Reptilia","Match","1"
"82","Perca flavescens","Actinopterygii","Table 4","2"
"83","Bombus bimaculatus","Insecta","Table 4","6"
"84","Trichodezia albovittata","Insecta","Table 4","2"
"85","Bombus impatiens","Insecta","Table 4","5"
"86","Malacosoma americana","Insecta","Table 4","3"
"87","Evodinus monticola","Insecta","Table 4","3"
"88","Apis mellifera","Insecta","Table 4","15"
"89","Bombus ternarius","Insecta","Table 4","2"
"90","Rhingia nasica","Insecta","Table 4","1"
"91","Anatis mali","Insecta","Table 4","2"
"92","Ellychnia corrusca","Insecta","Table 4","1"
