"","Iconic_taxa","Scientific_name","Occurences in BISON","Invasive.Record"
"1","Amphibia","Desmognathus conanti","NC 17; IN 5; TN 425; KY 150; FL 1054; AL 196; AR 13; SC 140; MS 108; IL 46; TX 7; LA 94; GA 392","No"
"2","Amphibia","Eurycea paludicola","No data available","No"
"3","Mammalia","Canis familiaris","NC 22; IN 6; WY 7; BC CAN 1; GU 1; AB CAN 1; AZ 174; MT 20; KY 21; CA 111; KS 20; FL 27; DE 5; PA 24; MS 5; IA 1; TX 151; IL 30; CT 23; GA 6; VA 34; MD 13; ID 20; OR 7; VT 1; PR 4; ME 24; TN 11; OK 7; AS 1; AL 9; AR 4; WA 25; SC 5; NE 5; ON CAN 50; WV 3; MA 27; CO 18; MO 6; QC CAN 2; AK 230; USVI 1; ND 3; WI 4; NV 5; NY 104; DC 31; CNMI 1; HI 11; SD 3; MN 3; NL CAN 2; NJ 6; MI 2; NU CAN 10; NM 144; NH 3; LA 47; OH 104; NT CAN 12","No"
"4","Plantae","Amphicarpaea bracteata","NC 682; VT 95; IN 156; WY 2; TN 207; ME 63; OK 26; AL 32; AR 45; SC 185; WA 4; NE 45; WV 474; ON CAN 116; MB CAN 14; MA 156; MO 366; QC CAN 45; ND 26; WI 211; NY 203; DC 70; RI 20; KY 121; SD 16; MN 129; KS 127; FL 20; DE 6; NJ 87; PA 134; MI 94; NB CAN 5; IA 64; MS 36; IL 181; TX 27; NS CAN 5; NH 66; CT 55; LA 46; OH 137; GA 92; VA 792; MD 160","No"
"5","Plantae","Asclepias viridiflora","NC 68; IN 31; WY 18; OK 83; TN 34; BC CAN 1; SK CAN 7; AL 26; AR 34; SC 41; NE 109; ON CAN 13; WV 7; MB CAN 14; CO 109; MO 218; AB CAN 1; ND 52; WI 95; AZ 10; NY 37; DC 6; MT 31; KY 33; SD 86; MN 57; KS 434; FL 10; DE 1; NJ 18; MI 73; PA 44; IA 31; MS 23; NM 35; TX 465; IL 143; CT 16; LA 33; OH 97; GA 20; VA 76; MD 29","No"
"6","Plantae","Aureolaria virginica","NC 257; VT 6; IN 26; TN 56; AL 33; SC 85; WV 45; ON CAN 1; MA 27; MO 1; NY 67; DC 15; RI 4; KY 36; FL 11; DE 4; NJ 33; PA 66; MI 37; MS 17; TX 8; CT 48; NH 26; LA 39; OH 41; GA 37; VA 170; MD 28","No"
"7","Plantae","Bacopa rotundifolia","NC 5; IN 27; WY 7; OK 15; TN 11; SK CAN 1; AL 11; AR 30; NE 29; CO 7; MO 107; AB CAN 1; ND 15; AZ 2; WI 1; MT 5; KY 13; SD 29; MN 46; KS 88; CA 54; MS 11; IA 2; NM 4; TX 50; IL 45; LA 87; VA 5; ID 5","No"
"8","Plantae","Bidens laevis","NC 31; OR 1; IN 1; OK 1; BC CAN 1; AL 16; AR 4; SC 43; NE 6; WV 1; MA 18; MO 4; AZ 28; WI 1; NV 4; NY 56; DC 9; RI 1; MT 2; HI 6; MN 1; CA 405; KS 1; FL 99; DE 4; NJ 39; PA 23; IA 1; MS 1; NM 10; TX 47; IL 2; CT 61; NH 5; LA 61; OH 3; GA 3; VA 126; MD 33","No"
"9","Plantae","Calyptocarpus vialis","OK 3; HI 63; CA 3; FL 144; AL 11; AR 1; SC 3; MS 7; NM 2; TX 1279; LA 112; GA 1; AZ 8","No"
"10","Plantae","Castilleja indivisa","TX 1255; OK 79; MA 1; LA 20; FL 24; AL 2; AR 6; WA 1","No"
"11","Plantae","Colocasia esculenta","NC 6; PR 9; HI 243; AS 1; CA 7; FL 191; AL 18; SC 15; WA 2; MS 54; TX 82; IL 1; MO 3; LA 116; GU 1; GA 8; MD 1; AZ 1","Yes"
"12","Plantae","Croton heptalon","TX 30","No"
"13","Plantae","Cyperus blepharoleptos","LA 2; FL 31; AL 1","No"
"14","Plantae","Desmodium fernaldii","NC 34; MS 5; TX 3; LA 7; GA 2; FL 16; AL 1; VA 13; SC 21","No"
"15","Plantae","Desmodium lineatum","NC 134; OR 1; DC 1; FL 119; AL 16; SC 82; NJ 1; WV 5; MS 13; TX 6; LA 38; OH 1; GA 49; VA 14; MD 10","No"
"16","Plantae","Ditrysinia fruticosa","NC 12; MS 48; TX 31; LA 88; GA 45; FL 144; AL 48; AR 1; SC 65","No"
"17","Plantae","Endodeca serpentaria","NC 678; TN 11; KY 17; FL 64; AL 28; AR 18; SC 176; PA 3; WV 30; MS 9; TX 36; IL 8; MO 2; LA 6; OH 7; GA 42; VA 281; MD 43","No"
"18","Plantae","Eragrostis reptans","OR 3; NC 1; NY 8; IN 2; OK 7; TN 4; KY 1; SD 12; MN 1; KS 52; CA 6; DE 1; AR 8; WA 3; MI 2; PA 2; NM 1; TX 113; IL 5; MO 23; CT 1; LA 24; OH 2; MD 2","No"
"19","Plantae","Erechtites hieraciifolius","NC 233; VT 10; IN 5; TN 10; AL 4; AR 1; SC 122; WV 23; ON CAN 20; MA 9; MO 5; WI 14; NY 26; RI 8; DC 5; MN 1; CA 3; KS 3; FL 29; NJ 65; PA 14; MI 10; NB CAN 2; MS 4; IA 1; IL 19; TX 18; NS CAN 1; CT 7; NH 3; LA 1; OH 21; GA 11; VA 280; MD 73","Yes"
"20","Plantae","Euphorbia hyssopifolia","NC 7; NY 1; PR 48; OK 1; TN 1; HI 42; CA 3; KS 1; FL 228; AL 6; AR 1; UT 9; SC 5; MS 8; NM 18; TX 65; CT 1; LA 14; USVI 3; OH 1; GA 4; AZ 127; NV 1","No"
"21","Plantae","Euphorbia prostrata","NC 1; PR 19; OK 5; TN 3; AS 1; AL 8; AR 3; SC 3; UT 2; NE 3; WV 1; CO 4; MO 44; GU 2; USVI 2; AZ 46; WI 1; CNMI 2; KY 3; HI 64; CA 97; KS 44; FL 37; MI 1; MS 2; IA 1; NM 4; TX 215; IL 7; LA 21; OH 9; VA 3","No"
"22","Plantae","Gonolobus suberosus","NC 17; IN 1; TN 7; OK 3; KY 4; FL 90; AL 12; AR 4; SC 37; MS 6; TX 121; MO 27; LA 19; GA 11; VA 29","No"
"23","Plantae","Habenaria repens","NC 32; NY 1; PR 6; MT 1; OK 6; HI 1; KS 1; FL 229; AL 21; AR 17; SC 88; MS 8; TX 43; LA 103; GA 25","No"
"24","Plantae","Hexasepalum teres","NC 7; MS 13; LA 4; GA 6; FL 98; AL 2; AR 3; SC 1","No"
"25","Plantae","Hydrocotyle ranunculoides","OR 36; NC 31; IN 1; TN 5; OK 3; BC CAN 10; AL 29; AR 18; SC 50; WA 40; WV 14; MO 12; AZ 9; DC 10; NY 4; KY 6; CA 288; KS 23; FL 64; DE 2; NJ 10; PA 10; MS 20; NU CAN 1; NM 2; TX 34; IL 18; NS CAN 1; CT 1; LA 75; OH 10; GA 5; VA 71; MD 17","No"
"26","Plantae","Hydrocotyle umbellata","NC 118; OR 1; PR 4; IN 26; TN 3; AL 32; AR 7; SC 88; MA 12; NV 1; RI 11; NY 9; CA 113; FL 275; DE 3; NJ 16; MI 17; PA 15; MS 22; TX 102; NS CAN 4; IL 1; CT 65; LA 91; OH 12; GA 23; VA 97; MD 5","No"
"27","Plantae","Hypericum cistifolium","NC 72; NY 1; MT 17; IN 1; OK 1; KS 3; FL 436; AL 26; SC 66; MS 32; TX 6; LA 41; GA 46","No"
"28","Plantae","Ilex glabra","NC 739; OR 1; VT 1; ME 4; TN 3; OK 1; AL 68; SC 364; WA 1; MA 47; CO 1; NY 45; RI 21; FL 902; DE 6; NJ 154; PA 12; MS 60; NS CAN 52; TX 7; CT 25; NH 2; LA 106; GA 129; VA 68; MD 21","No"
"29","Plantae","Lantana camara","NC 3; PR 55; OK 3; TN 1; AS 2; AL 17; SC 25; UT 2; CO 4; MA 1; MO 3; GU 1; USVI 1; AZ 17; NY 3; CNMI 2; DC 1; HI 250; CA 54; KS 1; FL 369; PA 2; MS 9; TX 437; CT 2; LA 107; OH 1; GA 20; VA 4; MD 1","Yes"
"30","Plantae","Lycoris radiata","NC 6; TN 4; KY 1; HI 2; BC CAN 1; KS 1; AL 11; FL 8; SC 4; MS 6; TX 18; IL 1; LA 29; VA 4; MD 1","No"
"31","Plantae","Malvaviscus arboreus","NC 1; DC 1; PR 3; OK 1; HI 3; CA 13; FL 27; AL 3; AR 2; SC 2; MS 3; TX 574; CO 1; LA 40; GA 2; AZ 1","No"
"32","Plantae","Mikania cordifolia","MS 77; PR 34; TX 5; LA 40; USVI 1; GA 4; FL 118; AL 1","No"
"33","Plantae","Pleopeltis michauxiana","NC 234; IN 3; TN 20; OK 2; KY 11; FL 259; AL 29; AR 19; SC 156; MI 1; WV 3; MS 16; TX 33; IL 1; MO 6; LA 21; OH 1; GA 51; VA 13; MD 1","No"
"34","Plantae","Pluchea odorata","NC 48; PR 23; OK 32; AL 14; AR 18; SC 42; UT 5; WA 1; MA 17; USVI 5; AZ 72; NV 8; NY 55; RI 6; DC 2; HI 5; CA 465; KS 47; FL 479; DE 8; NJ 35; PA 11; MI 4; MS 11; NM 12; TX 324; IL 1; CT 8; LA 105; GA 16; VA 94; MD 42","No"
"35","Plantae","Pontederia crassipes","No data available","No"
"36","Plantae","Potentilla indica","NC 221; OR 3; VT 2; IN 8; TN 68; OK 14; AL 28; AR 10; SC 32; WA 1; NE 3; WV 23; ON CAN 15; MA 6; CO 1; MO 24; WI 4; NY 67; DC 55; KY 22; MN 1; CA 106; KS 4; DE 13; FL 8; NJ 134; PA 56; MI 11; MS 9; TX 120; IL 63; CT 9; LA 47; OH 76; GA 18; MD 217; VA 158","Yes"
"37","Plantae","Ptilimnium nuttallii","MS 9; MT 1; TX 95; OK 32; TN 11; IL 7; MO 122; KY 29; LA 40; KS 42; AL 2; AR 99","No"
"38","Plantae","Sceptridium biternatum","NC 153; TX 15; TN 14; OK 1; LA 3; GA 3; FL 3; AL 1; VA 20; AR 8; SC 36","No"
"39","Plantae","Silphium asteriscus","NC 85; NY 4; MT 1; TN 36; OK 2; KY 2; FL 83; AL 44; AR 10; SC 64; WV 9; MS 46; TX 21; MO 40; LA 20; OH 1; GA 55; VA 61; MD 9","No"
"40","Plantae","Silphium radula","MS 2; TX 124; OK 11; MO 4; LA 35; GA 5; KS 1; AL 7; AR 36; SC 12","No"
"41","Plantae","Solanum viarum","NY 9; PR 1; IN 2; HI 3; CA 4; FL 179; AL 17; AR 1; UT 1; PA 1; MS 99; TX 6; CO 1; GA 1","Yes"
"42","Plantae","Solidago radula","NC 17; MT 1; IN 1; OK 21; TN 1; KY 2; KS 8; AL 2; AR 97; SC 5; NE 6; ON CAN 1; IA 1; MS 1; TX 164; IL 50; MO 324; LA 37; GA 5; WI 1","No"
"43","Plantae","Solidago rigida","NC 4; IN 64; OK 9; TN 6; SK CAN 6; AL 7; AR 3; SC 8; NE 20; ON CAN 11; MB CAN 23; CO 17; MA 3; MO 30; QC CAN 1; AB CAN 8; ND 5; WI 159; NY 18; DC 7; MT 12; KY 4; SD 13; MN 39; KS 54; CA 1; NJ 2; MI 47; PA 7; IA 23; MS 3; NM 10; IL 112; TX 22; CT 60; NH 1; LA 18; OH 28; GA 2; VA 10; MD 5; ID 1","No"
"44","Plantae","Sphenoclea zeylanica","NC 2; MS 14; PR 9; TX 28; MO 12; LA 123; GA 2; FL 11; AL 7; AR 32; SC 13","No"
"45","Plantae","Staehelina elegans","SC 1","No"
"46","Plantae","Thelesperma filifolium","NY 3; WY 5; OK 60; SD 6; KS 24; CA 4; FL 2; AR 15; NE 26; MI 1; MS 8; NM 37; TX 741; CO 96; MO 29; LA 9","No"
"47","Plantae","Thelypteris palustris","VT 48; NC 44; IN 57; TN 29; ME 21; OK 1; PE CAN 3; AL 40; AR 14; SC 39; NE 25; ON CAN 102; WV 43; MB CAN 4; MA 80; MO 30; QC CAN 15; ND 25; WI 136; NY 197; DC 15; RI 6; KY 20; SD 8; MN 97; KS 19; CA 6; NL CAN 1; FL 96; DE 5; NJ 111; PA 92; MI 83; NB CAN 4; IA 20; MS 19; IL 59; TX 19; NS CAN 5; CT 46; NH 14; LA 69; OH 91; GA 4; VA 297; MD 37","No"
"48","Plantae","Vernonia baldwinii","NC 1; OK 81; TN 1; KY 2; SD 1; MN 3; KS 195; CA 2; AL 2; AR 73; NE 44; MI 1; IA 19; TX 411; IL 23; CO 7; MO 204; LA 8; GA 1; VA 1","No"
"49","Plantae","Vitis riparia","NC 14; IN 140; WY 11; BC CAN 5; AZ 3; MT 13; KY 31; KS 277; CA 6; DE 2; PA 69; IA 41; MS 4; IL 300; TX 25; NS CAN 1; CT 63; GA 2; VA 85; MD 37; ID 2; VT 68; OR 4; OK 29; ME 23; TN 11; AL 2; AR 35; WA 16; NE 80; ON CAN 274; WV 125; MB CAN 10; CO 112; MA 33; MO 245; QC CAN 47; ND 29; WI 180; NY 125; DC 11; RI 2; SD 48; MN 133; NJ 27; MI 269; NB CAN 7; NM 7; NH 15; LA 33; OH 110","No"
"50","Plantae","Vitis vulpina","NC 98; VT 3; IN 92; TN 89; OK 50; ME 4; AL 67; AR 58; SC 76; WA 1; NE 28; WV 187; ON CAN 3; CO 5; MA 3; MO 268; QC CAN 5; ND 3; WI 140; AZ 1; DC 51; NY 26; MT 1; KY 118; SD 4; MN 7; KS 104; CA 91; FL 55; DE 2; NJ 33; PA 70; MI 25; IA 50; MS 36; NM 2; IL 122; TX 91; CT 24; NH 1; LA 55; OH 87; GA 37; VA 750; MD 210","No"
"51","Plantae","Xyris drummondii","MS 61; TX 24; LA 101; GA 4; FL 72; AL 45","No"
"52","Reptilia","Hemidactylus turcicus","NC 11; IN 1; OK 65; TN 2; CA 345; KS 24; FL 946; AL 47; AR 16; SC 16; UT 2; MS 32; NM 16; TX 2311; IL 2; CO 1; MO 2; LA 357; OH 1; GA 38; VA 12; MD 2; AZ 220; NV 24","No"
