"","Iconic.taxon.name","Scientific.name","Common.name"
"1","Animalia","Callinectes sapidus","Atlantic Blue Crab"
"2","Animalia","Narceus americanus","American Giant Millipede"
"3","Animalia","Oxidus gracilis","Greenhouse Millipede"
"4","Animalia","Theatops posticus",""
"5","Arachnida","Amblyomma americanum","Lone Star Tick"
"6","Arachnida","Anasaitis canosa","Twin-flagged Jumping Spider"
"7","Arachnida","Araneus detrimentosus",""
"8","Arachnida","Argiope aurantia","Yellow Garden Spider"
"9","Arachnida","Argyrodes elevatus","American Dewdrop Spider"
"10","Arachnida","Cyclosa caroli",""
"11","Arachnida","Eriophora ravilla","Tropical Orbweaver"
"12","Arachnida","Frontinella pyramitela","Bowl-and-doily Spider"
"13","Arachnida","Gasteracantha cancriformis","Spinybacked Orbweaver"
"14","Arachnida","Hogna carolinensis","Carolina Wolf Spider"
"15","Arachnida","Ixodes scapularis","Eastern Black-legged Tick"
"16","Arachnida","Lyssomanes viridis","Magnolia Green Jumping Spider"
"17","Arachnida","Mangora gibberosa","lined orbweaver"
"18","Arachnida","Neoscona domiciliorum","Red-femured Spotted Orbweaver"
"19","Arachnida","Neriene radiata","Filmy Dome Spider"
"20","Arachnida","Phidippus cardinalis","Cardinal Jumping Spider"
"21","Arachnida","Pisaurina mira","American Nursery Web Spider"
"22","Arachnida","Rabidosa punctulata","Dotted Wolf Spider"
"23","Arachnida","Rabidosa rabida","Rabid Wolf Spider"
"24","Arachnida","Trichonephila clavipes","Golden Silk Spider"
"25","Arachnida","Verrucosa arenata","Arrowhead Orbweaver"
"26","Arachnida","Vonones sayi",""
"27","Fungi","Amanita cokeri","Coker's amanita"
"28","Fungi","Amanita vaginata","grisette"
"29","Fungi","Cantharellus cinnabarinus","Red Chanterelle"
"30","Fungi","Craterellus fallax","Black Trumpet"
"31","Fungi","Laccaria laccata","deceiver"
"32","Fungi","Lactarius indigo","indigo milk cap"
"33","Fungi","Oudemansiella furfuracea",""
"34","Fungi","Phallus ravenelii","Ravenel's stinkhorn"
"35","Fungi","Pleurotus ostreatus","Oyster Mushroom"
"36","Fungi","Stereum complicatum","crowded parchment"
"37","Fungi","Stereum ostrea","false turkey-tail"
"38","Fungi","Trametes versicolor","turkey-tail"
"39","Fungi","Usnea strigosa","Bushy beard lichen"
"40","Insecta","Acharia stimulea","Saddleback Caterpillar Moth"
"41","Insecta","Achyra rantalis","Garden Webworm Moth"
"42","Insecta","Acrolophus arcanella","Arcane Grass Tubeworm Moth"
"43","Insecta","Actias luna","North American Luna Moth"
"44","Insecta","Aedes vexans","Inland Floodwater Mosquito"
"45","Insecta","Agraulis vanillae","Gulf Fritillary"
"46","Insecta","Amblyscirtes aesculapius","Lace-winged Roadside-Skipper"
"47","Insecta","Amphibolips quercusjuglans","Acorn Plum Gall Wasp"
"48","Insecta","Anageshna primordialis","Yellow-spotted Webworm Moth"
"49","Insecta","Anax junius","Common Green Darner"
"50","Insecta","Ancylis divisana","Two-toned Ancylis Moth"
"51","Insecta","Anicla infecta","Green Cutworm Moth"
"52","Insecta","Anisota stigma","Spiny Oakworm Moth"
"53","Insecta","Anticarsia gemmatalis","Velvetbean Caterpillar Moth"
"54","Insecta","Apatelodes torrefacta","Spotted Apatelodes Moth"
"55","Insecta","Apis mellifera","Western Honey Bee"
"56","Insecta","Argia apicalis","Blue-fronted Dancer"
"57","Insecta","Argyria lacteella","Milky Argyria Moth"
"58","Insecta","Argyrostrotis deleta","Ruined Chocolate"
"59","Insecta","Argyrotaenia kimballi","Kimball's Leafroller Moth"
"60","Insecta","Astylopsis sexguttata",""
"61","Insecta","Ategumia ebulealis","Clidemia Leafroller"
"62","Insecta","Athetis tarda","Slowpoke Moth"
"63","Insecta","Atta texana","Texas Leaf-cutter Ant"
"64","Insecta","Atteva aurea","Ailanthus Webworm Moth"
"65","Insecta","Automeris io","Io Moth"
"66","Insecta","Battus philenor","Pipevine Swallowtail"
"67","Insecta","Bittacomorpha clavipes","Eastern Phantom Crane Fly"
"68","Insecta","Bombus impatiens","Common Eastern Bumble Bee"
"69","Insecta","Bombus pensylvanicus","American Bumble Bee"
"70","Insecta","Buenoa",""
"71","Insecta","Caenia dimidiata","Terminal Net-winged Beetle"
"72","Insecta","Calopteryx maculata","Ebony Jewelwing"
"73","Insecta","Calycopis cecrops","Red-banded Hairstreak"
"74","Insecta","Calycopis isobeon","Dusky-blue Groundstreak"
"75","Insecta","Camponotus pennsylvanicus","Eastern Black Carpenter Ant"
"76","Insecta","Carposina sasakii","Peach Fruit Moth"
"77","Insecta","Catonia picta",""
"78","Insecta","Chauliodes rastricornis","Spring Fishfly"
"79","Insecta","Chrysodeixis includens","Soybean Looper Moth"
"80","Insecta","Cicindela sexguttata","Six-spotted Tiger Beetle"
"81","Insecta","Cixidia opaca",""
"82","Insecta","Clogmia albipunctata","Bathroom Moth Midge"
"83","Insecta","Condica mobilis","Mobile Groundling"
"84","Insecta","Condica videns","White-dotted Groundling"
"85","Insecta","Crambidia pallida","Pale Lichen Moth"
"86","Insecta","Crambus quinquareatus","Large-striped Grass-veneer"
"87","Insecta","Cyclophora packardi","Packard's Wave"
"88","Insecta","Cydia latiferreana","Filbertworm Moth"
"89","Insecta","Dasychira manto","Manto Tussock Moth"
"90","Insecta","Dasymutilla occidentalis","Common Eastern Velvet Ant"
"91","Insecta","Dasymutilla quadriguttata","Four-spotted Velvet Ant"
"92","Insecta","Dendroctonus terebrans","Black Turpentine Beetle"
"93","Insecta","Diabrotica undecimpunctata","Spotted Cucumber Beetle"
"94","Insecta","Diacme adipaloides","Darker Diacme Moth"
"95","Insecta","Diasemiodes janassialis","Pied Shawl Moth"
"96","Insecta","Diasemiodes nigralis","Black shawl moth"
"97","Insecta","Diathrausta reconditalis","Recondite Webworm Moth"
"98","Insecta","Diatraea lisetta","Dotted Diatraea"
"99","Insecta","Dichotomius carolinus","Carolina Copris"
"100","Insecta","Dichotomius colonicus",""
"101","Insecta","Dichromorpha viridis","Short-winged Green Grasshopper"
"102","Insecta","Digitonthophagus gazella","Gazelle Scarab"
"103","Insecta","Diolcus chrysorrhoeus",""
"104","Insecta","Dioryctria amatella","Southern Pine Coneworm Moth"
"105","Insecta","Dircaea liturata",""
"106","Insecta","Dolba hyloeus","Pawpaw Sphinx"
"107","Insecta","Drymoana blanchardi",""
"108","Insecta","Eacles imperialis","Imperial Moth"
"109","Insecta","Elaphria exesa","Exesa Midget Moth"
"110","Insecta","Elophila gyralis","Waterlily Borer Moth"
"111","Insecta","Elophila obliteralis","Waterlily Leafcutter Moth"
"112","Insecta","Enyo lugubris","Mournful Sphinx"
"113","Insecta","Epiblema otiosana","Bidens Borer Moth"
"114","Insecta","Episimus tyrius","Maple Tip Borer Moth"
"115","Insecta","Eristalis transversa","Transverse-banded Flower Fly"
"116","Insecta","Erythemis simplicicollis","Eastern Pondhawk"
"117","Insecta","Estigmene acrea","Salt Marsh Moth"
"118","Insecta","Eublemma minima","Everlasting Bud Moth"
"119","Insecta","Eudonia heterosalis",""
"120","Insecta","Eudryas unio","Pearly Wood-nymph"
"121","Insecta","Eugnosta bimaculana","Two-spotted Eugnosta Moth"
"122","Insecta","Eugnosta sartana","Broad-patch Carolella Moth"
"123","Insecta","Eumenes fraternus","Fraternal Potter Wasp"
"124","Insecta","Eupithecia miserulata","Common Eupithecia Moth"
"125","Insecta","Euptoieta claudia","Variegated Fritillary"
"126","Insecta","Eusarca confusaria","Confused Eusarca Moth"
"127","Insecta","Euschistus obscurus",""
"128","Insecta","Euschistus tristigmus","Dusky Stink Bug"
"129","Insecta","Excultanus excultus",""
"130","Insecta","Exyra semicrocea","Pitcher Plant Mining Moth"
"131","Insecta","Flatoidinus punctatus",""
"132","Insecta","Galerita bicolor","False Bombardier Beetle"
"133","Insecta","Glaphyria sesquistrialis","White-roped Glaphyria Moth"
"134","Insecta","Halictus ligatus","Ligated Furrow Bee"
"135","Insecta","Hapithus agitator","Restless Bush Cricket"
"136","Insecta","Harmonia axyridis","Asian Lady Beetle"
"137","Insecta","Hemiargus ceraunus","Ceraunus Blue"
"138","Insecta","Hermeuptychia",""
"139","Insecta","Hermeuptychia intricata","Intricate Satyr"
"140","Insecta","Hermeuptychia sosybius","Carolina Satyr"
"141","Insecta","Herpetogramma fluctuosalis","Greater Sweet Potato Webworm Moth"
"142","Insecta","Herpetogramma phaeopteralis","Dusky Herpetogramma Moth"
"143","Insecta","Hetaerina titia","Smoky Rubyspot"
"144","Insecta","Homostinea curviliniella","Curve-lined Homostinea Moth"
"145","Insecta","Hybroma servulella","Yellow Wave Moth"
"146","Insecta","Hydaticus bimarginatus",""
"147","Insecta","Hydrocanthus atripennis",""
"148","Insecta","Hydrochus",""
"149","Insecta","Hypena degesalis",""
"150","Insecta","Hypena scabra","Green Cloverworm Moth"
"151","Insecta","Hyphantria cunea","Fall Webworm Moth"
"152","Insecta","Hypsopygia binodulalis","Pink-fringed Dolichomia Moth"
"153","Insecta","Idaea obfusaria","Rippled Wave"
"154","Insecta","Idaea tacturata","Dot-lined Wave"
"155","Insecta","Idia americalis","American Idia Moth"
"156","Insecta","Idia diminuendis","Orange-spotted Idia Moth"
"157","Insecta","Ischnura posita","Fragile Forktail"
"158","Insecta","Ischnura ramburii","Rambur's Forktail"
"159","Insecta","Isoparce cupressi","Cypress Sphinx"
"160","Insecta","Jikradia olitoria","Coppery Leafhopper"
"161","Insecta","Junonia coenia","Common Buckeye"
"162","Insecta","Lascoria ambigualis","Ambiguous Moth"
"163","Insecta","Leptostales laevitaria","Raspberry Wave"
"164","Insecta","Leptostales pannaria","Pannaria Wave"
"165","Insecta","Leptysma marginicollis","Cattail Toothpick Grasshopper"
"166","Insecta","Lestes australis","Southern Spreadwing"
"167","Insecta","Lethe portlandia","Southern Pearly-eye"
"168","Insecta","Limenitis archippus","Viceroy"
"169","Insecta","Lobocleta plemyraria","Straight-lined Wave"
"170","Insecta","Macaria transitaria","Blurry Chocolate Angle"
"171","Insecta","Macrostemum carolina",""
"172","Insecta","Megachile xylocopoides","Carpenter-mimic Leafcutter Bee"
"173","Insecta","Mesophleps adustipennis","Soybean Webworm Moth"
"174","Insecta","Metalectra richardsi","Richards' Fungus Moth"
"175","Insecta","Microcrambus elegans","Elegant Grass-veneer"
"176","Insecta","Milesia virginiensis","Virginia Flower Fly"
"177","Insecta","Miogryllus verticalis",""
"178","Insecta","Mocis latipes","Small Mocis Moth"
"179","Insecta","Mocis marcida","Withered Mocis"
"180","Insecta","Monochamus carolinensis","Carolina Pine Sawyer"
"181","Insecta","Mormidea lugens",""
"182","Insecta","Myodocha serripes","Long-necked Seed Bug"
"183","Insecta","Neoconocephalus retusus","Round-tipped Conehead"
"184","Insecta","Neoconocephalus triops","Broad-tipped Conehead"
"185","Insecta","Neodiprion lecontei","Red-headed pine sawfly"
"186","Insecta","Nola cereella","Sorghum Webworm Moth"
"187","Insecta","Ocyptamus fuscipennis","Dusky-winged Hover Fly"
"188","Insecta","Odontotaenius disjunctus","Horned Passalus Beetle"
"189","Insecta","Orchelimum erythrocephalum","Red-headed Meadow Katydid"
"190","Insecta","Orsilochides guttata","Shield-backed Bug"
"191","Insecta","Orthemis ferruginea","Roseate Skimmer"
"192","Insecta","Ostrinia penitalis","American Lotus Borer Moth"
"193","Insecta","Ozarba aeria","Aerial Brown"
"194","Insecta","Pachydiplax longipennis","Blue Dasher"
"195","Insecta","Palthis asopialis","Faint-spotted Palthis Moth"
"196","Insecta","Panoquina ocola","Ocola Skipper"
"197","Insecta","Parapediasia teterrellus","Bluegrass Webworm Moth"
"198","Insecta","Parapoynx allionealis","Watermilfoil Leafcutter Moth"
"199","Insecta","Paraulacizes irrorata","Speckled Sharpshooter"
"200","Insecta","Peridea angulosa","Angulose Prominent"
"201","Insecta","Perimede erransella","Gray Perimede Moth"
"202","Insecta","Periplaneta fuliginosa","Smoky-brown Cockroach"
"203","Insecta","Phoebis sennae","Cloudless Sulphur"
"204","Insecta","Phosphila turbulenta","Turbulent Phosphila Moth"
"205","Insecta","Phyciodes phaon","Phaon Crescent"
"206","Insecta","Phyciodes tharos","Pearl Crescent"
"207","Insecta","Pintalia vibex",""
"208","Insecta","Platynota flavedana","Black-shaded Platynota Moth"
"209","Insecta","Plecia nearctica","Common Lovebug"
"210","Insecta","Pleuroprucha insulsaria","Common Tan Wave"
"211","Insecta","Poanes yehl","Yehl Skipper"
"212","Insecta","Pococera asperatella","Maple Webworm Moth"
"213","Insecta","Poecilanthrax lucifer",""
"214","Insecta","Polistes metricus","Metric Paper Wasp"
"215","Insecta","Polistes rubiginosus","Coarse-backed Red Paper Wasp"
"216","Insecta","Polites vibex","Whirlabout"
"217","Insecta","Polygonia interrogationis","Question Mark"
"218","Insecta","Prolepsis tristis",""
"219","Insecta","Prosapia bicincta","Two-lined Spittlebug"
"220","Insecta","Pseudomyrmex gracilis","Graceful Twig Ant"
"221","Insecta","Psorophora ciliata","Gallinipper"
"222","Insecta","Ptichodis vinculum","Black-tipped Ptichodis Moth"
"223","Insecta","Pyrausta tyralis","Coffee-loving Pyrausta Moth"
"224","Insecta","Pyrgus oileus","Tropical Checkered-Skipper"
"225","Insecta","Pyrisitia lisa","Little Yellow"
"226","Insecta","Samea ecclesialis","Assembly Moth"
"227","Insecta","Samea multiplicalis","Salvinia Stem Borer Moth"
"228","Insecta","Schinia trifascia","Three-lined Flower Moth"
"229","Insecta","Schreckensteinia erythriella",""
"230","Insecta","Scopula aemulata","Rival Wave"
"231","Insecta","Scopula compensata","Dark-marked Wave"
"232","Insecta","Selenisa sueroides","Pale-edged Selenisa"
"233","Insecta","Spodoptera eridania","Southern Armyworm Moth"
"234","Insecta","Stagmomantis carolina","Carolina Mantis"
"235","Insecta","Stegasta bosqueella","Red-necked Peanutworm Moth"
"236","Insecta","Stiretrus anchorago","Anchor Stink Bug"
"237","Insecta","Strangalia sexnotata","Six-spotted Flower Longhorn Beetle"
"238","Insecta","Strymon melinus","Gray Hairstreak"
"239","Insecta","Synchlora frondaria","Southern Emerald"
"240","Insecta","Syngamia florella","Orange-spotted Flower Moth"
"241","Insecta","Tallula atrifascialis",""
"242","Insecta","Taxodiomyia cupressi","Cypress Flower Gall Midge"
"243","Insecta","Taxodiomyia cupressiananassa","Cypress Twig Gall Midge"
"244","Insecta","Tetanolita floridana","Florida Tetanolita Moth"
"245","Insecta","Tetanolita mynesalis","Smoky Tetanolita Moth"
"246","Insecta","Toxomerus marginatus","Margined Calligrapher"
"247","Insecta","Trogus pennator",""
"248","Insecta","Tropisternus collaris",""
"249","Insecta","Tropisternus collaris mexicanus",""
"250","Insecta","Trypoxylon politum","Organ-pipe Mud-dauber Wasp"
"251","Insecta","Tylozygus bifidus",""
"252","Insecta","Tylozygus geometricus",""
"253","Insecta","Udea rubigalis","Celery Leaftier Moth"
"254","Insecta","Urbanus proteus","Long-tailed Skipper"
"255","Insecta","Vanessa virginiensis","American Lady"
"256","Insecta","Vespula maculifrons","Eastern Yellowjacket"
"257","Insecta","Virbia laeta","Joyful Virbia Moth"
"258","Insecta","Xylocopa","Large Carpenter Bees"
"259","Insecta","Xylocopa virginica","Eastern Carpenter Bee"
"260","Insecta","Zale lunata","Lunate Zale Moth"
"261","Insecta","Zomaria interruptolineana","Broken-lined Zomaria Moth"
"262","Mollusca","Anguispira strongylodes","southeastern tigersnail"
"263","Mollusca","Euglandina rosea","Rosy Wolfsnail"
"264","Mollusca","Gastrocopta contracta","Bottleneck Snaggletooth"
"265","Mollusca","Helicina orbiculata","Globular Drop Snail"
"266","Mollusca","Lampsilis teres","Yellow Sandshell"
"267","Mollusca","Polygyra cereolus","Southern Flatcoil"
"268","Mollusca","Strobilops aenea","Bronze Pinecone"
"269","Mollusca","Triodopsis henriettae","Pineywoods Threetooth"
"270","Mollusca","Triodopsis hopetonensis","Magnolia Threetooth"
"271","Protozoa","Fuligo septica","Dog Vomit Slime Mold"
