"","Iconic_taxa","iNat_entry","NPSpecies_name","Accepted_TSN","NPS_entry_TSN"
"1","Aves","Baeolophus bicolor","Parus bicolor","554138","178738"
"2","Plantae","Acer floridanum","Acer barbatum var. longii","183691","531921"
"3","Plantae","Asclepias hirtella","Asclepias longifolia var. hirtella","30271","532385"
"4","Plantae","Bradburia pilosa","Chrysopsis pilosa","565664","565066"
"5","Plantae","Croton lindheimeri","Croton capitatus var. lindheimeri","511813","527535"
"6","Plantae","Euonymus americanus","Euonymus americana","27947","502577"
"7","Plantae","Euphorbia cordifolia","Chamaesyce cordifolia","28056","501415"
"8","Plantae","Euphorbia maculata","Chamaesyce maculata","28034","565061"
"9","Plantae","Euphorbia nutans","Chamaesyce maculata","28107","501435"
"10","Plantae","Euploca procumbens","Heliotropium procumbens var. depressum","835414","528375"
"11","Plantae","Hypericum tubulosum","Triadenum tubulosum","505569","515020"
"12","Plantae","Hypericum walteri","Triadenum walteri","21476","515023"
"13","Plantae","Lobelia reverchonii","Lobelia puberula ssp. pauciflora","34530","526070"
"14","Plantae","Oenothera lindheimeri","Gaura lindheimeri","835999","27653"
"15","Plantae","Osmundastrum cinnamomeum","Osmunda cinnamomea","1012094","17219"
"16","Plantae","Persicaria hydropiperoides","Polygonum hydropiperoides var. opelousanum","518733","20858"
"17","Plantae","Persicaria lapathifolia","Polygonum pensylvanicum ssp. oneillii","518735","526459"
"18","Plantae","Persicaria punctata","Polygonum punctatum","518749","20862"
"19","Plantae","Pluchea baccharis","Pluchea rosea","780483","36067"
"20","Plantae","Quercus margarettae","Quercus margarettiae","195192","504713"
"21","Plantae","Quercus muehlenbergii","Quercus muhlenbergii","504714","19382"
"22","Plantae","Quercus pagoda","Quercus falcata var. pagodifolia","195195","195197"
"23","Plantae","Scleria muehlenbergii","Scleria reticularis var. pubescens","505071","540494"
"24","Plantae","Sesbania vesicaria","Glottidium vesicarium","26956","502810"
"25","Plantae","Smallanthus uvedalia","Smallanthus uvedalius","38419","505252"
"26","Plantae","Solidago nitida","Oligoneuron nitidum","36282","517767"
"27","Plantae","Strophostyles helvola","Strophostyles helvula var. missouriensis","26200","541037"
"28","Plantae","Torenia crustacea","Lindernia crustacea","33223","522690"
"29","Plantae","Vaccinium fuscatum","Vaccinium corymbosum","23573","23594"
"30","Reptilia","Sceloporus consobrinus","Sceloporus undulatus consobrinus","208730","208729"
