"","Scientific_name","Iconic_taxa","Match NPSpecies","iNaturalist_Entry_count"
"1","Acris blanchardi","Amphibia","Match","7"
"2","Anaxyrus fowleri","Amphibia","Match","14"
"3","Desmognathus conanti","Amphibia","No Match","3"
"4","Eurycea paludicola","Amphibia","No Match","2"
"5","Hyla squirella","Amphibia","Match","9"
"6","Hyla versicolor","Amphibia","Match","4"
"7","Incilius nebulifer","Amphibia","Match","7"
"8","Lithobates clamitans","Amphibia","Match","2"
"9","Lithobates sphenocephalus","Amphibia","Match","1"
"10","Pseudacris fouquettei","Amphibia","Match","5"
"11","Baeolophus bicolor","Aves","ITIS Match","1"
"12","Cardinalis cardinalis","Aves","Match","2"
"13","Cathartes aura","Aves","Match","2"
"14","Coragyps atratus","Aves","Match","2"
"15","Dryocopus pileatus","Aves","Match","1"
"16","Hylocichla mustelina","Aves","Match","1"
"17","Melanerpes carolinus","Aves","Match","1"
"18","Canis familiaris","Mammalia","No Match","1"
"19","Dasypus novemcinctus","Mammalia","Match","1"
"20","Odocoileus virginianus","Mammalia","Match","1"
"21","Sciurus carolinensis","Mammalia","Match","2"
"22","Acalypha gracilens","Plantae","Match","4"
"23","Acer floridanum","Plantae","ITIS Match","2"
"24","Acer rubrum","Plantae","Match","12"
"25","Acmella oppositifolia","Plantae","Match","1"
"26","Agalinis oligophylla","Plantae","Match","1"
"27","Agalinis purpurea","Plantae","Match","16"
"28","Albizia julibrissin","Plantae","Match","4"
"29","Aletris aurea","Plantae","Match","2"
"30","Ambrosia artemisiifolia","Plantae","Match","7"
"31","Amorpha fruticosa","Plantae","Match","1"
"32","Ampelopsis arborea","Plantae","Match","3"
"33","Amphicarpaea bracteata","Plantae","No Match","1"
"34","Amsonia tabernaemontana","Plantae","Match","3"
"35","Andropogon gerardii","Plantae","Match","1"
"36","Andropogon glomeratus","Plantae","Match","8"
"37","Andropogon ternarius","Plantae","Match","2"
"38","Andropogon virginicus","Plantae","Match","2"
"39","Anthaenantia rufa","Plantae","Match","3"
"40","Anthaenantia villosa","Plantae","Match","1"
"41","Apteria aphylla","Plantae","Match","13"
"42","Aralia spinosa","Plantae","Match","5"
"43","Ardisia crenata","Plantae","Match","2"
"44","Arisaema triphyllum","Plantae","Match","10"
"45","Aristida palustris","Plantae","Match","1"
"46","Arnoglossum ovatum","Plantae","Match","1"
"47","Arundinaria gigantea","Plantae","Match","3"
"48","Asclepias hirtella","Plantae","ITIS Match","2"
"49","Asclepias perennis","Plantae","Match","2"
"50","Asclepias verticillata","Plantae","Match","2"
"51","Asclepias viridiflora","Plantae","No Match","1"
"52","Asimina parviflora","Plantae","Match","8"
"53","Asplenium platyneuron","Plantae","Match","2"
"54","Athyrium filix-femina","Plantae","Match","1"
"55","Aureolaria virginica","Plantae","No Match","2"
"56","Baccharis halimifolia","Plantae","Match","3"
"57","Bacopa rotundifolia","Plantae","No Match","2"
"58","Baptisia bracteata","Plantae","Match","1"
"59","Baptisia nuttalliana","Plantae","Match","1"
"60","Berchemia scandens","Plantae","Match","2"
"61","Berlandiera pumila","Plantae","Match","12"
"62","Betula nigra","Plantae","Match","7"
"63","Bidens aristosa","Plantae","Match","14"
"64","Bidens bipinnata","Plantae","Match","2"
"65","Bidens laevis","Plantae","No Match","2"
"66","Bignonia capreolata","Plantae","Match","6"
"67","Boehmeria cylindrica","Plantae","Match","3"
"68","Bothriochloa ischaemum","Plantae","Match","1"
"69","Bradburia pilosa","Plantae","ITIS Match","6"
"70","Brunnichia ovata","Plantae","Match","1"
"71","Callicarpa americana","Plantae","Match","24"
"72","Calyptocarpus vialis","Plantae","No Match","7"
"73","Campsis radicans","Plantae","Match","3"
"74","Carex glaucescens","Plantae","Match","3"
"75","Carpinus caroliniana","Plantae","Match","4"
"76","Carya aquatica","Plantae","Match","3"
"77","Carya cordiformis","Plantae","Match","1"
"78","Carya illinoinensis","Plantae","Match","1"
"79","Carya texana","Plantae","Match","1"
"80","Castanea pumila","Plantae","Match","6"
"81","Castilleja indivisa","Plantae","No Match","1"
"82","Catalpa speciosa","Plantae","Match","1"
"83","Celtis laevigata","Plantae","Match","3"
"84","Celtis tenuifolia","Plantae","Match","2"
"85","Centella erecta","Plantae","Match","5"
"86","Cephalanthus occidentalis","Plantae","Match","3"
"87","Cercis canadensis","Plantae","Match","1"
"88","Chamaecrista fasciculata","Plantae","Match","2"
"89","Chasmanthium latifolium","Plantae","Match","6"
"90","Chasmanthium sessiliflorum","Plantae","NPSpecies synonym match","5"
"91","Cirsium horridulum","Plantae","Match","2"
"92","Clematis crispa","Plantae","Match","1"
"93","Clethra alnifolia","Plantae","Match","1"
"94","Cnidoscolus texanus","Plantae","Match","10"
"95","Cocculus carolinus","Plantae","Match","1"
"96","Coelorachis rugosa","Plantae","Match","1"
"97","Colocasia esculenta","Plantae","No Match","1"
"98","Commelina erecta","Plantae","Match","12"
"99","Conoclinium coelestinum","Plantae","Match","20"
"100","Coreopsis intermedia","Plantae","Match","1"
"101","Coreopsis linifolia","Plantae","Match","6"
"102","Cornus florida","Plantae","Match","5"
"103","Crataegus marshallii","Plantae","Match","3"
"104","Croptilon divaricatum","Plantae","Match","8"
"105","Crotalaria sagittalis","Plantae","Match","2"
"106","Croton glandulosus","Plantae","Match","7"
"107","Croton heptalon","Plantae","No Match","2"
"108","Croton lindheimeri","Plantae","ITIS Match","7"
"109","Croton michauxii","Plantae","Match","1"
"110","Cuphea carthagenensis","Plantae","Match","6"
"111","Cuphea glutinosa","Plantae","Match","2"
"112","Cyperus blepharoleptos","Plantae","No Match","1"
"113","Cyperus erythrorhizos","Plantae","Match","2"
"114","Cyperus hystricinus","Plantae","Match","1"
"115","Cyperus odoratus","Plantae","Match","2"
"116","Cyrilla racemiflora","Plantae","Match","10"
"117","Desmodium ciliare","Plantae","Match","1"
"118","Desmodium fernaldii","Plantae","No Match","2"
"119","Desmodium glabellum","Plantae","Match","2"
"120","Desmodium lineatum","Plantae","No Match","3"
"121","Desmodium paniculatum","Plantae","Match","3"
"122","Desmodium rotundifolium","Plantae","Match","3"
"123","Desmodium viridiflorum","Plantae","Match","1"
"124","Dichanthelium boscii","Plantae","Match","2"
"125","Dichanthelium scoparium","Plantae","Match","2"
"126","Dichondra carolinensis","Plantae","Match","7"
"127","Dioclea multiflora","Plantae","Match","5"
"128","Diodia virginiana","Plantae","Match","4"
"129","Diospyros virginiana","Plantae","Match","1"
"130","Ditrysinia fruticosa","Plantae","No Match","1"
"131","Drosera capillaris","Plantae","Match","15"
"132","Echinodorus cordifolius","Plantae","Match","1"
"133","Eclipta prostrata","Plantae","Match","1"
"134","Eleocharis tuberculosa","Plantae","Match","1"
"135","Elephantopus carolinianus","Plantae","Match","2"
"136","Elephantopus nudatus","Plantae","Match","9"
"137","Elephantopus tomentosus","Plantae","Match","1"
"138","Endodeca serpentaria","Plantae","No Match","4"
"139","Epifagus virginiana","Plantae","Match","5"
"140","Eragrostis japonica","Plantae","Match","1"
"141","Eragrostis reptans","Plantae","No Match","1"
"142","Eragrostis secundiflora","Plantae","Match","1"
"143","Erechtites hieraciifolius","Plantae","No Match","1"
"144","Eriocaulon decangulare","Plantae","Match","8"
"145","Eriocaulon texense","Plantae","Match","1"
"146","Eryngium integrifolium","Plantae","Match","17"
"147","Eryngium yuccifolium","Plantae","Match","1"
"148","Erythrina herbacea","Plantae","Match","11"
"149","Euonymus americanus","Plantae","ITIS Match","4"
"150","Eupatorium capillifolium","Plantae","Match","10"
"151","Eupatorium compositifolium","Plantae","Match","1"
"152","Eupatorium rotundifolium","Plantae","Match","1"
"153","Eupatorium serotinum","Plantae","Match","6"
"154","Euphorbia cordifolia","Plantae","ITIS Match","11"
"155","Euphorbia corollata","Plantae","Match","17"
"156","Euphorbia dentata","Plantae","Match","1"
"157","Euphorbia hyssopifolia","Plantae","No Match","1"
"158","Euphorbia maculata","Plantae","ITIS Match","9"
"159","Euphorbia nutans","Plantae","ITIS Match","1"
"160","Euphorbia prostrata","Plantae","No Match","1"
"161","Euploca procumbens","Plantae","ITIS Match","1"
"162","Eurybia hemispherica","Plantae","Match","4"
"163","Euthamia gymnospermoides","Plantae","Match","1"
"164","Euthamia leptocephala","Plantae","Match","1"
"165","Fagus grandifolia","Plantae","Match","14"
"166","Fimbristylis vahlii","Plantae","Match","1"
"167","Frangula caroliniana","Plantae","Match","9"
"168","Fraxinus americana","Plantae","Match","1"
"169","Fraxinus pennsylvanica","Plantae","Match","1"
"170","Froelichia floridana","Plantae","Match","1"
"171","Gaillardia aestivalis","Plantae","Match","4"
"172","Gaillardia pulchella","Plantae","Match","2"
"173","Galium pilosum","Plantae","Match","1"
"174","Gelsemium sempervirens","Plantae","Match","1"
"175","Gleditsia aquatica","Plantae","Match","5"
"176","Gleditsia triacanthos","Plantae","Match","1"
"177","Gonolobus suberosus","Plantae","No Match","2"
"178","Gymnopogon ambiguus","Plantae","Match","1"
"179","Habenaria repens","Plantae","No Match","5"
"180","Hamamelis virginiana","Plantae","Match","7"
"181","Helenium amarum","Plantae","Match","6"
"182","Helianthus angustifolius","Plantae","Match","12"
"183","Heliotropium indicum","Plantae","Match","4"
"184","Heterotheca subaxillaris","Plantae","Match","6"
"185","Hexasepalum teres","Plantae","No Match","2"
"186","Hibiscus laevis","Plantae","Match","1"
"187","Hibiscus moscheutos","Plantae","Match","1"
"188","Hieracium gronovii","Plantae","Match","2"
"189","Hydrocotyle ranunculoides","Plantae","No Match","2"
"190","Hydrocotyle umbellata","Plantae","No Match","1"
"191","Hydrolea ovata","Plantae","Match","1"
"192","Hypericum cistifolium","Plantae","No Match","1"
"193","Hypericum crux-andreae","Plantae","Match","5"
"194","Hypericum drummondii","Plantae","Match","4"
"195","Hypericum gentianoides","Plantae","Match","1"
"196","Hypericum hypericoides","Plantae","Match","18"
"197","Hypericum mutilum","Plantae","Match","1"
"198","Hypericum tubulosum","Plantae","ITIS Match","5"
"199","Hypericum walteri","Plantae","ITIS Match","8"
"200","Hypoxis hirsuta","Plantae","Match","4"
"201","Hyptis alata","Plantae","Match","14"
"202","Ilex ambigua","Plantae","Match","4"
"203","Ilex coriacea","Plantae","Match","2"
"204","Ilex decidua","Plantae","Match","4"
"205","Ilex glabra","Plantae","No Match","1"
"206","Ilex longipes","Plantae","Match","7"
"207","Ilex opaca","Plantae","Match","20"
"208","Ilex vomitoria","Plantae","Match","20"
"209","Indigofera suffruticosa","Plantae","Match","3"
"210","Ipomoea cordatotriloba","Plantae","Match","10"
"211","Ipomoea lacunosa","Plantae","Match","2"
"212","Itea virginica","Plantae","Match","1"
"213","Iva angustifolia","Plantae","Match","1"
"214","Jacquemontia tamnifolia","Plantae","Match","1"
"215","Juncus validus","Plantae","Match","1"
"216","Juniperus virginiana","Plantae","Match","3"
"217","Justicia ovata","Plantae","Match","1"
"218","Kummerowia striata","Plantae","Match","1"
"219","Lantana camara","Plantae","No Match","1"
"220","Leersia lenticularis","Plantae","Match","2"
"221","Leersia virginica","Plantae","Match","2"
"222","Lespedeza hirta","Plantae","Match","2"
"223","Liatris acidota","Plantae","Match","1"
"224","Liatris pycnostachya","Plantae","Match","6"
"225","Ligustrum sinense","Plantae","Match","2"
"226","Liquidambar styraciflua","Plantae","Match","20"
"227","Lobelia cardinalis","Plantae","Match","15"
"228","Lobelia puberula","Plantae","Match","10"
"229","Lobelia reverchonii","Plantae","ITIS Match","21"
"230","Lonicera japonica","Plantae","Match","1"
"231","Ludwigia alternifolia","Plantae","Match","8"
"232","Ludwigia decurrens","Plantae","Match","1"
"233","Ludwigia leptocarpa","Plantae","Match","3"
"234","Ludwigia linearis","Plantae","Match","1"
"235","Ludwigia peploides","Plantae","Match","1"
"236","Ludwigia pilosa","Plantae","Match","13"
"237","Lycopus rubellus","Plantae","Match","8"
"238","Lycopus virginicus","Plantae","Match","1"
"239","Lycoris radiata","Plantae","No Match","1"
"240","Lygodium japonicum","Plantae","Match","16"
"241","Lyonia ligustrina","Plantae","Match","2"
"242","Magnolia grandiflora","Plantae","Match","14"
"243","Magnolia virginiana","Plantae","Match","5"
"244","Malvaviscus arboreus","Plantae","No Match","1"
"245","Marshallia graminifolia","Plantae","Match","1"
"246","Mazus pumilus","Plantae","Match","2"
"247","Mecardonia acuminata","Plantae","Match","4"
"248","Mikania cordifolia","Plantae","No Match","3"
"249","Mikania scandens","Plantae","Match","1"
"250","Mimulus alatus","Plantae","Match","3"
"251","Mitchella repens","Plantae","Match","16"
"252","Mitreola petiolata","Plantae","Match","4"
"253","Monarda punctata","Plantae","Match","4"
"254","Monotropa uniflora","Plantae","Match","4"
"255","Morella cerifera","Plantae","Match","15"
"256","Morus rubra","Plantae","Match","6"
"257","Nothoscordum bivalve","Plantae","Match","6"
"258","Nuphar advena","Plantae","Match","1"
"259","Nyssa aquatica","Plantae","Match","1"
"260","Nyssa sylvatica","Plantae","Match","3"
"261","Oenothera lindheimeri","Plantae","ITIS Match","2"
"262","Onoclea sensibilis","Plantae","Match","5"
"263","Oplismenus hirtellus","Plantae","Match","8"
"264","Opuntia humifusa","Plantae","Match","1"
"265","Osmunda regalis","Plantae","Match","13"
"266","Osmundastrum cinnamomeum","Plantae","ITIS Match","4"
"267","Ostrya virginiana","Plantae","Match","3"
"268","Oxalis corniculata","Plantae","Match","1"
"269","Oxalis debilis","Plantae","Match","1"
"270","Oxalis violacea","Plantae","Match","10"
"271","Oxypolis filiformis","Plantae","Match","2"
"272","Oxypolis rigidior","Plantae","Match","9"
"273","Palafoxia reverchonii","Plantae","Match","1"
"274","Panicum brachyanthum","Plantae","Match","2"
"275","Panicum dichotomiflorum","Plantae","Match","1"
"276","Panicum hemitomon","Plantae","Match","1"
"277","Panicum verrucosum","Plantae","Match","1"
"278","Panicum virgatum","Plantae","Match","1"
"279","Parthenocissus quinquefolia","Plantae","Match","4"
"280","Paspalum floridanum","Plantae","Match","1"
"281","Paspalum langei","Plantae","Match","1"
"282","Paspalum praecox","Plantae","Match","1"
"283","Paspalum urvillei","Plantae","Match","2"
"284","Passiflora lutea","Plantae","Match","10"
"285","Perilla frutescens","Plantae","Match","2"
"286","Persea borbonia","Plantae","Match","4"
"287","Persea palustris","Plantae","Match","2"
"288","Persicaria hydropiperoides","Plantae","ITIS Match","1"
"289","Persicaria lapathifolia","Plantae","ITIS Match","1"
"290","Persicaria punctata","Plantae","ITIS Match","3"
"291","Phanopyrum gymnocarpon","Plantae","Match","2"
"292","Phyllanthus urinaria","Plantae","Match","8"
"293","Physalis angulata","Plantae","Match","2"
"294","Phytolacca americana","Plantae","Match","2"
"295","Pinguicula pumila","Plantae","Match","7"
"296","Pinus echinata","Plantae","Match","2"
"297","Pinus palustris","Plantae","Match","11"
"298","Pinus taeda","Plantae","Match","14"
"299","Pityopsis graminifolia","Plantae","Match","7"
"300","Planera aquatica","Plantae","Match","1"
"301","Platanus occidentalis","Plantae","Match","2"
"302","Pleopeltis michauxiana","Plantae","No Match","4"
"303","Pluchea baccharis","Plantae","ITIS Match","1"
"304","Pluchea camphorata","Plantae","Match","6"
"305","Pluchea foetida","Plantae","Match","10"
"306","Pluchea odorata","Plantae","No Match","1"
"307","Polygala mariana","Plantae","Match","4"
"308","Polypremum procumbens","Plantae","Match","9"
"309","Polystichum acrostichoides","Plantae","Match","6"
"310","Pontederia crassipes","Plantae","No Match","5"
"311","Potentilla indica","Plantae","No Match","4"
"312","Proserpinaca palustris","Plantae","Match","2"
"313","Prunus serotina","Plantae","Match","1"
"314","Prunus umbellata","Plantae","Match","3"
"315","Pseudognaphalium obtusifolium","Plantae","Match","1"
"316","Pteridium aquilinum","Plantae","Match","10"
"317","Ptilimnium costatum","Plantae","Match","1"
"318","Ptilimnium nuttallii","Plantae","No Match","1"
"319","Pycnanthemum albescens","Plantae","Match","2"
"320","Quercus alba","Plantae","Match","9"
"321","Quercus falcata","Plantae","Match","4"
"322","Quercus hemisphaerica","Plantae","Match","4"
"323","Quercus incana","Plantae","Match","1"
"324","Quercus laurifolia","Plantae","Match","1"
"325","Quercus lyrata","Plantae","Match","3"
"326","Quercus margarettae","Plantae","ITIS Match","7"
"327","Quercus marilandica","Plantae","Match","3"
"328","Quercus michauxii","Plantae","Match","3"
"329","Quercus muehlenbergii","Plantae","ITIS Match","1"
"330","Quercus nigra","Plantae","Match","8"
"331","Quercus pagoda","Plantae","ITIS Match","2"
"332","Quercus phellos","Plantae","Match","4"
"333","Quercus velutina","Plantae","Match","2"
"334","Rhexia mariana","Plantae","Match","22"
"335","Rhexia petiolata","Plantae","Match","1"
"336","Rhododendron canescens","Plantae","Match","2"
"337","Rhus copallinum","Plantae","Match","11"
"338","Rhynchospora corniculata","Plantae","Match","5"
"339","Rhynchospora inexpansa","Plantae","Match","1"
"340","Rhynchospora latifolia","Plantae","Match","7"
"341","Richardia brasiliensis","Plantae","Match","1"
"342","Richardia scabra","Plantae","Match","3"
"343","Rudbeckia grandiflora","Plantae","Match","1"
"344","Rudbeckia hirta","Plantae","Match","8"
"345","Sabal minor","Plantae","Match","10"
"346","Saccharum giganteum","Plantae","Match","1"
"347","Sacciolepis striata","Plantae","Match","2"
"348","Sagittaria latifolia","Plantae","Match","1"
"349","Sagittaria papillosa","Plantae","Match","3"
"350","Salix nigra","Plantae","Match","1"
"351","Salvia lyrata","Plantae","Match","4"
"352","Salvinia minima","Plantae","Match","7"
"353","Sarracenia alata","Plantae","Match","28"
"354","Sassafras albidum","Plantae","Match","8"
"355","Saururus cernuus","Plantae","Match","4"
"356","Sceptridium biternatum","Plantae","No Match","8"
"357","Schizachyrium scoparium","Plantae","Match","5"
"358","Scirpus cyperinus","Plantae","Match","2"
"359","Scleria muehlenbergii","Plantae","ITIS Match","1"
"360","Scleria triglomerata","Plantae","Match","1"
"361","Scoparia dulcis","Plantae","Match","11"
"362","Scutellaria cardiophylla","Plantae","Match","1"
"363","Scutellaria elliptica","Plantae","Match","1"
"364","Scutellaria ovata","Plantae","Match","1"
"365","Sesbania herbacea","Plantae","Match","3"
"366","Sesbania vesicaria","Plantae","ITIS Match","1"
"367","Setaria parviflora","Plantae","Match","1"
"368","Sida rhombifolia","Plantae","Match","10"
"369","Sideroxylon lanuginosum","Plantae","Match","1"
"370","Silene subciliata","Plantae","Match","6"
"371","Silphium asteriscus","Plantae","No Match","3"
"372","Silphium gracile","Plantae","Match","9"
"373","Silphium radula","Plantae","No Match","1"
"374","Smallanthus uvedalia","Plantae","ITIS Match","1"
"375","Smilax bona-nox","Plantae","Match","6"
"376","Smilax glauca","Plantae","Match","5"
"377","Smilax laurifolia","Plantae","Match","2"
"378","Smilax pumila","Plantae","Match","18"
"379","Smilax smallii","Plantae","Match","7"
"380","Smilax walteri","Plantae","Match","1"
"381","Solanum viarum","Plantae","No Match","1"
"382","Solidago altissima","Plantae","Match","2"
"383","Solidago caesia","Plantae","Match","3"
"384","Solidago nitida","Plantae","ITIS Match","1"
"385","Solidago odora","Plantae","Match","2"
"386","Solidago radula","Plantae","No Match","2"
"387","Solidago rigida","Plantae","No Match","1"
"388","Solidago rugosa","Plantae","Match","1"
"389","Sorghastrum elliottii","Plantae","Match","3"
"390","Sphenoclea zeylanica","Plantae","No Match","1"
"391","Sporobolus junceus","Plantae","Match","5"
"392","Staehelina elegans","Plantae","No Match","18"
"393","Steinchisma hians","Plantae","Match","1"
"394","Strophostyles helvola","Plantae","ITIS Match","2"
"395","Strophostyles umbellata","Plantae","Match","1"
"396","Stylosanthes biflora","Plantae","Match","5"
"397","Styrax grandifolius","Plantae","Match","4"
"398","Symphyotrichum drummondii","Plantae","Match","1"
"399","Symphyotrichum dumosum","Plantae","Match","2"
"400","Symphyotrichum lanceolatum","Plantae","Match","1"
"401","Symphyotrichum lateriflorum","Plantae","Match","1"
"402","Symplocos tinctoria","Plantae","Match","2"
"403","Taxodium distichum","Plantae","Match","14"
"404","Tephrosia onobrychoides","Plantae","Match","4"
"405","Tephrosia virginiana","Plantae","Match","1"
"406","Thelesperma filifolium","Plantae","No Match","1"
"407","Thelypteris kunthii","Plantae","Match","8"
"408","Thelypteris palustris","Plantae","No Match","2"
"409","Tillandsia usneoides","Plantae","Match","2"
"410","Torenia crustacea","Plantae","ITIS Match","9"
"411","Toxicodendron pubescens","Plantae","Match","2"
"412","Toxicodendron radicans","Plantae","Match","5"
"413","Tradescantia reverchonii","Plantae","Match","2"
"414","Tragia smallii","Plantae","Match","1"
"415","Triadica sebifera","Plantae","Match","10"
"416","Triantha racemosa","Plantae","Match","2"
"417","Trichostema dichotomum","Plantae","Match","5"
"418","Trichostema setaceum","Plantae","Match","4"
"419","Tridens ambiguus","Plantae","Match","1"
"420","Tridens strictus","Plantae","Match","1"
"421","Ulmus alata","Plantae","Match","1"
"422","Vaccinium arboreum","Plantae","Match","6"
"423","Vaccinium fuscatum","Plantae","ITIS Match","2"
"424","Vaccinium stamineum","Plantae","Match","1"
"425","Verbena brasiliensis","Plantae","Match","2"
"426","Verbena rigida","Plantae","Match","1"
"427","Verbesina virginica","Plantae","Match","2"
"428","Vernonia baldwinii","Plantae","No Match","1"
"429","Vernonia texana","Plantae","Match","2"
"430","Viburnum acerifolium","Plantae","Match","1"
"431","Viburnum dentatum","Plantae","Match","3"
"432","Vitis riparia","Plantae","No Match","2"
"433","Vitis rotundifolia","Plantae","Match","6"
"434","Vitis vulpina","Plantae","No Match","1"
"435","Wahlenbergia marginata","Plantae","Match","2"
"436","Woodwardia areolata","Plantae","Match","8"
"437","Woodwardia virginica","Plantae","Match","5"
"438","Xanthium strumarium","Plantae","Match","1"
"439","Xyris ambigua","Plantae","Match","1"
"440","Xyris difformis","Plantae","Match","2"
"441","Xyris drummondii","Plantae","No Match","1"
"442","Youngia japonica","Plantae","Match","2"
"443","Yucca louisianensis","Plantae","Match","8"
"444","Zanthoxylum clava-herculis","Plantae","Match","2"
"445","Agkistrodon contortrix","Reptilia","Match","1"
"446","Agkistrodon piscivorus","Reptilia","Match","2"
"447","Anolis carolinensis","Reptilia","Match","38"
"448","Coluber constrictor","Reptilia","Match","1"
"449","Hemidactylus turcicus","Reptilia","No Match","1"
"450","Kinosternon subrubrum","Reptilia","Match","1"
"451","Micrurus tener","Reptilia","Match","1"
"452","Nerodia fasciata","Reptilia","Match","1"
"453","Nerodia rhombifer","Reptilia","Match","1"
"454","Sceloporus consobrinus","Reptilia","ITIS Match","17"
"455","Scincella lateralis","Reptilia","Match","18"
"456","Storeria dekayi","Reptilia","Match","1"
"457","Thamnophis proximus","Reptilia","Match","4"
"458","Oudemansiella furfuracea","Fungi","Table 4","2"
"459","Strobilops aenea","Mollusca","Table 4","2"
"460","Elophila obliteralis","Insecta","Table 4","6"
"461","Trametes versicolor","Fungi","Table 4","2"
"462","Hyphantria cunea","Insecta","Table 4","7"
"463","Taxodiomyia cupressiananassa","Insecta","Table 4","4"
"464","Pococera asperatella","Insecta","Table 4","1"
"465","Hermeuptychia sosybius","Insecta","Table 4","13"
"466","Enyo lugubris","Insecta","Table 4","1"
"467","Pyrgus oileus","Insecta","Table 4","13"
"468","Jikradia olitoria","Insecta","Table 4","2"
"469","Virbia laeta","Insecta","Table 4","10"
"470","Tylozygus bifidus","Insecta","Table 4","24"
"471","Herpetogramma phaeopteralis","Insecta","Table 4","20"
"472","Bombus impatiens","Insecta","Table 4","23"
"473","Hypena scabra","Insecta","Table 4","6"
"474","Hypsopygia binodulalis","Insecta","Table 4","7"
"475","Macaria transitaria","Insecta","Table 4","3"
"476","Macrostemum carolina","Insecta","Table 4","16"
"477","Monochamus carolinensis","Insecta","Table 4","10"
"478","Neoconocephalus retusus","Insecta","Table 4","3"
"479","Ostrinia penitalis","Insecta","Table 4","5"
"480","Ozarba aeria","Insecta","Table 4","1"
"481","Palthis asopialis","Insecta","Table 4","4"
"482","Peridea angulosa","Insecta","Table 4","4"
"483","Psorophora ciliata","Insecta","Table 4","2"
"484","Pyrausta tyralis","Insecta","Table 4","4"
"485","Samea multiplicalis","Insecta","Table 4","22"
"486","Anisota stigma","Insecta","Table 4","4"
"487","Apatelodes torrefacta","Insecta","Table 4","7"
"488","Calopteryx maculata","Insecta","Table 4","4"
"489","Leptysma marginicollis","Insecta","Table 4","1"
"490","Phyciodes tharos","Insecta","Table 4","10"
"491","Ptichodis vinculum","Insecta","Table 4","4"
"492","Usnea strigosa","Fungi","Table 4","4"
"493","Vonones sayi","Arachnida","Table 4","6"
"494","Actias luna","Insecta","Table 4","3"
"495","Lethe portlandia","Insecta","Table 4","3"
"496","Ategumia ebulealis","Insecta","Table 4","14"
"497","Paraulacizes irrorata","Insecta","Table 4","2"
"498","Dolba hyloeus","Insecta","Table 4","6"
"499","Euglandina rosea","Mollusca","Table 4","2"
"500","Amphibolips quercusjuglans","Insecta","Table 4","1"
"501","Trichonephila clavipes","Arachnida","Table 4","9"
"502","Odontotaenius disjunctus","Insecta","Table 4","22"
"503","Phoebis sennae","Insecta","Table 4","5"
"504","Phosphila turbulenta","Insecta","Table 4","2"
"505","Rabidosa punctulata","Arachnida","Table 4","1"
"506","Argyrostrotis deleta","Insecta","Table 4","10"
"507","Mesophleps adustipennis","Insecta","Table 4","1"
"508","Buenoa","Insecta","Table 4","2"
"509","Carposina sasakii","Insecta","Table 4","3"
"510","Chauliodes rastricornis","Insecta","Table 4","4"
"511","Chrysodeixis includens","Insecta","Table 4","6"
"512","Dasychira manto","Insecta","Table 4","11"
"513","Diacme adipaloides","Insecta","Table 4","5"
"514","Digitonthophagus gazella","Insecta","Table 4","3"
"515","Epiblema otiosana","Insecta","Table 4","5"
"516","Episimus tyrius","Insecta","Table 4","2"
"517","Eugnosta sartana","Insecta","Table 4","14"
"518","Bittacomorpha clavipes","Insecta","Table 4","4"
"519","Agraulis vanillae","Insecta","Table 4","13"
"520","Cydia latiferreana","Insecta","Table 4","4"
"521","Acrolophus arcanella","Insecta","Table 4","3"
"522","Ixodes scapularis","Arachnida","Table 4","1"
"523","Gasteracantha cancriformis","Arachnida","Table 4","10"
"524","Argiope aurantia","Arachnida","Table 4","6"
"525","Oxidus gracilis","Animalia","Table 4","1"
"526","Plecia nearctica","Insecta","Table 4","7"
"527","Exyra semicrocea","Insecta","Table 4","1"
"528","Diatraea lisetta","Insecta","Table 4","2"
"529","Argyrotaenia kimballi","Insecta","Table 4","2"
"530","Hydrochus","Insecta","Table 4","2"
"531","Polistes rubiginosus","Insecta","Table 4","2"
"532","Phallus ravenelii","Fungi","Table 4","4"
"533","Camponotus pennsylvanicus","Insecta","Table 4","2"
"534","Zale lunata","Insecta","Table 4","6"
"535","Cicindela sexguttata","Insecta","Table 4","1"
"536","Orchelimum erythrocephalum","Insecta","Table 4","1"
"537","Xylocopa","Insecta","Table 4","1"
"538","Trypoxylon politum","Insecta","Table 4","2"
"539","Ischnura posita","Insecta","Table 4","2"
"540","Cantharellus cinnabarinus","Fungi","Table 4","6"
"541","Gastrocopta contracta","Mollusca","Table 4","1"
"542","Pyrisitia lisa","Insecta","Table 4","9"
"543","Ocyptamus fuscipennis","Insecta","Table 4","10"
"544","Atta texana","Insecta","Table 4","9"
"545","Pintalia vibex","Insecta","Table 4","2"
"546","Isoparce cupressi","Insecta","Table 4","1"
"547","Dichromorpha viridis","Insecta","Table 4","1"
"548","Stereum ostrea","Fungi","Table 4","1"
"549","Spodoptera eridania","Insecta","Table 4","1"
"550","Bombus pensylvanicus","Insecta","Table 4","5"
"551","Verrucosa arenata","Arachnida","Table 4","9"
"552","Frontinella pyramitela","Arachnida","Table 4","3"
"553","Mocis latipes","Insecta","Table 4","1"
"554","Junonia coenia","Insecta","Table 4","16"
"555","Narceus americanus","Animalia","Table 4","3"
"556","Anicla infecta","Insecta","Table 4","6"
"557","Lyssomanes viridis","Arachnida","Table 4","2"
"558","Dasymutilla quadriguttata","Insecta","Table 4","2"
"559","Dichotomius carolinus","Insecta","Table 4","1"
"560","Condica mobilis","Insecta","Table 4","1"
"561","Tropisternus collaris mexicanus","Insecta","Table 4","2"
"562","Pachydiplax longipennis","Insecta","Table 4","1"
"563","Orthemis ferruginea","Insecta","Table 4","1"
"564","Erythemis simplicicollis","Insecta","Table 4","2"
"565","Neoscona domiciliorum","Arachnida","Table 4","1"
"566","Anasaitis canosa","Arachnida","Table 4","2"
"567","Aedes vexans","Insecta","Table 4","1"
"568","Helicina orbiculata","Mollusca","Table 4","5"
"569","Idaea obfusaria","Insecta","Table 4","1"
"570","Cyclosa caroli","Arachnida","Table 4","2"
"571","Eusarca confusaria","Insecta","Table 4","4"
"572","Diabrotica undecimpunctata","Insecta","Table 4","8"
"573","Eumenes fraternus","Insecta","Table 4","4"
"574","Synchlora frondaria","Insecta","Table 4","10"
"575","Fuligo septica","Protozoa","Table 4","1"
"576","Scopula aemulata","Insecta","Table 4","6"
"577","Apis mellifera","Insecta","Table 4","8"
"578","Xylocopa virginica","Insecta","Table 4","6"
"579","Hermeuptychia intricata","Insecta","Table 4","4"
"580","Milesia virginiensis","Insecta","Table 4","2"
"581","Prosapia bicincta","Insecta","Table 4","9"
"582","Stereum complicatum","Fungi","Table 4","3"
"583","Neriene radiata","Arachnida","Table 4","5"
"584","Polygyra cereolus","Mollusca","Table 4","2"
"585","Amblyscirtes aesculapius","Insecta","Table 4","2"
"586","Automeris io","Insecta","Table 4","1"
"587","Callinectes sapidus","Animalia","Table 4","1"
"588","Limenitis archippus","Insecta","Table 4","1"
"589","Hetaerina titia","Insecta","Table 4","2"
"590","Mocis marcida","Insecta","Table 4","2"
"591","Mangora gibberosa","Arachnida","Table 4","1"
"592","Herpetogramma fluctuosalis","Insecta","Table 4","3"
"593","Neoconocephalus triops","Insecta","Table 4","1"
"594","Argyrodes elevatus","Arachnida","Table 4","2"
"595","Galerita bicolor","Insecta","Table 4","1"
"596","Eriophora ravilla","Arachnida","Table 4","4"
"597","Rabidosa rabida","Arachnida","Table 4","1"
"598","Araneus detrimentosus","Arachnida","Table 4","2"
"599","Triodopsis hopetonensis","Mollusca","Table 4","2"
"600","Acharia stimulea","Insecta","Table 4","1"
"601","Hapithus agitator","Insecta","Table 4","2"
"602","Eudryas unio","Insecta","Table 4","4"
"603","Schinia trifascia","Insecta","Table 4","7"
"604","Anageshna primordialis","Insecta","Table 4","8"
"605","Udea rubigalis","Insecta","Table 4","1"
"606","Amblyomma americanum","Arachnida","Table 4","1"
"607","Idaea tacturata","Insecta","Table 4","10"
"608","Hypena degesalis","Insecta","Table 4","10"
"609","Samea ecclesialis","Insecta","Table 4","8"
"610","Athetis tarda","Insecta","Table 4","4"
"611","Syngamia florella","Insecta","Table 4","6"
"612","Selenisa sueroides","Insecta","Table 4","10"
"613","Argyria lacteella","Insecta","Table 4","5"
"614","Hydaticus bimarginatus","Insecta","Table 4","4"
"615","Anax junius","Insecta","Table 4","1"
"616","Halictus ligatus","Insecta","Table 4","1"
"617","Strangalia sexnotata","Insecta","Table 4","2"
"618","Poecilanthrax lucifer","Insecta","Table 4","2"
"619","Homostinea curviliniella","Insecta","Table 4","4"
"620","Glaphyria sesquistrialis","Insecta","Table 4","2"
"621","Ancylis divisana","Insecta","Table 4","5"
"622","Anticarsia gemmatalis","Insecta","Table 4","4"
"623","Condica videns","Insecta","Table 4","1"
"624","Cyclophora packardi","Insecta","Table 4","5"
"625","Dioryctria amatella","Insecta","Table 4","12"
"626","Elaphria exesa","Insecta","Table 4","2"
"627","Eudonia heterosalis","Insecta","Table 4","10"
"628","Parapoynx allionealis","Insecta","Table 4","1"
"629","Perimede erransella","Insecta","Table 4","2"
"630","Lascoria ambigualis","Insecta","Table 4","6"
"631","Tallula atrifascialis","Insecta","Table 4","4"
"632","Parapediasia teterrellus","Insecta","Table 4","2"
"633","Eugnosta bimaculana","Insecta","Table 4","4"
"634","Tetanolita floridana","Insecta","Table 4","1"
"635","Ischnura ramburii","Insecta","Table 4","1"
"636","Toxomerus marginatus","Insecta","Table 4","3"
"637","Scopula compensata","Insecta","Table 4","12"
"638","Crambus quinquareatus","Insecta","Table 4","2"
"639","Nola cereella","Insecta","Table 4","1"
"640","Excultanus excultus","Insecta","Table 4","4"
"641","Tropisternus collaris","Insecta","Table 4","2"
"642","Phyciodes phaon","Insecta","Table 4","4"
"643","Diasemiodes nigralis","Insecta","Table 4","2"
"644","Dircaea liturata","Insecta","Table 4","6"
"645","Theatops posticus","Animalia","Table 4","2"
"646","Clogmia albipunctata","Insecta","Table 4","1"
"647","Megachile xylocopoides","Insecta","Table 4","3"
"648","Amanita vaginata","Fungi","Table 4","1"
"649","Miogryllus verticalis","Insecta","Table 4","4"
"650","Lobocleta plemyraria","Insecta","Table 4","1"
"651","Zomaria interruptolineana","Insecta","Table 4","1"
"652","Stegasta bosqueella","Insecta","Table 4","1"
"653","Microcrambus elegans","Insecta","Table 4","2"
"654","Triodopsis henriettae","Mollusca","Table 4","2"
"655","Cixidia opaca","Insecta","Table 4","4"
"656","Schreckensteinia erythriella","Insecta","Table 4","2"
"657","Amanita cokeri","Fungi","Table 4","2"
"658","Battus philenor","Insecta","Table 4","1"
"659","Euschistus tristigmus","Insecta","Table 4","1"
"660","Craterellus fallax","Fungi","Table 4","3"
"661","Trogus pennator","Insecta","Table 4","2"
"662","Pisaurina mira","Arachnida","Table 4","1"
"663","Platynota flavedana","Insecta","Table 4","1"
"664","Flatoidinus punctatus","Insecta","Table 4","6"
"665","Catonia picta","Insecta","Table 4","2"
"666","Tylozygus geometricus","Insecta","Table 4","2"
"667","Leptostales laevitaria","Insecta","Table 4","3"
"668","Hybroma servulella","Insecta","Table 4","1"
"669","Lactarius indigo","Fungi","Table 4","3"
"670","Myodocha serripes","Insecta","Table 4","1"
"671","Eupithecia miserulata","Insecta","Table 4","2"
"672","Pleuroprucha insulsaria","Insecta","Table 4","1"
"673","Euschistus obscurus","Insecta","Table 4","2"
"674","Mormidea lugens","Insecta","Table 4","2"
"675","Calycopis cecrops","Insecta","Table 4","2"
"676","Dasymutilla occidentalis","Insecta","Table 4","2"
"677","Dichotomius colonicus","Insecta","Table 4","2"
"678","Hydrocanthus atripennis","Insecta","Table 4","2"
"679","Euptoieta claudia","Insecta","Table 4","2"
"680","Idia diminuendis","Insecta","Table 4","1"
"681","Lestes australis","Insecta","Table 4","1"
"682","Polites vibex","Insecta","Table 4","1"
"683","Orsilochides guttata","Insecta","Table 4","2"
"684","Prolepsis tristis","Insecta","Table 4","2"
"685","Eristalis transversa","Insecta","Table 4","1"
"686","Vanessa virginiensis","Insecta","Table 4","1"
"687","Urbanus proteus","Insecta","Table 4","2"
"688","Phidippus cardinalis","Arachnida","Table 4","2"
"689","Hemiargus ceraunus","Insecta","Table 4","1"
"690","Astylopsis sexguttata","Insecta","Table 4","2"
"691","Idia americalis","Insecta","Table 4","1"
"692","Leptostales pannaria","Insecta","Table 4","3"
"693","Dendroctonus terebrans","Insecta","Table 4","1"
"694","Polygonia interrogationis","Insecta","Table 4","1"
"695","Strymon melinus","Insecta","Table 4","1"
"696","Calycopis isobeon","Insecta","Table 4","1"
"697","Argia apicalis","Insecta","Table 4","1"
"698","Crambidia pallida","Insecta","Table 4","1"
"699","Eublemma minima","Insecta","Table 4","1"
"700","Tetanolita mynesalis","Insecta","Table 4","1"
"701","Drymoana blanchardi","Insecta","Table 4","2"
"702","Diasemiodes janassialis","Insecta","Table 4","2"
"703","Achyra rantalis","Insecta","Table 4","1"
"704","Hogna carolinensis","Arachnida","Table 4","2"
"705","Vespula maculifrons","Insecta","Table 4","1"
"706","Laccaria laccata","Fungi","Table 4","1"
"707","Eacles imperialis","Insecta","Table 4","1"
"708","Panoquina ocola","Insecta","Table 4","2"
"709","Diathrausta reconditalis","Insecta","Table 4","1"
"710","Poanes yehl","Insecta","Table 4","1"
"711","Neodiprion lecontei","Insecta","Table 4","1"
"712","Polistes metricus","Insecta","Table 4","1"
"713","Atteva aurea","Insecta","Table 4","1"
"714","Pseudomyrmex gracilis","Insecta","Table 4","1"
"715","Pleurotus ostreatus","Fungi","Table 4","1"
"716","Elophila gyralis","Insecta","Table 4","1"
"717","Anguispira strongylodes","Mollusca","Table 4","1"
"718","Lampsilis teres","Mollusca","Table 4","1"
"719","Taxodiomyia cupressi","Insecta","Table 4","1"
"720","Periplaneta fuliginosa","Insecta","Table 4","1"
"721","Estigmene acrea","Insecta","Table 4","1"
"722","Metalectra richardsi","Insecta","Table 4","1"
"723","Hermeuptychia","Insecta","Table 4","3"
"724","Caenia dimidiata","Insecta","Table 4","2"
"725","Harmonia axyridis","Insecta","Table 4","1"
"726","Diolcus chrysorrhoeus","Insecta","Table 4","2"
"727","Stagmomantis carolina","Insecta","Table 4","1"
"728","Stiretrus anchorago","Insecta","Table 4","1"
