"","Scientific_name","Iconic_taxa","iNat_NPS_matches","iNat_NPSsynonym_matches","iNat_ITIS_synonym_matches","iNat_ITIS_nonsyn_matches","iNaturalist_URL"
"1","Ambystoma mavortium","Amphibia","FALSE","FALSE","FALSE","FALSE","http://conabio.inaturalist.org/observations/3347789"
"2","Pseudacris maculata","Amphibia","FALSE","FALSE","FALSE","FALSE","http://www.inaturalist.org/observations/3265991"
"3","Pseudacris maculata","Amphibia","FALSE","FALSE","FALSE","FALSE","http://www.inaturalist.org/observations/3258285"
"4","Accipiter cooperii","Aves","TRUE","FALSE","FALSE","FALSE","http://www.inaturalist.org/observations/3235567"
"5","Aphelocoma woodhouseii","Aves","FALSE","FALSE","FALSE","FALSE","http://www.inaturalist.org/observations/3230881"
"6","Archilochus alexandri","Aves","TRUE","FALSE","FALSE","FALSE","http://www.inaturalist.org/observations/3245179"
"7","Archilochus alexandri","Aves","TRUE","FALSE","FALSE","FALSE","http://www.inaturalist.org/observations/3243291"
"8","Archilochus alexandri","Aves","TRUE","FALSE","FALSE","FALSE","http://www.inaturalist.org/observations/3230582"
"9","Cathartes aura","Aves","TRUE","FALSE","FALSE","FALSE","http://www.inaturalist.org/observations/3265979"
"10","Catharus guttatus","Aves","TRUE","FALSE","FALSE","FALSE","http://www.inaturalist.org/observations/3260386"
"11","Catherpes mexicanus","Aves","TRUE","FALSE","FALSE","FALSE","http://www.inaturalist.org/observations/3294631"
"12","Corvus corax","Aves","TRUE","FALSE","FALSE","FALSE","http://www.inaturalist.org/observations/3262368"
"13","Corvus corax","Aves","TRUE","FALSE","FALSE","FALSE","http://www.inaturalist.org/observations/3232826"
"14","Corvus corax","Aves","TRUE","FALSE","FALSE","FALSE","http://www.inaturalist.org/observations/3228024"
"15","Dryobates villosus","Aves","FALSE","FALSE","FALSE","FALSE","http://www.inaturalist.org/observations/3235659"
"16","Empidonax hammondii","Aves","TRUE","FALSE","FALSE","TRUE","http://www.inaturalist.org/observations/3235594"
"17","Icterus bullockii","Aves","FALSE","FALSE","FALSE","TRUE","http://www.inaturalist.org/observations/3220693"
"18","Junco hyemalis","Aves","TRUE","FALSE","FALSE","FALSE","http://www.inaturalist.org/observations/3397432"
"19","Oxyura jamaicensis","Aves","FALSE","FALSE","FALSE","FALSE","http://www.inaturalist.org/observations/3234054"
"20","Pheucticus melanocephalus","Aves","TRUE","FALSE","FALSE","FALSE","http://www.inaturalist.org/observations/3235611"
"21","Piranga ludoviciana","Aves","TRUE","FALSE","FALSE","FALSE","http://www.inaturalist.org/observations/3352308"
"22","Piranga ludoviciana","Aves","TRUE","FALSE","FALSE","FALSE","http://www.inaturalist.org/observations/3235282"
"23","Piranga ludoviciana","Aves","TRUE","FALSE","FALSE","FALSE","http://www.inaturalist.org/observations/3235440"
"24","Regulus calendula","Aves","TRUE","FALSE","FALSE","FALSE","http://www.inaturalist.org/observations/3260378"
"25","Salpinctes obsoletus","Aves","TRUE","FALSE","FALSE","FALSE","http://www.inaturalist.org/observations/3227212"
"26","Selasphorus platycercus","Aves","TRUE","FALSE","FALSE","TRUE","http://www.inaturalist.org/observations/3242322"
"27","Selasphorus platycercus","Aves","TRUE","FALSE","FALSE","TRUE","http://www.inaturalist.org/observations/3242565"
"28","Setophaga coronata","Aves","FALSE","FALSE","FALSE","TRUE","http://www.inaturalist.org/observations/3260418"
"29","Sialia mexicana","Aves","TRUE","FALSE","FALSE","FALSE","http://www.inaturalist.org/observations/3352285"
"30","Sphyrapicus thyroideus","Aves","TRUE","FALSE","FALSE","FALSE","http://www.inaturalist.org/observations/3258391"
"31","Spizella passerina","Aves","TRUE","FALSE","FALSE","FALSE","http://www.inaturalist.org/observations/3220571"
"32","Turdus migratorius","Aves","TRUE","FALSE","FALSE","FALSE","http://www.inaturalist.org/observations/3260402"
"33","Tyrannus vociferans","Aves","TRUE","FALSE","FALSE","FALSE","http://www.inaturalist.org/observations/3227169"
"34","Cervus canadensis","Mammalia","FALSE","FALSE","TRUE","FALSE","http://www.inaturalist.org/observations/3265649"
"35","Cervus canadensis","Mammalia","FALSE","FALSE","TRUE","FALSE","http://www.inaturalist.org/observations/3258150"
"36","Eptesicus fuscus","Mammalia","TRUE","FALSE","FALSE","FALSE","http://www.inaturalist.org/observations/3266012"
"37","Eptesicus fuscus","Mammalia","TRUE","FALSE","FALSE","FALSE","http://www.inaturalist.org/observations/3276517"
"38","Lasionycteris noctivagans","Mammalia","TRUE","FALSE","FALSE","TRUE","http://www.inaturalist.org/observations/3266028"
"39","Lasionycteris noctivagans","Mammalia","TRUE","FALSE","FALSE","TRUE","http://www.inaturalist.org/observations/3276503"
"40","Lasionycteris noctivagans","Mammalia","TRUE","FALSE","FALSE","TRUE","http://www.inaturalist.org/observations/3265287"
"41","Lasionycteris noctivagans","Mammalia","TRUE","FALSE","FALSE","TRUE","http://www.inaturalist.org/observations/3240301"
"42","Lasionycteris noctivagans","Mammalia","TRUE","FALSE","FALSE","TRUE","http://www.inaturalist.org/observations/3240304"
"43","Lasionycteris noctivagans","Mammalia","TRUE","FALSE","FALSE","TRUE","http://www.inaturalist.org/observations/3240321"
"44","Lasionycteris noctivagans","Mammalia","TRUE","FALSE","FALSE","TRUE","http://www.inaturalist.org/observations/3240316"
"45","Lasionycteris noctivagans","Mammalia","TRUE","FALSE","FALSE","TRUE","http://www.inaturalist.org/observations/3240284"
"46","Lasionycteris noctivagans","Mammalia","TRUE","FALSE","FALSE","TRUE","http://www.inaturalist.org/observations/3240286"
"47","Lasionycteris noctivagans","Mammalia","TRUE","FALSE","FALSE","TRUE","http://www.inaturalist.org/observations/3240289"
"48","Lasionycteris noctivagans","Mammalia","TRUE","FALSE","FALSE","TRUE","http://www.inaturalist.org/observations/3240312"
"49","Lasionycteris noctivagans","Mammalia","TRUE","FALSE","FALSE","TRUE","http://www.inaturalist.org/observations/3240315"
"50","Lasionycteris noctivagans","Mammalia","TRUE","FALSE","FALSE","TRUE","http://www.inaturalist.org/observations/3240319"
"51","Lasionycteris noctivagans","Mammalia","TRUE","FALSE","FALSE","TRUE","http://www.inaturalist.org/observations/3240314"
"52","Lasionycteris noctivagans","Mammalia","TRUE","FALSE","FALSE","TRUE","http://www.inaturalist.org/observations/3240326"
"53","Lasionycteris noctivagans","Mammalia","TRUE","FALSE","FALSE","TRUE","http://www.inaturalist.org/observations/3240333"
"54","Lasionycteris noctivagans","Mammalia","TRUE","FALSE","FALSE","TRUE","http://www.inaturalist.org/observations/3240344"
"55","Lasionycteris noctivagans","Mammalia","TRUE","FALSE","FALSE","TRUE","http://www.inaturalist.org/observations/3240336"
"56","Lasionycteris noctivagans","Mammalia","TRUE","FALSE","FALSE","TRUE","http://www.inaturalist.org/observations/3240337"
"57","Lasionycteris noctivagans","Mammalia","TRUE","FALSE","FALSE","TRUE","http://www.inaturalist.org/observations/3240343"
"58","Lasionycteris noctivagans","Mammalia","TRUE","FALSE","FALSE","TRUE","http://www.inaturalist.org/observations/3240347"
"59","Lasionycteris noctivagans","Mammalia","TRUE","FALSE","FALSE","TRUE","http://www.inaturalist.org/observations/3240350"
"60","Lasionycteris noctivagans","Mammalia","TRUE","FALSE","FALSE","TRUE","http://www.inaturalist.org/observations/3240352"
"61","Lasionycteris noctivagans","Mammalia","TRUE","FALSE","FALSE","TRUE","http://www.inaturalist.org/observations/3240354"
"62","Myotis ciliolabrum","Mammalia","TRUE","FALSE","FALSE","TRUE","http://www.inaturalist.org/observations/3240299"
"63","Myotis ciliolabrum","Mammalia","TRUE","FALSE","FALSE","TRUE","http://www.inaturalist.org/observations/3240327"
"64","Myotis evotis","Mammalia","TRUE","FALSE","FALSE","FALSE","http://www.inaturalist.org/observations/3265310"
"65","Neotamias minimus","Mammalia","TRUE","FALSE","FALSE","FALSE","http://www.inaturalist.org/observations/3258594"
"66","Ochotona princeps","Mammalia","TRUE","FALSE","FALSE","FALSE","http://www.inaturalist.org/observations/3258358"
"67","Odocoileus hemionus","Mammalia","TRUE","FALSE","FALSE","FALSE","http://www.inaturalist.org/observations/3276406"
"68","Odocoileus hemionus","Mammalia","TRUE","FALSE","FALSE","FALSE","http://www.inaturalist.org/observations/3260843"
"69","Odocoileus hemionus","Mammalia","TRUE","FALSE","FALSE","FALSE","http://www.inaturalist.org/observations/3241659"
"70","Odocoileus hemionus","Mammalia","TRUE","FALSE","FALSE","FALSE","http://www.inaturalist.org/observations/3236503"
"71","Odocoileus hemionus","Mammalia","TRUE","FALSE","FALSE","FALSE","http://www.inaturalist.org/observations/3239136"
"72","Odocoileus hemionus","Mammalia","TRUE","FALSE","FALSE","FALSE","http://www.inaturalist.org/observations/3235529"
"73","Otospermophilus variegatus","Mammalia","FALSE","FALSE","FALSE","TRUE","http://www.inaturalist.org/observations/3259640"
"74","Otospermophilus variegatus","Mammalia","FALSE","FALSE","FALSE","TRUE","http://www.inaturalist.org/observations/3230355"
"75","Sciurus aberti","Mammalia","TRUE","FALSE","FALSE","FALSE","http://www.inaturalist.org/observations/3239087"
"76","Sciurus aberti","Mammalia","TRUE","FALSE","FALSE","FALSE","http://www.inaturalist.org/observations/3235504"
"77","Ursus americanus","Mammalia","TRUE","FALSE","FALSE","FALSE","http://www.inaturalist.org/observations/3255087"
"78","Abies concolor","Plantae","TRUE","FALSE","FALSE","FALSE","http://www.inaturalist.org/observations/3255682"
"79","Acer negundo","Plantae","TRUE","FALSE","FALSE","FALSE","http://www.inaturalist.org/observations/3363918"
"80","Acer negundo","Plantae","TRUE","FALSE","FALSE","FALSE","http://www.inaturalist.org/observations/3265975"
"81","Acer negundo","Plantae","TRUE","FALSE","FALSE","FALSE","http://www.inaturalist.org/observations/3240367"
"82","Acer negundo","Plantae","TRUE","FALSE","FALSE","FALSE","http://www.inaturalist.org/observations/3236432"
"83","Acer negundo","Plantae","TRUE","FALSE","FALSE","FALSE","http://www.inaturalist.org/observations/3235443"
"84","Achillea millefolium","Plantae","TRUE","FALSE","FALSE","TRUE","http://www.inaturalist.org/observations/3273465"
"85","Achillea millefolium","Plantae","TRUE","FALSE","FALSE","TRUE","http://www.inaturalist.org/observations/3265637"
"86","Achillea millefolium","Plantae","TRUE","FALSE","FALSE","TRUE","http://www.inaturalist.org/observations/3235517"
"87","Achnatherum hymenoides","Plantae","FALSE","FALSE","FALSE","TRUE","http://www.inaturalist.org/observations/3255814"
"88","Achnatherum hymenoides","Plantae","FALSE","FALSE","FALSE","TRUE","http://www.inaturalist.org/observations/3236102"
"89","Achnatherum hymenoides","Plantae","FALSE","FALSE","FALSE","TRUE","http://www.inaturalist.org/observations/3226106"
"90","Achnatherum hymenoides","Plantae","FALSE","FALSE","FALSE","TRUE","http://www.inaturalist.org/observations/3226287"
"91","Actaea rubra","Plantae","TRUE","FALSE","FALSE","TRUE","http://www.inaturalist.org/observations/3263071"
"92","Alnus incana","Plantae","TRUE","FALSE","FALSE","FALSE","http://www.inaturalist.org/observations/3259544"
"93","Alnus incana","Plantae","TRUE","FALSE","FALSE","FALSE","http://www.inaturalist.org/observations/3226714"
"94","Androsace septentrionalis","Plantae","TRUE","FALSE","FALSE","TRUE","http://www.inaturalist.org/observations/3273472"
"95","Androsace septentrionalis","Plantae","TRUE","FALSE","FALSE","TRUE","http://www.inaturalist.org/observations/3236439"
"96","Androsace septentrionalis","Plantae","TRUE","FALSE","FALSE","TRUE","http://www.inaturalist.org/observations/3235462"
"97","Antennaria parvifolia","Plantae","TRUE","FALSE","TRUE","TRUE","http://www.inaturalist.org/observations/3235472"
"98","Aphyllon ludovicianum","Plantae","FALSE","FALSE","FALSE","FALSE","http://www.inaturalist.org/observations/3255936"
"99","Aquilegia elegantula","Plantae","TRUE","FALSE","FALSE","FALSE","http://www.inaturalist.org/observations/3252389"
"100","Aquilegia elegantula","Plantae","TRUE","FALSE","FALSE","FALSE","http://www.inaturalist.org/observations/3255595"
"101","Arctostaphylos uva-ursi","Plantae","TRUE","FALSE","FALSE","FALSE","http://www.inaturalist.org/observations/3255072"
"102","Arctostaphylos uva-ursi","Plantae","TRUE","FALSE","FALSE","FALSE","http://www.inaturalist.org/observations/3258131"
"103","Argyrochosma fendleri","Plantae","TRUE","FALSE","FALSE","TRUE","http://www.inaturalist.org/observations/3236517"
"104","Argyrochosma fendleri","Plantae","TRUE","FALSE","FALSE","TRUE","http://www.inaturalist.org/observations/3235487"
"105","Aristida purpurea","Plantae","TRUE","FALSE","FALSE","FALSE","http://www.inaturalist.org/observations/3236116"
"106","Artemisia bigelovii","Plantae","TRUE","FALSE","FALSE","FALSE","http://www.inaturalist.org/observations/3226453"
"107","Artemisia carruthii","Plantae","TRUE","FALSE","FALSE","TRUE","http://www.inaturalist.org/observations/3235468"
"108","Artemisia carruthii","Plantae","TRUE","FALSE","FALSE","TRUE","http://www.inaturalist.org/observations/3228531"
"109","Artemisia dracunculus","Plantae","TRUE","FALSE","FALSE","TRUE","http://www.inaturalist.org/observations/3234444"
"110","Artemisia dracunculus","Plantae","TRUE","FALSE","FALSE","TRUE","http://www.inaturalist.org/observations/3227629"
"111","Artemisia dracunculus","Plantae","TRUE","FALSE","FALSE","TRUE","http://www.inaturalist.org/observations/3227559"
"112","Artemisia frigida","Plantae","TRUE","FALSE","FALSE","TRUE","http://www.inaturalist.org/observations/3235481"
"113","Artemisia frigida","Plantae","TRUE","FALSE","FALSE","TRUE","http://www.inaturalist.org/observations/3235195"
"114","Artemisia frigida","Plantae","TRUE","FALSE","FALSE","TRUE","http://www.inaturalist.org/observations/3226144"
"115","Artemisia frigida","Plantae","TRUE","FALSE","FALSE","TRUE","http://www.inaturalist.org/observations/3226791"
"116","Artemisia ludoviciana","Plantae","TRUE","FALSE","FALSE","FALSE","http://www.inaturalist.org/observations/3232538"
"117","Artemisia ludoviciana","Plantae","TRUE","FALSE","FALSE","FALSE","http://www.inaturalist.org/observations/3235465"
"118","Artemisia ludoviciana","Plantae","TRUE","FALSE","FALSE","FALSE","http://www.inaturalist.org/observations/3226159"
"119","Artemisia tridentata","Plantae","TRUE","FALSE","FALSE","FALSE","http://www.inaturalist.org/observations/3260677"
"120","Artemisia tridentata","Plantae","TRUE","FALSE","FALSE","FALSE","http://www.inaturalist.org/observations/3236479"
"121","Atriplex canescens","Plantae","TRUE","FALSE","FALSE","FALSE","http://www.inaturalist.org/observations/3258250"
"122","Atriplex canescens","Plantae","TRUE","FALSE","FALSE","FALSE","http://www.inaturalist.org/observations/3235480"
"123","Atriplex canescens","Plantae","TRUE","FALSE","FALSE","FALSE","http://www.inaturalist.org/observations/3225818"
"124","Berberis fendleri","Plantae","TRUE","FALSE","FALSE","FALSE","http://www.inaturalist.org/observations/3262954"
"125","Berberis fendleri","Plantae","TRUE","FALSE","FALSE","FALSE","http://www.inaturalist.org/observations/3256964"
"126","Berberis fendleri","Plantae","TRUE","FALSE","FALSE","FALSE","http://www.inaturalist.org/observations/3235508"
"127","Berberis repens","Plantae","FALSE","FALSE","FALSE","TRUE","http://www.inaturalist.org/observations/3258133"
"128","Betula occidentalis","Plantae","TRUE","FALSE","FALSE","TRUE","http://www.inaturalist.org/observations/3262936"
"129","Betula occidentalis","Plantae","TRUE","FALSE","FALSE","TRUE","http://www.inaturalist.org/observations/3235499"
"130","Boechera fendleri","Plantae","FALSE","FALSE","FALSE","TRUE","http://www.inaturalist.org/observations/3235490"
"131","Bouteloua curtipendula","Plantae","TRUE","FALSE","FALSE","FALSE","http://www.inaturalist.org/observations/3260721"
"132","Bouteloua eriopoda","Plantae","TRUE","FALSE","FALSE","TRUE","http://www.inaturalist.org/observations/3260558"
"133","Bouteloua eriopoda","Plantae","TRUE","FALSE","FALSE","TRUE","http://www.inaturalist.org/observations/3236558"
"134","Bouteloua eriopoda","Plantae","TRUE","FALSE","FALSE","TRUE","http://www.inaturalist.org/observations/3236450"
"135","Bouteloua gracilis","Plantae","TRUE","FALSE","TRUE","TRUE","http://www.inaturalist.org/observations/3236204"
"136","Bouteloua gracilis","Plantae","TRUE","FALSE","TRUE","TRUE","http://www.inaturalist.org/observations/3227456"
"137","Bouteloua gracilis","Plantae","TRUE","FALSE","TRUE","TRUE","http://www.inaturalist.org/observations/3225718"
"138","Bromus inermis","Plantae","TRUE","FALSE","FALSE","TRUE","http://www.inaturalist.org/observations/3234476"
"139","Bromus inermis","Plantae","TRUE","FALSE","FALSE","TRUE","http://www.inaturalist.org/observations/3229760"
"140","Bromus tectorum","Plantae","TRUE","FALSE","FALSE","TRUE","http://www.inaturalist.org/observations/3235450"
"141","Bromus tectorum","Plantae","TRUE","FALSE","FALSE","TRUE","http://www.inaturalist.org/observations/3225770"
"142","Bromus tectorum","Plantae","TRUE","FALSE","FALSE","TRUE","http://www.inaturalist.org/observations/3226800"
"143","Castilleja integra","Plantae","TRUE","FALSE","FALSE","FALSE","http://www.inaturalist.org/observations/3390871"
"144","Castilleja integra","Plantae","TRUE","FALSE","FALSE","FALSE","http://www.inaturalist.org/observations/3248634"
"145","Castilleja integra","Plantae","TRUE","FALSE","FALSE","FALSE","http://www.inaturalist.org/observations/3242137"
"146","Castilleja integra","Plantae","TRUE","FALSE","FALSE","FALSE","http://www.inaturalist.org/observations/3227622"
"147","Castilleja integra","Plantae","TRUE","FALSE","FALSE","FALSE","http://www.inaturalist.org/observations/3226494"
"148","Cerastium arvense","Plantae","TRUE","FALSE","FALSE","FALSE","http://www.inaturalist.org/observations/3252365"
"149","Cercocarpus montanus","Plantae","TRUE","FALSE","FALSE","TRUE","http://www.inaturalist.org/observations/3232828"
"150","Cercocarpus montanus","Plantae","TRUE","FALSE","FALSE","TRUE","http://www.inaturalist.org/observations/3235099"
"151","Cercocarpus montanus","Plantae","TRUE","FALSE","FALSE","TRUE","http://www.inaturalist.org/observations/3226511"
"152","Chaetopappa ericoides","Plantae","TRUE","FALSE","FALSE","TRUE","http://www.inaturalist.org/observations/3235536"
"153","Chaetopappa ericoides","Plantae","TRUE","FALSE","FALSE","TRUE","http://www.inaturalist.org/observations/3227404"
"154","Chaetopappa ericoides","Plantae","TRUE","FALSE","FALSE","TRUE","http://www.inaturalist.org/observations/3227459"
"155","Chaetopappa ericoides","Plantae","TRUE","FALSE","FALSE","TRUE","http://www.inaturalist.org/observations/3230347"
"156","Chamaenerion angustifolium","Plantae","FALSE","FALSE","FALSE","FALSE","http://www.inaturalist.org/observations/3236227"
"157","Cirsium neomexicanum","Plantae","TRUE","FALSE","FALSE","TRUE","http://www.inaturalist.org/observations/3236495"
"158","Cirsium neomexicanum","Plantae","TRUE","FALSE","FALSE","TRUE","http://www.inaturalist.org/observations/3235474"
"159","Cirsium parryi","Plantae","FALSE","FALSE","FALSE","TRUE","http://www.inaturalist.org/observations/3258145"
"160","Clematis columbiana","Plantae","TRUE","FALSE","FALSE","FALSE","http://www.inaturalist.org/observations/3352274"
"161","Clematis columbiana","Plantae","TRUE","FALSE","FALSE","FALSE","http://www.inaturalist.org/observations/3252308"
"162","Clematis columbiana","Plantae","TRUE","FALSE","FALSE","FALSE","http://www.inaturalist.org/observations/3258135"
"163","Clematis ligusticifolia","Plantae","TRUE","FALSE","FALSE","TRUE","http://www.inaturalist.org/observations/3235471"
"164","Corydalis aurea","Plantae","TRUE","FALSE","FALSE","TRUE","http://www.inaturalist.org/observations/3263042"
"165","Corydalis aurea","Plantae","TRUE","FALSE","FALSE","TRUE","http://www.inaturalist.org/observations/3255571"
"166","Corydalis aurea","Plantae","TRUE","FALSE","FALSE","TRUE","http://www.inaturalist.org/observations/3258149"
"167","Corydalis aurea","Plantae","TRUE","FALSE","FALSE","TRUE","http://www.inaturalist.org/observations/3227142"
"168","Corydalis aurea","Plantae","TRUE","FALSE","FALSE","TRUE","http://www.inaturalist.org/observations/3226730"
"169","Cylindropuntia imbricata","Plantae","FALSE","FALSE","FALSE","FALSE","http://www.inaturalist.org/observations/3285294"
"170","Cylindropuntia imbricata","Plantae","FALSE","FALSE","FALSE","FALSE","http://www.inaturalist.org/observations/3247332"
"171","Cylindropuntia imbricata","Plantae","FALSE","FALSE","FALSE","FALSE","http://www.inaturalist.org/observations/3227569"
"172","Cylindropuntia imbricata","Plantae","FALSE","FALSE","FALSE","FALSE","http://www.inaturalist.org/observations/3226644"
"173","Cylindropuntia imbricata","Plantae","FALSE","FALSE","FALSE","FALSE","http://www.inaturalist.org/observations/3226944"
"174","Cystopteris reevesiana","Plantae","TRUE","FALSE","FALSE","TRUE","http://www.inaturalist.org/observations/3258143"
"175","Dactylis glomerata","Plantae","TRUE","FALSE","FALSE","TRUE","http://www.inaturalist.org/observations/3235525"
"176","Dasiphora fruticosa","Plantae","FALSE","FALSE","FALSE","TRUE","http://www.inaturalist.org/observations/3258156"
"177","Datura wrightii","Plantae","TRUE","FALSE","FALSE","TRUE","http://www.inaturalist.org/observations/3235537"
"178","Datura wrightii","Plantae","TRUE","FALSE","FALSE","TRUE","http://www.inaturalist.org/observations/3228794"
"179","Descurainia pinnata","Plantae","TRUE","FALSE","FALSE","FALSE","http://www.inaturalist.org/observations/3234986"
"180","Dichanthelium oligosanthes","Plantae","TRUE","FALSE","FALSE","TRUE","http://www.inaturalist.org/observations/3235473"
"181","Elymus canadensis","Plantae","TRUE","FALSE","FALSE","FALSE","http://www.inaturalist.org/observations/3235523"
"182","Elymus elymoides","Plantae","TRUE","FALSE","FALSE","FALSE","http://www.inaturalist.org/observations/3236231"
"183","Elymus elymoides","Plantae","TRUE","FALSE","FALSE","FALSE","http://www.inaturalist.org/observations/3234997"
"184","Elymus elymoides","Plantae","TRUE","FALSE","FALSE","FALSE","http://www.inaturalist.org/observations/3226851"
"185","Elymus elymoides","Plantae","TRUE","FALSE","FALSE","FALSE","http://www.inaturalist.org/observations/3225742"
"186","Elymus smithii","Plantae","TRUE","FALSE","TRUE","FALSE","http://www.inaturalist.org/observations/3232519"
"187","Elymus smithii","Plantae","TRUE","FALSE","TRUE","FALSE","http://www.inaturalist.org/observations/3234487"
"188","Equisetum arvense","Plantae","TRUE","FALSE","FALSE","TRUE","http://www.inaturalist.org/observations/3235444"
"189","Equisetum hyemale","Plantae","TRUE","FALSE","FALSE","FALSE","http://www.inaturalist.org/observations/3235518"
"190","Equisetum hyemale","Plantae","TRUE","FALSE","FALSE","FALSE","http://www.inaturalist.org/observations/3235519"
"191","Ericameria nauseosa","Plantae","TRUE","FALSE","FALSE","FALSE","http://www.inaturalist.org/observations/3236163"
"192","Ericameria nauseosa","Plantae","TRUE","FALSE","FALSE","FALSE","http://www.inaturalist.org/observations/3235541"
"193","Erigeron canadensis","Plantae","FALSE","FALSE","FALSE","FALSE","http://www.inaturalist.org/observations/3236235"
"194","Erigeron divergens","Plantae","TRUE","FALSE","FALSE","FALSE","http://www.inaturalist.org/observations/3237376"
"195","Erigeron divergens","Plantae","TRUE","FALSE","FALSE","FALSE","http://www.inaturalist.org/observations/3229615"
"196","Erigeron tracyi","Plantae","FALSE","FALSE","FALSE","TRUE","http://www.inaturalist.org/observations/3227389"
"197","Eriogonum jamesii","Plantae","TRUE","FALSE","FALSE","FALSE","http://www.inaturalist.org/observations/3235491"
"198","Eriogonum jamesii","Plantae","TRUE","FALSE","FALSE","FALSE","http://www.inaturalist.org/observations/3235139"
"199","Eriogonum jamesii","Plantae","TRUE","FALSE","FALSE","FALSE","http://www.inaturalist.org/observations/3225838"
"200","Erodium cicutarium","Plantae","TRUE","FALSE","FALSE","FALSE","http://www.inaturalist.org/observations/3235502"
"201","Erysimum capitatum","Plantae","TRUE","FALSE","FALSE","FALSE","http://www.inaturalist.org/observations/3254467"
"202","Erysimum capitatum","Plantae","TRUE","FALSE","FALSE","FALSE","http://www.inaturalist.org/observations/3236363"
"203","Erysimum capitatum","Plantae","TRUE","FALSE","FALSE","FALSE","http://www.inaturalist.org/observations/3235489"
"204","Escobaria vivipara","Plantae","FALSE","FALSE","FALSE","FALSE","http://www.inaturalist.org/observations/3255599"
"205","Escobaria vivipara","Plantae","FALSE","FALSE","FALSE","FALSE","http://www.inaturalist.org/observations/3230970"
"206","Euphorbia fendleri","Plantae","FALSE","FALSE","FALSE","TRUE","http://www.inaturalist.org/observations/3260491"
"207","Euphorbia fendleri","Plantae","FALSE","FALSE","FALSE","TRUE","http://www.inaturalist.org/observations/3235495"
"208","Euphorbia fendleri","Plantae","FALSE","FALSE","FALSE","TRUE","http://www.inaturalist.org/observations/3227391"
"209","Fallugia paradoxa","Plantae","TRUE","FALSE","FALSE","TRUE","http://www.inaturalist.org/observations/3273510"
"210","Fallugia paradoxa","Plantae","TRUE","FALSE","FALSE","TRUE","http://www.inaturalist.org/observations/3235540"
"211","Fallugia paradoxa","Plantae","TRUE","FALSE","FALSE","TRUE","http://www.inaturalist.org/observations/3235116"
"212","Fallugia paradoxa","Plantae","TRUE","FALSE","FALSE","TRUE","http://www.inaturalist.org/observations/3225819"
"213","Forestiera pubescens","Plantae","TRUE","FALSE","FALSE","FALSE","http://www.inaturalist.org/observations/3236575"
"214","Forestiera pubescens","Plantae","TRUE","FALSE","FALSE","FALSE","http://www.inaturalist.org/observations/3235442"
"215","Forestiera pubescens","Plantae","TRUE","FALSE","FALSE","FALSE","http://www.inaturalist.org/observations/3225660"
"216","Fragaria vesca","Plantae","TRUE","FALSE","FALSE","FALSE","http://www.inaturalist.org/observations/3252289"
"217","Fragaria vesca","Plantae","TRUE","FALSE","FALSE","FALSE","http://www.inaturalist.org/observations/3254995"
"218","Fragaria virginiana","Plantae","TRUE","FALSE","FALSE","FALSE","http://www.inaturalist.org/observations/3255671"
"219","Fragaria virginiana","Plantae","TRUE","FALSE","FALSE","FALSE","http://www.inaturalist.org/observations/3258151"
"220","Frasera speciosa","Plantae","TRUE","FALSE","FALSE","TRUE","http://www.inaturalist.org/observations/3252122"
"221","Gaillardia grandiflora","Plantae","FALSE","FALSE","FALSE","FALSE","http://www.inaturalist.org/observations/3259672"
"222","Gaillardia pinnatifida","Plantae","TRUE","FALSE","FALSE","TRUE","http://www.inaturalist.org/observations/3235497"
"223","Gaillardia pulchella","Plantae","TRUE","FALSE","FALSE","TRUE","http://www.inaturalist.org/observations/3262359"
"224","Gaillardia pulchella","Plantae","TRUE","FALSE","FALSE","TRUE","http://www.inaturalist.org/observations/3232443"
"225","Galium aparine","Plantae","TRUE","FALSE","FALSE","TRUE","http://www.inaturalist.org/observations/3235451"
"226","Galium triflorum","Plantae","TRUE","FALSE","FALSE","TRUE","http://www.inaturalist.org/observations/3262962"
"227","Geranium caespitosum","Plantae","TRUE","FALSE","FALSE","TRUE","http://www.inaturalist.org/observations/3236232"
"228","Geum triflorum","Plantae","TRUE","FALSE","FALSE","FALSE","http://www.inaturalist.org/observations/3259266"
"229","Geum triflorum","Plantae","TRUE","FALSE","FALSE","FALSE","http://www.inaturalist.org/observations/3258158"
"230","Gutierrezia sarothrae","Plantae","TRUE","FALSE","FALSE","TRUE","http://www.inaturalist.org/observations/3235479"
"231","Gutierrezia sarothrae","Plantae","TRUE","FALSE","FALSE","TRUE","http://www.inaturalist.org/observations/3227424"
"232","Heterotheca villosa","Plantae","TRUE","FALSE","FALSE","FALSE","http://www.inaturalist.org/observations/3235453"
"233","Heterotheca villosa","Plantae","TRUE","FALSE","FALSE","FALSE","http://www.inaturalist.org/observations/3227819"
"234","Heterotheca villosa","Plantae","TRUE","FALSE","FALSE","FALSE","http://www.inaturalist.org/observations/3228352"
"235","Heterotheca villosa","Plantae","TRUE","FALSE","FALSE","FALSE","http://www.inaturalist.org/observations/3225782"
"236","Heuchera parvifolia","Plantae","TRUE","FALSE","FALSE","TRUE","http://www.inaturalist.org/observations/3236453"
"237","Heuchera parvifolia","Plantae","TRUE","FALSE","FALSE","TRUE","http://www.inaturalist.org/observations/3235486"
"238","Heuchera parvifolia","Plantae","TRUE","FALSE","FALSE","TRUE","http://www.inaturalist.org/observations/3236209"
"239","Humulus lupulus","Plantae","TRUE","FALSE","FALSE","FALSE","http://www.inaturalist.org/observations/3258141"
"240","Hymenopappus filifolius","Plantae","TRUE","FALSE","FALSE","FALSE","http://www.inaturalist.org/observations/3235496"
"241","Hymenopappus filifolius","Plantae","TRUE","FALSE","FALSE","FALSE","http://www.inaturalist.org/observations/3235089"
"242","Hymenopappus filifolius","Plantae","TRUE","FALSE","FALSE","FALSE","http://www.inaturalist.org/observations/3227661"
"243","Hymenopappus filifolius","Plantae","TRUE","FALSE","FALSE","FALSE","http://www.inaturalist.org/observations/3225862"
"244","Hymenothrix dissecta","Plantae","FALSE","FALSE","FALSE","FALSE","http://www.inaturalist.org/observations/3258159"
"245","Hymenothrix dissecta","Plantae","FALSE","FALSE","FALSE","FALSE","http://www.inaturalist.org/observations/3236161"
"246","Hymenoxys richardsonii","Plantae","TRUE","FALSE","FALSE","FALSE","http://www.inaturalist.org/observations/3231681"
"247","Ipomopsis aggregata","Plantae","TRUE","FALSE","FALSE","FALSE","http://www.inaturalist.org/observations/3256617"
"248","Ipomopsis aggregata","Plantae","TRUE","FALSE","FALSE","FALSE","http://www.inaturalist.org/observations/3235186"
"249","Iris missouriensis","Plantae","TRUE","FALSE","FALSE","TRUE","http://www.inaturalist.org/observations/3259208"
"250","Iris missouriensis","Plantae","TRUE","FALSE","FALSE","TRUE","http://www.inaturalist.org/observations/3258147"
"251","Jamesia americana","Plantae","TRUE","FALSE","FALSE","FALSE","http://www.inaturalist.org/observations/3258132"
"252","Juniperus communis","Plantae","TRUE","FALSE","FALSE","FALSE","http://www.inaturalist.org/observations/3276450"
"253","Juniperus communis","Plantae","TRUE","FALSE","FALSE","FALSE","http://www.inaturalist.org/observations/3259250"
"254","Juniperus communis","Plantae","TRUE","FALSE","FALSE","FALSE","http://www.inaturalist.org/observations/3258130"
"255","Juniperus monosperma","Plantae","TRUE","FALSE","FALSE","TRUE","http://www.inaturalist.org/observations/3246849"
"256","Juniperus monosperma","Plantae","TRUE","FALSE","FALSE","TRUE","http://www.inaturalist.org/observations/3235482"
"257","Juniperus scopulorum","Plantae","TRUE","FALSE","FALSE","TRUE","http://www.inaturalist.org/observations/3235447"
"258","Koeleria macrantha","Plantae","TRUE","FALSE","FALSE","TRUE","http://www.inaturalist.org/observations/3247346"
"259","Lappula occidentalis","Plantae","TRUE","FALSE","FALSE","FALSE","http://www.inaturalist.org/observations/3258161"
"260","Lappula occidentalis","Plantae","TRUE","FALSE","FALSE","FALSE","http://www.inaturalist.org/observations/3225693"
"261","Lithospermum incisum","Plantae","TRUE","FALSE","FALSE","TRUE","http://www.inaturalist.org/observations/3262947"
"262","Lithospermum incisum","Plantae","TRUE","FALSE","FALSE","TRUE","http://www.inaturalist.org/observations/3240379"
"263","Lupinus caudatus","Plantae","FALSE","FALSE","FALSE","FALSE","http://www.inaturalist.org/observations/3227870"
"264","Lupinus kingii","Plantae","TRUE","FALSE","FALSE","FALSE","http://www.inaturalist.org/observations/3230001"
"265","Lycium pallidum","Plantae","TRUE","FALSE","FALSE","FALSE","http://www.inaturalist.org/observations/3226861"
"266","Maianthemum racemosum","Plantae","TRUE","FALSE","FALSE","FALSE","http://www.inaturalist.org/observations/3258142"
"267","Maianthemum stellatum","Plantae","TRUE","FALSE","FALSE","TRUE","http://www.inaturalist.org/observations/3262958"
"268","Maianthemum stellatum","Plantae","TRUE","FALSE","FALSE","TRUE","http://www.inaturalist.org/observations/3236222"
"269","Marrubium vulgare","Plantae","TRUE","FALSE","FALSE","FALSE","http://www.inaturalist.org/observations/3235538"
"270","Mentzelia albicaulis","Plantae","TRUE","FALSE","FALSE","TRUE","http://www.inaturalist.org/observations/3235533"
"271","Mentzelia multiflora","Plantae","TRUE","FALSE","FALSE","FALSE","http://www.inaturalist.org/observations/3258163"
"272","Mentzelia springeri","Plantae","TRUE","FALSE","FALSE","FALSE","http://www.inaturalist.org/observations/3258165"
"273","Mertensia franciscana","Plantae","TRUE","FALSE","FALSE","FALSE","http://www.inaturalist.org/observations/3258144"
"274","Mertensia lanceolata","Plantae","TRUE","FALSE","FALSE","FALSE","http://www.inaturalist.org/observations/3263116"
"275","Mertensia lanceolata","Plantae","TRUE","FALSE","FALSE","FALSE","http://www.inaturalist.org/observations/3252343"
"276","Mirabilis multiflora","Plantae","TRUE","FALSE","FALSE","FALSE","http://www.inaturalist.org/observations/3260646"
"277","Mirabilis multiflora","Plantae","TRUE","FALSE","FALSE","FALSE","http://www.inaturalist.org/observations/3255402"
"278","Monarda fistulosa","Plantae","TRUE","FALSE","FALSE","FALSE","http://www.inaturalist.org/observations/3235475"
"279","Muhlenbergia torreyi","Plantae","TRUE","FALSE","FALSE","TRUE","http://www.inaturalist.org/observations/3236397"
"280","Muhlenbergia torreyi","Plantae","TRUE","FALSE","FALSE","TRUE","http://www.inaturalist.org/observations/3230109"
"281","Myriopteris fendleri","Plantae","FALSE","FALSE","FALSE","FALSE","http://www.inaturalist.org/observations/3236451"
"282","Myriopteris fendleri","Plantae","FALSE","FALSE","FALSE","FALSE","http://www.inaturalist.org/observations/3235484"
"283","Noccaea fendleri","Plantae","FALSE","FALSE","FALSE","FALSE","http://www.inaturalist.org/observations/3273457"
"284","Noccaea fendleri","Plantae","FALSE","FALSE","FALSE","FALSE","http://www.inaturalist.org/observations/3417640"
"285","Noccaea fendleri","Plantae","FALSE","FALSE","FALSE","FALSE","http://www.inaturalist.org/observations/3259198"
"286","Noccaea fendleri","Plantae","FALSE","FALSE","FALSE","FALSE","http://www.inaturalist.org/observations/3258140"
"287","Oenothera albicaulis","Plantae","TRUE","FALSE","FALSE","TRUE","http://www.inaturalist.org/observations/3235539"
"288","Oenothera suffrutescens","Plantae","FALSE","FALSE","FALSE","TRUE","http://www.inaturalist.org/observations/3229901"
"289","Opuntia polyacantha","Plantae","TRUE","FALSE","FALSE","FALSE","http://www.inaturalist.org/observations/3263142"
"290","Opuntia polyacantha","Plantae","TRUE","FALSE","FALSE","FALSE","http://www.inaturalist.org/observations/3230090"
"291","Oreocarya suffruticosa","Plantae","FALSE","FALSE","TRUE","FALSE","http://www.inaturalist.org/observations/3235470"
"292","Oreocarya suffruticosa","Plantae","FALSE","FALSE","TRUE","FALSE","http://www.inaturalist.org/observations/3225827"
"293","Packera fendleri","Plantae","TRUE","FALSE","FALSE","TRUE","http://www.inaturalist.org/observations/3258128"
"294","Packera fendleri","Plantae","TRUE","FALSE","FALSE","TRUE","http://www.inaturalist.org/observations/3236553"
"295","Packera fendleri","Plantae","TRUE","FALSE","FALSE","TRUE","http://www.inaturalist.org/observations/3235494"
"296","Packera neomexicana","Plantae","TRUE","FALSE","FALSE","FALSE","http://www.inaturalist.org/observations/3242089"
"297","Packera neomexicana","Plantae","TRUE","FALSE","FALSE","FALSE","http://www.inaturalist.org/observations/3236203"
"298","Parthenocissus inserta","Plantae","FALSE","FALSE","FALSE","FALSE","http://www.inaturalist.org/observations/3235445"
"299","Paxistima myrsinites","Plantae","FALSE","FALSE","FALSE","TRUE","http://www.inaturalist.org/observations/3235488"
"300","Pedicularis procera","Plantae","TRUE","FALSE","TRUE","FALSE","http://www.inaturalist.org/observations/3258154"
"301","Penstemon secundiflorus","Plantae","TRUE","FALSE","FALSE","TRUE","http://www.inaturalist.org/observations/3733877"
"302","Penstemon secundiflorus","Plantae","TRUE","FALSE","FALSE","TRUE","http://www.inaturalist.org/observations/3236514"
"303","Penstemon secundiflorus","Plantae","TRUE","FALSE","FALSE","TRUE","http://www.inaturalist.org/observations/3236205"
"304","Penstemon secundiflorus","Plantae","TRUE","FALSE","FALSE","TRUE","http://www.inaturalist.org/observations/3227511"
"305","Penstemon secundiflorus","Plantae","TRUE","FALSE","FALSE","TRUE","http://www.inaturalist.org/observations/3230971"
"306","Penstemon secundiflorus","Plantae","TRUE","FALSE","FALSE","TRUE","http://www.inaturalist.org/observations/3227547"
"307","Penstemon secundiflorus","Plantae","TRUE","FALSE","FALSE","TRUE","http://www.inaturalist.org/observations/3228014"
"308","Phacelia integrifolia","Plantae","TRUE","FALSE","FALSE","FALSE","http://www.inaturalist.org/observations/3225758"
"309","Philadelphus microphyllus","Plantae","TRUE","FALSE","FALSE","FALSE","http://www.inaturalist.org/observations/3235493"
"310","Philadelphus microphyllus","Plantae","TRUE","FALSE","FALSE","FALSE","http://www.inaturalist.org/observations/3226682"
"311","Phoradendron juniperinum","Plantae","TRUE","FALSE","FALSE","TRUE","http://www.inaturalist.org/observations/3235534"
"312","Phoradendron juniperinum","Plantae","TRUE","FALSE","FALSE","TRUE","http://www.inaturalist.org/observations/3225710"
"313","Physaria intermedia","Plantae","FALSE","FALSE","FALSE","FALSE","http://www.inaturalist.org/observations/3225027"
"314","Picea engelmannii","Plantae","TRUE","FALSE","FALSE","FALSE","http://www.inaturalist.org/observations/3276473"
"315","Pinus edulis","Plantae","TRUE","FALSE","FALSE","TRUE","http://www.inaturalist.org/observations/3236210"
"316","Pinus edulis","Plantae","TRUE","FALSE","FALSE","TRUE","http://www.inaturalist.org/observations/3235166"
"317","Pinus edulis","Plantae","TRUE","FALSE","FALSE","TRUE","http://www.inaturalist.org/observations/3229039"
"318","Pinus edulis","Plantae","TRUE","FALSE","FALSE","TRUE","http://www.inaturalist.org/observations/3225721"
"319","Pinus flexilis","Plantae","TRUE","FALSE","FALSE","TRUE","http://www.inaturalist.org/observations/3255674"
"320","Pinus ponderosa","Plantae","TRUE","FALSE","FALSE","FALSE","http://www.inaturalist.org/observations/3273496"
"321","Pinus ponderosa","Plantae","TRUE","FALSE","FALSE","FALSE","http://www.inaturalist.org/observations/3276423"
"322","Pinus ponderosa","Plantae","TRUE","FALSE","FALSE","FALSE","http://www.inaturalist.org/observations/3234596"
"323","Pinus ponderosa","Plantae","TRUE","FALSE","FALSE","FALSE","http://www.inaturalist.org/observations/3229006"
"324","Pinus ponderosa","Plantae","TRUE","FALSE","FALSE","FALSE","http://www.inaturalist.org/observations/3227506"
"325","Pinus ponderosa","Plantae","TRUE","FALSE","FALSE","FALSE","http://www.inaturalist.org/observations/3226723"
"326","Pinus strobiformis","Plantae","TRUE","FALSE","FALSE","TRUE","http://www.inaturalist.org/observations/3258152"
"327","Pinus strobiformis","Plantae","TRUE","FALSE","FALSE","TRUE","http://www.inaturalist.org/observations/3256019"
"328","Plantago major","Plantae","TRUE","FALSE","FALSE","TRUE","http://www.inaturalist.org/observations/3235461"
"329","Plantago patagonica","Plantae","TRUE","FALSE","FALSE","FALSE","http://www.inaturalist.org/observations/3236394"
"330","Poa fendleriana","Plantae","TRUE","FALSE","FALSE","FALSE","http://www.inaturalist.org/observations/3260580"
"331","Poa fendleriana","Plantae","TRUE","FALSE","FALSE","FALSE","http://www.inaturalist.org/observations/3255389"
"332","Poa fendleriana","Plantae","TRUE","FALSE","FALSE","FALSE","http://www.inaturalist.org/observations/3234662"
"333","Poa fendleriana","Plantae","TRUE","FALSE","FALSE","FALSE","http://www.inaturalist.org/observations/3231172"
"334","Poa fendleriana","Plantae","TRUE","FALSE","FALSE","FALSE","http://www.inaturalist.org/observations/3229037"
"335","Poa pratensis","Plantae","TRUE","FALSE","FALSE","TRUE","http://www.inaturalist.org/observations/3236435"
"336","Populus angustifolia","Plantae","TRUE","FALSE","FALSE","TRUE","http://www.inaturalist.org/observations/3236437"
"337","Populus angustifolia","Plantae","TRUE","FALSE","FALSE","TRUE","http://www.inaturalist.org/observations/3235441"
"338","Populus tremuloides","Plantae","TRUE","FALSE","FALSE","TRUE","http://www.inaturalist.org/observations/3265986"
"339","Populus tremuloides","Plantae","TRUE","FALSE","FALSE","TRUE","http://www.inaturalist.org/observations/3276416"
"340","Populus tremuloides","Plantae","TRUE","FALSE","FALSE","TRUE","http://www.inaturalist.org/observations/3258636"
"341","Populus tremuloides","Plantae","TRUE","FALSE","FALSE","TRUE","http://www.inaturalist.org/observations/3255056"
"342","Populus tremuloides","Plantae","TRUE","FALSE","FALSE","TRUE","http://www.inaturalist.org/observations/3258129"
"343","Potentilla hippiana","Plantae","TRUE","FALSE","FALSE","TRUE","http://www.inaturalist.org/observations/3255736"
"344","Potentilla hippiana","Plantae","TRUE","FALSE","FALSE","TRUE","http://www.inaturalist.org/observations/3255999"
"345","Potentilla norvegica","Plantae","TRUE","FALSE","FALSE","TRUE","http://www.inaturalist.org/observations/3226769"
"346","Prunus virginiana","Plantae","TRUE","FALSE","FALSE","FALSE","http://www.inaturalist.org/observations/3352297"
"347","Prunus virginiana","Plantae","TRUE","FALSE","FALSE","FALSE","http://www.inaturalist.org/observations/3236550"
"348","Prunus virginiana","Plantae","TRUE","FALSE","FALSE","FALSE","http://www.inaturalist.org/observations/3235506"
"349","Prunus virginiana","Plantae","TRUE","FALSE","FALSE","FALSE","http://www.inaturalist.org/observations/3231993"
"350","Pseudocymopterus montanus","Plantae","FALSE","FALSE","FALSE","TRUE","http://www.inaturalist.org/observations/3255498"
"351","Pseudocymopterus montanus","Plantae","FALSE","FALSE","FALSE","TRUE","http://www.inaturalist.org/observations/3257004"
"352","Pseudotsuga menziesii","Plantae","TRUE","FALSE","FALSE","FALSE","http://www.inaturalist.org/observations/3236426"
"353","Pseudotsuga menziesii","Plantae","TRUE","FALSE","FALSE","FALSE","http://www.inaturalist.org/observations/3236217"
"354","Pseudotsuga menziesii","Plantae","TRUE","FALSE","FALSE","FALSE","http://www.inaturalist.org/observations/3229122"
"355","Ptelea trifoliata","Plantae","TRUE","FALSE","FALSE","FALSE","http://www.inaturalist.org/observations/3255374"
"356","Ptelea trifoliata","Plantae","TRUE","FALSE","FALSE","FALSE","http://www.inaturalist.org/observations/3235476"
"357","Ptelea trifoliata","Plantae","TRUE","FALSE","FALSE","FALSE","http://www.inaturalist.org/observations/3231011"
"358","Quercus ×","Plantae","FALSE","FALSE","FALSE","FALSE","http://www.inaturalist.org/observations/3235149"
"359","Quercus ×","Plantae","FALSE","FALSE","FALSE","FALSE","http://www.inaturalist.org/observations/3226142"
"360","Quercus gambelii","Plantae","TRUE","FALSE","FALSE","TRUE","http://www.inaturalist.org/observations/3236443"
"361","Quercus gambelii","Plantae","TRUE","FALSE","FALSE","TRUE","http://www.inaturalist.org/observations/3234398"
"362","Quercus gambelii","Plantae","TRUE","FALSE","FALSE","TRUE","http://www.inaturalist.org/observations/3235456"
"363","Quercus gambelii","Plantae","TRUE","FALSE","FALSE","TRUE","http://www.inaturalist.org/observations/3227749"
"364","Ranunculus cardiophyllus","Plantae","TRUE","FALSE","FALSE","TRUE","http://www.inaturalist.org/observations/3258157"
"365","Ranunculus inamoenus","Plantae","TRUE","FALSE","FALSE","FALSE","http://www.inaturalist.org/observations/3259219"
"366","Ranunculus macounii","Plantae","TRUE","FALSE","FALSE","TRUE","http://www.inaturalist.org/observations/3235524"
"367","Rhus aromatica","Plantae","TRUE","FALSE","FALSE","FALSE","http://www.inaturalist.org/observations/3734101"
"368","Rhus aromatica","Plantae","TRUE","FALSE","FALSE","FALSE","http://www.inaturalist.org/observations/3246812"
"369","Ribes cereum","Plantae","TRUE","FALSE","FALSE","FALSE","http://www.inaturalist.org/observations/3225672"
"370","Ribes inerme","Plantae","TRUE","FALSE","FALSE","FALSE","http://www.inaturalist.org/observations/3403896"
"371","Ribes inerme","Plantae","TRUE","FALSE","FALSE","FALSE","http://www.inaturalist.org/observations/3235503"
"372","Robinia neomexicana","Plantae","TRUE","FALSE","FALSE","FALSE","http://www.inaturalist.org/observations/3273499"
"373","Robinia neomexicana","Plantae","TRUE","FALSE","FALSE","FALSE","http://www.inaturalist.org/observations/3390265"
"374","Robinia neomexicana","Plantae","TRUE","FALSE","FALSE","FALSE","http://www.inaturalist.org/observations/3263065"
"375","Robinia neomexicana","Plantae","TRUE","FALSE","FALSE","FALSE","http://www.inaturalist.org/observations/3236533"
"376","Robinia neomexicana","Plantae","TRUE","FALSE","FALSE","FALSE","http://www.inaturalist.org/observations/3232462"
"377","Robinia neomexicana","Plantae","TRUE","FALSE","FALSE","FALSE","http://www.inaturalist.org/observations/3227728"
"378","Robinia neomexicana","Plantae","TRUE","FALSE","FALSE","FALSE","http://www.inaturalist.org/observations/3226750"
"379","Rosa woodsii","Plantae","TRUE","FALSE","FALSE","FALSE","http://www.inaturalist.org/observations/3257133"
"380","Rosa woodsii","Plantae","TRUE","FALSE","FALSE","FALSE","http://www.inaturalist.org/observations/3236464"
"381","Rosa woodsii","Plantae","TRUE","FALSE","FALSE","FALSE","http://www.inaturalist.org/observations/3234459"
"382","Rosa woodsii","Plantae","TRUE","FALSE","FALSE","FALSE","http://www.inaturalist.org/observations/3226741"
"383","Rubus idaeus","Plantae","TRUE","FALSE","FALSE","FALSE","http://www.inaturalist.org/observations/3236543"
"384","Rubus idaeus","Plantae","TRUE","FALSE","FALSE","FALSE","http://www.inaturalist.org/observations/3236229"
"385","Rubus parviflorus","Plantae","TRUE","FALSE","FALSE","TRUE","http://www.inaturalist.org/observations/3255614"
"386","Rudbeckia laciniata","Plantae","TRUE","FALSE","FALSE","FALSE","http://www.inaturalist.org/observations/3226762"
"387","Rumex crispus","Plantae","TRUE","FALSE","FALSE","TRUE","http://www.inaturalist.org/observations/3236224"
"388","Schizachyrium scoparium","Plantae","TRUE","FALSE","FALSE","FALSE","http://www.inaturalist.org/observations/3228274"
"389","Schizachyrium scoparium","Plantae","TRUE","FALSE","FALSE","FALSE","http://www.inaturalist.org/observations/3225845"
"390","Selaginella mutica","Plantae","TRUE","FALSE","FALSE","FALSE","http://www.inaturalist.org/observations/3235485"
"391","Senecio wootonii","Plantae","TRUE","FALSE","FALSE","FALSE","http://www.inaturalist.org/observations/3252124"
"392","Senecio wootonii","Plantae","TRUE","FALSE","FALSE","FALSE","http://www.inaturalist.org/observations/3258153"
"393","Senecio wootonii","Plantae","TRUE","FALSE","FALSE","FALSE","http://www.inaturalist.org/observations/3245291"
"394","Sisymbrium altissimum","Plantae","TRUE","FALSE","FALSE","TRUE","http://www.inaturalist.org/observations/3235455"
"395","Sisymbrium altissimum","Plantae","TRUE","FALSE","FALSE","TRUE","http://www.inaturalist.org/observations/3226995"
"396","Sisymbrium altissimum","Plantae","TRUE","FALSE","FALSE","TRUE","http://www.inaturalist.org/observations/3226928"
"397","Stipa comata","Plantae","TRUE","FALSE","FALSE","FALSE","http://www.inaturalist.org/observations/3260395"
"398","Stipa comata","Plantae","TRUE","FALSE","FALSE","FALSE","http://www.inaturalist.org/observations/3226165"
"399","Taraxacum officinale","Plantae","TRUE","FALSE","FALSE","TRUE","http://www.inaturalist.org/observations/3273460"
"400","Taraxacum officinale","Plantae","TRUE","FALSE","FALSE","TRUE","http://www.inaturalist.org/observations/3235446"
"401","Tetraneuris argentea","Plantae","FALSE","FALSE","FALSE","FALSE","http://www.inaturalist.org/observations/3235543"
"402","Tetraneuris argentea","Plantae","FALSE","FALSE","FALSE","FALSE","http://www.inaturalist.org/observations/3232378"
"403","Tetraneuris argentea","Plantae","FALSE","FALSE","FALSE","FALSE","http://www.inaturalist.org/observations/3235085"
"404","Tetraneuris argentea","Plantae","FALSE","FALSE","FALSE","FALSE","http://www.inaturalist.org/observations/3227094"
"405","Tetraneuris argentea","Plantae","FALSE","FALSE","FALSE","FALSE","http://www.inaturalist.org/observations/3221487"
"406","Thalictrum fendleri","Plantae","TRUE","FALSE","FALSE","TRUE","http://www.inaturalist.org/observations/3255490"
"407","Thalictrum fendleri","Plantae","TRUE","FALSE","FALSE","TRUE","http://www.inaturalist.org/observations/3226717"
"408","Thermopsis montana","Plantae","TRUE","FALSE","FALSE","FALSE","http://www.inaturalist.org/observations/3256000"
"409","Thermopsis rhombifolia","Plantae","TRUE","FALSE","FALSE","TRUE","http://www.inaturalist.org/observations/3403778"
"410","Thermopsis rhombifolia","Plantae","TRUE","FALSE","FALSE","TRUE","http://www.inaturalist.org/observations/3273459"
"411","Thermopsis rhombifolia","Plantae","TRUE","FALSE","FALSE","TRUE","http://www.inaturalist.org/observations/3255807"
"412","Toxicodendron rydbergii","Plantae","TRUE","FALSE","FALSE","TRUE","http://www.inaturalist.org/observations/3236458"
"413","Tragopogon dubius","Plantae","TRUE","FALSE","FALSE","TRUE","http://www.inaturalist.org/observations/3236214"
"414","Tragopogon dubius","Plantae","TRUE","FALSE","FALSE","TRUE","http://www.inaturalist.org/observations/3227482"
"415","Tragopogon dubius","Plantae","TRUE","FALSE","FALSE","TRUE","http://www.inaturalist.org/observations/3229551"
"416","Trifolium repens","Plantae","TRUE","FALSE","FALSE","TRUE","http://www.inaturalist.org/observations/3240338"
"417","Trifolium repens","Plantae","TRUE","FALSE","FALSE","TRUE","http://www.inaturalist.org/observations/3235449"
"418","Urtica dioica","Plantae","TRUE","FALSE","FALSE","FALSE","http://www.inaturalist.org/observations/3235452"
"419","Verbascum thapsus","Plantae","TRUE","FALSE","FALSE","FALSE","http://www.inaturalist.org/observations/3236527"
"420","Verbascum thapsus","Plantae","TRUE","FALSE","FALSE","FALSE","http://www.inaturalist.org/observations/3227829"
"421","Verbascum thapsus","Plantae","TRUE","FALSE","FALSE","FALSE","http://www.inaturalist.org/observations/3229460"
"422","Verbascum thapsus","Plantae","TRUE","FALSE","FALSE","FALSE","http://www.inaturalist.org/observations/3222686"
"423","Verbascum thapsus","Plantae","TRUE","FALSE","FALSE","FALSE","http://www.inaturalist.org/observations/3220500"
"424","Veronica americana","Plantae","TRUE","FALSE","FALSE","FALSE","http://www.inaturalist.org/observations/3258146"
"425","Vicia americana","Plantae","TRUE","FALSE","FALSE","FALSE","http://www.inaturalist.org/observations/3257074"
"426","Vicia americana","Plantae","TRUE","FALSE","FALSE","FALSE","http://www.inaturalist.org/observations/3235507"
"427","Vicia americana","Plantae","TRUE","FALSE","FALSE","FALSE","http://www.inaturalist.org/observations/3231010"
"428","Vicia americana","Plantae","TRUE","FALSE","FALSE","FALSE","http://www.inaturalist.org/observations/3225785"
"429","Vicia ludoviciana","Plantae","TRUE","FALSE","FALSE","FALSE","http://www.inaturalist.org/observations/3235535"
"430","Viola adunca","Plantae","TRUE","FALSE","FALSE","FALSE","http://www.inaturalist.org/observations/3273456"
"431","Viola adunca","Plantae","TRUE","FALSE","FALSE","FALSE","http://www.inaturalist.org/observations/3255644"
"432","Viola canadensis","Plantae","TRUE","FALSE","FALSE","FALSE","http://www.inaturalist.org/observations/3259169"
"433","Viola canadensis","Plantae","TRUE","FALSE","FALSE","FALSE","http://www.inaturalist.org/observations/3252354"
"434","Viola canadensis","Plantae","TRUE","FALSE","FALSE","FALSE","http://www.inaturalist.org/observations/3258138"
"435","Vitis arizonica","Plantae","TRUE","FALSE","FALSE","TRUE","http://www.inaturalist.org/observations/3236548"
"436","Vitis arizonica","Plantae","TRUE","FALSE","FALSE","TRUE","http://www.inaturalist.org/observations/3235526"
"437","Xanthisma spinulosum","Plantae","FALSE","FALSE","FALSE","TRUE","http://www.inaturalist.org/observations/3258291"
"438","Yucca baccata","Plantae","TRUE","FALSE","FALSE","FALSE","http://www.inaturalist.org/observations/3352316"
"439","Yucca baccata","Plantae","TRUE","FALSE","FALSE","FALSE","http://www.inaturalist.org/observations/3255410"
"440","Yucca baccata","Plantae","TRUE","FALSE","FALSE","FALSE","http://www.inaturalist.org/observations/3236509"
"441","Yucca baccata","Plantae","TRUE","FALSE","FALSE","FALSE","http://www.inaturalist.org/observations/3234951"
"442","Yucca baccata","Plantae","TRUE","FALSE","FALSE","FALSE","http://www.inaturalist.org/observations/3226578"
"443","Aspidoscelis velox","Reptilia","FALSE","FALSE","TRUE","FALSE","http://www.inaturalist.org/observations/3236546"
"444","Crotalus atrox","Reptilia","TRUE","FALSE","FALSE","TRUE","http://www.inaturalist.org/observations/3238999"
"445","Crotalus atrox","Reptilia","TRUE","FALSE","FALSE","TRUE","http://www.inaturalist.org/observations/3236544"
"446","Crotalus atrox","Reptilia","TRUE","FALSE","FALSE","TRUE","http://www.inaturalist.org/observations/3236219"
"447","Masticophis taeniatus","Reptilia","TRUE","FALSE","TRUE","FALSE","http://www.inaturalist.org/observations/3267221"
"448","Masticophis taeniatus","Reptilia","TRUE","FALSE","TRUE","FALSE","http://www.inaturalist.org/observations/3236510"
"449","Pituophis catenifer","Reptilia","TRUE","FALSE","FALSE","TRUE","http://www.inaturalist.org/observations/3236530"
"450","Plestiodon obsoletus","Reptilia","FALSE","FALSE","FALSE","FALSE","http://www.inaturalist.org/observations/3348136"
"451","Sceloporus cowlesi","Reptilia","FALSE","FALSE","FALSE","TRUE","http://www.inaturalist.org/observations/3228995"
"452","Sceloporus tristichus","Reptilia","FALSE","FALSE","FALSE","TRUE","http://www.inaturalist.org/observations/3237433"
"453","Sceloporus tristichus","Reptilia","FALSE","FALSE","FALSE","TRUE","http://www.inaturalist.org/observations/3239149"
"454","Thamnophis elegans","Reptilia","TRUE","FALSE","FALSE","TRUE","http://www.inaturalist.org/observations/3348142"
"455","Thamnophis elegans","Reptilia","TRUE","FALSE","FALSE","TRUE","http://www.inaturalist.org/observations/3235530"
