"","Scientific_name","Iconic_taxa","Match NPSpecies","iNaturalist_Entry_count"
"1","Ambystoma mavortium","Amphibia","No Match","1"
"2","Pseudacris maculata","Amphibia","No Match","2"
"3","Accipiter cooperii","Aves","Match","1"
"4","Aphelocoma woodhouseii","Aves","No Match","1"
"5","Archilochus alexandri","Aves","Match","3"
"6","Cathartes aura","Aves","Match","1"
"7","Catharus guttatus","Aves","Match","1"
"8","Catherpes mexicanus","Aves","Match","1"
"9","Corvus corax","Aves","Match","3"
"10","Dryobates villosus","Aves","No Match","1"
"11","Empidonax hammondii","Aves","Match","1"
"12","Icterus bullockii","Aves","ITIS Match","1"
"13","Junco hyemalis","Aves","Match","1"
"14","Oxyura jamaicensis","Aves","No Match","1"
"15","Pheucticus melanocephalus","Aves","Match","1"
"16","Piranga ludoviciana","Aves","Match","3"
"17","Regulus calendula","Aves","Match","1"
"18","Salpinctes obsoletus","Aves","Match","1"
"19","Selasphorus platycercus","Aves","Match","2"
"20","Setophaga coronata","Aves","ITIS Match","1"
"21","Sialia mexicana","Aves","Match","1"
"22","Sphyrapicus thyroideus","Aves","Match","1"
"23","Spizella passerina","Aves","Match","1"
"24","Turdus migratorius","Aves","Match","1"
"25","Tyrannus vociferans","Aves","Match","1"
"26","Cervus canadensis","Mammalia","ITIS Match","2"
"27","Eptesicus fuscus","Mammalia","Match","2"
"28","Lasionycteris noctivagans","Mammalia","Match","24"
"29","Myotis ciliolabrum","Mammalia","Match","2"
"30","Myotis evotis","Mammalia","Match","1"
"31","Neotamias minimus","Mammalia","Match","1"
"32","Ochotona princeps","Mammalia","Match","1"
"33","Odocoileus hemionus","Mammalia","Match","6"
"34","Otospermophilus variegatus","Mammalia","ITIS Match","2"
"35","Sciurus aberti","Mammalia","Match","2"
"36","Ursus americanus","Mammalia","Match","1"
"37","Abies concolor","Plantae","Match","1"
"38","Acer negundo","Plantae","Match","5"
"39","Achillea millefolium","Plantae","Match","3"
"40","Achnatherum hymenoides","Plantae","ITIS Match","4"
"41","Actaea rubra","Plantae","Match","1"
"42","Alnus incana","Plantae","Match","2"
"43","Androsace septentrionalis","Plantae","Match","3"
"44","Antennaria parvifolia","Plantae","Match","1"
"45","Aphyllon ludovicianum","Plantae","No Match","1"
"46","Aquilegia elegantula","Plantae","Match","2"
"47","Arctostaphylos uva-ursi","Plantae","Match","2"
"48","Argyrochosma fendleri","Plantae","Match","2"
"49","Aristida purpurea","Plantae","Match","1"
"50","Artemisia bigelovii","Plantae","Match","1"
"51","Artemisia carruthii","Plantae","Match","2"
"52","Artemisia dracunculus","Plantae","Match","3"
"53","Artemisia frigida","Plantae","Match","4"
"54","Artemisia ludoviciana","Plantae","Match","3"
"55","Artemisia tridentata","Plantae","Match","2"
"56","Atriplex canescens","Plantae","Match","3"
"57","Berberis fendleri","Plantae","Match","3"
"58","Berberis repens","Plantae","ITIS Match","1"
"59","Betula occidentalis","Plantae","Match","2"
"60","Boechera fendleri","Plantae","ITIS Match","1"
"61","Bouteloua curtipendula","Plantae","Match","1"
"62","Bouteloua eriopoda","Plantae","Match","3"
"63","Bouteloua gracilis","Plantae","Match","3"
"64","Bromus inermis","Plantae","Match","2"
"65","Bromus tectorum","Plantae","Match","3"
"66","Castilleja integra","Plantae","Match","5"
"67","Cerastium arvense","Plantae","Match","1"
"68","Cercocarpus montanus","Plantae","Match","3"
"69","Chaetopappa ericoides","Plantae","Match","4"
"70","Chamaenerion angustifolium","Plantae","No Match","1"
"71","Cirsium neomexicanum","Plantae","Match","2"
"72","Cirsium parryi","Plantae","ITIS Match","1"
"73","Clematis columbiana","Plantae","Match","3"
"74","Clematis ligusticifolia","Plantae","Match","1"
"75","Corydalis aurea","Plantae","Match","5"
"76","Cylindropuntia imbricata","Plantae","No Match","5"
"77","Cystopteris reevesiana","Plantae","Match","1"
"78","Dactylis glomerata","Plantae","Match","1"
"79","Dasiphora fruticosa","Plantae","ITIS Match","1"
"80","Datura wrightii","Plantae","Match","2"
"81","Descurainia pinnata","Plantae","Match","1"
"82","Dichanthelium oligosanthes","Plantae","Match","1"
"83","Elymus canadensis","Plantae","Match","1"
"84","Elymus elymoides","Plantae","Match","4"
"85","Elymus smithii","Plantae","Match","2"
"86","Equisetum arvense","Plantae","Match","1"
"87","Equisetum hyemale","Plantae","Match","2"
"88","Ericameria nauseosa","Plantae","Match","2"
"89","Erigeron canadensis","Plantae","No Match","1"
"90","Erigeron divergens","Plantae","Match","2"
"91","Erigeron tracyi","Plantae","ITIS Match","1"
"92","Eriogonum jamesii","Plantae","Match","3"
"93","Erodium cicutarium","Plantae","Match","1"
"94","Erysimum capitatum","Plantae","Match","3"
"95","Escobaria vivipara","Plantae","No Match","2"
"96","Euphorbia fendleri","Plantae","ITIS Match","3"
"97","Fallugia paradoxa","Plantae","Match","4"
"98","Forestiera pubescens","Plantae","Match","3"
"99","Fragaria vesca","Plantae","Match","2"
"100","Fragaria virginiana","Plantae","Match","2"
"101","Frasera speciosa","Plantae","Match","1"
"102","Gaillardia grandiflora","Plantae","No Match","1"
"103","Gaillardia pinnatifida","Plantae","Match","1"
"104","Gaillardia pulchella","Plantae","Match","2"
"105","Galium aparine","Plantae","Match","1"
"106","Galium triflorum","Plantae","Match","1"
"107","Geranium caespitosum","Plantae","Match","1"
"108","Geum triflorum","Plantae","Match","2"
"109","Gutierrezia sarothrae","Plantae","Match","2"
"110","Heterotheca villosa","Plantae","Match","4"
"111","Heuchera parvifolia","Plantae","Match","3"
"112","Humulus lupulus","Plantae","Match","1"
"113","Hymenopappus filifolius","Plantae","Match","4"
"114","Hymenothrix dissecta","Plantae","No Match","2"
"115","Hymenoxys richardsonii","Plantae","Match","1"
"116","Ipomopsis aggregata","Plantae","Match","2"
"117","Iris missouriensis","Plantae","Match","2"
"118","Jamesia americana","Plantae","Match","1"
"119","Juniperus communis","Plantae","Match","3"
"120","Juniperus monosperma","Plantae","Match","2"
"121","Juniperus scopulorum","Plantae","Match","1"
"122","Koeleria macrantha","Plantae","Match","1"
"123","Lappula occidentalis","Plantae","Match","2"
"124","Lithospermum incisum","Plantae","Match","2"
"125","Lupinus caudatus","Plantae","No Match","1"
"126","Lupinus kingii","Plantae","Match","1"
"127","Lycium pallidum","Plantae","Match","1"
"128","Maianthemum racemosum","Plantae","Match","1"
"129","Maianthemum stellatum","Plantae","Match","2"
"130","Marrubium vulgare","Plantae","Match","1"
"131","Mentzelia albicaulis","Plantae","Match","1"
"132","Mentzelia multiflora","Plantae","Match","1"
"133","Mentzelia springeri","Plantae","Match","1"
"134","Mertensia franciscana","Plantae","Match","1"
"135","Mertensia lanceolata","Plantae","Match","2"
"136","Mirabilis multiflora","Plantae","Match","2"
"137","Monarda fistulosa","Plantae","Match","1"
"138","Muhlenbergia torreyi","Plantae","Match","2"
"139","Myriopteris fendleri","Plantae","No Match","2"
"140","Noccaea fendleri","Plantae","No Match","4"
"141","Oenothera albicaulis","Plantae","Match","1"
"142","Oenothera suffrutescens","Plantae","ITIS Match","1"
"143","Opuntia polyacantha","Plantae","Match","2"
"144","Oreocarya suffruticosa","Plantae","ITIS Match","2"
"145","Packera fendleri","Plantae","Match","3"
"146","Packera neomexicana","Plantae","Match","2"
"147","Parthenocissus inserta","Plantae","No Match","1"
"148","Paxistima myrsinites","Plantae","ITIS Match","1"
"149","Pedicularis procera","Plantae","Match","1"
"150","Penstemon secundiflorus","Plantae","Match","7"
"151","Phacelia integrifolia","Plantae","Match","1"
"152","Philadelphus microphyllus","Plantae","Match","2"
"153","Phoradendron juniperinum","Plantae","Match","2"
"154","Physaria intermedia","Plantae","No Match","1"
"155","Picea engelmannii","Plantae","Match","1"
"156","Pinus edulis","Plantae","Match","4"
"157","Pinus flexilis","Plantae","Match","1"
"158","Pinus ponderosa","Plantae","Match","6"
"159","Pinus strobiformis","Plantae","Match","2"
"160","Plantago major","Plantae","Match","1"
"161","Plantago patagonica","Plantae","Match","1"
"162","Poa fendleriana","Plantae","Match","5"
"163","Poa pratensis","Plantae","Match","1"
"164","Populus angustifolia","Plantae","Match","2"
"165","Populus tremuloides","Plantae","Match","5"
"166","Potentilla hippiana","Plantae","Match","2"
"167","Potentilla norvegica","Plantae","Match","1"
"168","Prunus virginiana","Plantae","Match","4"
"169","Pseudocymopterus montanus","Plantae","ITIS Match","2"
"170","Pseudotsuga menziesii","Plantae","Match","3"
"171","Ptelea trifoliata","Plantae","Match","3"
"172","Quercus ×","Plantae","No Match","2"
"173","Quercus gambelii","Plantae","Match","4"
"174","Ranunculus cardiophyllus","Plantae","Match","1"
"175","Ranunculus inamoenus","Plantae","Match","1"
"176","Ranunculus macounii","Plantae","Match","1"
"177","Rhus aromatica","Plantae","Match","2"
"178","Ribes cereum","Plantae","Match","1"
"179","Ribes inerme","Plantae","Match","2"
"180","Robinia neomexicana","Plantae","Match","7"
"181","Rosa woodsii","Plantae","Match","4"
"182","Rubus idaeus","Plantae","Match","2"
"183","Rubus parviflorus","Plantae","Match","1"
"184","Rudbeckia laciniata","Plantae","Match","1"
"185","Rumex crispus","Plantae","Match","1"
"186","Schizachyrium scoparium","Plantae","Match","2"
"187","Selaginella mutica","Plantae","Match","1"
"188","Senecio wootonii","Plantae","Match","3"
"189","Sisymbrium altissimum","Plantae","Match","3"
"190","Stipa comata","Plantae","Match","2"
"191","Taraxacum officinale","Plantae","Match","2"
"192","Tetraneuris argentea","Plantae","No Match","5"
"193","Thalictrum fendleri","Plantae","Match","2"
"194","Thermopsis montana","Plantae","Match","1"
"195","Thermopsis rhombifolia","Plantae","Match","3"
"196","Toxicodendron rydbergii","Plantae","Match","1"
"197","Tragopogon dubius","Plantae","Match","3"
"198","Trifolium repens","Plantae","Match","2"
"199","Urtica dioica","Plantae","Match","1"
"200","Verbascum thapsus","Plantae","Match","5"
"201","Veronica americana","Plantae","Match","1"
"202","Vicia americana","Plantae","Match","4"
"203","Vicia ludoviciana","Plantae","Match","1"
"204","Viola adunca","Plantae","Match","2"
"205","Viola canadensis","Plantae","Match","3"
"206","Vitis arizonica","Plantae","Match","2"
"207","Xanthisma spinulosum","Plantae","ITIS Match","1"
"208","Yucca baccata","Plantae","Match","5"
"209","Aspidoscelis velox","Reptilia","ITIS Match","1"
"210","Crotalus atrox","Reptilia","Match","3"
"211","Masticophis taeniatus","Reptilia","Match","2"
"212","Pituophis catenifer","Reptilia","Match","1"
"213","Plestiodon obsoletus","Reptilia","No Match","1"
"214","Sceloporus cowlesi","Reptilia","ITIS Match","1"
"215","Sceloporus tristichus","Reptilia","ITIS Match","2"
"216","Thamnophis elegans","Reptilia","Match","2"
"217","Mulsantina picta","Insecta","Table 4","1"
"218","Euodynerus hidalgo hidalgo","Insecta","Table 4","2"
"219","Boisea trivittata","Insecta","Table 4","5"
"220","Gibbifer californicus","Insecta","Table 4","7"
"221","Pontia protodice","Insecta","Table 4","3"
"222","Coccinella septempunctata","Insecta","Table 4","1"
"223","Sympetrum corruptum","Insecta","Table 4","1"
"224","Apis mellifera","Insecta","Table 4","3"
"225","Lasioglossum sisymbrii","Insecta","Table 4","32"
"226","Bombus huntii","Insecta","Table 4","4"
"227","Melissodes tristis","Insecta","Table 4","2"
"228","Aglais milberti","Insecta","Table 4","1"
"229","Aquarius remigis","Insecta","Table 4","1"
"230","Eritettix simplex","Insecta","Table 4","1"
"231","Leptotes marina","Insecta","Table 4","1"
"232","Phyciodes pulchella","Insecta","Table 4","2"
"233","Colias eurytheme","Insecta","Table 4","2"
"234","Loxostege cereralis","Insecta","Table 4","1"
"235","Euptoieta claudia","Insecta","Table 4","4"
"236","Boisea","Insecta","Table 4","5"
"237","Callophrys gryneus","Insecta","Table 4","3"
"238","Halictus ligatus","Insecta","Table 4","7"
"239","Halictus tripartitus","Insecta","Table 4","9"
"240","Halictus rubicundus","Insecta","Table 4","2"
"241","Bombus fervidus","Insecta","Table 4","3"
"242","Eleodes obscura","Insecta","Table 4","3"
"243","Pierina","Insecta","Table 4","2"
"244","Erynnis pacuvius","Insecta","Table 4","1"
