"","Iconic_taxa","Scientific_name","Occurences in BISON","Invasive.Record"
"1","Amphibia","Ambystoma mavortium","OR 8; MT 49; WY 122; OK 74; SD 77; BC CAN 5; SK CAN 37; MN 10; KS 405; CA 213; WA 238; UT 229; NE 113; MB CAN 57; NM 161; CO 1327; TX 466; IL 1; AB CAN 31; ND 56; AZ 131; ID 32; NV 1","No"
"2","Amphibia","Pseudacris maculata","VT 2; IN 14; WY 138; OK 31; BC CAN 15; SK CAN 202; AR 2; UT 60; NE 130; ON CAN 131; MB CAN 330; CO 2034; MO 118; QC CAN 7; AB CAN 215; ND 101; AZ 592; WI 92; NY 3; MT 164; SD 110; MN 148; KS 394; CA 5; MI 2; IA 132; NM 135; IL 148; LA 3; NT CAN 15; ID 129","No"
"3","Aves","Aphelocoma woodhouseii","IN 6; WY 35; OK 124; CA 1683; KS 27; UT 19529; WA 1; NE 1; NM 28845; CO 33676; TX 27480; IL 2; AZ 25580; ID 412; NV 4564","No"
"4","Aves","Dryobates villosus","No data available","No"
"5","Aves","Oxyura jamaicensis","NC 12700; IN 6353; WY 2765; BC CAN 12260; SK CAN 3099; PE CAN 17; UT 14542; YT CAN 411; AB CAN 11262; AZ 55811; MT 7363; KY 1840; CA 212907; KS 10202; FL 11291; DE 5691; PA 19831; IA 3279; MS 2390; TX 61429; IL 16739; NS CAN 229; CT 3924; GA 7131; MD 32383; VA 20672; ID 7056; OR 26279; VT 731; PR 1796; TN 5833; OK 3734; ME 1884; AL 1837; AR 2931; WA 19617; SC 5358; NE 3419; ON CAN 18926; WV 2183; MB CAN 2111; CO 24058; MA 13890; MO 9486; QC CAN 3557; USVI 236; AK 164; ND 5288; WI 17639; NV 12325; NY 38372; RI 1833; DC 809; SD 2685; MN 6417; NL CAN 83; NJ 28745; MI 17494; NB CAN 194; NM 12976; NH 1132; LA 5187; OH 24076; NT CAN 60","No"
"6","Plantae","Aphyllon ludovicianum","No data available","No"
"7","Plantae","Chamaenerion angustifolium","OR 123; VT 50; NC 6; IN 1; WY 51; ME 42; BC CAN 94; SK CAN 10; PE CAN 6; WA 168; UT 31; YT CAN 19; ON CAN 102; WV 3; MB CAN 23; CO 158; MA 3; QC CAN 56; AK 376; AB CAN 40; WI 17; AZ 7; NV 12; NY 11; MT 64; SD 12; MN 56; CA 201; NL CAN 39; NB CAN 34; MI 30; PA 4; NU CAN 11; NM 17; NS CAN 32; NH 9; OH 3; NT CAN 17; VA 9; MD 1; ID 46","No"
"8","Plantae","Cylindropuntia imbricata","NM 254; TX 173; CO 49; OK 7; BC CAN 3; KS 5; AZ 67; NV 1","No"
"9","Plantae","Erigeron canadensis","NC 16; IN 5; BC CAN 2; SK CAN 9; PE CAN 2; UT 1; AB CAN 29; AZ 14; MT 5; KY 3; CA 814; KS 5; FL 5; DE 1; PA 8; MS 12; IA 2; TX 181; IL 43; NS CAN 5; CT 23; GA 3; VA 18; MD 17; ID 1; VT 24; OR 13; PR 1; OK 5; ME 3; TN 3; AL 3; AR 3; SC 46; WA 25; NE 5; ON CAN 53; WV 4; MB CAN 20; MA 19; CO 6; QC CAN 144; MO 11; AK 2; ND 1; WI 26; NV 1; NY 61; DC 10; RI 1; HI 3; MN 18; NJ 65; MI 30; NB CAN 4; NM 2; NH 3; LA 6; OH 22; NT CAN 1","Yes"
"10","Plantae","Escobaria vivipara","OR 3; MT 12; WY 14; OK 17; SD 11; SK CAN 20; MN 5; KS 45; CA 6; UT 23; WA 1; NE 22; MB CAN 5; NM 69; TX 65; CO 48; AB CAN 20; ND 20; AZ 96; ID 5; NV 34","No"
"11","Plantae","Gaillardia grandiflora","SD 3; BC CAN 1; CA 4; FL 1; AR 1; PA 7; MI 2; ON CAN 1; NM 1; CO 12; TX 1; CT 2; NH 1; AB CAN 1; AZ 2","No"
"12","Plantae","Hymenothrix dissecta","CA 5","No"
"13","Plantae","Lupinus caudatus","OR 120; MT 20; WY 11; CA 233; UT 57; WA 22; NM 23; CO 128; TX 4; MO 1; ID 86; AZ 9; NV 66","No"
"14","Plantae","Myriopteris fendleri","NM 113; CO 9; TX 7; BC CAN 1; CA 2; AZ 78","No"
"15","Plantae","Noccaea fendleri","OR 20; MT 8; NM 35; WY 4; CO 51; TX 2; CA 11; AZ 46; UT 30; ID 28; WA 16; NV 7","No"
"16","Plantae","Parthenocissus inserta","VT 6; IN 2; ME 3; PE CAN 1; ON CAN 80; MB CAN 3; CO 5; MA 2; QC CAN 3; ND 1; AZ 30; WI 15; NY 32; RI 1; MN 23; CA 33; NJ 7; MI 31; NB CAN 1; NM 7; IL 7; TX 2; CT 7; OH 7; GA 1","No"
"17","Plantae","Physaria intermedia","NM 19; CO 1; AZ 22; UT 19","No"
"18","Plantae","Quercus ×","No data available","No"
"19","Plantae","Tetraneuris argentea","NM 169; CO 1; AZ 5; UT 2","No"
"20","Reptilia","Plestiodon obsoletus","OK 239; KS 1305; CA 1; FL 1; AR 4; UT 2; NE 30; MI 7; IA 11; NM 118; TX 465; CO 11; MO 24; AZ 129","No"
