"","Iconic.taxon.name","Scientific.name","Common.name"
"1","Insecta","Aglais milberti","Milbert's Tortoiseshell"
"2","Insecta","Apis mellifera","Western Honey Bee"
"3","Insecta","Aquarius remigis","Common Water Strider"
"4","Insecta","Boisea","Boxelder Bugs"
"5","Insecta","Boisea trivittata","Eastern Boxelder Bug"
"6","Insecta","Bombus fervidus","Golden Northern Bumble Bee"
"7","Insecta","Bombus huntii","Hunt's Bumble Bee"
"8","Insecta","Callophrys gryneus","Juniper Hairstreak"
"9","Insecta","Coccinella septempunctata","Seven-spotted Lady Beetle"
"10","Insecta","Colias eurytheme","Orange Sulphur"
"11","Insecta","Eleodes obscura",""
"12","Insecta","Eritettix simplex","Velvet-striped Grasshopper"
"13","Insecta","Erynnis pacuvius","Pacuvius Duskywing"
"14","Insecta","Euodynerus hidalgo hidalgo",""
"15","Insecta","Euptoieta claudia","Variegated Fritillary"
"16","Insecta","Gibbifer californicus","Blue Fungus Beetle"
"17","Insecta","Halictus ligatus","Ligated Furrow Bee"
"18","Insecta","Halictus rubicundus","Orange-legged Furrow Bee"
"19","Insecta","Halictus tripartitus","Tripartite Sweat Bee"
"20","Insecta","Lasioglossum sisymbrii","Tansy Mustard Sweat Bee"
"21","Insecta","Leptotes marina","Marine Blue"
"22","Insecta","Loxostege cereralis","Alfalfa Webworm Moth"
"23","Insecta","Melissodes tristis",""
"24","Insecta","Mulsantina picta","Painted Ladybird"
"25","Insecta","Phyciodes pulchella","Field Crescent"
"26","Insecta","Pierina",""
"27","Insecta","Pontia protodice","Checkered White"
"28","Insecta","Sympetrum corruptum","Variegated Meadowhawk"
