"","Iconic_taxa","iNat_entry","NPSpecies_name","Accepted_TSN","NPS_entry_TSN"
"1","Aves","Icterus bullockii","Icterus galbula bullockii","554267","731328"
"2","Aves","Setophaga coronata","Dendroica coronata hooveri","950046","178893"
"3","Mammalia","Cervus canadensis","Cervus elaphus canadensis","898519","898259"
"4","Mammalia","Otospermophilus variegatus","Spermophilus variegatus","930302","180163"
"5","Plantae","Achnatherum hymenoides","Oryzopsis hymenoides","507943","41988"
"6","Plantae","Berberis repens","Mahonia repens","18832","195045"
"7","Plantae","Boechera fendleri","Arabis fendleri var. fendleri","509586","184331"
"8","Plantae","Cirsium parryi","Cirsium pallidum","36395","36393"
"9","Plantae","Dasiphora fruticosa","Potentilla fruticosa var. tenuifolia","836659","539203"
"10","Plantae","Erigeron tracyi","Erigeron colomexicanus","780326","502384"
"11","Plantae","Euphorbia fendleri","Chamaesyce fendleri var. fendleri","28069","527283"
"12","Plantae","Oenothera suffrutescens","Gaura coccinea var. glabra","836008","535676"
"13","Plantae","Oreocarya suffruticosa","Cryptantha cinerea var. jamesii","527550","517933"
"14","Plantae","Paxistima myrsinites","Pachystima myrsinites","504149","894999"
"15","Plantae","Pseudocymopterus montanus","Cymopterus lemmonii","29837","511931"
"16","Plantae","Xanthisma spinulosum","Machaeranthera pinnatifida var. pinnatifida","780550","566734"
"17","Reptilia","Aspidoscelis velox","Cnemidophorus velox","208948","914101"
"18","Reptilia","Sceloporus cowlesi","Sceloporus undulatus cowlesi","683043","208731"
"19","Reptilia","Sceloporus tristichus","Sceloporus undulatus tristichus","208738","208737"
