"","Iconic.taxon.name","Scientific.name","Common.name"
"1","Animalia","Harpaphe haydeniana","Yellow-spotted Millipede"
"2","Fungi","Alectoria sarmentosa","Witch's Hair"
"3","Fungi","Allotropa virgata","sugarstick"
"4","Fungi","Baeomyces rufus","Brown Beret Lichen"
"5","Fungi","Bryoria fuscescens","Pale-footed Horsehair Lichen"
"6","Fungi","Bryoria pikei","Pike's Horsehair Lichen"
"7","Fungi","Bryoria pseudofuscescens","Mountain Horsehair Lichen"
"8","Fungi","Calicium viride","Green Stubble Lichen"
"9","Fungi","Cladonia arbuscula mitis","Green Reindeer Lichen"
"10","Fungi","Cladonia bellidiflora","Toy Soldiers"
"11","Fungi","Cladonia chlorophaea","Mealy Pixie Cup"
"12","Fungi","Cladonia furcata","many-forked cladonia"
"13","Fungi","Cladonia gracilis","Smooth Horn Lichen"
"14","Fungi","Cladonia gracilis turbinata","Bronzed Pixie Lichen"
"15","Fungi","Cladonia macilenta","Lipstick Powderhorn"
"16","Fungi","Cladonia pleurota","Red-fruited Pixie Cup"
"17","Fungi","Cladonia rangiferina","gray reindeer lichen"
"18","Fungi","Cladonia squamosa","Dragon Horn"
"19","Fungi","Cladonia sulphurina","Greater Sulphur-cup Lichen"
"20","Fungi","Cladonia uncialis","Thorn Lichen"
"21","Fungi","Cyphelium inquinans","Cupped Soot Lichen"
"22","Fungi","Endocronartium harknessii","Pine-pine Gall Rust"
"23","Fungi","Evernia prunastri","Oakmoss"
"24","Fungi","Fomitopsis pinicola","Red-banded Polypore"
"25","Fungi","Hypocenomyce scalaris","Common Clam Lichen"
"26","Fungi","Hypogymnia enteromorpha","Budding Tube Lichen"
"27","Fungi","Hypogymnia imshaugii","Imshaug's Tube Lichen"
"28","Fungi","Hypogymnia inactiva","Mottled Tube Lichen"
"29","Fungi","Hypogymnia physodes","Hooded Tube Lichen"
"30","Fungi","Hypogymnia tubulosa","Powder-headed Tube Lichen"
"31","Fungi","Icmadophila ericetorum","Candy Lichen"
"32","Fungi","Letharia vulpina","wolf lichen"
"33","Fungi","Lobaria oregana","Lettuce Lichen"
"34","Fungi","Mycoblastus sanguinarius","Bloody-heart Lichen"
"35","Fungi","Ochrolechia oregonensis","Double-Rimmed Saucer Lichen"
"36","Fungi","Parmelia pseudosulcata",""
"37","Fungi","Parmeliopsis hyperopta","Gray Starburst Lichen"
"38","Fungi","Peltigera britannica","flaky freckle pelt lichen"
"39","Fungi","Peltigera horizontalis","horizontal pelt lichen"
"40","Fungi","Peltigera membranacea","membranous pelt lichen"
"41","Fungi","Pertusaria ophthalmiza","Ragged Wart Lichen"
"42","Fungi","Pilophorus acicularis",""
"43","Fungi","Pilophorus clavatus",""
"44","Fungi","Platismatia glauca","Varied Rag Lichen"
"45","Fungi","Platismatia norvegica",""
"46","Fungi","Platismatia stenophylla",""
"47","Fungi","Scytinium palmatum","Antlered Jellyskin Lichen"
"48","Fungi","Sphaerophorus tuckermanii","Tuckerman's Coral Lichen"
"49","Fungi","Stereocaulon paschale","Easter Foam"
"50","Fungi","Stereocaulon sterile",""
"51","Fungi","Stereocaulon tomentosum","Woolly Foam"
"52","Fungi","Tuckermannopsis chlorophylla","Powdered Wrinkle Lichen"
"53","Fungi","Tuckermannopsis orbata","variable wrinkle-lichen"
"54","Fungi","Tuckermannopsis platyphylla","Broad Wrinkle Lichen"
"55","Fungi","Umbilicaria angulata","Starry Rock Tripe"
"56","Fungi","Usnea dasopoga","Fishbone Beard Lichen"
"57","Fungi","Usnea subfloridana","Boreal Beard Lichen"
"58","Fungi","Vulpicida pinastri","Powdered Sunshine Lichen"
"59","Insecta","Adela septentrionella","Ocean Spray Fairy Moth"
"60","Insecta","Andrena prunorum","Prunus Miner"
"61","Insecta","Boisea rubrolineata","Western Boxelder Bug"
"62","Insecta","Bombus appositus","White-shouldered Bumble Bee"
"63","Insecta","Bombus insularis","Indiscriminate Cuckoo Bumble Bee"
"64","Insecta","Bombus mixtus","Fuzzy-Horned Bumble Bee"
"65","Insecta","Bombus vandykei","Van Dyke's Bumble Bee"
"66","Insecta","Callophrys gryneus","Juniper Hairstreak"
"67","Insecta","Halictus rubicundus","Orange-legged Furrow Bee"
"68","Insecta","Nebria piperi",""
"69","Insecta","Nebria sahlbergii",""
"70","Insecta","Oeneis nevadensis","Great Arctic"
"71","Insecta","Trichodes ornatus","Ornate Checkered Beetle"
"72","Mollusca","Ariolimax columbianus","Pacific Banana Slug"
"73","Mollusca","Monadenia fidelis","Pacific Sideband"
