"","Scientific_name","Iconic_taxa","Match NPSpecies","iNaturalist_Entry_count"
"1","Zonotrichia leucophrys","Aves","Match","1"
"2","Odocoileus hemionus","Mammalia","Match","1"
"3","Abies amabilis","Plantae","Match","1"
"4","Abies grandis","Plantae","Match","1"
"5","Acer circinatum","Plantae","Match","2"
"6","Acer glabrum","Plantae","Match","1"
"7","Acer macrophyllum","Plantae","Match","1"
"8","Achillea millefolium","Plantae","Match","4"
"9","Adenocaulon bicolor","Plantae","Match","2"
"10","Adiantum aleuticum","Plantae","Match","2"
"11","Aira caryophyllea","Plantae","Match","1"
"12","Allium acuminatum","Plantae","Match","2"
"13","Alnus rubra","Plantae","Match","2"
"14","Amelanchier alnifolia","Plantae","Match","2"
"15","Anaphalis margaritacea","Plantae","Match","1"
"16","Antennaria racemosa","Plantae","Match","1"
"17","Anthoxanthum odoratum","Plantae","Match","1"
"18","Apocynum androsaemifolium","Plantae","Match","1"
"19","Apometzgeria pubescens","Plantae","Match","1"
"20","Aquilegia formosa","Plantae","Match","3"
"21","Arctostaphylos uva-ursi","Plantae","Match","1"
"22","Aruncus dioicus","Plantae","Match","3"
"23","Asarum caudatum","Plantae","Match","1"
"24","Asparagus officinalis","Plantae","Match","1"
"25","Aspidotis densa","Plantae","Match","1"
"26","Athyrium filix-femina","Plantae","Match","1"
"27","Bartramia pomiformis","Plantae","Match","2"
"28","Berberis aquifolium","Plantae","NPSpecies synonym match","1"
"29","Berberis nervosa","Plantae","NPSpecies synonym match","3"
"30","Calypso bulbosa","Plantae","Match","2"
"31","Capsella bursa-pastoris","Plantae","Match","1"
"32","Cardamine hirsuta","Plantae","No Match","1"
"33","Carex exsiccata","Plantae","Match","1"
"34","Carex mertensii","Plantae","Match","1"
"35","Castilleja hispida","Plantae","Match","2"
"36","Cephalanthera austiniae","Plantae","Match","1"
"37","Chimaphila menziesii","Plantae","Match","1"
"38","Chimaphila umbellata","Plantae","Match","1"
"39","Circaea alpina","Plantae","Match","1"
"40","Claytonia sibirica","Plantae","Match","3"
"41","Clematis vitalba","Plantae","Match","1"
"42","Climacium dendroides","Plantae","Match","1"
"43","Collinsia parviflora","Plantae","Match","1"
"44","Collomia heterophylla","Plantae","Match","3"
"45","Conocephalum salebrosum","Plantae","No Match","1"
"46","Corallorhiza mertensiana","Plantae","ITIS Match","3"
"47","Cornus ×","Plantae","No Match","1"
"48","Cornus nuttallii","Plantae","Match","1"
"49","Corylus cornuta","Plantae","Match","1"
"50","Cupressus nootkatensis","Plantae","No Match","1"
"51","Dicentra formosa","Plantae","Match","2"
"52","Digitalis purpurea","Plantae","Match","1"
"53","Dryopteris expansa","Plantae","Match","1"
"54","Equisetum arvense","Plantae","Match","1"
"55","Eriophyllum lanatum","Plantae","Match","1"
"56","Erythranthe guttata","Plantae","No Match","1"
"57","Fragaria vesca","Plantae","Match","2"
"58","Fragaria virginiana","Plantae","Match","2"
"59","Galium aparine","Plantae","Match","1"
"60","Galium triflorum","Plantae","Match","1"
"61","Gaultheria ovatifolia","Plantae","Match","1"
"62","Gaultheria shallon","Plantae","Match","1"
"63","Geranium robertianum","Plantae","Match","3"
"64","Geum macrophyllum","Plantae","Match","3"
"65","Gymnocarpium disjunctum","Plantae","Match","1"
"66","Heracleum maximum","Plantae","Match","1"
"67","Heuchera micrantha","Plantae","Match","1"
"68","Hieracium albiflorum","Plantae","Match","2"
"69","Holcus mollis","Plantae","No Match","1"
"70","Holodiscus discolor","Plantae","Match","1"
"71","Hylocomium splendens","Plantae","Match","1"
"72","Juniperus communis","Plantae","Match","2"
"73","Leucanthemum vulgare","Plantae","Match","5"
"74","Leucolepis acanthoneura","Plantae","No Match","1"
"75","Lilium columbianum","Plantae","Match","1"
"76","Linnaea borealis","Plantae","Match","3"
"77","Lomatium dissectum","Plantae","Match","1"
"78","Lonicera ciliosa","Plantae","Match","1"
"79","Luina hypoleuca","Plantae","Match","1"
"80","Lysimachia latifolia","Plantae","No Match","4"
"81","Malus fusca","Plantae","Match","1"
"82","Malus pumila","Plantae","No Match","1"
"83","Marchantia polymorpha","Plantae","Match","1"
"84","Montia parvifolia","Plantae","Match","2"
"85","Mycelis muralis","Plantae","Match","1"
"86","Neottia cordata","Plantae","ITIS Match","1"
"87","Oplopanax horridus","Plantae","Match","2"
"88","Osmorhiza berteroi","Plantae","Match","1"
"89","Paxistima myrsinites","Plantae","Match","2"
"90","Penstemon davidsonii","Plantae","Match","1"
"91","Pinus contorta","Plantae","Match","1"
"92","Pinus monticola","Plantae","Match","1"
"93","Plantago lanceolata","Plantae","Match","2"
"94","Pleurozium schreberi","Plantae","Match","1"
"95","Poa bulbosa","Plantae","Match","1"
"96","Polypodium glycyrrhiza","Plantae","Match","1"
"97","Polystichum imbricans","Plantae","Match","1"
"98","Polystichum munitum","Plantae","Match","4"
"99","Polytrichum juniperinum","Plantae","Match","1"
"100","Populus trichocarpa","Plantae","Match","1"
"101","Potentilla recta","Plantae","Match","2"
"102","Prosartes hookeri","Plantae","ITIS Match","1"
"103","Pseudotsuga menziesii","Plantae","Match","2"
"104","Pteridium aquilinum","Plantae","Match","1"
"105","Pterospora andromedea","Plantae","Match","1"
"106","Pyrola asarifolia","Plantae","Match","1"
"107","Pyrola picta","Plantae","Match","1"
"108","Ranunculus repens","Plantae","Match","3"
"109","Ranunculus uncinatus","Plantae","Match","1"
"110","Rhytidiopsis robusta","Plantae","Match","1"
"111","Ribes lacustre","Plantae","Match","1"
"112","Rosa gymnocarpa","Plantae","Match","2"
"113","Rubus leucodermis","Plantae","Match","1"
"114","Rubus parviflorus","Plantae","Match","2"
"115","Rubus pedatus","Plantae","Match","1"
"116","Rubus spectabilis","Plantae","Match","2"
"117","Rubus ursinus","Plantae","Match","2"
"118","Sambucus racemosa","Plantae","Match","2"
"119","Scapania bolanderi","Plantae","Match","1"
"120","Silene menziesii","Plantae","Match","1"
"121","Spiraea betulifolia","Plantae","Match","2"
"122","Spiraea douglasii","Plantae","Match","1"
"123","Streptopus amplexifolius","Plantae","Match","1"
"124","Tanacetum vulgare","Plantae","Match","1"
"125","Taxus brevifolia","Plantae","Match","2"
"126","Thuja plicata","Plantae","Match","3"
"127","Tiarella trifoliata","Plantae","Match","2"
"128","Tolmiea menziesii","Plantae","Match","1"
"129","Tragopogon dubius","Plantae","Match","1"
"130","Trifolium dubium","Plantae","Match","1"
"131","Trifolium repens","Plantae","Match","1"
"132","Trillium ovatum","Plantae","Match","2"
"133","Tsuga heterophylla","Plantae","Match","2"
"134","Urtica dioica","Plantae","Match","2"
"135","Vaccinium ovalifolium","Plantae","Match","1"
"136","Vaccinium parvifolium","Plantae","Match","1"
"137","Valeriana sitchensis","Plantae","Match","2"
"138","Veronica officinalis","Plantae","Match","1"
"139","Veronica serpyllifolia","Plantae","Match","1"
"140","Halictus rubicundus","Insecta","Table 4","1"
"141","Adela septentrionella","Insecta","Table 4","1"
"142","Trichodes ornatus","Insecta","Table 4","1"
"143","Usnea subfloridana","Fungi","Table 4","1"
"144","Hypogymnia enteromorpha","Fungi","Table 4","2"
"145","Hypogymnia physodes","Fungi","Table 4","2"
"146","Cladonia bellidiflora","Fungi","Table 4","3"
"147","Hypogymnia imshaugii","Fungi","Table 4","3"
"148","Umbilicaria angulata","Fungi","Table 4","1"
"149","Usnea dasopoga","Fungi","Table 4","1"
"150","Cladonia furcata","Fungi","Table 4","2"
"151","Hypogymnia inactiva","Fungi","Table 4","2"
"152","Letharia vulpina","Fungi","Table 4","1"
"153","Pilophorus clavatus","Fungi","Table 4","2"
"154","Cladonia arbuscula mitis","Fungi","Table 4","1"
"155","Alectoria sarmentosa","Fungi","Table 4","2"
"156","Parmelia pseudosulcata","Fungi","Table 4","2"
"157","Cladonia gracilis turbinata","Fungi","Table 4","1"
"158","Cladonia squamosa","Fungi","Table 4","2"
"159","Cladonia uncialis","Fungi","Table 4","2"
"160","Sphaerophorus tuckermanii","Fungi","Table 4","3"
"161","Tuckermannopsis platyphylla","Fungi","Table 4","1"
"162","Platismatia stenophylla","Fungi","Table 4","2"
"163","Platismatia norvegica","Fungi","Table 4","2"
"164","Baeomyces rufus","Fungi","Table 4","2"
"165","Cladonia sulphurina","Fungi","Table 4","1"
"166","Evernia prunastri","Fungi","Table 4","1"
"167","Bryoria pseudofuscescens","Fungi","Table 4","1"
"168","Scytinium palmatum","Fungi","Table 4","1"
"169","Peltigera membranacea","Fungi","Table 4","1"
"170","Calicium viride","Fungi","Table 4","1"
"171","Cyphelium inquinans","Fungi","Table 4","1"
"172","Bryoria fuscescens","Fungi","Table 4","2"
"173","Ochrolechia oregonensis","Fungi","Table 4","2"
"174","Mycoblastus sanguinarius","Fungi","Table 4","2"
"175","Vulpicida pinastri","Fungi","Table 4","2"
"176","Cladonia chlorophaea","Fungi","Table 4","2"
"177","Stereocaulon tomentosum","Fungi","Table 4","1"
"178","Peltigera britannica","Fungi","Table 4","2"
"179","Hypocenomyce scalaris","Fungi","Table 4","2"
"180","Pertusaria ophthalmiza","Fungi","Table 4","1"
"181","Stereocaulon paschale","Fungi","Table 4","1"
"182","Bryoria pikei","Fungi","Table 4","2"
"183","Cladonia pleurota","Fungi","Table 4","1"
"184","Parmeliopsis hyperopta","Fungi","Table 4","2"
"185","Cladonia macilenta","Fungi","Table 4","2"
"186","Icmadophila ericetorum","Fungi","Table 4","2"
"187","Cladonia rangiferina","Fungi","Table 4","1"
"188","Platismatia glauca","Fungi","Table 4","2"
"189","Hypogymnia tubulosa","Fungi","Table 4","1"
"190","Cladonia gracilis","Fungi","Table 4","1"
"191","Tuckermannopsis chlorophylla","Fungi","Table 4","2"
"192","Tuckermannopsis orbata","Fungi","Table 4","2"
"193","Endocronartium harknessii","Fungi","Table 4","2"
"194","Peltigera horizontalis","Fungi","Table 4","1"
"195","Lobaria oregana","Fungi","Table 4","1"
"196","Bombus insularis","Insecta","Table 4","1"
"197","Fomitopsis pinicola","Fungi","Table 4","1"
"198","Ariolimax columbianus","Mollusca","Table 4","3"
"199","Nebria piperi","Insecta","Table 4","2"
"200","Stereocaulon sterile","Fungi","Table 4","2"
"201","Nebria sahlbergii","Insecta","Table 4","2"
"202","Bombus vandykei","Insecta","Table 4","2"
"203","Monadenia fidelis","Mollusca","Table 4","1"
"204","Bombus mixtus","Insecta","Table 4","2"
"205","Bombus appositus","Insecta","Table 4","1"
"206","Boisea rubrolineata","Insecta","Table 4","1"
"207","Andrena prunorum","Insecta","Table 4","2"
"208","Allotropa virgata","Fungi","Table 4","1"
"209","Pilophorus acicularis","Fungi","Table 4","2"
"210","Oeneis nevadensis","Insecta","Table 4","1"
"211","Harpaphe haydeniana","Animalia","Table 4","2"
"212","Callophrys gryneus","Insecta","Table 4","2"
