"","Scientific_name","Iconic_taxa","iNat_NPS_matches","iNat_NPSsynonym_matches","iNat_ITIS_synonym_matches","iNat_ITIS_nonsyn_matches","iNaturalist_URL"
"1","Zonotrichia leucophrys","Aves","TRUE","FALSE","FALSE","FALSE","http://www.inaturalist.org/observations/3261053"
"2","Odocoileus hemionus","Mammalia","TRUE","FALSE","FALSE","FALSE","http://www.inaturalist.org/observations/3256705"
"3","Abies amabilis","Plantae","TRUE","FALSE","FALSE","TRUE","http://www.inaturalist.org/observations/3238360"
"4","Abies grandis","Plantae","TRUE","FALSE","FALSE","TRUE","http://www.inaturalist.org/observations/3238725"
"5","Acer circinatum","Plantae","TRUE","FALSE","FALSE","FALSE","http://www.inaturalist.org/observations/3263984"
"6","Acer circinatum","Plantae","TRUE","FALSE","FALSE","FALSE","http://www.inaturalist.org/observations/3238424"
"7","Acer glabrum","Plantae","TRUE","FALSE","FALSE","FALSE","http://www.inaturalist.org/observations/3238461"
"8","Acer macrophyllum","Plantae","TRUE","FALSE","FALSE","FALSE","http://www.inaturalist.org/observations/3238468"
"9","Achillea millefolium","Plantae","TRUE","TRUE","FALSE","TRUE","http://www.inaturalist.org/observations/3255987"
"10","Achillea millefolium","Plantae","TRUE","TRUE","FALSE","TRUE","http://www.inaturalist.org/observations/3255990"
"11","Achillea millefolium","Plantae","TRUE","TRUE","FALSE","TRUE","http://www.inaturalist.org/observations/3239091"
"12","Achillea millefolium","Plantae","TRUE","TRUE","FALSE","TRUE","http://www.inaturalist.org/observations/3238231"
"13","Adenocaulon bicolor","Plantae","TRUE","FALSE","FALSE","FALSE","http://www.inaturalist.org/observations/3263753"
"14","Adenocaulon bicolor","Plantae","TRUE","FALSE","FALSE","FALSE","http://www.inaturalist.org/observations/3238629"
"15","Adiantum aleuticum","Plantae","TRUE","FALSE","FALSE","TRUE","http://www.inaturalist.org/observations/3263706"
"16","Adiantum aleuticum","Plantae","TRUE","FALSE","FALSE","TRUE","http://www.inaturalist.org/observations/3238733"
"17","Aira caryophyllea","Plantae","TRUE","FALSE","FALSE","TRUE","http://www.inaturalist.org/observations/3239215"
"18","Allium acuminatum","Plantae","TRUE","FALSE","FALSE","TRUE","https://www.inaturalist.org/observations/20749954"
"19","Allium acuminatum","Plantae","TRUE","FALSE","FALSE","TRUE","http://www.inaturalist.org/observations/3261023"
"20","Alnus rubra","Plantae","TRUE","FALSE","FALSE","TRUE","http://www.inaturalist.org/observations/3262819"
"21","Alnus rubra","Plantae","TRUE","FALSE","FALSE","TRUE","http://www.inaturalist.org/observations/3238209"
"22","Amelanchier alnifolia","Plantae","TRUE","FALSE","FALSE","FALSE","http://www.inaturalist.org/observations/3263034"
"23","Amelanchier alnifolia","Plantae","TRUE","FALSE","FALSE","FALSE","http://www.inaturalist.org/observations/3238852"
"24","Anaphalis margaritacea","Plantae","TRUE","FALSE","FALSE","TRUE","http://www.inaturalist.org/observations/3238714"
"25","Antennaria racemosa","Plantae","TRUE","FALSE","FALSE","TRUE","https://www.inaturalist.org/observations/20749955"
"26","Anthoxanthum odoratum","Plantae","TRUE","FALSE","FALSE","TRUE","http://www.inaturalist.org/observations/3259609"
"27","Apocynum androsaemifolium","Plantae","TRUE","TRUE","FALSE","TRUE","http://www.inaturalist.org/observations/3285409"
"28","Apometzgeria pubescens","Plantae","TRUE","FALSE","TRUE","FALSE","http://www.inaturalist.org/observations/3261105"
"29","Aquilegia formosa","Plantae","TRUE","FALSE","FALSE","FALSE","http://www.inaturalist.org/observations/3238661"
"30","Aquilegia formosa","Plantae","TRUE","FALSE","FALSE","FALSE","http://www.inaturalist.org/observations/3230101"
"31","Aquilegia formosa","Plantae","TRUE","FALSE","FALSE","FALSE","http://www.inaturalist.org/observations/3230398"
"32","Arctostaphylos uva-ursi","Plantae","TRUE","FALSE","FALSE","TRUE","http://www.inaturalist.org/observations/3238857"
"33","Aruncus dioicus","Plantae","TRUE","FALSE","FALSE","FALSE","http://www.inaturalist.org/observations/3261227"
"34","Aruncus dioicus","Plantae","TRUE","FALSE","FALSE","FALSE","http://www.inaturalist.org/observations/3238496"
"35","Aruncus dioicus","Plantae","TRUE","FALSE","FALSE","FALSE","http://www.inaturalist.org/observations/3230721"
"36","Asarum caudatum","Plantae","TRUE","FALSE","FALSE","TRUE","http://www.inaturalist.org/observations/3261283"
"37","Asparagus officinalis","Plantae","TRUE","FALSE","FALSE","TRUE","https://www.inaturalist.org/observations/20749950"
"38","Aspidotis densa","Plantae","TRUE","FALSE","FALSE","TRUE","http://www.inaturalist.org/observations/3285363"
"39","Athyrium filix-femina","Plantae","TRUE","FALSE","TRUE","TRUE","http://www.inaturalist.org/observations/3263832"
"40","Bartramia pomiformis","Plantae","TRUE","FALSE","FALSE","TRUE","http://www.inaturalist.org/observations/3264396"
"41","Bartramia pomiformis","Plantae","TRUE","FALSE","FALSE","TRUE","http://www.inaturalist.org/observations/3261103"
"42","Berberis aquifolium","Plantae","FALSE","TRUE","FALSE","TRUE","http://www.inaturalist.org/observations/3239002"
"43","Berberis nervosa","Plantae","FALSE","TRUE","FALSE","TRUE","http://www.inaturalist.org/observations/3263080"
"44","Berberis nervosa","Plantae","FALSE","TRUE","FALSE","TRUE","http://www.inaturalist.org/observations/3238406"
"45","Berberis nervosa","Plantae","FALSE","TRUE","FALSE","TRUE","http://www.inaturalist.org/observations/3230044"
"46","Calypso bulbosa","Plantae","TRUE","FALSE","FALSE","FALSE","http://www.inaturalist.org/observations/3261506"
"47","Calypso bulbosa","Plantae","TRUE","FALSE","FALSE","FALSE","http://www.inaturalist.org/observations/3251404"
"48","Capsella bursa-pastoris","Plantae","TRUE","FALSE","FALSE","TRUE","http://www.inaturalist.org/observations/3238293"
"49","Cardamine hirsuta","Plantae","FALSE","FALSE","FALSE","FALSE","http://www.inaturalist.org/observations/3238551"
"50","Carex exsiccata","Plantae","TRUE","FALSE","FALSE","TRUE","http://www.inaturalist.org/observations/3239236"
"51","Carex mertensii","Plantae","TRUE","FALSE","FALSE","FALSE","http://www.inaturalist.org/observations/3263792"
"52","Castilleja hispida","Plantae","TRUE","FALSE","FALSE","FALSE","http://www.inaturalist.org/observations/3239115"
"53","Castilleja hispida","Plantae","TRUE","FALSE","FALSE","FALSE","http://www.inaturalist.org/observations/3230128"
"54","Cephalanthera austiniae","Plantae","TRUE","FALSE","FALSE","TRUE","http://www.inaturalist.org/observations/3251408"
"55","Chimaphila menziesii","Plantae","TRUE","FALSE","FALSE","TRUE","http://www.inaturalist.org/observations/3239006"
"56","Chimaphila umbellata","Plantae","TRUE","TRUE","FALSE","FALSE","http://www.inaturalist.org/observations/3238753"
"57","Circaea alpina","Plantae","TRUE","FALSE","FALSE","FALSE","http://www.inaturalist.org/observations/3258313"
"58","Claytonia sibirica","Plantae","TRUE","FALSE","FALSE","TRUE","http://www.inaturalist.org/observations/3261450"
"59","Claytonia sibirica","Plantae","TRUE","FALSE","FALSE","TRUE","http://www.inaturalist.org/observations/3258208"
"60","Claytonia sibirica","Plantae","TRUE","FALSE","FALSE","TRUE","http://www.inaturalist.org/observations/3238623"
"61","Clematis vitalba","Plantae","TRUE","FALSE","FALSE","FALSE","http://www.inaturalist.org/observations/3259695"
"62","Climacium dendroides","Plantae","TRUE","FALSE","FALSE","FALSE","http://www.inaturalist.org/observations/3261120"
"63","Collinsia parviflora","Plantae","TRUE","FALSE","FALSE","TRUE","http://www.inaturalist.org/observations/3239138"
"64","Collomia heterophylla","Plantae","TRUE","FALSE","FALSE","FALSE","http://www.inaturalist.org/observations/3285741"
"65","Collomia heterophylla","Plantae","TRUE","FALSE","FALSE","FALSE","http://www.inaturalist.org/observations/3238232"
"66","Collomia heterophylla","Plantae","TRUE","FALSE","FALSE","FALSE","http://www.inaturalist.org/observations/3238986"
"67","Conocephalum salebrosum","Plantae","FALSE","FALSE","FALSE","FALSE","http://www.inaturalist.org/observations/3261101"
"68","Corallorhiza mertensiana","Plantae","FALSE","FALSE","FALSE","TRUE","http://www.inaturalist.org/observations/3261124"
"69","Corallorhiza mertensiana","Plantae","FALSE","FALSE","FALSE","TRUE","http://www.inaturalist.org/observations/3261668"
"70","Corallorhiza mertensiana","Plantae","FALSE","FALSE","FALSE","TRUE","http://www.inaturalist.org/observations/3263204"
"71","Cornus ×","Plantae","FALSE","FALSE","FALSE","FALSE","http://www.inaturalist.org/observations/3238296"
"72","Cornus nuttallii","Plantae","TRUE","FALSE","FALSE","FALSE","http://www.inaturalist.org/observations/3256949"
"73","Corylus cornuta","Plantae","TRUE","FALSE","FALSE","FALSE","http://www.inaturalist.org/observations/3238816"
"74","Cupressus nootkatensis","Plantae","FALSE","FALSE","FALSE","FALSE","http://www.inaturalist.org/observations/3239056"
"75","Dicentra formosa","Plantae","TRUE","FALSE","FALSE","FALSE","http://www.inaturalist.org/observations/3261540"
"76","Dicentra formosa","Plantae","TRUE","FALSE","FALSE","FALSE","http://www.inaturalist.org/observations/3238570"
"77","Digitalis purpurea","Plantae","TRUE","FALSE","FALSE","TRUE","http://www.inaturalist.org/observations/3259676"
"78","Dryopteris expansa","Plantae","TRUE","FALSE","FALSE","TRUE","http://www.inaturalist.org/observations/3238737"
"79","Equisetum arvense","Plantae","TRUE","FALSE","FALSE","TRUE","http://www.inaturalist.org/observations/3261861"
"80","Eriophyllum lanatum","Plantae","TRUE","FALSE","FALSE","FALSE","http://www.inaturalist.org/observations/3230096"
"81","Erythranthe guttata","Plantae","FALSE","FALSE","FALSE","FALSE","http://www.inaturalist.org/observations/3239167"
"82","Fragaria vesca","Plantae","TRUE","TRUE","FALSE","FALSE","http://www.inaturalist.org/observations/3292181"
"83","Fragaria vesca","Plantae","TRUE","TRUE","FALSE","FALSE","http://www.inaturalist.org/observations/3238175"
"84","Fragaria virginiana","Plantae","TRUE","FALSE","FALSE","FALSE","http://www.inaturalist.org/observations/3292156"
"85","Fragaria virginiana","Plantae","TRUE","FALSE","FALSE","FALSE","http://www.inaturalist.org/observations/3238673"
"86","Galium aparine","Plantae","TRUE","TRUE","FALSE","TRUE","http://www.inaturalist.org/observations/3263775"
"87","Galium triflorum","Plantae","TRUE","FALSE","FALSE","TRUE","http://www.inaturalist.org/observations/3238164"
"88","Gaultheria ovatifolia","Plantae","TRUE","FALSE","FALSE","FALSE","http://www.inaturalist.org/observations/3296793"
"89","Gaultheria shallon","Plantae","TRUE","FALSE","FALSE","FALSE","http://www.inaturalist.org/observations/3238238"
"90","Geranium robertianum","Plantae","TRUE","FALSE","FALSE","FALSE","http://www.inaturalist.org/observations/3263780"
"91","Geranium robertianum","Plantae","TRUE","FALSE","FALSE","FALSE","http://www.inaturalist.org/observations/3258907"
"92","Geranium robertianum","Plantae","TRUE","FALSE","FALSE","FALSE","http://www.inaturalist.org/observations/3238604"
"93","Geum macrophyllum","Plantae","TRUE","FALSE","FALSE","FALSE","http://www.inaturalist.org/observations/3261624"
"94","Geum macrophyllum","Plantae","TRUE","FALSE","FALSE","FALSE","http://www.inaturalist.org/observations/3238190"
"95","Geum macrophyllum","Plantae","TRUE","FALSE","FALSE","FALSE","http://www.inaturalist.org/observations/3230114"
"96","Gymnocarpium disjunctum","Plantae","TRUE","FALSE","FALSE","TRUE","http://www.inaturalist.org/observations/3238399"
"97","Heracleum maximum","Plantae","TRUE","FALSE","TRUE","FALSE","https://www.inaturalist.org/observations/20749948"
"98","Heuchera micrantha","Plantae","TRUE","FALSE","FALSE","FALSE","http://www.inaturalist.org/observations/3239178"
"99","Hieracium albiflorum","Plantae","TRUE","FALSE","FALSE","TRUE","http://www.inaturalist.org/observations/3263821"
"100","Hieracium albiflorum","Plantae","TRUE","FALSE","FALSE","TRUE","http://www.inaturalist.org/observations/3238985"
"101","Holcus mollis","Plantae","FALSE","FALSE","FALSE","FALSE","http://www.inaturalist.org/observations/3259685"
"102","Holodiscus discolor","Plantae","TRUE","FALSE","FALSE","FALSE","http://www.inaturalist.org/observations/3238829"
"103","Hylocomium splendens","Plantae","TRUE","FALSE","FALSE","TRUE","http://www.inaturalist.org/observations/3261094"
"104","Juniperus communis","Plantae","TRUE","FALSE","FALSE","FALSE","http://www.inaturalist.org/observations/3285590"
"105","Juniperus communis","Plantae","TRUE","FALSE","FALSE","FALSE","http://www.inaturalist.org/observations/3239266"
"106","Leucanthemum vulgare","Plantae","TRUE","FALSE","FALSE","TRUE","http://www.inaturalist.org/observations/3284973"
"107","Leucanthemum vulgare","Plantae","TRUE","FALSE","FALSE","TRUE","http://www.inaturalist.org/observations/3259677"
"108","Leucanthemum vulgare","Plantae","TRUE","FALSE","FALSE","TRUE","http://www.inaturalist.org/observations/3256040"
"109","Leucanthemum vulgare","Plantae","TRUE","FALSE","FALSE","TRUE","http://www.inaturalist.org/observations/3238287"
"110","Leucanthemum vulgare","Plantae","TRUE","FALSE","FALSE","TRUE","http://www.inaturalist.org/observations/3238029"
"111","Leucolepis acanthoneura","Plantae","FALSE","FALSE","FALSE","FALSE","http://www.inaturalist.org/observations/3261108"
"112","Lilium columbianum","Plantae","TRUE","FALSE","FALSE","TRUE","http://www.inaturalist.org/observations/3238846"
"113","Linnaea borealis","Plantae","TRUE","FALSE","FALSE","FALSE","http://www.inaturalist.org/observations/3261514"
"114","Linnaea borealis","Plantae","TRUE","FALSE","FALSE","FALSE","http://www.inaturalist.org/observations/3238440"
"115","Linnaea borealis","Plantae","TRUE","FALSE","FALSE","FALSE","http://www.inaturalist.org/observations/3230138"
"116","Lomatium dissectum","Plantae","TRUE","FALSE","FALSE","FALSE","http://www.inaturalist.org/observations/3271036"
"117","Lonicera ciliosa","Plantae","TRUE","FALSE","FALSE","FALSE","http://www.inaturalist.org/observations/3238820"
"118","Luina hypoleuca","Plantae","TRUE","FALSE","FALSE","FALSE","http://www.inaturalist.org/observations/3285340"
"119","Lysimachia latifolia","Plantae","FALSE","FALSE","FALSE","FALSE","http://www.inaturalist.org/observations/3300691"
"120","Lysimachia latifolia","Plantae","FALSE","FALSE","FALSE","FALSE","http://www.inaturalist.org/observations/3271038"
"121","Lysimachia latifolia","Plantae","FALSE","FALSE","FALSE","FALSE","http://www.inaturalist.org/observations/3238589"
"122","Lysimachia latifolia","Plantae","FALSE","FALSE","FALSE","FALSE","http://www.inaturalist.org/observations/3238290"
"123","Malus fusca","Plantae","TRUE","FALSE","FALSE","TRUE","http://www.inaturalist.org/observations/3285608"
"124","Malus pumila","Plantae","FALSE","FALSE","FALSE","FALSE","http://www.inaturalist.org/observations/3254070"
"125","Marchantia polymorpha","Plantae","TRUE","FALSE","FALSE","TRUE","http://www.inaturalist.org/observations/3263761"
"126","Montia parvifolia","Plantae","TRUE","FALSE","FALSE","TRUE","http://www.inaturalist.org/observations/3239135"
"127","Montia parvifolia","Plantae","TRUE","FALSE","FALSE","TRUE","http://www.inaturalist.org/observations/3238288"
"128","Mycelis muralis","Plantae","TRUE","FALSE","FALSE","TRUE","http://www.inaturalist.org/observations/3238182"
"129","Neottia cordata","Plantae","FALSE","FALSE","FALSE","TRUE","http://www.inaturalist.org/observations/3264427"
"130","Oplopanax horridus","Plantae","TRUE","FALSE","FALSE","TRUE","http://www.inaturalist.org/observations/3263797"
"131","Oplopanax horridus","Plantae","TRUE","FALSE","FALSE","TRUE","http://www.inaturalist.org/observations/3238482"
"132","Osmorhiza berteroi","Plantae","TRUE","FALSE","FALSE","TRUE","http://www.inaturalist.org/observations/3263765"
"133","Paxistima myrsinites","Plantae","TRUE","FALSE","FALSE","TRUE","http://www.inaturalist.org/observations/3261750"
"134","Paxistima myrsinites","Plantae","TRUE","FALSE","FALSE","TRUE","http://www.inaturalist.org/observations/3238649"
"135","Penstemon davidsonii","Plantae","TRUE","FALSE","FALSE","FALSE","http://www.inaturalist.org/observations/3239222"
"136","Pinus contorta","Plantae","TRUE","FALSE","FALSE","FALSE","http://www.inaturalist.org/observations/3238840"
"137","Pinus monticola","Plantae","TRUE","FALSE","FALSE","TRUE","http://www.inaturalist.org/observations/3238983"
"138","Plantago lanceolata","Plantae","TRUE","FALSE","FALSE","TRUE","http://www.inaturalist.org/observations/3263798"
"139","Plantago lanceolata","Plantae","TRUE","FALSE","FALSE","TRUE","http://www.inaturalist.org/observations/3238305"
"140","Pleurozium schreberi","Plantae","TRUE","FALSE","FALSE","TRUE","http://www.inaturalist.org/observations/3264349"
"141","Poa bulbosa","Plantae","TRUE","FALSE","FALSE","FALSE","http://www.inaturalist.org/observations/3259690"
"142","Polypodium glycyrrhiza","Plantae","TRUE","FALSE","FALSE","TRUE","http://www.inaturalist.org/observations/3239066"
"143","Polystichum imbricans","Plantae","TRUE","FALSE","FALSE","FALSE","http://www.inaturalist.org/observations/3239303"
"144","Polystichum munitum","Plantae","TRUE","TRUE","FALSE","TRUE","http://www.inaturalist.org/observations/3263782"
"145","Polystichum munitum","Plantae","TRUE","TRUE","FALSE","TRUE","http://www.inaturalist.org/observations/3263667"
"146","Polystichum munitum","Plantae","TRUE","TRUE","FALSE","TRUE","http://www.inaturalist.org/observations/3238638"
"147","Polystichum munitum","Plantae","TRUE","TRUE","FALSE","TRUE","http://www.inaturalist.org/observations/3230106"
"148","Polytrichum juniperinum","Plantae","TRUE","FALSE","FALSE","TRUE","http://www.inaturalist.org/observations/3264386"
"149","Populus trichocarpa","Plantae","TRUE","FALSE","FALSE","TRUE","http://www.inaturalist.org/observations/3238705"
"150","Potentilla recta","Plantae","TRUE","FALSE","FALSE","TRUE","http://www.inaturalist.org/observations/3271030"
"151","Potentilla recta","Plantae","TRUE","FALSE","FALSE","TRUE","http://www.inaturalist.org/observations/3259711"
"152","Prosartes hookeri","Plantae","FALSE","FALSE","FALSE","TRUE","http://www.inaturalist.org/observations/3238783"
"153","Pseudotsuga menziesii","Plantae","TRUE","FALSE","FALSE","TRUE","http://www.inaturalist.org/observations/3262351"
"154","Pseudotsuga menziesii","Plantae","TRUE","FALSE","FALSE","TRUE","http://www.inaturalist.org/observations/3238685"
"155","Pteridium aquilinum","Plantae","TRUE","FALSE","FALSE","FALSE","http://www.inaturalist.org/observations/3238788"
"156","Pterospora andromedea","Plantae","TRUE","FALSE","FALSE","FALSE","http://www.inaturalist.org/observations/3258094"
"157","Pyrola asarifolia","Plantae","TRUE","TRUE","FALSE","FALSE","http://www.inaturalist.org/observations/3261244"
"158","Pyrola picta","Plantae","TRUE","FALSE","FALSE","TRUE","http://www.inaturalist.org/observations/3238886"
"159","Ranunculus repens","Plantae","TRUE","FALSE","FALSE","TRUE","https://www.inaturalist.org/observations/20749953"
"160","Ranunculus repens","Plantae","TRUE","FALSE","FALSE","TRUE","http://www.inaturalist.org/observations/3263785"
"161","Ranunculus repens","Plantae","TRUE","FALSE","FALSE","TRUE","http://www.inaturalist.org/observations/3259598"
"162","Ranunculus uncinatus","Plantae","TRUE","FALSE","FALSE","TRUE","http://www.inaturalist.org/observations/3238534"
"163","Rhytidiopsis robusta","Plantae","TRUE","FALSE","FALSE","FALSE","http://www.inaturalist.org/observations/3264473"
"164","Ribes lacustre","Plantae","TRUE","FALSE","FALSE","TRUE","http://www.inaturalist.org/observations/3300608"
"165","Rosa gymnocarpa","Plantae","TRUE","FALSE","FALSE","FALSE","http://www.inaturalist.org/observations/3238196"
"166","Rosa gymnocarpa","Plantae","TRUE","FALSE","FALSE","FALSE","http://www.inaturalist.org/observations/3230574"
"167","Rubus leucodermis","Plantae","TRUE","FALSE","FALSE","TRUE","http://www.inaturalist.org/observations/3238227"
"168","Rubus parviflorus","Plantae","TRUE","FALSE","FALSE","TRUE","http://www.inaturalist.org/observations/3238222"
"169","Rubus parviflorus","Plantae","TRUE","FALSE","FALSE","TRUE","http://www.inaturalist.org/observations/3230673"
"170","Rubus pedatus","Plantae","TRUE","FALSE","FALSE","TRUE","http://www.inaturalist.org/observations/3238795"
"171","Rubus spectabilis","Plantae","TRUE","FALSE","FALSE","TRUE","http://www.inaturalist.org/observations/3263868"
"172","Rubus spectabilis","Plantae","TRUE","FALSE","FALSE","TRUE","http://www.inaturalist.org/observations/3238488"
"173","Rubus ursinus","Plantae","TRUE","TRUE","FALSE","TRUE","http://www.inaturalist.org/observations/3238746"
"174","Rubus ursinus","Plantae","TRUE","TRUE","FALSE","TRUE","http://www.inaturalist.org/observations/3238137"
"175","Sambucus racemosa","Plantae","TRUE","TRUE","FALSE","FALSE","http://www.inaturalist.org/observations/3261334"
"176","Sambucus racemosa","Plantae","TRUE","TRUE","FALSE","FALSE","http://www.inaturalist.org/observations/3238348"
"177","Scapania bolanderi","Plantae","TRUE","FALSE","FALSE","FALSE","http://www.inaturalist.org/observations/3261098"
"178","Silene menziesii","Plantae","TRUE","FALSE","FALSE","TRUE","http://www.inaturalist.org/observations/3271019"
"179","Spiraea betulifolia","Plantae","TRUE","FALSE","FALSE","FALSE","http://www.inaturalist.org/observations/3285574"
"180","Spiraea betulifolia","Plantae","TRUE","FALSE","FALSE","FALSE","http://www.inaturalist.org/observations/3238876"
"181","Spiraea douglasii","Plantae","TRUE","FALSE","FALSE","FALSE","http://www.inaturalist.org/observations/3239249"
"182","Streptopus amplexifolius","Plantae","TRUE","TRUE","FALSE","TRUE","http://www.inaturalist.org/observations/3262703"
"183","Tanacetum vulgare","Plantae","TRUE","FALSE","FALSE","TRUE","http://www.inaturalist.org/observations/3259622"
"184","Taxus brevifolia","Plantae","TRUE","FALSE","FALSE","FALSE","http://www.inaturalist.org/observations/3263226"
"185","Taxus brevifolia","Plantae","TRUE","FALSE","FALSE","FALSE","http://www.inaturalist.org/observations/3238694"
"186","Thuja plicata","Plantae","TRUE","FALSE","FALSE","FALSE","http://www.inaturalist.org/observations/3264126"
"187","Thuja plicata","Plantae","TRUE","FALSE","FALSE","FALSE","http://www.inaturalist.org/observations/3261388"
"188","Thuja plicata","Plantae","TRUE","FALSE","FALSE","FALSE","http://www.inaturalist.org/observations/3238314"
"189","Tiarella trifoliata","Plantae","TRUE","FALSE","FALSE","FALSE","http://www.inaturalist.org/observations/3238371"
"190","Tiarella trifoliata","Plantae","TRUE","FALSE","FALSE","FALSE","http://www.inaturalist.org/observations/3230088"
"191","Tolmiea menziesii","Plantae","TRUE","FALSE","FALSE","TRUE","http://www.inaturalist.org/observations/3262661"
"192","Tragopogon dubius","Plantae","TRUE","FALSE","FALSE","TRUE","http://www.inaturalist.org/observations/3277943"
"193","Trifolium dubium","Plantae","TRUE","FALSE","FALSE","FALSE","http://www.inaturalist.org/observations/3239083"
"194","Trifolium repens","Plantae","TRUE","FALSE","FALSE","TRUE","http://www.inaturalist.org/observations/3238154"
"195","Trillium ovatum","Plantae","TRUE","FALSE","FALSE","FALSE","http://www.inaturalist.org/observations/3263943"
"196","Trillium ovatum","Plantae","TRUE","FALSE","FALSE","FALSE","http://www.inaturalist.org/observations/3238806"
"197","Tsuga heterophylla","Plantae","TRUE","FALSE","FALSE","TRUE","http://www.inaturalist.org/observations/3300631"
"198","Tsuga heterophylla","Plantae","TRUE","FALSE","FALSE","TRUE","http://www.inaturalist.org/observations/3238334"
"199","Urtica dioica","Plantae","TRUE","FALSE","FALSE","FALSE","https://www.inaturalist.org/observations/20749956"
"200","Urtica dioica","Plantae","TRUE","FALSE","FALSE","FALSE","http://www.inaturalist.org/observations/3261205"
"201","Vaccinium ovalifolium","Plantae","TRUE","FALSE","FALSE","TRUE","http://www.inaturalist.org/observations/3238323"
"202","Vaccinium parvifolium","Plantae","TRUE","FALSE","FALSE","FALSE","http://www.inaturalist.org/observations/3238234"
"203","Valeriana sitchensis","Plantae","TRUE","FALSE","FALSE","FALSE","http://www.inaturalist.org/observations/3261258"
"204","Valeriana sitchensis","Plantae","TRUE","FALSE","FALSE","FALSE","http://www.inaturalist.org/observations/3238524"
"205","Veronica officinalis","Plantae","TRUE","FALSE","FALSE","FALSE","http://www.inaturalist.org/observations/3238595"
"206","Veronica serpyllifolia","Plantae","TRUE","FALSE","FALSE","TRUE","http://www.inaturalist.org/observations/3239329"
