"","Iconic_taxa","Scientific_name","Occurences in BISON","Invasive.Record"
"1","Plantae","Cardamine hirsuta","NC 161; IN 10; BC CAN 58; UT 2; AZ 8; MT 1; KY 77; CA 253; KS 1; FL 59; DE 18; PA 116; MS 39; IL 36; TX 34; NS CAN 3; CT 32; GA 30; VA 252; MD 123; ID 4; OR 91; VT 2; TN 114; OK 3; ME 1; AL 60; AR 82; WA 144; SC 82; WV 96; ON CAN 33; MA 72; CO 1; MO 60; AK 5; WI 1; NY 218; DC 20; RI 1; HI 8; NJ 256; MI 21; NU CAN 1; NM 2; NH 5; LA 102; OH 98; NT CAN 1","No"
"2","Plantae","Conocephalum salebrosum","NC 26; IN 118; WY 6; BC CAN 5; YT CAN 3; AZ 1; KY 6; CA 33; KS 23; FL 7; DE 3; PA 34; IA 17; IL 23; NS CAN 3; CT 14; GA 7; VA 24; MD 3; ID 5; VT 36; OR 10; PR 1; ME 32; TN 7; OK 1; AL 4; AR 6; WA 32; SC 3; NE 8; ON CAN 29; WV 3; MA 7; CO 5; MO 37; QC CAN 30; AK 25; ND 1; WI 36; NY 85; RI 3; SD 1; MN 16; NL CAN 2; NJ 15; MI 38; NB CAN 2; NM 7; NH 6; LA 1; OH 52; NT CAN 3","No"
"3","Plantae","Cornus ×","No data available","No"
"4","Plantae","Cupressus nootkatensis","OR 1; CO 1; BC CAN 22; AK 84; CA 8; WA 26","No"
"5","Plantae","Erythranthe guttata","OR 202; WY 1; BC CAN 61; CA 738; WA 3; YT CAN 3; UT 1; NB CAN 2; CO 2; CT 4; AK 6; AB CAN 2; AZ 17; NV 3","No"
"6","Plantae","Holcus mollis","OR 69; NY 6; TN 1; CT 1; BC CAN 9; AK 1; CA 30; NL CAN 1; WA 14; PA 1","Yes"
"7","Plantae","Leucolepis acanthoneura","OR 132; VT 1; MT 1; BC CAN 113; AK 41; CA 101; WA 270; ID 26; MI 1","No"
"8","Plantae","Lysimachia latifolia","OR 86; BC CAN 32; CA 627; WA 113","No"
"9","Plantae","Malus pumila","NC 18; IN 5; WY 9; BC CAN 10; UT 19; AB CAN 1; AZ 11; MT 3; KY 37; CA 73; KS 31; FL 1; PA 59; MS 1; IL 39; NS CAN 8; TX 1; CT 38; VA 70; MD 8; ID 7; VT 61; OR 19; ME 40; TN 15; AL 14; AR 9; WA 92; SC 4; WV 75; ON CAN 41; MA 59; CO 13; MO 70; QC CAN 14; WI 21; NV 1; NY 541; RI 6; DC 2; HI 1; MN 4; NJ 19; MI 80; NB CAN 6; NM 11; NH 24; LA 21; OH 94","No"
