"","Scientific_name","Iconic_taxa","Match NPSpecies","iNaturalist_Entry_count"
"1","Anaxyrus americanus","Amphibia","No Match","1"
"2","Eurycea bislineata","Amphibia","Match","1"
"3","Hyla versicolor","Amphibia","Match","1"
"4","Lithobates palustris","Amphibia","ITIS Match","1"
"5","Plethodon glutinosus","Amphibia","Match","1"
"6","Pseudacris crucifer","Amphibia","Match","1"
"7","Dryocopus pileatus","Aves","Match","1"
"8","Acer rubrum","Plantae","Match","1"
"9","Acer saccharinum","Plantae","Match","1"
"10","Acer saccharum","Plantae","Match","1"
"11","Achillea millefolium","Plantae","Match","1"
"12","Actaea pachypoda","Plantae","Match","1"
"13","Ageratina altissima","Plantae","No Match","1"
"14","Ailanthus altissima","Plantae","No Match","1"
"15","Alliaria petiolata","Plantae","Match","1"
"16","Amphicarpaea bracteata","Plantae","Match","1"
"17","Aralia nudicaulis","Plantae","Match","1"
"18","Arisaema triphyllum","Plantae","Match","1"
"19","Artemisia vulgaris","Plantae","No Match","1"
"20","Asclepias syriaca","Plantae","Match","1"
"21","Athyrium filix-femina","Plantae","Match","1"
"22","Berberis thunbergii","Plantae","Match","1"
"23","Cardamine impatiens","Plantae","No Match","1"
"24","Carpinus caroliniana","Plantae","Match","1"
"25","Carya ovata","Plantae","Match","1"
"26","Castanea dentata","Plantae","Match","1"
"27","Catalpa speciosa","Plantae","No Match","1"
"28","Cephalanthus occidentalis","Plantae","No Match","1"
"29","Cirsium vulgare","Plantae","Match","1"
"30","Clinopodium vulgare","Plantae","No Match","1"
"31","Cornus florida","Plantae","Match","1"
"32","Cypripedium acaule","Plantae","Match","1"
"33","Dactylis glomerata","Plantae","Match","1"
"34","Dennstaedtia punctilobula","Plantae","Match","1"
"35","Drosera rotundifolia","Plantae","Match","1"
"36","Dryopteris carthusiana","Plantae","Match","1"
"37","Dryopteris marginalis","Plantae","Match","1"
"38","Elaeagnus umbellata","Plantae","No Match","1"
"39","Epigaea repens","Plantae","Match","1"
"40","Epipactis helleborine","Plantae","Match","1"
"41","Equisetum arvense","Plantae","Match","1"
"42","Euphorbia cyparissias","Plantae","Match","1"
"43","Fagus grandifolia","Plantae","Match","1"
"44","Galium aparine","Plantae","Match","1"
"45","Gaultheria procumbens","Plantae","Match","1"
"46","Geranium maculatum","Plantae","Match","1"
"47","Glechoma hederacea","Plantae","Match","1"
"48","Gymnocarpium dryopteris","Plantae","Match","1"
"49","Hamamelis virginiana","Plantae","Match","1"
"50","Iris versicolor","Plantae","Match","1"
"51","Juglans cinerea","Plantae","Match","1"
"52","Kalmia angustifolia","Plantae","Match","1"
"53","Kalmia latifolia","Plantae","Match","1"
"54","Lycopodium clavatum","Plantae","Match","1"
"55","Lysimachia borealis","Plantae","No Match","1"
"56","Lysimachia quadrifolia","Plantae","Match","1"
"57","Maianthemum canadense","Plantae","Match","1"
"58","Maianthemum racemosum","Plantae","No Match","1"
"59","Matricaria discoidea","Plantae","No Match","1"
"60","Melampyrum lineare","Plantae","No Match","1"
"61","Microstegium vimineum","Plantae","Match","1"
"62","Mitchella repens","Plantae","Match","2"
"63","Monotropa uniflora","Plantae","Match","1"
"64","Onoclea sensibilis","Plantae","Match","1"
"65","Osmunda claytoniana","Plantae","Match","1"
"66","Oxalis stricta","Plantae","Match","1"
"67","Persicaria sagittata","Plantae","ITIS Match","1"
"68","Pinus strobus","Plantae","Match","2"
"69","Plantago lanceolata","Plantae","Match","1"
"70","Plantago major","Plantae","Match","1"
"71","Podophyllum peltatum","Plantae","Match","1"
"72","Polystichum acrostichoides","Plantae","Match","1"
"73","Pontederia cordata","Plantae","Match","1"
"74","Prunella vulgaris","Plantae","Match","1"
"75","Ranunculus recurvatus","Plantae","No Match","1"
"76","Rhododendron maximum","Plantae","Match","1"
"77","Rubus idaeus","Plantae","No Match","1"
"78","Rubus occidentalis","Plantae","Match","1"
"79","Rumex crispus","Plantae","Match","1"
"80","Sarracenia purpurea","Plantae","Match","4"
"81","Securigera varia","Plantae","No Match","1"
"82","Solidago caesia","Plantae","Match","1"
"83","Trifolium aureum","Plantae","Match","1"
"84","Trillium undulatum","Plantae","Match","1"
"85","Tsuga canadensis","Plantae","Match","1"
"86","Urtica dioica","Plantae","Match","1"
"87","Vaccinium corymbosum","Plantae","Match","1"
"88","Veratrum viride","Plantae","Match","1"
"89","Verbascum thapsus","Plantae","Match","1"
"90","Chrysemys picta","Reptilia","Match","1"
"91","Diadophis punctatus","Reptilia","Match","1"
"92","Lampropeltis triangulum","Reptilia","Match","1"
"93","Nerodia sipedon","Reptilia","Match","1"
"94","Pantherophis alleghaniensis","Reptilia","No Match","1"
"95","Spilosoma congrua","Insecta","Table 4","1"
"96","Adelges tsugae","Insecta","Table 4","2"
"97","Limenitis arthemis arthemis × astyanax","Insecta","Table 4","1"
