"","Iconic_taxa","Scientific_name","Occurences in BISON","Invasive.Record"
"1","Amphibia","Anaxyrus americanus","VT 485; NC 282; IN 179; OK 1251; TN 213; ME 93; PE CAN 16; AL 48; AR 660; SC 36; NE 13; ON CAN 2641; WV 129; MB CAN 173; MA 227; CO 2; QC CAN 870; MO 497; ND 19; WI 327; NY 790; RI 67; DC 28; KY 384; SD 45; MN 313; KS 735; NL CAN 36; DE 24; FL 2; NJ 94; MI 527; NB CAN 412; PA 332; MS 169; IA 152; NU CAN 2; IL 320; NS CAN 139; TX 83; CT 294; NH 126; LA 39; OH 553; GA 189; NT CAN 1; VA 821; MD 366","No"
"2","Plantae","Ageratina altissima","NC 353; VT 73; IN 128; TN 222; OK 24; ME 13; AL 58; AR 65; SC 119; NE 61; WV 916; ON CAN 75; MA 42; CO 1; MO 321; QC CAN 8; ND 12; WI 135; NY 273; DC 28; RI 3; KY 149; SD 22; MN 73; KS 222; FL 17; DE 3; NJ 217; PA 195; MI 67; NB CAN 4; IA 45; MS 36; IL 224; TX 50; CT 60; NH 16; LA 80; OH 194; GA 104; VA 695; MD 109","No"
"3","Plantae","Ailanthus altissima","NC 769; OR 91; VT 7; IN 224; TN 2375; OK 21; ME 6; BC CAN 6; AL 178; AR 117; SC 163; UT 33; WA 25; NE 9; WV 1168; ON CAN 18; MA 415; CO 125; MO 125; AZ 103; WI 24; NV 6; NY 5708; DC 41; RI 34; KY 926; HI 1; MN 2; CA 702; KS 80; DE 77; FL 22; NJ 388; PA 786; MI 139; MS 52; IA 6; NM 31; IL 181; TX 68; CT 195; NH 3; LA 24; OH 1117; GA 80; VA 6191; MD 303; ID 12","Yes"
"4","Plantae","Artemisia vulgaris","NC 84; IN 7; WY 1; BC CAN 10; PE CAN 8; UT 2; AZ 1; MT 3; KY 17; CA 58; KS 7; FL 8; DE 1; PA 74; MS 2; IA 1; NS CAN 38; IL 37; TX 1; CT 99; GA 1; VA 70; MD 54; ID 6; VT 69; OR 17; ME 62; TN 13; AL 2; WA 21; SC 16; ON CAN 79; WV 14; MB CAN 2; MA 187; CO 4; QC CAN 202; MO 26; AK 6; WI 7; NV 1; NY 630; DC 12; RI 7; HI 32; MN 1; NL CAN 1; NJ 503; NB CAN 22; MI 14; NH 24; LA 1; OH 37","Yes"
"5","Plantae","Cardamine impatiens","VT 51; NC 2; NY 101; IN 2; ME 8; KY 3; MN 3; DE 2; NJ 151; PA 74; MI 6; NB CAN 1; WV 39; ON CAN 9; MA 26; CT 124; NH 21; QC CAN 2; OH 28; MD 7; VA 3","Yes"
"6","Plantae","Catalpa speciosa","NC 40; VT 3; IN 318; TN 48; OK 28; BC CAN 4; AL 9; AR 41; SC 42; UT 14; WA 4; NE 24; WV 37; ON CAN 20; MA 46; CO 2; MO 171; QC CAN 1; ND 1; WI 48; AZ 1; NY 256; DC 10; RI 8; KY 66; SD 3; MN 12; KS 708; CA 31; DE 5; NJ 55; MI 57; PA 40; IA 27; MS 7; NM 3; IL 177; TX 51; CT 31; NH 11; LA 26; OH 136; GA 10; VA 102; MD 24; ID 4","Yes"
"7","Plantae","Cephalanthus occidentalis","NC 277; VT 76; IN 204; TN 107; ME 86; OK 86; BC CAN 2; AL 191; AR 155; SC 186; NE 11; WV 211; ON CAN 161; MA 183; MO 301; QC CAN 40; WI 99; AZ 52; NY 202; DC 38; RI 25; MT 2; KY 128; MN 63; CA 830; KS 156; FL 561; DE 11; NJ 124; PA 138; MI 130; NB CAN 1; MS 131; IA 25; TX 746; IL 223; NS CAN 15; CT 175; NH 74; LA 251; OH 206; GA 91; VA 344; MD 115","No"
"8","Plantae","Clinopodium vulgare","VT 102; NC 40; OR 7; IN 19; ME 57; TN 31; BC CAN 5; AL 1; WA 4; UT 1; ON CAN 146; WV 110; MA 58; CO 9; QC CAN 19; WI 72; AZ 13; NY 126; DC 14; MT 1; KY 16; MN 16; CA 4; NL CAN 3; DE 6; FL 2; NJ 36; MI 215; PA 111; NB CAN 8; IA 1; NM 31; NS CAN 28; IL 5; NH 44; CT 36; OH 72; GA 1; VA 145; MD 46","Yes"
"9","Plantae","Elaeagnus umbellata","NC 195; VT 46; OR 16; IN 58; TN 53; ME 22; BC CAN 5; AL 33; AR 19; SC 62; WA 5; NE 1; WV 160; ON CAN 84; MA 153; MO 154; WI 56; NY 1229; RI 22; DC 16; KY 50; HI 10; SD 1; KS 34; FL 16; DE 7; NJ 210; MI 128; PA 97; MS 42; IA 7; IL 149; NS CAN 8; TX 1; CT 230; NH 29; LA 9; OH 115; GA 31; VA 228; MD 73","Yes"
"10","Plantae","Lysimachia borealis","VT 256; IN 2; ME 90; BC CAN 2; SK CAN 3; PE CAN 13; WA 3; ON CAN 221; WV 2; MB CAN 12; MA 123; QC CAN 65; AB CAN 1; WI 178; NY 77; RI 11; MN 77; NL CAN 13; CA 1; NJ 16; MI 98; NB CAN 53; PA 29; NU CAN 1; NS CAN 81; IL 11; CT 76; NH 68; OH 5; MD 2; VA 2","No"
"11","Plantae","Maianthemum racemosum","NC 363; IN 111; WY 17; BC CAN 33; SK CAN 1; PE CAN 4; UT 37; AB CAN 82; AZ 110; MT 121; KY 160; CA 885; KS 45; DE 13; FL 2; PA 174; IA 88; MS 27; IL 218; NS CAN 10; TX 3; CT 136; GA 69; VA 1022; MD 235; ID 70; VT 321; OR 136; TN 141; ME 48; OK 9; AL 49; AR 49; WA 111; SC 82; NE 9; WV 578; ON CAN 316; CO 150; MA 80; MO 88; QC CAN 36; AK 5; ND 7; WI 224; NV 5; NY 225; DC 26; RI 6; SD 8; MN 118; NL CAN 1; NJ 56; MI 192; NB CAN 18; NM 32; NH 56; LA 1; OH 188","No"
"12","Plantae","Matricaria discoidea","NC 9; IN 65; WY 25; BC CAN 26; SK CAN 3; PE CAN 7; YT CAN 30; UT 16; AB CAN 9; AZ 51; MT 50; KY 25; CA 2313; KS 62; DE 2; PA 56; IA 17; MS 1; IL 121; NS CAN 67; TX 1; CT 51; GA 1; VA 44; MD 16; ID 32; OR 101; VT 101; ME 107; TN 10; OK 5; AR 12; WA 75; NE 5; ON CAN 66; WV 12; MB CAN 13; MA 77; CO 70; MO 159; QC CAN 22; AK 5337; ND 36; WI 96; NV 7; NY 132; RI 18; DC 10; SD 23; MN 103; NL CAN 5; NJ 49; MI 98; NB CAN 15; NM 5; NH 38; LA 7; OH 68; NT CAN 78","Yes"
"13","Plantae","Melampyrum lineare","NC 212; VT 18; IN 32; ME 64; TN 58; BC CAN 29; SK CAN 3; PE CAN 5; SC 10; WA 3; ON CAN 100; WV 55; MB CAN 17; MA 103; QC CAN 116; AB CAN 14; WI 79; NY 108; RI 9; DC 5; MT 49; KY 5; MN 266; NL CAN 1; DE 2; NJ 35; MI 245; PA 68; NB CAN 12; NS CAN 75; IL 1; CT 129; NH 19; OH 43; GA 22; VA 80; MD 21; ID 6","No"
"14","Plantae","Ranunculus recurvatus","NC 112; VT 29; PR 1; IN 133; TN 114; ME 18; OK 4; PE CAN 3; AL 48; AR 31; SC 89; WA 3; NE 3; WV 174; ON CAN 64; MA 25; MO 68; QC CAN 34; ND 5; WI 96; NY 152; DC 24; RI 8; MT 2; KY 88; MN 48; KS 14; FL 6; DE 2; NJ 45; MI 186; PA 97; NB CAN 7; MS 37; IA 3; IL 86; NS CAN 25; TX 5; CT 121; NH 18; LA 62; OH 88; GA 33; VA 295; MD 67","No"
"15","Plantae","Rubus idaeus","NC 5; IN 29; WY 37; BC CAN 52; SK CAN 7; PE CAN 5; UT 68; YT CAN 10; AB CAN 32; AZ 91; MT 407; CA 1; PA 54; IA 13; MS 1; IL 45; NS CAN 18; CT 80; VA 18; MD 1; ID 194; VT 58; OR 35; ME 183; TN 1; AR 2; WA 76; NE 1; ON CAN 76; WV 18; MB CAN 22; CO 417; MA 127; QC CAN 129; MO 13; AK 249; ND 36; WI 157; NV 19; NY 76; RI 9; DC 1; SD 28; MN 137; NL CAN 5; NJ 14; MI 137; NB CAN 8; NU CAN 1; NM 131; NH 169; OH 29; NT CAN 11","Yes"
"16","Plantae","Securigera varia","NC 31; IN 29; PE CAN 1; UT 9; MT 6; KY 54; KS 150; CA 10; DE 9; FL 2; PA 158; IA 15; MS 1; IL 201; TX 18; NS CAN 13; CT 50; GA 9; VA 160; MD 80; ID 5; VT 140; OR 19; TN 52; ME 26; OK 8; AL 8; AR 20; WA 6; SC 2; NE 8; ON CAN 128; WV 35; MA 52; CO 28; MO 169; QC CAN 9; AK 9; WI 96; NV 1; NY 163; RI 8; DC 6; SD 7; MN 66; NJ 167; MI 62; NB CAN 1; NM 8; NH 11; LA 2; OH 127","Yes"
"17","Reptilia","Pantherophis alleghaniensis","NC 306; VT 47; NY 40; DC 31; RI 9; TN 19; FL 1075; DE 17; AL 1; SC 91; NJ 39; PA 61; WV 12; MA 10; TX 1; CT 29; OH 7; GA 105; VA 267; MD 146","No"
