"","Scientific_name","Iconic_taxa","iNat_NPS_matches","iNat_NPSsynonym_matches","iNat_ITIS_synonym_matches","iNat_ITIS_nonsyn_matches","iNaturalist_URL"
"1","Anaxyrus americanus","Amphibia","FALSE","FALSE","FALSE","FALSE","http://www.inaturalist.org/observations/3519224"
"2","Eurycea bislineata","Amphibia","TRUE","FALSE","FALSE","TRUE","http://www.inaturalist.org/observations/3519556"
"3","Hyla versicolor","Amphibia","TRUE","FALSE","FALSE","TRUE","http://www.inaturalist.org/observations/3519027"
"4","Lithobates palustris","Amphibia","FALSE","FALSE","FALSE","TRUE","http://www.inaturalist.org/observations/3519160"
"5","Plethodon glutinosus","Amphibia","TRUE","FALSE","FALSE","TRUE","http://www.inaturalist.org/observations/3519092"
"6","Pseudacris crucifer","Amphibia","TRUE","FALSE","FALSE","TRUE","http://www.inaturalist.org/observations/3519266"
"7","Dryocopus pileatus","Aves","TRUE","FALSE","FALSE","FALSE","http://www.inaturalist.org/observations/3518304"
"8","Acer rubrum","Plantae","TRUE","TRUE","FALSE","FALSE","http://www.inaturalist.org/observations/3570481"
"9","Acer saccharinum","Plantae","TRUE","FALSE","FALSE","TRUE","http://www.inaturalist.org/observations/3581804"
"10","Acer saccharum","Plantae","TRUE","FALSE","FALSE","FALSE","http://www.inaturalist.org/observations/3581805"
"11","Achillea millefolium","Plantae","TRUE","FALSE","FALSE","TRUE","http://www.inaturalist.org/observations/3570482"
"12","Actaea pachypoda","Plantae","TRUE","FALSE","FALSE","TRUE","http://www.inaturalist.org/observations/3581806"
"13","Ageratina altissima","Plantae","FALSE","FALSE","FALSE","FALSE","http://www.inaturalist.org/observations/3581807"
"14","Ailanthus altissima","Plantae","FALSE","FALSE","FALSE","FALSE","http://www.inaturalist.org/observations/3581808"
"15","Alliaria petiolata","Plantae","TRUE","FALSE","FALSE","TRUE","http://www.inaturalist.org/observations/3570483"
"16","Amphicarpaea bracteata","Plantae","TRUE","FALSE","FALSE","TRUE","http://www.inaturalist.org/observations/3570484"
"17","Aralia nudicaulis","Plantae","TRUE","FALSE","FALSE","FALSE","http://www.inaturalist.org/observations/3581809"
"18","Arisaema triphyllum","Plantae","TRUE","FALSE","FALSE","TRUE","http://www.inaturalist.org/observations/3518436"
"19","Artemisia vulgaris","Plantae","FALSE","FALSE","FALSE","FALSE","http://www.inaturalist.org/observations/3570485"
"20","Asclepias syriaca","Plantae","TRUE","FALSE","FALSE","TRUE","http://www.inaturalist.org/observations/3570490"
"21","Athyrium filix-femina","Plantae","TRUE","FALSE","TRUE","TRUE","http://www.inaturalist.org/observations/3518310"
"22","Berberis thunbergii","Plantae","TRUE","FALSE","FALSE","TRUE","http://www.inaturalist.org/observations/3581813"
"23","Cardamine impatiens","Plantae","FALSE","FALSE","FALSE","FALSE","http://www.inaturalist.org/observations/3581818"
"24","Carpinus caroliniana","Plantae","TRUE","FALSE","FALSE","TRUE","http://www.inaturalist.org/observations/3570488"
"25","Carya ovata","Plantae","TRUE","FALSE","TRUE","TRUE","http://www.inaturalist.org/observations/3581820"
"26","Castanea dentata","Plantae","TRUE","FALSE","FALSE","TRUE","http://www.inaturalist.org/observations/3581822"
"27","Catalpa speciosa","Plantae","FALSE","FALSE","FALSE","FALSE","http://www.inaturalist.org/observations/3581821"
"28","Cephalanthus occidentalis","Plantae","FALSE","FALSE","FALSE","FALSE","http://www.inaturalist.org/observations/3581815"
"29","Cirsium vulgare","Plantae","TRUE","FALSE","FALSE","TRUE","http://www.inaturalist.org/observations/3570486"
"30","Clinopodium vulgare","Plantae","FALSE","FALSE","FALSE","FALSE","http://www.inaturalist.org/observations/3581607"
"31","Cornus florida","Plantae","TRUE","FALSE","FALSE","TRUE","http://www.inaturalist.org/observations/3581824"
"32","Cypripedium acaule","Plantae","TRUE","FALSE","FALSE","TRUE","http://www.inaturalist.org/observations/3637826"
"33","Dactylis glomerata","Plantae","TRUE","FALSE","FALSE","TRUE","http://www.inaturalist.org/observations/3637823"
"34","Dennstaedtia punctilobula","Plantae","TRUE","FALSE","FALSE","FALSE","http://www.inaturalist.org/observations/3549652"
"35","Drosera rotundifolia","Plantae","TRUE","FALSE","FALSE","FALSE","http://www.inaturalist.org/observations/3570791"
"36","Dryopteris carthusiana","Plantae","TRUE","FALSE","FALSE","TRUE","http://www.inaturalist.org/observations/3549624"
"37","Dryopteris marginalis","Plantae","TRUE","FALSE","FALSE","FALSE","http://www.inaturalist.org/observations/3570765"
"38","Elaeagnus umbellata","Plantae","FALSE","FALSE","FALSE","FALSE","http://www.inaturalist.org/observations/3581811"
"39","Epigaea repens","Plantae","TRUE","FALSE","FALSE","TRUE","http://www.inaturalist.org/observations/3581828"
"40","Epipactis helleborine","Plantae","TRUE","FALSE","FALSE","TRUE","http://www.inaturalist.org/observations/3570766"
"41","Equisetum arvense","Plantae","TRUE","FALSE","FALSE","TRUE","http://www.inaturalist.org/observations/3548487"
"42","Euphorbia cyparissias","Plantae","TRUE","FALSE","FALSE","TRUE","http://www.inaturalist.org/observations/3570494"
"43","Fagus grandifolia","Plantae","TRUE","FALSE","FALSE","TRUE","http://www.inaturalist.org/observations/3581829"
"44","Galium aparine","Plantae","TRUE","FALSE","FALSE","TRUE","http://www.inaturalist.org/observations/3570767"
"45","Gaultheria procumbens","Plantae","TRUE","FALSE","FALSE","FALSE","http://www.inaturalist.org/observations/3548223"
"46","Geranium maculatum","Plantae","TRUE","FALSE","FALSE","FALSE","http://www.inaturalist.org/observations/3570320"
"47","Glechoma hederacea","Plantae","TRUE","FALSE","FALSE","TRUE","http://www.inaturalist.org/observations/3570492"
"48","Gymnocarpium dryopteris","Plantae","TRUE","FALSE","FALSE","TRUE","http://www.inaturalist.org/observations/3637822"
"49","Hamamelis virginiana","Plantae","TRUE","FALSE","FALSE","TRUE","http://www.inaturalist.org/observations/3570794"
"50","Iris versicolor","Plantae","TRUE","FALSE","FALSE","TRUE","http://www.inaturalist.org/observations/3581814"
"51","Juglans cinerea","Plantae","TRUE","FALSE","FALSE","TRUE","http://www.inaturalist.org/observations/3570769"
"52","Kalmia angustifolia","Plantae","TRUE","FALSE","FALSE","TRUE","http://www.inaturalist.org/observations/3549702"
"53","Kalmia latifolia","Plantae","TRUE","FALSE","FALSE","TRUE","http://www.inaturalist.org/observations/3570770"
"54","Lycopodium clavatum","Plantae","TRUE","FALSE","FALSE","TRUE","http://www.inaturalist.org/observations/3549701"
"55","Lysimachia borealis","Plantae","FALSE","FALSE","FALSE","FALSE","http://www.inaturalist.org/observations/3570792"
"56","Lysimachia quadrifolia","Plantae","TRUE","FALSE","FALSE","FALSE","http://www.inaturalist.org/observations/3570322"
"57","Maianthemum canadense","Plantae","TRUE","FALSE","FALSE","TRUE","http://www.inaturalist.org/observations/3637818"
"58","Maianthemum racemosum","Plantae","FALSE","FALSE","FALSE","FALSE","http://www.inaturalist.org/observations/3570771"
"59","Matricaria discoidea","Plantae","FALSE","FALSE","FALSE","FALSE","http://www.inaturalist.org/observations/3637825"
"60","Melampyrum lineare","Plantae","FALSE","FALSE","FALSE","FALSE","http://www.inaturalist.org/observations/3570491"
"61","Microstegium vimineum","Plantae","TRUE","FALSE","FALSE","TRUE","http://www.inaturalist.org/observations/3637819"
"62","Mitchella repens","Plantae","TRUE","FALSE","FALSE","FALSE","http://www.inaturalist.org/observations/3570772"
"63","Mitchella repens","Plantae","TRUE","FALSE","FALSE","FALSE","http://www.inaturalist.org/observations/3518342"
"64","Monotropa uniflora","Plantae","TRUE","FALSE","FALSE","TRUE","http://www.inaturalist.org/observations/3517674"
"65","Onoclea sensibilis","Plantae","TRUE","FALSE","FALSE","FALSE","http://www.inaturalist.org/observations/3637833"
"66","Osmunda claytoniana","Plantae","TRUE","FALSE","FALSE","FALSE","http://www.inaturalist.org/observations/3570774"
"67","Oxalis stricta","Plantae","TRUE","FALSE","FALSE","TRUE","http://www.inaturalist.org/observations/3570775"
"68","Persicaria sagittata","Plantae","FALSE","FALSE","FALSE","TRUE","http://www.inaturalist.org/observations/3570785"
"69","Pinus strobus","Plantae","TRUE","FALSE","FALSE","TRUE","http://www.inaturalist.org/observations/3570778"
"70","Pinus strobus","Plantae","TRUE","FALSE","FALSE","TRUE","http://www.inaturalist.org/observations/3518418"
"71","Plantago lanceolata","Plantae","TRUE","FALSE","FALSE","TRUE","http://www.inaturalist.org/observations/3570783"
"72","Plantago major","Plantae","TRUE","FALSE","FALSE","TRUE","http://www.inaturalist.org/observations/3570784"
"73","Podophyllum peltatum","Plantae","TRUE","FALSE","FALSE","FALSE","http://www.inaturalist.org/observations/3637817"
"74","Polystichum acrostichoides","Plantae","TRUE","FALSE","FALSE","TRUE","http://www.inaturalist.org/observations/3548395"
"75","Pontederia cordata","Plantae","TRUE","FALSE","FALSE","TRUE","http://www.inaturalist.org/observations/3570777"
"76","Prunella vulgaris","Plantae","TRUE","FALSE","FALSE","FALSE","http://www.inaturalist.org/observations/3570787"
"77","Ranunculus recurvatus","Plantae","FALSE","FALSE","FALSE","FALSE","http://www.inaturalist.org/observations/3637830"
"78","Rhododendron maximum","Plantae","TRUE","FALSE","FALSE","TRUE","http://www.inaturalist.org/observations/3637831"
"79","Rubus idaeus","Plantae","FALSE","FALSE","FALSE","FALSE","http://www.inaturalist.org/observations/3570789"
"80","Rubus occidentalis","Plantae","TRUE","FALSE","FALSE","TRUE","http://www.inaturalist.org/observations/3637832"
"81","Rumex crispus","Plantae","TRUE","FALSE","FALSE","TRUE","http://www.inaturalist.org/observations/3570493"
"82","Sarracenia purpurea","Plantae","TRUE","FALSE","FALSE","FALSE","http://www.inaturalist.org/observations/3570779"
"83","Sarracenia purpurea","Plantae","TRUE","FALSE","FALSE","FALSE","http://www.inaturalist.org/observations/3570782"
"84","Sarracenia purpurea","Plantae","TRUE","FALSE","FALSE","FALSE","http://www.inaturalist.org/observations/3570780"
"85","Sarracenia purpurea","Plantae","TRUE","FALSE","FALSE","FALSE","http://www.inaturalist.org/observations/3570781"
"86","Securigera varia","Plantae","FALSE","FALSE","FALSE","FALSE","http://www.inaturalist.org/observations/3581825"
"87","Solidago caesia","Plantae","TRUE","FALSE","FALSE","FALSE","http://www.inaturalist.org/observations/3570790"
"88","Trifolium aureum","Plantae","TRUE","FALSE","FALSE","TRUE","http://www.inaturalist.org/observations/3549419"
"89","Trillium undulatum","Plantae","TRUE","FALSE","FALSE","FALSE","http://www.inaturalist.org/observations/3548437"
"90","Tsuga canadensis","Plantae","TRUE","FALSE","FALSE","TRUE","http://www.inaturalist.org/observations/3517684"
"91","Urtica dioica","Plantae","TRUE","FALSE","FALSE","FALSE","http://www.inaturalist.org/observations/3570793"
"92","Vaccinium corymbosum","Plantae","TRUE","FALSE","FALSE","TRUE","http://www.inaturalist.org/observations/3548422"
"93","Veratrum viride","Plantae","TRUE","FALSE","FALSE","TRUE","http://www.inaturalist.org/observations/3549365"
"94","Verbascum thapsus","Plantae","TRUE","FALSE","FALSE","FALSE","http://www.inaturalist.org/observations/3637820"
"95","Chrysemys picta","Reptilia","TRUE","FALSE","FALSE","FALSE","http://www.inaturalist.org/observations/3519544"
"96","Diadophis punctatus","Reptilia","TRUE","TRUE","FALSE","FALSE","http://www.inaturalist.org/observations/3519278"
"97","Lampropeltis triangulum","Reptilia","TRUE","FALSE","FALSE","TRUE","http://www.inaturalist.org/observations/3519535"
"98","Nerodia sipedon","Reptilia","TRUE","FALSE","FALSE","FALSE","http://www.inaturalist.org/observations/3519251"
"99","Pantherophis alleghaniensis","Reptilia","FALSE","FALSE","FALSE","FALSE","http://www.inaturalist.org/observations/3519529"
