"","Scientific_name","Iconic_taxa","iNat_NPS_matches","iNat_NPSsynonym_matches","iNat_ITIS_synonym_matches","iNat_ITIS_nonsyn_matches","iNaturalist_URL"
"1","Acaciella angustissima","Plantae","FALSE","FALSE","FALSE","FALSE","http://www.inaturalist.org/observations/3324018"
"2","Agave palmeri","Plantae","TRUE","FALSE","FALSE","FALSE","http://www.inaturalist.org/observations/3277779"
"3","Arbutus arizonica","Plantae","TRUE","FALSE","FALSE","TRUE","http://www.inaturalist.org/observations/3399470"
"4","Arbutus arizonica","Plantae","TRUE","FALSE","FALSE","TRUE","http://www.inaturalist.org/observations/3300460"
"5","Arctostaphylos pungens","Plantae","TRUE","FALSE","FALSE","TRUE","http://www.inaturalist.org/observations/3281992"
"6","Argemone pleiacantha","Plantae","TRUE","TRUE","FALSE","FALSE","http://www.inaturalist.org/observations/3277910"
"7","Asclepias nyctaginifolia","Plantae","TRUE","FALSE","FALSE","FALSE","http://www.inaturalist.org/observations/3259351"
"8","Baccharis pteronioides","Plantae","TRUE","FALSE","FALSE","FALSE","http://www.inaturalist.org/observations/3277796"
"9","Baccharis sarothroides","Plantae","TRUE","FALSE","FALSE","FALSE","http://www.inaturalist.org/observations/3277919"
"10","Bouteloua curtipendula","Plantae","TRUE","TRUE","FALSE","TRUE","http://www.inaturalist.org/observations/3278042"
"11","Bouteloua gracilis","Plantae","TRUE","FALSE","TRUE","TRUE","http://www.inaturalist.org/observations/3278074"
"12","Bouteloua gracilis","Plantae","TRUE","FALSE","TRUE","TRUE","http://www.inaturalist.org/observations/3388819"
"13","Calliandra eriophylla","Plantae","TRUE","FALSE","FALSE","TRUE","http://www.inaturalist.org/observations/3283045"
"14","Cirsium neomexicanum","Plantae","TRUE","FALSE","FALSE","TRUE","http://www.inaturalist.org/observations/3300036"
"15","Cynodon dactylon","Plantae","TRUE","FALSE","FALSE","TRUE","http://www.inaturalist.org/observations/3284009"
"16","Dasylirion wheeleri","Plantae","TRUE","FALSE","FALSE","FALSE","http://www.inaturalist.org/observations/3283834"
"17","Datura wrightii","Plantae","TRUE","FALSE","FALSE","TRUE","http://www.inaturalist.org/observations/3278162"
"18","Descurainia pinnata","Plantae","TRUE","FALSE","FALSE","FALSE","http://www.inaturalist.org/observations/3259381"
"19","Digitaria californica","Plantae","TRUE","FALSE","FALSE","TRUE","http://www.inaturalist.org/observations/3299283"
"20","Elymus elymoides","Plantae","TRUE","TRUE","FALSE","TRUE","http://www.inaturalist.org/observations/3323716"
"21","Eragrostis curvula","Plantae","TRUE","TRUE","FALSE","TRUE","http://www.inaturalist.org/observations/3283009"
"22","Eragrostis lehmanniana","Plantae","TRUE","FALSE","FALSE","TRUE","http://www.inaturalist.org/observations/3278009"
"23","Erigeron canadensis","Plantae","FALSE","FALSE","TRUE","FALSE","http://www.inaturalist.org/observations/3323570"
"24","Eriogonum abertianum","Plantae","TRUE","FALSE","FALSE","TRUE","http://www.inaturalist.org/observations/3278189"
"25","Eriogonum wrightii","Plantae","TRUE","FALSE","FALSE","FALSE","http://www.inaturalist.org/observations/3278108"
"26","Evolvulus arizonicus","Plantae","TRUE","FALSE","FALSE","TRUE","http://www.inaturalist.org/observations/3323935"
"27","Eysenhardtia orthocarpa","Plantae","TRUE","FALSE","FALSE","FALSE","http://www.inaturalist.org/observations/3299842"
"28","Guardiola platyphylla","Plantae","TRUE","FALSE","FALSE","FALSE","http://www.inaturalist.org/observations/3300263"
"29","Heterotheca subaxillaris","Plantae","TRUE","FALSE","FALSE","TRUE","http://www.inaturalist.org/observations/3284464"
"30","Juglans major","Plantae","TRUE","FALSE","FALSE","FALSE","http://www.inaturalist.org/observations/3283980"
"31","Juniperus deppeana","Plantae","TRUE","TRUE","FALSE","TRUE","http://www.inaturalist.org/observations/3283219"
"32","Nolina microcarpa","Plantae","TRUE","FALSE","FALSE","FALSE","http://www.inaturalist.org/observations/3282979"
"33","Penstemon parryi","Plantae","TRUE","FALSE","FALSE","FALSE","http://www.inaturalist.org/observations/3277952"
"34","Plantago patagonica","Plantae","TRUE","FALSE","FALSE","TRUE","http://www.inaturalist.org/observations/3324806"
"35","Platanus wrightii","Plantae","TRUE","FALSE","FALSE","TRUE","http://www.inaturalist.org/observations/3284371"
"36","Populus fremontii","Plantae","TRUE","TRUE","FALSE","FALSE","http://www.inaturalist.org/observations/3283889"
"37","Prunus persica","Plantae","FALSE","FALSE","FALSE","FALSE","http://www.inaturalist.org/observations/3277770"
"38","Quercus hypoleucoides","Plantae","TRUE","FALSE","FALSE","FALSE","http://www.inaturalist.org/observations/3283334"
"39","Rhus aromatica","Plantae","TRUE","FALSE","FALSE","TRUE","http://www.inaturalist.org/observations/3299256"
"40","Rhus virens","Plantae","TRUE","TRUE","FALSE","FALSE","http://www.inaturalist.org/observations/3388846"
"41","Salix gooddingii","Plantae","TRUE","FALSE","FALSE","TRUE","http://www.inaturalist.org/observations/3300079"
"42","Salvia rosmarinus","Plantae","FALSE","FALSE","FALSE","FALSE","http://www.inaturalist.org/observations/3278147"
"43","Solanum elaeagnifolium","Plantae","TRUE","FALSE","FALSE","FALSE","http://www.inaturalist.org/observations/3284522"
"44","Sorghum halepense","Plantae","TRUE","FALSE","FALSE","TRUE","http://www.inaturalist.org/observations/3324102"
"45","Thelesperma megapotamicum","Plantae","TRUE","FALSE","FALSE","TRUE","http://www.inaturalist.org/observations/3261551"
"46","Toxicodendron radicans","Plantae","TRUE","FALSE","FALSE","FALSE","http://www.inaturalist.org/observations/3283957"
"47","Vitis arizonica","Plantae","TRUE","FALSE","FALSE","TRUE","http://www.inaturalist.org/observations/3283312"
