"","Scientific_name","Iconic_taxa","Match NPSpecies","iNaturalist_Entry_count"
"1","Acaciella angustissima","Plantae","No Match","1"
"2","Agave palmeri","Plantae","Match","1"
"3","Arbutus arizonica","Plantae","Match","2"
"4","Arctostaphylos pungens","Plantae","Match","1"
"5","Argemone pleiacantha","Plantae","Match","1"
"6","Asclepias nyctaginifolia","Plantae","Match","1"
"7","Baccharis pteronioides","Plantae","Match","1"
"8","Baccharis sarothroides","Plantae","Match","1"
"9","Bouteloua curtipendula","Plantae","Match","1"
"10","Bouteloua gracilis","Plantae","Match","2"
"11","Calliandra eriophylla","Plantae","Match","1"
"12","Cirsium neomexicanum","Plantae","Match","1"
"13","Cynodon dactylon","Plantae","Match","1"
"14","Dasylirion wheeleri","Plantae","Match","1"
"15","Datura wrightii","Plantae","Match","1"
"16","Descurainia pinnata","Plantae","Match","1"
"17","Digitaria californica","Plantae","Match","1"
"18","Elymus elymoides","Plantae","Match","1"
"19","Eragrostis curvula","Plantae","Match","1"
"20","Eragrostis lehmanniana","Plantae","Match","1"
"21","Erigeron canadensis","Plantae","ITIS Match","1"
"22","Eriogonum abertianum","Plantae","Match","1"
"23","Eriogonum wrightii","Plantae","Match","1"
"24","Evolvulus arizonicus","Plantae","Match","1"
"25","Eysenhardtia orthocarpa","Plantae","Match","1"
"26","Guardiola platyphylla","Plantae","Match","1"
"27","Heterotheca subaxillaris","Plantae","Match","1"
"28","Juglans major","Plantae","Match","1"
"29","Juniperus deppeana","Plantae","Match","1"
"30","Nolina microcarpa","Plantae","Match","1"
"31","Penstemon parryi","Plantae","Match","1"
"32","Plantago patagonica","Plantae","Match","1"
"33","Platanus wrightii","Plantae","Match","1"
"34","Populus fremontii","Plantae","Match","1"
"35","Prunus persica","Plantae","No Match","1"
"36","Quercus hypoleucoides","Plantae","Match","1"
"37","Rhus aromatica","Plantae","Match","1"
"38","Rhus virens","Plantae","Match","1"
"39","Salix gooddingii","Plantae","Match","1"
"40","Salvia rosmarinus","Plantae","No Match","1"
"41","Solanum elaeagnifolium","Plantae","Match","1"
"42","Sorghum halepense","Plantae","Match","1"
"43","Thelesperma megapotamicum","Plantae","Match","1"
"44","Toxicodendron radicans","Plantae","Match","1"
"45","Vitis arizonica","Plantae","Match","1"
"46","Paravaejovis spinigerus","Arachnida","Table 4","1"
"47","Prionoxystus robiniae","Insecta","Table 4","1"
