"","Scientific_name","Iconic_taxa","Match NPSpecies","iNaturalist_Entry_count"
"1","Buteo jamaicensis","Aves","Match","1"
"2","Cardinalis cardinalis","Aves","Match","1"
"3","Cathartes aura","Aves","Match","1"
"4","Agave palmeri","Plantae","Match","1"
"5","Anemone tuberosa","Plantae","Match","1"
"6","Arctostaphylos pringlei","Plantae","Match","1"
"7","Astragalus arizonicus","Plantae","Match","1"
"8","Baccharis pteronioides","Plantae","Match","1"
"9","Bouteloua curtipendula","Plantae","Match","1"
"10","Calliandra eriophylla","Plantae","Match","1"
"11","Cevallia sinuata","Plantae","Match","2"
"12","Chamaesaracha sordida","Plantae","Match","1"
"13","Cylindropuntia imbricata","Plantae","No Match","1"
"14","Dalea formosa","Plantae","Match","2"
"15","Dasyochloa pulchella","Plantae","Match","1"
"16","Dichelostemma capitatum","Plantae","Match","2"
"17","Echinocereus fendleri","Plantae","Match","1"
"18","Elymus elymoides","Plantae","Match","1"
"19","Eriastrum diffusum","Plantae","Match","1"
"20","Ericameria nauseosa","Plantae","Match","1"
"21","Erigeron divergens","Plantae","Match","1"
"22","Euphorbia albomarginata","Plantae","Match","3"
"23","Evolvulus nuttallianus","Plantae","Match","1"
"24","Ferocactus wislizeni","Plantae","Match","1"
"25","Fouquieria splendens","Plantae","Match","2"
"26","Fraxinus velutina","Plantae","Match","1"
"27","Garrya wrightii","Plantae","Match","1"
"28","Glandularia gooddingii","Plantae","Match","2"
"29","Hedeoma nana","Plantae","Match","1"
"30","Hibiscus denudatus","Plantae","No Match","2"
"31","Juglans major","Plantae","Match","1"
"32","Juniperus coahuilensis","Plantae","Match","1"
"33","Juniperus monosperma","Plantae","Match","1"
"34","Krascheninnikovia lanata","Plantae","Match","1"
"35","Linum lewisii","Plantae","Match","1"
"36","Lotus greenei","Plantae","NPSpecies synonym match","1"
"37","Lupinus concinnus","Plantae","Match","1"
"38","Lycium pallidum","Plantae","Match","1"
"39","Malacothrix fendleri","Plantae","Match","2"
"40","Marah gilensis","Plantae","Match","1"
"41","Marrubium vulgare","Plantae","Match","1"
"42","Mentzelia albicaulis","Plantae","Match","1"
"43","Mimosa aculeaticarpa","Plantae","Match","1"
"44","Nicotiana obtusifolia","Plantae","Match","1"
"45","Nolina microcarpa","Plantae","Match","1"
"46","Opuntia engelmannii","Plantae","Match","1"
"47","Penstemon parryi","Plantae","No Match","1"
"48","Phacelia bombycina","Plantae","No Match","1"
"49","Physaria gordonii","Plantae","Match","1"
"50","Pinus cembroides","Plantae","Match","1"
"51","Pinus edulis","Plantae","Match","1"
"52","Populus fremontii","Plantae","Match","1"
"53","Ptelea trifoliata","Plantae","Match","1"
"54","Quercus turbinella","Plantae","Match","1"
"55","Rhus aromatica","Plantae","Match","2"
"56","Rhus microphylla","Plantae","Match","3"
"57","Salsola tragus","Plantae","Match","1"
"58","Salvia columbariae","Plantae","Match","2"
"59","Sisymbrium irio","Plantae","Match","1"
"60","Solanum elaeagnifolium","Plantae","Match","1"
"61","Uropappus lindleyi","Plantae","Match","2"
"62","Yucca baccata","Plantae","Match","1"
"63","Yucca elata","Plantae","Match","1"
"64","Ziziphus obtusifolia","Plantae","Match","3"
"65","Masticophis bilineatus","Reptilia","Match","1"
"66","Coccinella septempunctata","Insecta","Table 4","2"
"67","Polistes comanchus navajoe","Insecta","Table 4","2"
"68","Apis mellifera","Insecta","Table 4","1"
