"","Scientific_name","Iconic_taxa","iNat_NPS_matches","iNat_NPSsynonym_matches","iNat_ITIS_synonym_matches","iNat_ITIS_nonsyn_matches","iNaturalist_URL"
"1","Buteo jamaicensis","Aves","TRUE","TRUE","FALSE","FALSE","http://www.inaturalist.org/observations/2835071"
"2","Cardinalis cardinalis","Aves","TRUE","FALSE","FALSE","FALSE","http://www.inaturalist.org/observations/2838600"
"3","Cathartes aura","Aves","TRUE","FALSE","FALSE","FALSE","http://www.inaturalist.org/observations/2854598"
"4","Agave palmeri","Plantae","TRUE","FALSE","FALSE","FALSE","http://www.inaturalist.org/observations/2839053"
"5","Anemone tuberosa","Plantae","TRUE","TRUE","FALSE","TRUE","http://www.inaturalist.org/observations/2835098"
"6","Arctostaphylos pringlei","Plantae","TRUE","FALSE","FALSE","FALSE","http://www.inaturalist.org/observations/2835168"
"7","Astragalus arizonicus","Plantae","TRUE","FALSE","FALSE","FALSE","http://www.inaturalist.org/observations/2837921"
"8","Baccharis pteronioides","Plantae","TRUE","FALSE","FALSE","FALSE","http://www.inaturalist.org/observations/2835277"
"9","Bouteloua curtipendula","Plantae","TRUE","FALSE","FALSE","TRUE","http://www.inaturalist.org/observations/2835250"
"10","Calliandra eriophylla","Plantae","TRUE","FALSE","FALSE","TRUE","http://www.inaturalist.org/observations/2834969"
"11","Cevallia sinuata","Plantae","TRUE","FALSE","FALSE","FALSE","http://www.inaturalist.org/observations/2838989"
"12","Cevallia sinuata","Plantae","TRUE","FALSE","FALSE","FALSE","http://www.inaturalist.org/observations/2840183"
"13","Chamaesaracha sordida","Plantae","TRUE","FALSE","FALSE","FALSE","http://www.inaturalist.org/observations/2835127"
"14","Cylindropuntia imbricata","Plantae","FALSE","FALSE","FALSE","FALSE","http://www.inaturalist.org/observations/2834195"
"15","Dalea formosa","Plantae","TRUE","FALSE","FALSE","TRUE","http://www.inaturalist.org/observations/2834202"
"16","Dalea formosa","Plantae","TRUE","FALSE","FALSE","TRUE","http://www.inaturalist.org/observations/2835021"
"17","Dasyochloa pulchella","Plantae","TRUE","FALSE","TRUE","TRUE","http://www.inaturalist.org/observations/2835228"
"18","Dichelostemma capitatum","Plantae","TRUE","FALSE","FALSE","FALSE","http://www.inaturalist.org/observations/2852412"
"19","Dichelostemma capitatum","Plantae","TRUE","FALSE","FALSE","FALSE","http://www.inaturalist.org/observations/2835109"
"20","Echinocereus fendleri","Plantae","TRUE","TRUE","TRUE","TRUE","http://www.inaturalist.org/observations/2833610"
"21","Elymus elymoides","Plantae","TRUE","FALSE","FALSE","TRUE","http://www.inaturalist.org/observations/2835288"
"22","Eriastrum diffusum","Plantae","TRUE","FALSE","FALSE","TRUE","http://www.inaturalist.org/observations/2850270"
"23","Ericameria nauseosa","Plantae","TRUE","TRUE","FALSE","FALSE","http://www.inaturalist.org/observations/2835309"
"24","Erigeron divergens","Plantae","TRUE","FALSE","FALSE","TRUE","http://www.inaturalist.org/observations/2835118"
"25","Euphorbia albomarginata","Plantae","TRUE","FALSE","FALSE","TRUE","http://www.inaturalist.org/observations/2839788"
"26","Euphorbia albomarginata","Plantae","TRUE","FALSE","FALSE","TRUE","http://www.inaturalist.org/observations/2850264"
"27","Euphorbia albomarginata","Plantae","TRUE","FALSE","FALSE","TRUE","http://www.inaturalist.org/observations/2919079"
"28","Evolvulus nuttallianus","Plantae","TRUE","FALSE","FALSE","TRUE","http://www.inaturalist.org/observations/2838046"
"29","Ferocactus wislizeni","Plantae","TRUE","FALSE","FALSE","TRUE","http://www.inaturalist.org/observations/2833608"
"30","Fouquieria splendens","Plantae","TRUE","FALSE","FALSE","FALSE","http://www.inaturalist.org/observations/2840848"
"31","Fouquieria splendens","Plantae","TRUE","FALSE","FALSE","FALSE","http://www.inaturalist.org/observations/2835077"
"32","Fraxinus velutina","Plantae","TRUE","FALSE","FALSE","TRUE","http://www.inaturalist.org/observations/2838207"
"33","Garrya wrightii","Plantae","TRUE","FALSE","FALSE","FALSE","http://www.inaturalist.org/observations/2835260"
"34","Glandularia gooddingii","Plantae","TRUE","FALSE","FALSE","TRUE","http://www.inaturalist.org/observations/2833271"
"35","Glandularia gooddingii","Plantae","TRUE","FALSE","FALSE","TRUE","http://www.inaturalist.org/observations/2838305"
"36","Hedeoma nana","Plantae","TRUE","TRUE","FALSE","TRUE","http://www.inaturalist.org/observations/2835065"
"37","Hibiscus denudatus","Plantae","FALSE","FALSE","FALSE","FALSE","http://www.inaturalist.org/observations/2840193"
"38","Hibiscus denudatus","Plantae","FALSE","FALSE","FALSE","FALSE","http://www.inaturalist.org/observations/2835085"
"39","Juglans major","Plantae","TRUE","FALSE","FALSE","FALSE","http://www.inaturalist.org/observations/2835298"
"40","Juniperus coahuilensis","Plantae","TRUE","FALSE","FALSE","TRUE","http://www.inaturalist.org/observations/2835089"
"41","Juniperus monosperma","Plantae","TRUE","FALSE","FALSE","TRUE","http://www.inaturalist.org/observations/2835179"
"42","Krascheninnikovia lanata","Plantae","TRUE","FALSE","FALSE","TRUE","http://www.inaturalist.org/observations/2838387"
"43","Linum lewisii","Plantae","TRUE","TRUE","TRUE","FALSE","http://www.inaturalist.org/observations/2838324"
"44","Lotus greenei","Plantae","FALSE","TRUE","TRUE","FALSE","http://www.inaturalist.org/observations/2838583"
"45","Lupinus concinnus","Plantae","TRUE","FALSE","FALSE","FALSE","http://www.inaturalist.org/observations/2835240"
"46","Lycium pallidum","Plantae","TRUE","TRUE","FALSE","FALSE","http://www.inaturalist.org/observations/2838908"
"47","Malacothrix fendleri","Plantae","TRUE","FALSE","FALSE","FALSE","http://www.inaturalist.org/observations/2840753"
"48","Malacothrix fendleri","Plantae","TRUE","FALSE","FALSE","FALSE","http://www.inaturalist.org/observations/2850269"
"49","Marah gilensis","Plantae","TRUE","FALSE","FALSE","FALSE","http://www.inaturalist.org/observations/2838611"
"50","Marrubium vulgare","Plantae","TRUE","FALSE","FALSE","FALSE","http://www.inaturalist.org/observations/2838933"
"51","Mentzelia albicaulis","Plantae","TRUE","FALSE","FALSE","TRUE","http://www.inaturalist.org/observations/2838951"
"52","Mimosa aculeaticarpa","Plantae","TRUE","FALSE","FALSE","FALSE","http://www.inaturalist.org/observations/2842081"
"53","Nicotiana obtusifolia","Plantae","TRUE","FALSE","FALSE","FALSE","http://www.inaturalist.org/observations/2838921"
"54","Nolina microcarpa","Plantae","TRUE","FALSE","FALSE","FALSE","http://www.inaturalist.org/observations/2838259"
"55","Opuntia engelmannii","Plantae","TRUE","FALSE","TRUE","TRUE","http://www.inaturalist.org/observations/2833604"
"56","Penstemon parryi","Plantae","FALSE","FALSE","FALSE","FALSE","http://www.inaturalist.org/observations/2835334"
"57","Phacelia bombycina","Plantae","FALSE","FALSE","FALSE","FALSE","http://www.inaturalist.org/observations/2833638"
"58","Physaria gordonii","Plantae","TRUE","FALSE","FALSE","TRUE","http://www.inaturalist.org/observations/2833629"
"59","Pinus cembroides","Plantae","TRUE","FALSE","FALSE","TRUE","http://www.inaturalist.org/observations/2838280"
"60","Pinus edulis","Plantae","TRUE","FALSE","FALSE","TRUE","http://www.inaturalist.org/observations/2838296"
"61","Populus fremontii","Plantae","TRUE","TRUE","FALSE","FALSE","http://www.inaturalist.org/observations/2835347"
"62","Ptelea trifoliata","Plantae","TRUE","TRUE","FALSE","FALSE","http://www.inaturalist.org/observations/2835327"
"63","Quercus turbinella","Plantae","TRUE","FALSE","FALSE","TRUE","http://www.inaturalist.org/observations/2838866"
"64","Rhus aromatica","Plantae","TRUE","FALSE","FALSE","TRUE","http://www.inaturalist.org/observations/2840765"
"65","Rhus aromatica","Plantae","TRUE","FALSE","FALSE","TRUE","http://www.inaturalist.org/observations/2835216"
"66","Rhus microphylla","Plantae","TRUE","FALSE","FALSE","FALSE","http://www.inaturalist.org/observations/2838765"
"67","Rhus microphylla","Plantae","TRUE","FALSE","FALSE","FALSE","http://www.inaturalist.org/observations/2854615"
"68","Rhus microphylla","Plantae","TRUE","FALSE","FALSE","FALSE","http://www.inaturalist.org/observations/2835012"
"69","Salsola tragus","Plantae","TRUE","FALSE","FALSE","TRUE","http://www.inaturalist.org/observations/2839045"
"70","Salvia columbariae","Plantae","TRUE","FALSE","FALSE","FALSE","http://www.inaturalist.org/observations/2919840"
"71","Salvia columbariae","Plantae","TRUE","FALSE","FALSE","FALSE","http://www.inaturalist.org/observations/2835319"
"72","Sisymbrium irio","Plantae","TRUE","FALSE","FALSE","TRUE","http://www.inaturalist.org/observations/2836777"
"73","Solanum elaeagnifolium","Plantae","TRUE","FALSE","FALSE","FALSE","http://www.inaturalist.org/observations/2854716"
"74","Uropappus lindleyi","Plantae","TRUE","FALSE","FALSE","TRUE","http://www.inaturalist.org/observations/2919331"
"75","Uropappus lindleyi","Plantae","TRUE","FALSE","FALSE","TRUE","http://www.inaturalist.org/observations/2834200"
"76","Yucca baccata","Plantae","TRUE","TRUE","FALSE","FALSE","http://www.inaturalist.org/observations/2835222"
"77","Yucca elata","Plantae","TRUE","FALSE","FALSE","FALSE","http://www.inaturalist.org/observations/2842083"
"78","Ziziphus obtusifolia","Plantae","TRUE","TRUE","FALSE","FALSE","http://www.inaturalist.org/observations/2838816"
"79","Ziziphus obtusifolia","Plantae","TRUE","TRUE","FALSE","FALSE","http://www.inaturalist.org/observations/2840203"
"80","Ziziphus obtusifolia","Plantae","TRUE","TRUE","FALSE","FALSE","http://www.inaturalist.org/observations/2919118"
"81","Masticophis bilineatus","Reptilia","TRUE","FALSE","TRUE","FALSE","http://www.inaturalist.org/observations/2919129"
