"","Scientific_name","Iconic_taxa","iNat_NPS_matches","iNat_NPSsynonym_matches","iNat_ITIS_synonym_matches","iNat_ITIS_nonsyn_matches","iNaturalist_URL"
"1","Notophthalmus viridescens","Amphibia","TRUE","FALSE","FALSE","TRUE","http://www.inaturalist.org/observations/3252010"
"2","Notophthalmus viridescens","Amphibia","TRUE","FALSE","FALSE","TRUE","http://www.inaturalist.org/observations/3254790"
"3","Notophthalmus viridescens","Amphibia","TRUE","FALSE","FALSE","TRUE","http://www.inaturalist.org/observations/3222987"
"4","Notophthalmus viridescens","Amphibia","TRUE","FALSE","FALSE","TRUE","http://www.inaturalist.org/observations/3222983"
"5","Notophthalmus viridescens","Amphibia","TRUE","FALSE","FALSE","TRUE","http://www.inaturalist.org/observations/3222978"
"6","Notophthalmus viridescens","Amphibia","TRUE","FALSE","FALSE","TRUE","http://www.inaturalist.org/observations/3221042"
"7","Notophthalmus viridescens","Amphibia","TRUE","FALSE","FALSE","TRUE","http://www.inaturalist.org/observations/3221907"
"8","Notophthalmus viridescens","Amphibia","TRUE","FALSE","FALSE","TRUE","http://www.inaturalist.org/observations/3222571"
"9","Notophthalmus viridescens","Amphibia","TRUE","FALSE","FALSE","TRUE","http://www.inaturalist.org/observations/3222688"
"10","Castor canadensis","Mammalia","TRUE","FALSE","FALSE","TRUE","http://www.inaturalist.org/observations/3245788"
"11","Eptesicus fuscus","Mammalia","TRUE","FALSE","FALSE","FALSE","http://www.inaturalist.org/observations/3254824"
"12","Tamias striatus","Mammalia","TRUE","FALSE","FALSE","FALSE","http://www.inaturalist.org/observations/3255891"
"13","Acer pensylvanicum","Plantae","TRUE","FALSE","FALSE","FALSE","http://www.inaturalist.org/observations/3279489"
"14","Acer saccharinum","Plantae","FALSE","FALSE","FALSE","FALSE","http://www.inaturalist.org/observations/3257934"
"15","Acer saccharum","Plantae","TRUE","FALSE","FALSE","FALSE","http://www.inaturalist.org/observations/3258063"
"16","Acer saccharum","Plantae","TRUE","FALSE","FALSE","FALSE","http://www.inaturalist.org/observations/3245532"
"17","Actaea rubra","Plantae","TRUE","FALSE","FALSE","TRUE","http://www.inaturalist.org/observations/3246603"
"18","Alliaria petiolata","Plantae","FALSE","FALSE","FALSE","FALSE","http://www.inaturalist.org/observations/3257375"
"19","Alliaria petiolata","Plantae","FALSE","FALSE","FALSE","FALSE","http://www.inaturalist.org/observations/3246217"
"20","Arisaema triphyllum","Plantae","TRUE","FALSE","FALSE","TRUE","http://www.inaturalist.org/observations/3258979"
"21","Arisaema triphyllum","Plantae","TRUE","FALSE","FALSE","TRUE","http://www.inaturalist.org/observations/3244660"
"22","Berberis thunbergii","Plantae","TRUE","FALSE","FALSE","TRUE","http://www.inaturalist.org/observations/3257427"
"23","Betula alleghaniensis","Plantae","TRUE","FALSE","FALSE","TRUE","http://www.inaturalist.org/observations/3259588"
"24","Betula papyrifera","Plantae","TRUE","FALSE","FALSE","TRUE","http://www.inaturalist.org/observations/3224430"
"25","Cardamine diphylla","Plantae","FALSE","FALSE","FALSE","TRUE","http://www.inaturalist.org/observations/3259470"
"26","Cardamine diphylla","Plantae","FALSE","FALSE","FALSE","TRUE","http://www.inaturalist.org/observations/3222860"
"27","Cardamine diphylla","Plantae","FALSE","FALSE","FALSE","TRUE","http://www.inaturalist.org/observations/3227077"
"28","Cardamine diphylla","Plantae","FALSE","FALSE","FALSE","TRUE","http://www.inaturalist.org/observations/3229141"
"29","Cardamine diphylla","Plantae","FALSE","FALSE","FALSE","TRUE","http://www.inaturalist.org/observations/3222153"
"30","Carpinus caroliniana","Plantae","TRUE","FALSE","FALSE","TRUE","http://www.inaturalist.org/observations/3247683"
"31","Carya cordiformis","Plantae","TRUE","FALSE","FALSE","TRUE","http://www.inaturalist.org/observations/3247480"
"32","Caulophyllum thalictroides","Plantae","TRUE","FALSE","FALSE","FALSE","http://www.inaturalist.org/observations/3247647"
"33","Deparia acrostichoides","Plantae","TRUE","FALSE","FALSE","TRUE","http://www.inaturalist.org/observations/3223491"
"34","Equisetum arvense","Plantae","TRUE","FALSE","FALSE","TRUE","http://www.inaturalist.org/observations/3257281"
"35","Equisetum hyemale","Plantae","TRUE","FALSE","FALSE","FALSE","http://www.inaturalist.org/observations/3257247"
"36","Equisetum hyemale","Plantae","TRUE","FALSE","FALSE","FALSE","http://www.inaturalist.org/observations/3246502"
"37","Erythronium americanum","Plantae","TRUE","FALSE","FALSE","FALSE","http://www.inaturalist.org/observations/3258160"
"38","Erythronium americanum","Plantae","TRUE","FALSE","FALSE","FALSE","http://www.inaturalist.org/observations/3245389"
"39","Erythronium americanum","Plantae","TRUE","FALSE","FALSE","FALSE","http://www.inaturalist.org/observations/3245397"
"40","Fagus grandifolia","Plantae","TRUE","FALSE","FALSE","TRUE","http://www.inaturalist.org/observations/3254746"
"41","Fagus grandifolia","Plantae","TRUE","FALSE","FALSE","TRUE","http://www.inaturalist.org/observations/3239288"
"42","Fagus grandifolia","Plantae","TRUE","FALSE","FALSE","TRUE","http://www.inaturalist.org/observations/3222244"
"43","Fragaria vesca","Plantae","FALSE","FALSE","FALSE","FALSE","http://www.inaturalist.org/observations/3222220"
"44","Fraxinus americana","Plantae","TRUE","FALSE","FALSE","TRUE","http://www.inaturalist.org/observations/3258389"
"45","Gymnocarpium dryopteris","Plantae","TRUE","FALSE","FALSE","TRUE","http://www.inaturalist.org/observations/3279494"
"46","Gymnocarpium dryopteris","Plantae","TRUE","FALSE","FALSE","TRUE","http://www.inaturalist.org/observations/3226300"
"47","Gymnocarpium dryopteris","Plantae","TRUE","FALSE","FALSE","TRUE","http://www.inaturalist.org/observations/3222703"
"48","Hamamelis virginiana","Plantae","TRUE","FALSE","FALSE","TRUE","http://www.inaturalist.org/observations/3223220"
"49","Huperzia lucidula","Plantae","TRUE","FALSE","FALSE","TRUE","http://www.inaturalist.org/observations/3222912"
"50","Hydrophyllum virginianum","Plantae","FALSE","FALSE","FALSE","FALSE","http://www.inaturalist.org/observations/3258219"
"51","Hydrophyllum virginianum","Plantae","FALSE","FALSE","FALSE","FALSE","http://www.inaturalist.org/observations/3247436"
"52","Hydrophyllum virginianum","Plantae","FALSE","FALSE","FALSE","FALSE","http://www.inaturalist.org/observations/3247411"
"53","Laportea canadensis","Plantae","FALSE","FALSE","FALSE","FALSE","http://www.inaturalist.org/observations/3258462"
"54","Lysimachia nummularia","Plantae","TRUE","FALSE","FALSE","FALSE","http://www.inaturalist.org/observations/3257542"
"55","Lysimachia nummularia","Plantae","TRUE","FALSE","FALSE","FALSE","http://www.inaturalist.org/observations/3245344"
"56","Maianthemum racemosum","Plantae","FALSE","FALSE","FALSE","FALSE","http://www.inaturalist.org/observations/3257305"
"57","Maianthemum racemosum","Plantae","FALSE","FALSE","FALSE","FALSE","http://www.inaturalist.org/observations/3245863"
"58","Matteuccia struthiopteris","Plantae","TRUE","FALSE","FALSE","TRUE","http://www.inaturalist.org/observations/3257656"
"59","Matteuccia struthiopteris","Plantae","TRUE","FALSE","FALSE","TRUE","http://www.inaturalist.org/observations/3244954"
"60","Matteuccia struthiopteris","Plantae","TRUE","FALSE","FALSE","TRUE","http://www.inaturalist.org/observations/3245131"
"61","Mitchella repens","Plantae","TRUE","FALSE","FALSE","FALSE","http://www.inaturalist.org/observations/3257790"
"62","Mitchella repens","Plantae","TRUE","FALSE","FALSE","FALSE","http://www.inaturalist.org/observations/3223373"
"63","Mitchella repens","Plantae","TRUE","FALSE","FALSE","FALSE","http://www.inaturalist.org/observations/3223039"
"64","Onoclea sensibilis","Plantae","TRUE","FALSE","FALSE","FALSE","http://www.inaturalist.org/observations/3257888"
"65","Onoclea sensibilis","Plantae","TRUE","FALSE","FALSE","FALSE","http://www.inaturalist.org/observations/3245143"
"66","Osmunda claytoniana","Plantae","TRUE","FALSE","FALSE","FALSE","http://www.inaturalist.org/observations/3222720"
"67","Phegopteris connectilis","Plantae","TRUE","FALSE","FALSE","TRUE","http://www.inaturalist.org/observations/3259005"
"68","Phegopteris connectilis","Plantae","TRUE","FALSE","FALSE","TRUE","http://www.inaturalist.org/observations/3222926"
"69","Pinus strobus","Plantae","TRUE","FALSE","FALSE","TRUE","http://www.inaturalist.org/observations/3257176"
"70","Pinus strobus","Plantae","TRUE","FALSE","FALSE","TRUE","http://www.inaturalist.org/observations/3246005"
"71","Pinus strobus","Plantae","TRUE","FALSE","FALSE","TRUE","http://www.inaturalist.org/observations/3239299"
"72","Platanus occidentalis","Plantae","TRUE","FALSE","FALSE","TRUE","http://www.inaturalist.org/observations/3245054"
"73","Polygaloides paucifolia","Plantae","FALSE","FALSE","FALSE","FALSE","http://www.inaturalist.org/observations/3226701"
"74","Polygaloides paucifolia","Plantae","FALSE","FALSE","FALSE","FALSE","http://www.inaturalist.org/observations/3223013"
"75","Polygaloides paucifolia","Plantae","FALSE","FALSE","FALSE","FALSE","http://www.inaturalist.org/observations/3222719"
"76","Polygonatum biflorum","Plantae","TRUE","FALSE","FALSE","TRUE","http://www.inaturalist.org/observations/3223001"
"77","Polystichum acrostichoides","Plantae","TRUE","FALSE","FALSE","TRUE","http://www.inaturalist.org/observations/3222761"
"78","Polystichum acrostichoides","Plantae","TRUE","FALSE","FALSE","TRUE","http://www.inaturalist.org/observations/3222399"
"79","Prunus virginiana","Plantae","TRUE","FALSE","FALSE","FALSE","http://www.inaturalist.org/observations/3257826"
"80","Quercus rubra","Plantae","TRUE","FALSE","FALSE","TRUE","http://www.inaturalist.org/observations/3257604"
"81","Quercus rubra","Plantae","TRUE","FALSE","FALSE","TRUE","http://www.inaturalist.org/observations/3223343"
"82","Ranunculus repens","Plantae","FALSE","FALSE","FALSE","FALSE","http://www.inaturalist.org/observations/3221828"
"83","Sanguinaria canadensis","Plantae","TRUE","FALSE","FALSE","TRUE","http://www.inaturalist.org/observations/3255016"
"84","Solidago flexicaulis","Plantae","TRUE","FALSE","FALSE","TRUE","http://www.inaturalist.org/observations/3258559"
"85","Staphylea trifolia","Plantae","FALSE","FALSE","FALSE","FALSE","http://www.inaturalist.org/observations/3247349"
"86","Thalictrum pubescens","Plantae","FALSE","FALSE","FALSE","TRUE","http://www.inaturalist.org/observations/3258114"
"87","Tilia americana","Plantae","TRUE","FALSE","FALSE","FALSE","http://www.inaturalist.org/observations/3258657"
"88","Tilia americana","Plantae","TRUE","FALSE","FALSE","FALSE","http://www.inaturalist.org/observations/3247191"
"89","Toxicodendron radicans","Plantae","FALSE","FALSE","FALSE","FALSE","http://www.inaturalist.org/observations/3245812"
"90","Trifolium pratense","Plantae","TRUE","FALSE","FALSE","TRUE","http://www.inaturalist.org/observations/3245949"
"91","Trillium erectum","Plantae","TRUE","FALSE","FALSE","TRUE","http://www.inaturalist.org/observations/3222996"
"92","Tsuga canadensis","Plantae","TRUE","FALSE","FALSE","TRUE","http://www.inaturalist.org/observations/3257150"
"93","Tsuga canadensis","Plantae","TRUE","FALSE","FALSE","TRUE","http://www.inaturalist.org/observations/3222824"
"94","Tsuga canadensis","Plantae","TRUE","FALSE","FALSE","TRUE","http://www.inaturalist.org/observations/3245916"
"95","Tsuga canadensis","Plantae","TRUE","FALSE","FALSE","TRUE","http://www.inaturalist.org/observations/3222551"
"96","Tsuga canadensis","Plantae","TRUE","FALSE","FALSE","TRUE","http://www.inaturalist.org/observations/3222737"
"97","Veronica chamaedrys","Plantae","FALSE","FALSE","FALSE","FALSE","http://www.inaturalist.org/observations/3255398"
"98","Veronica chamaedrys","Plantae","FALSE","FALSE","FALSE","FALSE","http://www.inaturalist.org/observations/3257849"
"99","Veronica chamaedrys","Plantae","FALSE","FALSE","FALSE","FALSE","http://www.inaturalist.org/observations/3246084"
"100","Viburnum lantanoides","Plantae","FALSE","FALSE","FALSE","TRUE","http://www.inaturalist.org/observations/3258944"
"101","Vincetoxicum nigrum","Plantae","FALSE","FALSE","FALSE","TRUE","http://www.inaturalist.org/observations/3248343"
