"","Scientific_name","Iconic_taxa","Match NPSpecies","iNaturalist_Entry_count"
"1","Notophthalmus viridescens","Amphibia","Match","9"
"2","Castor canadensis","Mammalia","Match","1"
"3","Eptesicus fuscus","Mammalia","Match","1"
"4","Tamias striatus","Mammalia","Match","1"
"5","Acer pensylvanicum","Plantae","Match","1"
"6","Acer saccharinum","Plantae","No Match","1"
"7","Acer saccharum","Plantae","Match","2"
"8","Actaea rubra","Plantae","Match","1"
"9","Alliaria petiolata","Plantae","No Match","2"
"10","Arisaema triphyllum","Plantae","Match","2"
"11","Berberis thunbergii","Plantae","Match","1"
"12","Betula alleghaniensis","Plantae","Match","1"
"13","Betula papyrifera","Plantae","Match","1"
"14","Cardamine diphylla","Plantae","ITIS Match","5"
"15","Carpinus caroliniana","Plantae","Match","1"
"16","Carya cordiformis","Plantae","Match","1"
"17","Caulophyllum thalictroides","Plantae","Match","1"
"18","Deparia acrostichoides","Plantae","Match","1"
"19","Equisetum arvense","Plantae","Match","1"
"20","Equisetum hyemale","Plantae","Match","2"
"21","Erythronium americanum","Plantae","Match","3"
"22","Fagus grandifolia","Plantae","Match","3"
"23","Fragaria vesca","Plantae","No Match","1"
"24","Fraxinus americana","Plantae","Match","1"
"25","Gymnocarpium dryopteris","Plantae","Match","3"
"26","Hamamelis virginiana","Plantae","Match","1"
"27","Huperzia lucidula","Plantae","Match","1"
"28","Hydrophyllum virginianum","Plantae","No Match","3"
"29","Laportea canadensis","Plantae","No Match","1"
"30","Lysimachia nummularia","Plantae","Match","2"
"31","Maianthemum racemosum","Plantae","No Match","2"
"32","Matteuccia struthiopteris","Plantae","Match","3"
"33","Mitchella repens","Plantae","Match","3"
"34","Onoclea sensibilis","Plantae","Match","2"
"35","Osmunda claytoniana","Plantae","Match","1"
"36","Phegopteris connectilis","Plantae","Match","2"
"37","Pinus strobus","Plantae","Match","3"
"38","Platanus occidentalis","Plantae","Match","1"
"39","Polygaloides paucifolia","Plantae","No Match","3"
"40","Polygonatum biflorum","Plantae","Match","1"
"41","Polystichum acrostichoides","Plantae","Match","2"
"42","Prunus virginiana","Plantae","Match","1"
"43","Quercus rubra","Plantae","Match","2"
"44","Ranunculus repens","Plantae","No Match","1"
"45","Sanguinaria canadensis","Plantae","Match","1"
"46","Solidago flexicaulis","Plantae","Match","1"
"47","Staphylea trifolia","Plantae","No Match","1"
"48","Thalictrum pubescens","Plantae","ITIS Match","1"
"49","Tilia americana","Plantae","Match","2"
"50","Toxicodendron radicans","Plantae","No Match","1"
"51","Trifolium pratense","Plantae","Match","1"
"52","Trillium erectum","Plantae","Match","1"
"53","Tsuga canadensis","Plantae","Match","5"
"54","Veronica chamaedrys","Plantae","No Match","3"
"55","Viburnum lantanoides","Plantae","ITIS Match","1"
"56","Vincetoxicum nigrum","Plantae","ITIS Match","1"
"57","Celastrina ladon","Insecta","Table 4","1"
"58","Polygonia comma","Insecta","Table 4","1"
"59","Caenurgina erechtea","Insecta","Table 4","1"
"60","Ixodes scapularis","Arachnida","Table 4","1"
"61","Betula lenta","Insecta","Table 4","1"
"62","Cicindela sexguttata","Insecta","Table 4","2"
