"","Iconic_taxa","Scientific_name","Occurences in BISON","Invasive.Record"
"1","Plantae","Acer saccharinum","NC 184; IN 4152; BC CAN 9; SK CAN 1; UT 10; AZ 1; MT 2; KY 1431; KS 1406; CA 130; FL 25; DE 17; PA 519; IA 3724; MS 312; IL 6469; TX 30; NS CAN 1; CT 166; GA 100; VA 279; MD 180; ID 54; VT 338; OR 35; TN 753; OK 349; ME 179; AL 172; AR 791; SC 87; WA 86; NE 327; WV 541; ON CAN 186; MB CAN 1; MA 216; CO 18; MO 4283; QC CAN 61; ND 9; WI 4978; NY 23047; DC 22; RI 9; SD 110; MN 3497; NJ 200; MI 7823; NB CAN 9; NM 5; NH 147; LA 64; OH 1627","No"
"2","Plantae","Alliaria petiolata","VT 312; OR 151; NC 50; IN 66; TN 43; ME 12; OK 2; BC CAN 5; PE CAN 1; AL 2; AR 5; WA 22; UT 7; SC 1; NE 8; ON CAN 395; WV 210; MA 615; CO 11; MO 134; QC CAN 65; AK 23; ND 3; WI 608; NY 5148; DC 103; RI 6; MT 1; KY 73; SD 1; MN 67; KS 112; DE 15; NJ 555; PA 423; MI 106; NB CAN 1; IA 14; IL 249; NS CAN 12; CT 223; NH 46; OH 382; GA 3; VA 695; MD 546","Yes"
"3","Plantae","Fragaria vesca","NC 4; IN 13; WY 24; BC CAN 118; SK CAN 3; PE CAN 1; UT 36; AB CAN 17; AZ 11; MT 660; KY 2; CA 1394; KS 1; PA 70; IA 12; IL 43; NS CAN 19; TX 2; CT 94; VA 20; MD 5; ID 400; OR 225; VT 93; ME 49; TN 3; AR 2; WA 219; NE 19; ON CAN 80; WV 64; CO 224; MA 86; QC CAN 13; MO 9; ND 18; WI 133; NY 128; RI 3; DC 1; HI 83; SD 19; MN 166; NL CAN 2; NJ 21; MI 83; NB CAN 9; NM 38; NH 25; LA 1; OH 58","No"
"4","Plantae","Hydrophyllum virginianum","VT 102; NC 62; IN 85; TN 103; OK 2; AR 14; WA 1; NE 17; ON CAN 188; WV 136; MA 13; CO 2; MO 99; QC CAN 61; ND 13; WI 281; NY 167; DC 19; KY 30; SD 13; MN 168; KS 84; DE 10; NJ 41; PA 144; MI 96; IA 55; MS 1; IL 303; CT 78; NH 28; OH 153; GA 1; VA 297; MD 67","Yes"
"5","Plantae","Laportea canadensis","NC 488; VT 137; IN 126; TN 253; ME 19; OK 6; AL 16; AR 40; SC 67; WA 3; NE 23; WV 465; ON CAN 83; MB CAN 4; MA 11; MO 203; QC CAN 46; ND 15; WI 167; NY 113; DC 17; RI 2; MT 1; KY 89; SD 8; MN 86; KS 112; FL 6; DE 2; NJ 33; MI 156; PA 111; NB CAN 17; IA 58; MS 11; IL 150; NS CAN 3; CT 87; NH 11; LA 17; OH 116; GA 56; VA 373; MD 51","No"
"6","Plantae","Maianthemum racemosum","NC 363; IN 111; WY 17; BC CAN 33; SK CAN 1; PE CAN 4; UT 37; AB CAN 82; AZ 110; MT 121; KY 160; CA 885; KS 45; DE 13; FL 2; PA 174; IA 88; MS 27; IL 218; NS CAN 10; TX 3; CT 136; GA 69; VA 1022; MD 235; ID 70; VT 321; OR 136; TN 141; ME 48; OK 9; AL 49; AR 49; WA 111; SC 82; NE 9; WV 578; ON CAN 316; CO 150; MA 80; MO 88; QC CAN 36; AK 5; ND 7; WI 224; NV 5; NY 225; DC 26; RI 6; SD 8; MN 118; NL CAN 1; NJ 56; MI 192; NB CAN 18; NM 32; NH 56; LA 1; OH 188","No"
"7","Plantae","Polygaloides paucifolia","NC 10; NY 31; TN 6; ME 1; KY 2; NJ 1; PA 4; NB CAN 1; ON CAN 6; MB CAN 3; QC CAN 9; NH 2; AB CAN 1; MD 2; VA 1","No"
"8","Plantae","Ranunculus repens","NC 36; IN 11; WY 3; BC CAN 77; PE CAN 18; UT 31; YT CAN 1; AB CAN 3; AZ 1; MT 19; KY 14; CA 168; KS 7; DE 2; PA 74; MS 3; NS CAN 101; IL 30; TX 9; CT 60; VA 44; MD 7; ID 36; OR 187; VT 47; ME 33; TN 3; OK 1; AL 2; AR 2; WA 260; SC 2; WV 37; ON CAN 26; MB CAN 1; MA 161; CO 29; QC CAN 159; MO 9; AK 3664; WI 12; NV 2; NY 323; DC 9; RI 6; HI 14; SD 2; MN 5; NL CAN 2; NJ 60; NB CAN 37; MI 30; NM 2; NH 16; OH 42","Yes"
"9","Plantae","Staphylea trifolia","NC 123; VT 18; IN 139; TN 84; OK 21; BC CAN 7; AL 50; AR 68; SC 37; NE 19; WV 86; ON CAN 63; MA 18; MO 288; QC CAN 64; WI 79; NY 114; DC 18; MT 1; KY 108; SD 2; MN 26; KS 170; FL 12; DE 4; NJ 32; MI 114; PA 98; MS 105; IA 28; NM 1; IL 201; CT 134; NH 14; LA 2; OH 132; GA 26; VA 188; MD 64","No"
"10","Plantae","Toxicodendron radicans","NC 702; IN 159; BC CAN 1; PE CAN 1; UT 7; AZ 36; MT 1; KY 186; KS 115; CA 2; FL 416; DE 31; PA 267; MS 139; IA 52; TX 1518; IL 296; NS CAN 23; CT 94; GA 169; VA 2209; MD 690; ID 8; VT 153; OR 1; TN 258; OK 54; ME 37; AL 321; AR 139; SC 250; WA 2; NE 28; WV 1146; ON CAN 214; MA 331; CO 15; MO 180; QC CAN 13; ND 1; WI 74; NV 1; NY 590; DC 132; RI 47; SD 8; MN 54; NJ 712; MI 228; NB CAN 3; NM 5; NH 32; LA 181; OH 355","Yes"
"11","Plantae","Veronica chamaedrys","VT 76; OR 17; NC 10; IN 5; ME 24; BC CAN 8; PE CAN 1; WA 20; ON CAN 17; WV 6; MA 38; QC CAN 24; MO 1; AK 8; WI 7; NY 82; DC 7; RI 3; MT 7; CA 3; NL CAN 2; NJ 15; MI 33; PA 19; NB CAN 2; NS CAN 11; IL 2; CT 36; NH 16; OH 6; MD 2; VA 1; ID 4","Yes"
