"","Scientific_name","Iconic_taxa","iNat_NPS_matches","iNat_NPSsynonym_matches","iNat_ITIS_synonym_matches","iNat_ITIS_nonsyn_matches","iNaturalist_URL"
"1","Meleagris gallopavo","Aves","FALSE","FALSE","FALSE","FALSE","http://www.inaturalist.org/observations/3223670"
"2","Meleagris gallopavo","Aves","FALSE","FALSE","FALSE","FALSE","http://www.inaturalist.org/observations/3223951"
"3","Cypripedium acaule","Plantae","TRUE","FALSE","FALSE","TRUE","http://www.inaturalist.org/observations/3224716"
"4","Cypripedium acaule","Plantae","TRUE","FALSE","FALSE","TRUE","http://www.inaturalist.org/observations/3224719"
"5","Cypripedium acaule","Plantae","TRUE","FALSE","FALSE","TRUE","http://www.inaturalist.org/observations/3224863"
"6","Impatiens capensis","Plantae","TRUE","FALSE","FALSE","TRUE","http://www.inaturalist.org/observations/3223248"
"7","Kalmia latifolia","Plantae","TRUE","FALSE","FALSE","TRUE","http://www.inaturalist.org/observations/3224701"
"8","Kalmia latifolia","Plantae","TRUE","FALSE","FALSE","TRUE","http://www.inaturalist.org/observations/3224876"
"9","Liriodendron tulipifera","Plantae","TRUE","FALSE","FALSE","FALSE","http://www.inaturalist.org/observations/3221829"
"10","Lonicera sempervirens","Plantae","TRUE","FALSE","FALSE","TRUE","http://www.inaturalist.org/observations/3224852"
"11","Magnolia fraseri","Plantae","TRUE","FALSE","FALSE","FALSE","http://www.inaturalist.org/observations/3231793"
"12","Maianthemum canadense","Plantae","TRUE","FALSE","FALSE","TRUE","http://www.inaturalist.org/observations/3225975"
"13","Quercus alba","Plantae","TRUE","FALSE","FALSE","TRUE","http://www.inaturalist.org/observations/3221788"
"14","Sassafras albidum","Plantae","TRUE","FALSE","FALSE","TRUE","http://www.inaturalist.org/observations/3221846"
