"","Iconic.taxon.name","Scientific.name","Common.name"
"1","Animalia","Armadillidium nasatum","Nosy Pill Woodlouse"
"2","Animalia","Geophilus vittatus","Diamondback Soil Centipede"
"3","Animalia","Oniscus asellus","Common Shiny Woodlouse"
"4","Animalia","Scolopocryptops sexspinosus","Eastern Fire Centipede"
"5","Arachnida","Dermacentor variabilis","American Dog Tick"
"6","Arachnida","Dolomedes tenebrosus","Dark Fishing Spider"
"7","Insecta","Adelges tsugae","Hemlock Woolly Adelgid"
"8","Insecta","Anageshna primordialis","Yellow-spotted Webworm Moth"
"9","Insecta","Bombus impatiens","Common Eastern Bumble Bee"
"10","Insecta","Fiorinia externa","Elongate hemlock scale"
"11","Insecta","Lethe anthedon","Northern Pearly-eye"
"12","Insecta","Odontopus calceatus","Tulip Tree Leafminer"
"13","Insecta","Odontotaenius disjunctus","Horned Passalus Beetle"
"14","Insecta","Tachycines asynamorus","Greenhouse Camel Cricket"
