"","Scientific_name","Iconic_taxa","Match NPSpecies","iNaturalist_Entry_count"
"1","Meleagris gallopavo","Aves","No Match","2"
"2","Cypripedium acaule","Plantae","Match","3"
"3","Impatiens capensis","Plantae","Match","1"
"4","Kalmia latifolia","Plantae","Match","2"
"5","Liriodendron tulipifera","Plantae","Match","1"
"6","Lonicera sempervirens","Plantae","Match","1"
"7","Magnolia fraseri","Plantae","Match","1"
"8","Maianthemum canadense","Plantae","Match","1"
"9","Quercus alba","Plantae","Match","1"
"10","Sassafras albidum","Plantae","Match","1"
"11","Dolomedes tenebrosus","Arachnida","Table 4","1"
"12","Tachycines asynamorus","Insecta","Table 4","1"
"13","Lethe anthedon","Insecta","Table 4","1"
"14","Anageshna primordialis","Insecta","Table 4","1"
"15","Odontotaenius disjunctus","Insecta","Table 4","1"
"16","Scolopocryptops sexspinosus","Animalia","Table 4","1"
"17","Oniscus asellus","Animalia","Table 4","1"
"18","Odontopus calceatus","Insecta","Table 4","2"
"19","Bombus impatiens","Insecta","Table 4","1"
"20","Armadillidium nasatum","Animalia","Table 4","1"
"21","Adelges tsugae","Insecta","Table 4","1"
"22","Fiorinia externa","Insecta","Table 4","1"
"23","Dermacentor variabilis","Arachnida","Table 4","1"
"24","Geophilus vittatus","Animalia","Table 4","2"
