"","Scientific_name","Iconic_taxa","Match NPSpecies","iNaturalist_Entry_count"
"1","Anas platyrhynchos","Aves","Match","1"
"2","Aphelocoma insularis","Aves","Match","1"
"3","Corvus corax","Aves","Match","1"
"4","Haemorhous mexicanus","Aves","ITIS Match","2"
"5","Larus occidentalis","Aves","Match","2"
"6","Melospiza melodia","Aves","Match","1"
"7","Pelecanus occidentalis","Aves","Match","1"
"8","Phalacrocorax penicillatus","Aves","Match","1"
"9","Pipilo maculatus","Aves","Match","1"
"10","Sayornis nigricans","Aves","Match","1"
"11","Zenaida macroura","Aves","Match","1"
"12","Urocyon littoralis","Mammalia","Match","2"
"13","Zalophus californianus","Mammalia","Match","1"
"14","Achillea millefolium","Plantae","Match","1"
"15","Acmispon argophyllus","Plantae","No Match","1"
"16","Artemisia californica","Plantae","Match","1"
"17","Astragalus miguelensis","Plantae","Match","1"
"18","Atriplex lentiformis","Plantae","Match","1"
"19","Atriplex semibaccata","Plantae","Match","1"
"20","Avena fatua","Plantae","Match","1"
"21","Baccharis pilularis","Plantae","Match","1"
"22","Bloomeria crocea","Plantae","Match","1"
"23","Brassica nigra","Plantae","Match","1"
"24","Cakile maritima","Plantae","Match","1"
"25","Calystegia macrostegia","Plantae","Match","1"
"26","Cardionema ramosissimum","Plantae","Match","1"
"27","Ceanothus megacarpus","Plantae","Match","1"
"28","Cupressus macrocarpa","Plantae","Match","1"
"29","Datura wrightii","Plantae","Match","1"
"30","Deinandra fasciculata","Plantae","ITIS Match","1"
"31","Diplacus parviflorus","Plantae","ITIS Match","1"
"32","Distichlis spicata","Plantae","Match","1"
"33","Erigeron glaucus","Plantae","Match","1"
"34","Eriogonum arborescens","Plantae","Match","1"
"35","Eriophyllum confertiflorum","Plantae","Match","1"
"36","Eschscholzia californica","Plantae","Match","1"
"37","Ficus carica","Plantae","Match","1"
"38","Foeniculum vulgare","Plantae","Match","1"
"39","Hazardia detonsa","Plantae","Match","1"
"40","Heteromeles arbutifolia","Plantae","Match","1"
"41","Lyonothamnus floribundus","Plantae","Match","1"
"42","Malacothrix saxatilis","Plantae","Match","1"
"43","Marrubium vulgare","Plantae","Match","1"
"44","Mesembryanthemum crystallinum","Plantae","Match","1"
"45","Nicotiana glauca","Plantae","Match","1"
"46","Olea europaea","Plantae","Match","1"
"47","Opuntia littoralis","Plantae","Match","1"
"48","Phalaris aquatica","Plantae","Match","1"
"49","Polygonum aviculare","Plantae","No Match","1"
"50","Rhus integrifolia","Plantae","Match","1"
"51","Rumex crispus","Plantae","Match","1"
"52","Silybum marianum","Plantae","Match","1"
"53","Spergularia macrotheca","Plantae","Match","1"
"54","Tragopogon porrifolius","Plantae","Match","2"
"55","Uta stansburiana","Reptilia","Match","1"
"56","Porcellio laevis","Animalia","Table 4","1"
"57","Pleuroncodes planipes","Animalia","Table 4","1"
"58","Coccinella septempunctata","Insecta","Table 4","1"
"59","Niebla homalea","Fungi","Table 4","1"
"60","Strymon melinus","Insecta","Table 4","1"
"61","Scantius aegyptius","Insecta","Table 4","2"
"62","Largus californicus","Insecta","Table 4","1"
