"","Scientific_name","Iconic_taxa","iNat_NPS_matches","iNat_NPSsynonym_matches","iNat_ITIS_synonym_matches","iNat_ITIS_nonsyn_matches","iNaturalist_URL"
"1","Anas platyrhynchos","Aves","TRUE","FALSE","FALSE","TRUE","http://www.inaturalist.org/observations/3564457"
"2","Aphelocoma insularis","Aves","TRUE","FALSE","FALSE","TRUE","http://www.inaturalist.org/observations/3680705"
"3","Corvus corax","Aves","TRUE","FALSE","FALSE","FALSE","http://www.inaturalist.org/observations/3651735"
"4","Haemorhous mexicanus","Aves","FALSE","FALSE","FALSE","TRUE","http://www.inaturalist.org/observations/3663703"
"5","Haemorhous mexicanus","Aves","FALSE","FALSE","FALSE","TRUE","http://www.inaturalist.org/observations/3651665"
"6","Larus occidentalis","Aves","TRUE","FALSE","FALSE","FALSE","http://www.inaturalist.org/observations/3564528"
"7","Larus occidentalis","Aves","TRUE","FALSE","FALSE","FALSE","http://www.inaturalist.org/observations/3594439"
"8","Melospiza melodia","Aves","TRUE","TRUE","FALSE","TRUE","http://www.inaturalist.org/observations/3673962"
"9","Pelecanus occidentalis","Aves","TRUE","FALSE","FALSE","FALSE","http://www.inaturalist.org/observations/3680813"
"10","Phalacrocorax penicillatus","Aves","TRUE","FALSE","FALSE","FALSE","http://www.inaturalist.org/observations/3680808"
"11","Pipilo maculatus","Aves","TRUE","TRUE","FALSE","FALSE","http://www.inaturalist.org/observations/3663510"
"12","Sayornis nigricans","Aves","TRUE","FALSE","FALSE","FALSE","http://www.inaturalist.org/observations/3659528"
"13","Zenaida macroura","Aves","TRUE","FALSE","FALSE","FALSE","http://www.inaturalist.org/observations/3669785"
"14","Urocyon littoralis","Mammalia","TRUE","TRUE","FALSE","TRUE","http://www.inaturalist.org/observations/3663882"
"15","Urocyon littoralis","Mammalia","TRUE","TRUE","FALSE","TRUE","http://www.inaturalist.org/observations/3598897"
"16","Zalophus californianus","Mammalia","TRUE","FALSE","FALSE","FALSE","http://www.inaturalist.org/observations/3680241"
"17","Achillea millefolium","Plantae","TRUE","FALSE","FALSE","TRUE","http://www.inaturalist.org/observations/3637183"
"18","Acmispon argophyllus","Plantae","FALSE","FALSE","FALSE","FALSE","http://www.inaturalist.org/observations/3659615"
"19","Artemisia californica","Plantae","TRUE","FALSE","FALSE","FALSE","http://www.inaturalist.org/observations/3637193"
"20","Astragalus miguelensis","Plantae","TRUE","FALSE","FALSE","FALSE","http://www.inaturalist.org/observations/3670504"
"21","Atriplex lentiformis","Plantae","TRUE","FALSE","FALSE","TRUE","http://www.inaturalist.org/observations/3680781"
"22","Atriplex semibaccata","Plantae","TRUE","FALSE","FALSE","FALSE","http://www.inaturalist.org/observations/3651968"
"23","Avena fatua","Plantae","TRUE","FALSE","FALSE","TRUE","http://www.inaturalist.org/observations/3649119"
"24","Baccharis pilularis","Plantae","TRUE","TRUE","FALSE","FALSE","http://www.inaturalist.org/observations/3598914"
"25","Bloomeria crocea","Plantae","TRUE","TRUE","FALSE","FALSE","http://www.inaturalist.org/observations/3663096"
"26","Brassica nigra","Plantae","TRUE","FALSE","FALSE","TRUE","http://www.inaturalist.org/observations/3637435"
"27","Cakile maritima","Plantae","TRUE","TRUE","FALSE","FALSE","http://www.inaturalist.org/observations/3655694"
"28","Calystegia macrostegia","Plantae","TRUE","FALSE","FALSE","FALSE","http://www.inaturalist.org/observations/3596360"
"29","Cardionema ramosissimum","Plantae","TRUE","FALSE","FALSE","TRUE","http://www.inaturalist.org/observations/3663397"
"30","Ceanothus megacarpus","Plantae","TRUE","TRUE","FALSE","FALSE","http://www.inaturalist.org/observations/3663874"
"31","Cupressus macrocarpa","Plantae","TRUE","FALSE","TRUE","FALSE","http://www.inaturalist.org/observations/3596145"
"32","Datura wrightii","Plantae","TRUE","FALSE","FALSE","TRUE","http://www.inaturalist.org/observations/3656082"
"33","Deinandra fasciculata","Plantae","FALSE","FALSE","FALSE","TRUE","http://www.inaturalist.org/observations/3663040"
"34","Diplacus parviflorus","Plantae","FALSE","FALSE","FALSE","TRUE","http://www.inaturalist.org/observations/3663680"
"35","Distichlis spicata","Plantae","TRUE","FALSE","FALSE","TRUE","http://www.inaturalist.org/observations/3655750"
"36","Erigeron glaucus","Plantae","TRUE","FALSE","FALSE","FALSE","http://www.inaturalist.org/observations/3634905"
"37","Eriogonum arborescens","Plantae","TRUE","FALSE","FALSE","FALSE","http://www.inaturalist.org/observations/3595951"
"38","Eriophyllum confertiflorum","Plantae","TRUE","TRUE","FALSE","FALSE","http://www.inaturalist.org/observations/3637165"
"39","Eschscholzia californica","Plantae","TRUE","TRUE","FALSE","FALSE","http://www.inaturalist.org/observations/3651938"
"40","Ficus carica","Plantae","TRUE","FALSE","FALSE","FALSE","http://www.inaturalist.org/observations/3659587"
"41","Foeniculum vulgare","Plantae","TRUE","FALSE","FALSE","TRUE","http://www.inaturalist.org/observations/3635168"
"42","Hazardia detonsa","Plantae","TRUE","FALSE","FALSE","TRUE","http://www.inaturalist.org/observations/3649142"
"43","Heteromeles arbutifolia","Plantae","TRUE","FALSE","FALSE","TRUE","http://www.inaturalist.org/observations/3663739"
"44","Lyonothamnus floribundus","Plantae","TRUE","FALSE","FALSE","TRUE","http://www.inaturalist.org/observations/3663760"
"45","Malacothrix saxatilis","Plantae","TRUE","FALSE","FALSE","FALSE","http://www.inaturalist.org/observations/3595862"
"46","Marrubium vulgare","Plantae","TRUE","FALSE","FALSE","FALSE","http://www.inaturalist.org/observations/3649566"
"47","Mesembryanthemum crystallinum","Plantae","TRUE","FALSE","FALSE","TRUE","http://www.inaturalist.org/observations/3655511"
"48","Nicotiana glauca","Plantae","TRUE","FALSE","FALSE","FALSE","http://www.inaturalist.org/observations/3656214"
"49","Olea europaea","Plantae","TRUE","FALSE","FALSE","FALSE","http://www.inaturalist.org/observations/3655408"
"50","Opuntia littoralis","Plantae","TRUE","TRUE","FALSE","FALSE","http://www.inaturalist.org/observations/3651770"
"51","Phalaris aquatica","Plantae","TRUE","FALSE","TRUE","TRUE","http://www.inaturalist.org/observations/3649393"
"52","Polygonum aviculare","Plantae","FALSE","FALSE","FALSE","FALSE","http://www.inaturalist.org/observations/3649795"
"53","Rhus integrifolia","Plantae","TRUE","FALSE","FALSE","FALSE","http://www.inaturalist.org/observations/3595475"
"54","Rumex crispus","Plantae","TRUE","FALSE","FALSE","TRUE","http://www.inaturalist.org/observations/3663148"
"55","Silybum marianum","Plantae","TRUE","FALSE","FALSE","TRUE","http://www.inaturalist.org/observations/3649485"
"56","Spergularia macrotheca","Plantae","TRUE","FALSE","FALSE","FALSE","http://www.inaturalist.org/observations/3652074"
"57","Tragopogon porrifolius","Plantae","TRUE","FALSE","FALSE","FALSE","http://www.inaturalist.org/observations/3680265"
"58","Tragopogon porrifolius","Plantae","TRUE","FALSE","FALSE","FALSE","http://www.inaturalist.org/observations/3663228"
"59","Uta stansburiana","Reptilia","TRUE","FALSE","FALSE","TRUE","http://www.inaturalist.org/observations/3680798"
