"","Iconic.taxon.name","Scientific.name","Common.name"
"1","Arachnida","Habronattus americanus",""
"2","Insecta","Alaus melanops","Western Eyed Click Beetle"
"3","Insecta","Asemum nitidum",""
"4","Insecta","Chalcophora angulicollis","Western Sculptured Pine Borer"
"5","Insecta","Cyphoderris monstrosa","Great Grig"
"6","Insecta","Lepturobosca chrysocoma","Yellow Velvet Beetle"
"7","Insecta","Monochamus scutellatus","White-spotted Sawyer Beetle"
"8","Insecta","Pachyta armata",""
"9","Insecta","Phellopsis porcata",""
