"","Scientific_name","Iconic_taxa","iNat_NPS_matches","iNat_NPSsynonym_matches","iNat_ITIS_synonym_matches","iNat_ITIS_nonsyn_matches","iNaturalist_URL"
"1","Callospermophilus lateralis","Mammalia","TRUE","FALSE","FALSE","TRUE","http://www.inaturalist.org/observations/3729909"
"2","Odocoileus hemionus","Mammalia","TRUE","TRUE","FALSE","FALSE","http://www.inaturalist.org/observations/3733101"
"3","Odocoileus hemionus","Mammalia","TRUE","TRUE","FALSE","FALSE","http://www.inaturalist.org/observations/3734921"
"4","Eriogonum marifolium","Plantae","TRUE","FALSE","FALSE","FALSE","http://www.inaturalist.org/observations/3982042"
"5","Rubus lasiococcus","Plantae","TRUE","FALSE","FALSE","TRUE","http://www.inaturalist.org/observations/3733184"
