"","Scientific_name","Iconic_taxa","Match NPSpecies","iNaturalist_Entry_count"
"1","Callospermophilus lateralis","Mammalia","Match","1"
"2","Odocoileus hemionus","Mammalia","Match","2"
"3","Eriogonum marifolium","Plantae","Match","1"
"4","Rubus lasiococcus","Plantae","Match","1"
"5","Cyphoderris monstrosa","Insecta","Table 4","2"
"6","Asemum nitidum","Insecta","Table 4","2"
"7","Pachyta armata","Insecta","Table 4","4"
"8","Chalcophora angulicollis","Insecta","Table 4","3"
"9","Alaus melanops","Insecta","Table 4","2"
"10","Lepturobosca chrysocoma","Insecta","Table 4","2"
"11","Monochamus scutellatus","Insecta","Table 4","3"
"12","Habronattus americanus","Arachnida","Table 4","2"
"13","Phellopsis porcata","Insecta","Table 4","2"
