"","Scientific_name","Iconic_taxa","Match NPSpecies","iNaturalist_Entry_count"
"1","Lithobates pipiens","Amphibia","ITIS Match","2"
"2","Agelaius phoeniceus","Aves","Match","1"
"3","Amphispiza bilineata","Aves","Match","1"
"4","Ardea herodias","Aves","Match","1"
"5","Branta canadensis","Aves","Match","1"
"6","Cathartes aura","Aves","Match","1"
"7","Falco peregrinus","Aves","Match","1"
"8","Haemorhous mexicanus","Aves","ITIS Match","1"
"9","Hirundo rustica","Aves","Match","1"
"10","Icteria virens","Aves","Match","1"
"11","Icterus bullockii","Aves","Match","2"
"12","Lanius ludovicianus","Aves","Match","1"
"13","Pica hudsonia","Aves","Match","1"
"14","Pipilo maculatus","Aves","Match","2"
"15","Piranga ludoviciana","Aves","Match","1"
"16","Polioptila caerulea","Aves","Match","1"
"17","Salpinctes obsoletus","Aves","Match","2"
"18","Sayornis saya","Aves","Match","1"
"19","Setophaga coronata","Aves","ITIS Match","1"
"20","Setophaga nigrescens","Aves","ITIS Match","1"
"21","Setophaga petechia","Aves","ITIS Match","2"
"22","Spizella passerina","Aves","Match","1"
"23","Streptopelia decaocto","Aves","Match","1"
"24","Sturnella neglecta","Aves","Match","1"
"25","Troglodytes aedon","Aves","Match","1"
"26","Turdus migratorius","Aves","Match","1"
"27","Tyrannus verticalis","Aves","Match","1"
"28","Antilocapra americana","Mammalia","Match","1"
"29","Callospermophilus lateralis","Mammalia","ITIS Match","2"
"30","Cynomys leucurus","Mammalia","Match","1"
"31","Odocoileus hemionus","Mammalia","Match","2"
"32","Sylvilagus audubonii","Mammalia","Match","1"
"33","Vulpes vulpes","Mammalia","Match","1"
"34","Asclepias cryptoceras","Plantae","Match","1"
"35","Astragalus saurinus","Plantae","Match","1"
"36","Ipomopsis aggregata","Plantae","Match","1"
"37","Sphaeralcea coccinea","Plantae","Match","1"
"38","Aspidoscelis tigris","Reptilia","No Match","2"
"39","Sceloporus graciosus","Reptilia","Match","1"
"40","Uta stansburiana","Reptilia","Match","1"
