"","Scientific_name","Iconic_taxa","iNat_NPS_matches","iNat_NPSsynonym_matches","iNat_ITIS_synonym_matches","iNat_ITIS_nonsyn_matches","iNaturalist_URL"
"1","Lithobates pipiens","Amphibia","FALSE","FALSE","FALSE","TRUE","http://www.inaturalist.org/observations/3301657"
"2","Lithobates pipiens","Amphibia","FALSE","FALSE","FALSE","TRUE","http://www.inaturalist.org/observations/3301663"
"3","Agelaius phoeniceus","Aves","TRUE","FALSE","FALSE","FALSE","http://www.inaturalist.org/observations/3245142"
"4","Amphispiza bilineata","Aves","TRUE","FALSE","FALSE","FALSE","http://www.inaturalist.org/observations/3256500"
"5","Ardea herodias","Aves","TRUE","FALSE","FALSE","FALSE","http://www.inaturalist.org/observations/3259538"
"6","Branta canadensis","Aves","TRUE","FALSE","FALSE","TRUE","http://www.inaturalist.org/observations/3271731"
"7","Cathartes aura","Aves","TRUE","FALSE","FALSE","FALSE","http://www.inaturalist.org/observations/3271711"
"8","Falco peregrinus","Aves","TRUE","FALSE","FALSE","FALSE","http://www.inaturalist.org/observations/3259393"
"9","Haemorhous mexicanus","Aves","FALSE","FALSE","FALSE","TRUE","http://www.inaturalist.org/observations/3259565"
"10","Hirundo rustica","Aves","TRUE","FALSE","FALSE","FALSE","http://www.inaturalist.org/observations/3245076"
"11","Icteria virens","Aves","TRUE","FALSE","FALSE","FALSE","http://www.inaturalist.org/observations/3271806"
"12","Icterus bullockii","Aves","TRUE","FALSE","FALSE","TRUE","http://www.inaturalist.org/observations/3245242"
"13","Icterus bullockii","Aves","TRUE","FALSE","FALSE","TRUE","http://www.inaturalist.org/observations/3271750"
"14","Lanius ludovicianus","Aves","TRUE","FALSE","FALSE","FALSE","http://www.inaturalist.org/observations/3271715"
"15","Pica hudsonia","Aves","TRUE","FALSE","FALSE","TRUE","http://www.inaturalist.org/observations/3244801"
"16","Pipilo maculatus","Aves","TRUE","FALSE","FALSE","FALSE","http://www.inaturalist.org/observations/3256766"
"17","Pipilo maculatus","Aves","TRUE","FALSE","FALSE","FALSE","http://www.inaturalist.org/observations/3271786"
"18","Piranga ludoviciana","Aves","TRUE","FALSE","FALSE","FALSE","http://www.inaturalist.org/observations/3301669"
"19","Polioptila caerulea","Aves","TRUE","FALSE","FALSE","FALSE","http://www.inaturalist.org/observations/3256676"
"20","Salpinctes obsoletus","Aves","TRUE","FALSE","FALSE","FALSE","http://www.inaturalist.org/observations/3256407"
"21","Salpinctes obsoletus","Aves","TRUE","FALSE","FALSE","FALSE","http://www.inaturalist.org/observations/3271764"
"22","Sayornis saya","Aves","TRUE","FALSE","FALSE","FALSE","http://www.inaturalist.org/observations/3256435"
"23","Setophaga coronata","Aves","FALSE","FALSE","FALSE","TRUE","http://www.inaturalist.org/observations/3245431"
"24","Setophaga nigrescens","Aves","FALSE","FALSE","FALSE","TRUE","http://www.inaturalist.org/observations/3301647"
"25","Setophaga petechia","Aves","FALSE","FALSE","FALSE","TRUE","http://www.inaturalist.org/observations/3257032"
"26","Setophaga petechia","Aves","FALSE","FALSE","FALSE","TRUE","http://www.inaturalist.org/observations/3271772"
"27","Spizella passerina","Aves","TRUE","FALSE","FALSE","FALSE","http://www.inaturalist.org/observations/3256897"
"28","Streptopelia decaocto","Aves","TRUE","FALSE","FALSE","FALSE","http://www.inaturalist.org/observations/3271794"
"29","Sturnella neglecta","Aves","TRUE","FALSE","FALSE","TRUE","http://www.inaturalist.org/observations/3271824"
"30","Troglodytes aedon","Aves","TRUE","FALSE","FALSE","FALSE","http://www.inaturalist.org/observations/3301717"
"31","Turdus migratorius","Aves","TRUE","FALSE","FALSE","FALSE","http://www.inaturalist.org/observations/3245033"
"32","Tyrannus verticalis","Aves","TRUE","FALSE","FALSE","FALSE","http://www.inaturalist.org/observations/3257106"
"33","Antilocapra americana","Mammalia","TRUE","FALSE","FALSE","TRUE","http://www.inaturalist.org/observations/3301864"
"34","Callospermophilus lateralis","Mammalia","FALSE","FALSE","FALSE","TRUE","http://www.inaturalist.org/observations/3256641"
"35","Callospermophilus lateralis","Mammalia","FALSE","FALSE","FALSE","TRUE","http://www.inaturalist.org/observations/3254996"
"36","Cynomys leucurus","Mammalia","TRUE","FALSE","FALSE","FALSE","http://www.inaturalist.org/observations/3259360"
"37","Odocoileus hemionus","Mammalia","TRUE","TRUE","FALSE","FALSE","http://www.inaturalist.org/observations/3256557"
"38","Odocoileus hemionus","Mammalia","TRUE","TRUE","FALSE","FALSE","http://www.inaturalist.org/observations/3271802"
"39","Sylvilagus audubonii","Mammalia","TRUE","TRUE","FALSE","FALSE","http://www.inaturalist.org/observations/3245528"
"40","Vulpes vulpes","Mammalia","TRUE","TRUE","FALSE","TRUE","http://www.inaturalist.org/observations/3301762"
"41","Asclepias cryptoceras","Plantae","TRUE","TRUE","FALSE","FALSE","http://www.inaturalist.org/observations/3309545"
"42","Astragalus saurinus","Plantae","TRUE","FALSE","FALSE","FALSE","http://www.inaturalist.org/observations/3256014"
"43","Ipomopsis aggregata","Plantae","TRUE","FALSE","FALSE","FALSE","http://www.inaturalist.org/observations/3285126"
"44","Sphaeralcea coccinea","Plantae","TRUE","FALSE","FALSE","FALSE","http://www.inaturalist.org/observations/3250722"
"45","Aspidoscelis tigris","Reptilia","FALSE","FALSE","FALSE","FALSE","http://www.inaturalist.org/observations/3245342"
"46","Aspidoscelis tigris","Reptilia","FALSE","FALSE","FALSE","FALSE","http://www.inaturalist.org/observations/3256713"
"47","Sceloporus graciosus","Reptilia","TRUE","TRUE","FALSE","FALSE","http://www.inaturalist.org/observations/3255137"
"48","Uta stansburiana","Reptilia","TRUE","FALSE","FALSE","TRUE","http://www.inaturalist.org/observations/3256622"
