"","Iconic_taxa","iNat_entry","NPSpecies_name","Accepted_TSN","NPS_entry_TSN"
"1","Amphibia","Lithobates pipiens","Rana pipiens","775108","173443"
"2","Aves","Haemorhous mexicanus","Carpodacus mexicanus","997805","179191"
"3","Aves","Setophaga coronata","Dendroica coronata coronata","950046","178892"
"4","Aves","Setophaga nigrescens","Dendroica nigrescens","950057","178896"
"5","Aves","Setophaga petechia","Dendroica petechia","950039","178878"
"6","Mammalia","Callospermophilus lateralis","Spermophilus lateralis","930305","180154"
