"","Iconic.taxon.name","Scientific.name","Common.name"
"1","Fungi","Aleuria aurantia","orange peel fungus"
"2","Fungi","Cerioporus squamosus","Dryad's Saddle"
"3","Fungi","Coprinellus micaceus","mica cap"
"4","Fungi","Sarcoscypha coccinea","Scarlet Cup"
"5","Insecta","Antheraea polyphemus","Polyphemus Moth"
"6","Insecta","Apis mellifera","Western Honey Bee"
"7","Insecta","Camponotus pennsylvanicus","Eastern Black Carpenter Ant"
"8","Insecta","Cerotoma trifurcata","Bean Leaf Beetle"
"9","Insecta","Colias eurytheme","Orange Sulphur"
"10","Insecta","Epargyreus clarus","Silver-spotted Skipper"
"11","Insecta","Harmonia axyridis","Asian Lady Beetle"
"12","Insecta","Hypena scabra","Green Cloverworm Moth"
"13","Insecta","Pieris rapae","Cabbage White"
"14","Insecta","Piezogaster calcarator",""
"15","Insecta","Vanessa atalanta","Red Admiral"
"16","Mollusca","Anguispira alternata","Flamed Tigersnail"
"17","Mollusca","Quadrula quadrula","Mapleleaf"
