"","Scientific_name","Iconic_taxa","Match NPSpecies","iNaturalist_Entry_count"
"1","Anaxyrus woodhousii","Amphibia","No Match","2"
"2","Agelaius phoeniceus","Aves","Match","5"
"3","Buteo jamaicensis","Aves","Match","1"
"4","Cardinalis cardinalis","Aves","Match","2"
"5","Catharus ustulatus","Aves","Match","1"
"6","Colaptes auratus","Aves","Match","2"
"7","Geothlypis trichas","Aves","Match","3"
"8","Icterus galbula","Aves","Match","1"
"9","Icterus spurius","Aves","No Match","2"
"10","Megaceryle alcyon","Aves","ITIS Match","1"
"11","Melanerpes carolinus","Aves","Match","1"
"12","Melanerpes erythrocephalus","Aves","Match","1"
"13","Meleagris gallopavo","Aves","No Match","1"
"14","Molothrus ater","Aves","Match","2"
"15","Pheucticus ludovicianus","Aves","Match","2"
"16","Setophaga petechia","Aves","ITIS Match","1"
"17","Sialia sialis","Aves","Match","2"
"18","Sitta carolinensis","Aves","Match","1"
"19","Spinus tristis","Aves","ITIS Match","1"
"20","Spiza americana","Aves","Match","5"
"21","Turdus migratorius","Aves","Match","4"
"22","Tyrannus tyrannus","Aves","Match","2"
"23","Vireo olivaceus","Aves","Match","1"
"24","Zenaida macroura","Aves","Match","1"
"25","Odocoileus virginianus","Mammalia","Match","2"
"26","Achillea millefolium","Plantae","Match","4"
"27","Amorpha canescens","Plantae","Match","2"
"28","Apocynum cannabinum","Plantae","Match","1"
"29","Artemisia ludoviciana","Plantae","Match","1"
"30","Asclepias syriaca","Plantae","Match","2"
"31","Cirsium altissimum","Plantae","Match","1"
"32","Convolvulus arvensis","Plantae","Match","1"
"33","Juncus interior","Plantae","Match","1"
"34","Koeleria macrantha","Plantae","Match","1"
"35","Matricaria discoidea","Plantae","No Match","1"
"36","Parthenocissus quinquefolia","Plantae","Match","1"
"37","Poa pratensis","Plantae","Match","1"
"38","Populus deltoides","Plantae","Match","3"
"39","Psoralea argophylla","Plantae","Match","1"
"40","Quercus macrocarpa","Plantae","Match","2"
"41","Rosa arkansana","Plantae","Match","4"
"42","Silphium laciniatum","Plantae","No Match","1"
"43","Silphium perfoliatum","Plantae","No Match","2"
"44","Taraxacum officinale","Plantae","Match","2"
"45","Toxicodendron radicans","Plantae","Match","2"
"46","Trifolium repens","Plantae","Match","1"
"47","Chelydra serpentina","Reptilia","Match","2"
"48","Aleuria aurantia","Fungi","Table 4","1"
"49","Sarcoscypha coccinea","Fungi","Table 4","1"
"50","Cerotoma trifurcata","Insecta","Table 4","12"
"51","Colias eurytheme","Insecta","Table 4","2"
"52","Pieris rapae","Insecta","Table 4","1"
"53","Vanessa atalanta","Insecta","Table 4","1"
"54","Hypena scabra","Insecta","Table 4","1"
"55","Harmonia axyridis","Insecta","Table 4","1"
"56","Camponotus pennsylvanicus","Insecta","Table 4","1"
"57","Apis mellifera","Insecta","Table 4","1"
"58","Epargyreus clarus","Insecta","Table 4","2"
"59","Piezogaster calcarator","Insecta","Table 4","2"
"60","Anguispira alternata","Mollusca","Table 4","1"
"61","Antheraea polyphemus","Insecta","Table 4","2"
"62","Cerioporus squamosus","Fungi","Table 4","1"
"63","Quadrula quadrula","Mollusca","Table 4","1"
"64","Coprinellus micaceus","Fungi","Table 4","1"
