"","Iconic_taxa","Scientific_name","Occurences in BISON","Invasive.Record"
"1","Amphibia","Anaxyrus woodhousii","NC 62; OR 16; IN 16; WY 64; OK 2112; TN 7; AL 28; AR 88; UT 490; WA 104; SC 4; NE 310; CO 325; MA 21; MO 344; ND 74; AZ 593; NV 368; NY 21; MT 184; KY 166; SD 127; KS 1436; CA 163; FL 2; NJ 80; MI 14; MS 27; IA 21; NM 443; TX 1582; IL 9; CT 7; LA 162; OH 28; GA 12; VA 5; MD 2; ID 42","No"
"2","Aves","Icterus spurius","NC 7086; IN 7691; WY 281; BC CAN 12; SK CAN 74; PE CAN 1; UT 23; AZ 133; MT 367; KY 4618; KS 10101; CA 1792; FL 8140; DE 5064; PA 16873; MS 4046; IA 3059; TX 52228; IL 14736; NS CAN 91; CT 3930; GA 9048; MD 30129; VA 17144; ID 13; VT 694; OR 15; PR 11; TN 10891; OK 3509; ME 867; AL 6306; AR 4214; SC 5538; WA 254; NE 10595; ON CAN 14245; WV 3112; MB CAN 586; MA 11122; CO 5620; MO 12956; QC CAN 104; USVI 2; ND 2515; WI 7708; NV 26; NY 12452; DC 1439; RI 462; SD 3504; MN 2689; NL CAN 8; NJ 17607; MI 6022; NB CAN 30; NM 848; NH 704; LA 17158; OH 16279","No"
"3","Aves","Meleagris gallopavo","NC 10285; IN 11816; WY 1398; BC CAN 1392; SK CAN 45; UT 5034; AB CAN 346; AZ 11218; MT 4356; KY 6546; CA 47057; KS 12502; FL 22180; DE 1676; PA 32528; IA 5760; MS 1253; TX 26965; IL 10563; CT 14093; GA 8907; VA 14479; MD 12026; ID 4000; VT 12448; OR 9323; PR 1; TN 14662; ME 12445; OK 4516; AL 2222; AR 2602; WA 8027; SC 6101; NE 10153; ON CAN 38172; WV 5357; MB CAN 650; MA 37605; CO 9924; MO 16544; QC CAN 8764; AK 2; ND 1688; WI 51270; NV 895; NY 43274; RI 1440; DC 242; HI 4520; SD 3512; MN 12712; NJ 20781; MI 36644; NB CAN 25; NM 5060; NH 8400; LA 1208; OH 16024","No"
"4","Plantae","Matricaria discoidea","NC 9; IN 65; WY 25; BC CAN 26; SK CAN 3; PE CAN 7; YT CAN 30; UT 16; AB CAN 9; AZ 51; MT 50; KY 25; CA 2313; KS 62; DE 2; PA 56; IA 17; MS 1; IL 121; NS CAN 67; TX 1; CT 51; GA 1; VA 44; MD 16; ID 32; OR 101; VT 101; ME 107; TN 10; OK 5; AR 12; WA 75; NE 5; ON CAN 66; WV 12; MB CAN 13; MA 77; CO 70; MO 159; QC CAN 22; AK 5337; ND 36; WI 96; NV 7; NY 132; RI 18; DC 10; SD 23; MN 103; NL CAN 5; NJ 49; MI 98; NB CAN 15; NM 5; NH 38; LA 7; OH 68; NT CAN 78","Yes"
"5","Plantae","Silphium laciniatum","IN 36; OK 40; TN 36; AL 23; AR 62; SC 1; NE 29; ON CAN 9; CO 9; MA 1; MO 189; WI 180; NY 6; DC 4; KY 19; SD 33; MN 51; KS 251; CA 1; MI 33; PA 2; IA 48; MS 17; NM 7; IL 308; TX 72; LA 50; OH 26; GA 1; VA 1","No"
"6","Plantae","Silphium perfoliatum","NC 39; VT 25; OR 1; IN 100; TN 25; OK 6; ME 2; AL 7; AR 31; SC 4; NE 17; ON CAN 31; WV 18; MA 32; MO 234; ND 7; WI 140; NY 30; DC 2; RI 1; KY 33; SD 3; MN 65; KS 101; CA 1; FL 1; NJ 7; MI 40; PA 17; IA 35; MS 13; IL 206; TX 1; CT 47; LA 4; OH 98; VA 21","Yes"
