"","Scientific_name","Iconic_taxa","iNat_NPS_matches","iNat_NPSsynonym_matches","iNat_ITIS_synonym_matches","iNat_ITIS_nonsyn_matches","iNaturalist_URL"
"1","Anaxyrus woodhousii","Amphibia","FALSE","FALSE","FALSE","FALSE","http://www.inaturalist.org/observations/3257933"
"2","Anaxyrus woodhousii","Amphibia","FALSE","FALSE","FALSE","FALSE","http://www.inaturalist.org/observations/3244667"
"3","Agelaius phoeniceus","Aves","TRUE","FALSE","FALSE","FALSE","http://www.inaturalist.org/observations/3303815"
"4","Agelaius phoeniceus","Aves","TRUE","FALSE","FALSE","FALSE","http://www.inaturalist.org/observations/3245149"
"5","Agelaius phoeniceus","Aves","TRUE","FALSE","FALSE","FALSE","http://www.inaturalist.org/observations/3256357"
"6","Agelaius phoeniceus","Aves","TRUE","FALSE","FALSE","FALSE","http://www.inaturalist.org/observations/3256512"
"7","Agelaius phoeniceus","Aves","TRUE","FALSE","FALSE","FALSE","http://www.inaturalist.org/observations/3242033"
"8","Buteo jamaicensis","Aves","TRUE","FALSE","FALSE","FALSE","http://www.inaturalist.org/observations/3242359"
"9","Cardinalis cardinalis","Aves","TRUE","FALSE","FALSE","FALSE","http://www.inaturalist.org/observations/3243743"
"10","Cardinalis cardinalis","Aves","TRUE","FALSE","FALSE","FALSE","http://www.inaturalist.org/observations/3241929"
"11","Catharus ustulatus","Aves","TRUE","FALSE","FALSE","FALSE","http://www.inaturalist.org/observations/3246001"
"12","Colaptes auratus","Aves","TRUE","FALSE","FALSE","FALSE","http://www.inaturalist.org/observations/3289108"
"13","Colaptes auratus","Aves","TRUE","FALSE","FALSE","FALSE","http://www.inaturalist.org/observations/3242876"
"14","Geothlypis trichas","Aves","TRUE","FALSE","FALSE","FALSE","http://www.inaturalist.org/observations/3242055"
"15","Geothlypis trichas","Aves","TRUE","FALSE","FALSE","FALSE","http://www.inaturalist.org/observations/3242778"
"16","Geothlypis trichas","Aves","TRUE","FALSE","FALSE","FALSE","http://www.inaturalist.org/observations/3242550"
"17","Icterus galbula","Aves","TRUE","FALSE","FALSE","TRUE","http://www.inaturalist.org/observations/3385084"
"18","Icterus spurius","Aves","FALSE","FALSE","FALSE","FALSE","http://www.inaturalist.org/observations/3256469"
"19","Icterus spurius","Aves","FALSE","FALSE","FALSE","FALSE","http://www.inaturalist.org/observations/3241951"
"20","Megaceryle alcyon","Aves","FALSE","FALSE","FALSE","TRUE","http://www.inaturalist.org/observations/3242758"
"21","Melanerpes carolinus","Aves","TRUE","FALSE","FALSE","TRUE","http://www.inaturalist.org/observations/3242229"
"22","Melanerpes erythrocephalus","Aves","TRUE","FALSE","FALSE","TRUE","http://www.inaturalist.org/observations/3289244"
"23","Meleagris gallopavo","Aves","FALSE","FALSE","FALSE","FALSE","http://www.inaturalist.org/observations/3242824"
"24","Molothrus ater","Aves","TRUE","FALSE","FALSE","FALSE","http://www.inaturalist.org/observations/3257355"
"25","Molothrus ater","Aves","TRUE","FALSE","FALSE","FALSE","http://www.inaturalist.org/observations/3242524"
"26","Pheucticus ludovicianus","Aves","TRUE","FALSE","FALSE","FALSE","http://www.inaturalist.org/observations/3291571"
"27","Pheucticus ludovicianus","Aves","TRUE","FALSE","FALSE","FALSE","http://www.inaturalist.org/observations/3260253"
"28","Setophaga petechia","Aves","FALSE","FALSE","FALSE","TRUE","http://www.inaturalist.org/observations/3242175"
"29","Sialia sialis","Aves","TRUE","FALSE","FALSE","FALSE","http://www.inaturalist.org/observations/3256246"
"30","Sialia sialis","Aves","TRUE","FALSE","FALSE","FALSE","http://www.inaturalist.org/observations/3242037"
"31","Sitta carolinensis","Aves","TRUE","FALSE","FALSE","FALSE","http://www.inaturalist.org/observations/3290417"
"32","Spinus tristis","Aves","FALSE","FALSE","FALSE","TRUE","http://www.inaturalist.org/observations/3242829"
"33","Spiza americana","Aves","TRUE","FALSE","FALSE","FALSE","http://www.inaturalist.org/observations/3258597"
"34","Spiza americana","Aves","TRUE","FALSE","FALSE","FALSE","http://www.inaturalist.org/observations/3271223"
"35","Spiza americana","Aves","TRUE","FALSE","FALSE","FALSE","http://www.inaturalist.org/observations/3248927"
"36","Spiza americana","Aves","TRUE","FALSE","FALSE","FALSE","http://www.inaturalist.org/observations/3256507"
"37","Spiza americana","Aves","TRUE","FALSE","FALSE","FALSE","http://www.inaturalist.org/observations/3243046"
"38","Turdus migratorius","Aves","TRUE","FALSE","FALSE","FALSE","http://www.inaturalist.org/observations/3257331"
"39","Turdus migratorius","Aves","TRUE","FALSE","FALSE","FALSE","http://www.inaturalist.org/observations/3271003"
"40","Turdus migratorius","Aves","TRUE","FALSE","FALSE","FALSE","http://www.inaturalist.org/observations/3243560"
"41","Turdus migratorius","Aves","TRUE","FALSE","FALSE","FALSE","http://www.inaturalist.org/observations/3241906"
"42","Tyrannus tyrannus","Aves","TRUE","FALSE","FALSE","TRUE","http://www.inaturalist.org/observations/3259177"
"43","Tyrannus tyrannus","Aves","TRUE","FALSE","FALSE","TRUE","http://www.inaturalist.org/observations/3243943"
"44","Vireo olivaceus","Aves","TRUE","FALSE","FALSE","FALSE","http://www.inaturalist.org/observations/3260397"
"45","Zenaida macroura","Aves","TRUE","FALSE","FALSE","FALSE","http://www.inaturalist.org/observations/3257003"
"46","Odocoileus virginianus","Mammalia","TRUE","FALSE","FALSE","TRUE","http://www.inaturalist.org/observations/3257702"
"47","Odocoileus virginianus","Mammalia","TRUE","FALSE","FALSE","TRUE","http://www.inaturalist.org/observations/3242463"
"48","Achillea millefolium","Plantae","TRUE","FALSE","FALSE","TRUE","http://www.inaturalist.org/observations/3432282"
"49","Achillea millefolium","Plantae","TRUE","FALSE","FALSE","TRUE","http://www.inaturalist.org/observations/3385077"
"50","Achillea millefolium","Plantae","TRUE","FALSE","FALSE","TRUE","http://www.inaturalist.org/observations/3289233"
"51","Achillea millefolium","Plantae","TRUE","FALSE","FALSE","TRUE","http://www.inaturalist.org/observations/3290355"
"52","Amorpha canescens","Plantae","TRUE","FALSE","FALSE","TRUE","http://www.inaturalist.org/observations/3290954"
"53","Amorpha canescens","Plantae","TRUE","FALSE","FALSE","TRUE","http://www.inaturalist.org/observations/3289097"
"54","Apocynum cannabinum","Plantae","TRUE","FALSE","FALSE","TRUE","http://www.inaturalist.org/observations/3290731"
"55","Artemisia ludoviciana","Plantae","TRUE","FALSE","FALSE","FALSE","http://www.inaturalist.org/observations/3289915"
"56","Asclepias syriaca","Plantae","TRUE","FALSE","FALSE","TRUE","http://www.inaturalist.org/observations/3290694"
"57","Asclepias syriaca","Plantae","TRUE","FALSE","FALSE","TRUE","http://www.inaturalist.org/observations/3289273"
"58","Cirsium altissimum","Plantae","TRUE","FALSE","FALSE","TRUE","http://www.inaturalist.org/observations/3289847"
"59","Convolvulus arvensis","Plantae","TRUE","FALSE","FALSE","TRUE","http://www.inaturalist.org/observations/3487391"
"60","Juncus interior","Plantae","TRUE","FALSE","FALSE","TRUE","http://www.inaturalist.org/observations/3290654"
"61","Koeleria macrantha","Plantae","TRUE","FALSE","FALSE","TRUE","http://www.inaturalist.org/observations/3289759"
"62","Matricaria discoidea","Plantae","FALSE","FALSE","FALSE","FALSE","http://www.inaturalist.org/observations/3261634"
"63","Parthenocissus quinquefolia","Plantae","TRUE","FALSE","FALSE","TRUE","http://www.inaturalist.org/observations/3289797"
"64","Poa pratensis","Plantae","TRUE","FALSE","FALSE","TRUE","http://www.inaturalist.org/observations/3383886"
"65","Populus deltoides","Plantae","TRUE","FALSE","FALSE","FALSE","http://www.inaturalist.org/observations/3432051"
"66","Populus deltoides","Plantae","TRUE","FALSE","FALSE","FALSE","http://www.inaturalist.org/observations/3487032"
"67","Populus deltoides","Plantae","TRUE","FALSE","FALSE","FALSE","http://www.inaturalist.org/observations/3289157"
"68","Psoralea argophylla","Plantae","TRUE","FALSE","TRUE","FALSE","http://www.inaturalist.org/observations/3290533"
"69","Quercus macrocarpa","Plantae","TRUE","FALSE","FALSE","TRUE","http://www.inaturalist.org/observations/3289007"
"70","Quercus macrocarpa","Plantae","TRUE","FALSE","FALSE","TRUE","http://www.inaturalist.org/observations/3289746"
"71","Rosa arkansana","Plantae","TRUE","FALSE","FALSE","TRUE","http://www.inaturalist.org/observations/3290928"
"72","Rosa arkansana","Plantae","TRUE","FALSE","FALSE","TRUE","http://www.inaturalist.org/observations/3431917"
"73","Rosa arkansana","Plantae","TRUE","FALSE","FALSE","TRUE","http://www.inaturalist.org/observations/3487393"
"74","Rosa arkansana","Plantae","TRUE","FALSE","FALSE","TRUE","http://www.inaturalist.org/observations/3289740"
"75","Silphium laciniatum","Plantae","FALSE","FALSE","FALSE","FALSE","http://www.inaturalist.org/observations/3289643"
"76","Silphium perfoliatum","Plantae","FALSE","FALSE","FALSE","FALSE","http://www.inaturalist.org/observations/3289138"
"77","Silphium perfoliatum","Plantae","FALSE","FALSE","FALSE","FALSE","http://www.inaturalist.org/observations/3289744"
"78","Taraxacum officinale","Plantae","TRUE","FALSE","FALSE","TRUE","http://www.inaturalist.org/observations/3383609"
"79","Taraxacum officinale","Plantae","TRUE","FALSE","FALSE","TRUE","http://www.inaturalist.org/observations/3289022"
"80","Toxicodendron radicans","Plantae","TRUE","FALSE","FALSE","FALSE","http://www.inaturalist.org/observations/3257110"
"81","Toxicodendron radicans","Plantae","TRUE","FALSE","FALSE","FALSE","http://www.inaturalist.org/observations/3289812"
"82","Trifolium repens","Plantae","TRUE","FALSE","FALSE","TRUE","http://www.inaturalist.org/observations/3384428"
"83","Chelydra serpentina","Reptilia","TRUE","TRUE","FALSE","TRUE","http://www.inaturalist.org/observations/3271037"
"84","Chelydra serpentina","Reptilia","TRUE","TRUE","FALSE","TRUE","http://www.inaturalist.org/observations/3256088"
