"","Iconic_taxa","Scientific_name","Occurences in BISON","Invasive.Record"
"1","Mammalia","Cervus canadensis","OR 144; NC 45; IN 1; WY 356; OK 54; TN 16; BC CAN 29; SK CAN 3; AR 19; WA 92; UT 47; YT CAN 11; NE 1; ON CAN 9; MB CAN 7; CO 387; MO 10; AK 1; AB CAN 99; ND 1; AZ 189; NV 12; NY 1; MT 106; KY 3; SD 7; MN 1; CA 476; KS 1; MI 66; PA 22; NM 1011; TX 19; VA 5; ID 18","No"
"2","Plantae","Antitrichia curtipendula","OR 352; NC 7; MT 4; IL 1; BC CAN 153; AK 439; CA 44; MD 2; WA 294; ID 71","No"
"3","Plantae","Argentina anserina","OR 14; VT 13; IN 12; WY 20; ME 15; TN 2; PE CAN 2; UT 29; WA 14; NE 11; ON CAN 2; MB CAN 1; CO 147; MA 10; QC CAN 5; AK 8; AB CAN 3; ND 45; WI 80; AZ 8; NV 18; NY 42; RI 5; MT 37; SD 12; MN 33; CA 23; NL CAN 2; NJ 1; MI 112; PA 14; NB CAN 1; IA 12; NM 76; IL 6; NS CAN 2; CT 7; NH 5; OH 46; ID 14","No"
"4","Plantae","Buckiella undulata","OR 44; VT 1; BC CAN 76; AK 107; CA 22; WA 173; ID 1","No"
"5","Plantae","Chondracanthus exasperatus","No data available","No"
"6","Plantae","Codium setchellii","OR 40; BC CAN 50; AK 118; CA 104; WA 29","No"
"7","Plantae","Corallorhiza maculata","NC 35; IN 22; WY 29; BC CAN 108; SK CAN 6; UT 45; AB CAN 52; AZ 121; MT 24; KY 4; CA 1089; DE 1; PA 77; IA 16; IL 19; NS CAN 8; TX 2; CT 201; GA 2; VA 47; MD 6; ID 54; OR 235; VT 53; ME 33; TN 15; WA 127; SC 1; NE 27; ON CAN 123; WV 34; MB CAN 37; CO 210; MA 111; QC CAN 71; AK 7; ND 6; WI 99; NV 16; NY 111; RI 24; DC 1; SD 58; MN 96; NJ 17; MI 179; NB CAN 5; NM 71; NH 64; OH 69","No"
"8","Plantae","Cupressus nootkatensis","OR 1; CO 1; BC CAN 22; AK 84; CA 8; WA 26","No"
"9","Plantae","Dicranum fuscescens","OR 507; VT 63; NC 48; WY 10; ME 116; TN 39; BC CAN 668; PE CAN 19; AR 1; WA 805; YT CAN 37; ON CAN 220; WV 22; MB CAN 6; CO 21; MA 10; QC CAN 143; MO 1; AK 794; AB CAN 94; AZ 3; WI 1; NY 111; RI 2; MT 75; KY 1; SD 4; MN 15; CA 61; NL CAN 27; FL 2; NJ 3; NB CAN 67; MI 41; PA 11; NU CAN 7; NS CAN 71; IL 1; NH 77; CT 1; OH 5; NT CAN 76; GA 5; VA 35; MD 1; ID 34","No"
"10","Plantae","Eremogone capillaris","MT 1; NU CAN 1; BC CAN 1; AK 18; CA 14; NT CAN 6; AB CAN 1; WA 3; YT CAN 2","No"
"11","Plantae","Heracleum maximum","NC 30; IN 21; WY 23; BC CAN 23; SK CAN 8; PE CAN 7; UT 39; YT CAN 8; AB CAN 78; AZ 17; MT 170; KY 9; CA 1037; KS 4; DE 4; PA 47; IA 19; IL 168; NS CAN 28; CT 27; GA 3; VA 40; MD 8; ID 35; OR 266; VT 114; TN 48; ME 20; WA 88; SC 1; NE 9; ON CAN 70; WV 32; MB CAN 9; CO 714; MA 22; QC CAN 230; MO 19; AK 169; ND 34; WI 97; NV 8; NY 57; RI 3; SD 16; MN 103; NL CAN 6; NJ 14; MI 96; NB CAN 13; NU CAN 1; NM 36; NH 9; OH 73; NT CAN 1","No"
"12","Plantae","Hylocomium splendens","VT 115; OR 70; NC 66; WY 22; ME 151; TN 28; BC CAN 374; SK CAN 6; PE CAN 17; WA 385; YT CAN 84; SC 2; ON CAN 135; WV 39; MB CAN 17; MA 32; CO 30; QC CAN 94; AK 1515; AB CAN 53; ND 8; WI 30; NY 140; RI 5; MT 44; SD 27; MN 53; NL CAN 27; CA 2; NJ 8; MI 75; PA 55; NB CAN 28; NU CAN 19; IA 8; NM 6; NS CAN 60; NH 54; CT 12; LA 2; OH 3; NT CAN 88; GA 2; VA 31; MD 1; ID 51","No"
"13","Plantae","Isothecium stoloniferum","OR 178; NC 4; MT 5; ME 5; TN 1; BC CAN 324; CA 237; WA 475; CO 1; QC CAN 1; AK 101; OH 1; AB CAN 1; ID 31","No"
"14","Plantae","Leucolepis acanthoneura","OR 132; VT 1; MT 1; BC CAN 113; AK 41; CA 101; WA 270; ID 26; MI 1","No"
"15","Plantae","Lysimachia latifolia","OR 86; BC CAN 32; CA 627; WA 113","No"
"16","Plantae","Ornithogalum umbellatum","NC 67; OR 13; VT 9; IN 51; TN 55; OK 10; ME 3; BC CAN 7; AL 14; AR 28; SC 23; UT 17; WA 12; WV 28; ON CAN 19; MA 66; CO 1; MO 152; QC CAN 1; WI 2; NY 168; DC 26; RI 10; KY 59; SD 2; MN 2; KS 41; CA 11; DE 7; FL 1; NJ 59; PA 87; MI 25; NB CAN 1; IA 6; MS 3; IL 106; NS CAN 23; TX 22; CT 48; NH 3; LA 13; OH 83; GA 8; VA 106; MD 93; ID 9","Yes"
"17","Plantae","Plagiomnium insigne","OR 54; MT 5; WY 1; QC CAN 1; BC CAN 116; AK 187; CA 31; WA 196; ID 36; AZ 2","No"
"18","Plantae","Polytrichum piliferum","NC 13; IN 6; WY 48; BC CAN 148; SK CAN 1; PE CAN 9; YT CAN 35; UT 9; AB CAN 20; AZ 1; MT 24; KY 2; CA 47; KS 1; PA 42; IA 11; NS CAN 18; IL 5; CT 35; GA 1; VA 11; MD 1; ID 24; OR 89; VT 35; ME 137; TN 8; AL 2; WA 251; NE 9; ON CAN 77; WV 18; MB CAN 3; CO 59; MA 21; QC CAN 68; MO 29; AK 289; ND 2; WI 48; NV 5; NY 125; RI 5; SD 31; HI 18; MN 40; NL CAN 4; NJ 21; MI 62; NB CAN 13; NU CAN 19; NM 3; NH 36; LA 1; OH 6; NT CAN 19","No"
"19","Plantae","Rhizomnium glabrescens","OR 78; NY 1; CO 1; BC CAN 222; AK 274; CA 29; WA 397; ID 18; YT CAN 1","No"
"20","Plantae","Rhytidiadelphus loreus","OR 81; NC 1; NY 1; MT 4; WY 1; BC CAN 218; NL CAN 13; CA 5; KS 1; WA 404; NB CAN 1; NS CAN 33; CO 1; AK 501; ID 19","No"
"21","Plantae","Rhytidiadelphus triquetrus","OR 126; VT 33; NC 25; IN 2; WY 5; ME 122; TN 15; BC CAN 244; PE CAN 22; AR 9; WA 416; YT CAN 8; ON CAN 103; WV 5; MB CAN 1; MA 5; CO 1; QC CAN 55; MO 34; AK 486; AB CAN 7; WI 36; NY 122; RI 5; MT 64; SD 4; MN 45; CA 16; NL CAN 14; KS 1; FL 1; NJ 14; MI 92; PA 45; NB CAN 23; IA 22; NM 1; NS CAN 39; CT 21; NH 20; OH 7; NT CAN 11; VA 20; MD 13; ID 78","No"
"22","Plantae","Sphagnum squarrosum","VT 49; OR 44; NC 11; WY 2; ME 69; TN 18; BC CAN 302; SK CAN 5; PE CAN 19; AL 1; WA 124; YT CAN 33; UT 3; ON CAN 164; WV 3; MB CAN 13; CO 26; MA 9; QC CAN 455; AK 690; AB CAN 21; WI 22; AZ 2; NV 5; NY 109; RI 1; MT 7; SD 7; MN 30; NL CAN 24; CA 10; NJ 12; MI 112; NB CAN 64; PA 26; NU CAN 31; IA 2; NS CAN 43; TX 1; NH 57; CT 7; LA 1; OH 7; NT CAN 105; GA 1; MD 1; ID 27","No"
"23","Plantae","Vicia gigantea","OR 30; BC CAN 18; AK 30; CA 256; WA 66","No"
