"","Scientific_name","Iconic_taxa","Match NPSpecies","iNaturalist_Entry_count"
"1","Ensatina eschscholtzii","Amphibia","Match","5"
"2","Plethodon vehiculum","Amphibia","Match","9"
"3","Rana aurora","Amphibia","Match","6"
"4","Rhyacotriton olympicus","Amphibia","Match","1"
"5","Anas platyrhynchos","Aves","Match","2"
"6","Dryobates villosus","Aves","NPSpecies synonym match","1"
"7","Haematopus bachmani","Aves","Match","1"
"8","Haliaeetus leucocephalus","Aves","Match","1"
"9","Junco hyemalis","Aves","Match","1"
"10","Larus hyperboreus","Aves","Match","1"
"11","Perisoreus canadensis","Aves","Match","1"
"12","Pipilo maculatus","Aves","Match","1"
"13","Strix varia","Aves","Match","1"
"14","Cervus canadensis","Mammalia","No Match","1"
"15","Odocoileus hemionus","Mammalia","Match","1"
"16","Abies lasiocarpa","Plantae","Match","1"
"17","Acer circinatum","Plantae","Match","3"
"18","Acer macrophyllum","Plantae","Match","3"
"19","Achillea millefolium","Plantae","Match","2"
"20","Achlys triphylla","Plantae","Match","5"
"21","Adenocaulon bicolor","Plantae","Match","4"
"22","Adiantum aleuticum","Plantae","Match","4"
"23","Alnus alnobetula","Plantae","ITIS Match","1"
"24","Alnus rubra","Plantae","Match","3"
"25","Amelanchier alnifolia","Plantae","Match","1"
"26","Anaphalis margaritacea","Plantae","Match","1"
"27","Angelica lucida","Plantae","Match","1"
"28","Antitrichia curtipendula","Plantae","No Match","1"
"29","Aquilegia formosa","Plantae","Match","1"
"30","Arbutus menziesii","Plantae","Match","1"
"31","Arctostaphylos columbiana","Plantae","Match","1"
"32","Argentina anserina","Plantae","No Match","1"
"33","Artemisia suksdorfii","Plantae","Match","1"
"34","Asarum caudatum","Plantae","Match","1"
"35","Athyrium filix-femina","Plantae","Match","2"
"36","Bellis perennis","Plantae","Match","2"
"37","Berberis nervosa","Plantae","NPSpecies synonym match","1"
"38","Bromus vulgaris","Plantae","Match","1"
"39","Buckiella undulata","Plantae","No Match","1"
"40","Caltha leptosepala","Plantae","Match","2"
"41","Carex nigricans","Plantae","Match","1"
"42","Carex obnupta","Plantae","Match","1"
"43","Cerastium arvense","Plantae","Match","2"
"44","Chondracanthus exasperatus","Plantae","No Match","1"
"45","Circaea alpina","Plantae","Match","1"
"46","Claytonia lanceolata","Plantae","Match","1"
"47","Claytonia sibirica","Plantae","Match","3"
"48","Clintonia uniflora","Plantae","Match","1"
"49","Codium setchellii","Plantae","No Match","1"
"50","Collinsia parviflora","Plantae","Match","1"
"51","Collomia heterophylla","Plantae","Match","1"
"52","Corallorhiza maculata","Plantae","No Match","2"
"53","Cornus sericea","Plantae","Match","1"
"54","Corylus cornuta","Plantae","Match","1"
"55","Cupressus nootkatensis","Plantae","No Match","1"
"56","Cytisus scoparius","Plantae","Match","1"
"57","Dactylis glomerata","Plantae","Match","2"
"58","Delphinium glareosum","Plantae","Match","1"
"59","Dicentra formosa","Plantae","Match","3"
"60","Dicranum fuscescens","Plantae","No Match","1"
"61","Digitalis purpurea","Plantae","Match","1"
"62","Douglasia laevigata","Plantae","Match","1"
"63","Dryopteris expansa","Plantae","Match","1"
"64","Equisetum telmateia","Plantae","Match","2"
"65","Eremogone capillaris","Plantae","No Match","1"
"66","Erythronium grandiflorum","Plantae","Match","1"
"67","Erythronium montanum","Plantae","Match","1"
"68","Fragaria chiloensis","Plantae","Match","1"
"69","Fragaria virginiana","Plantae","Match","1"
"70","Fritillaria affinis","Plantae","Match","1"
"71","Galium aparine","Plantae","Match","1"
"72","Gaultheria shallon","Plantae","Match","6"
"73","Geranium robertianum","Plantae","Match","3"
"74","Geum macrophyllum","Plantae","Match","1"
"75","Goodyera oblongifolia","Plantae","Match","1"
"76","Heracleum maximum","Plantae","No Match","2"
"77","Holodiscus discolor","Plantae","Match","2"
"78","Hydrophyllum tenuipes","Plantae","Match","4"
"79","Hylocomium splendens","Plantae","No Match","3"
"80","Ilex aquifolium","Plantae","Match","2"
"81","Isothecium stoloniferum","Plantae","No Match","1"
"82","Leucanthemum vulgare","Plantae","Match","1"
"83","Leucolepis acanthoneura","Plantae","No Match","2"
"84","Leymus mollis","Plantae","Match","1"
"85","Linnaea borealis","Plantae","Match","3"
"86","Lomatium martindalei","Plantae","Match","1"
"87","Lomatium nudicaule","Plantae","Match","1"
"88","Lonicera ciliosa","Plantae","Match","3"
"89","Lonicera involucrata","Plantae","Match","1"
"90","Luzula parviflora","Plantae","Match","1"
"91","Lysichiton americanus","Plantae","Match","3"
"92","Lysimachia latifolia","Plantae","No Match","4"
"93","Maianthemum dilatatum","Plantae","Match","3"
"94","Maianthemum racemosum","Plantae","Match","3"
"95","Malus fusca","Plantae","Match","1"
"96","Mitella caulescens","Plantae","Match","1"
"97","Nemophila parviflora","Plantae","Match","1"
"98","Neottia cordata","Plantae","ITIS Match","1"
"99","Oemleria cerasiformis","Plantae","Match","1"
"100","Oplopanax horridus","Plantae","Match","1"
"101","Ornithogalum umbellatum","Plantae","No Match","1"
"102","Orthocarpus imbricatus","Plantae","Match","1"
"103","Osmorhiza berteroi","Plantae","Match","2"
"104","Oxalis oregana","Plantae","Match","1"
"105","Paxistima myrsinites","Plantae","Match","1"
"106","Petasites frigidus","Plantae","Match","2"
"107","Phlox diffusa","Plantae","Match","1"
"108","Physocarpus capitatus","Plantae","Match","1"
"109","Picea sitchensis","Plantae","Match","2"
"110","Pinus monticola","Plantae","Match","1"
"111","Plagiomnium insigne","Plantae","No Match","1"
"112","Plantago maritima","Plantae","Match","1"
"113","Polypodium glycyrrhiza","Plantae","Match","2"
"114","Polystichum munitum","Plantae","Match","6"
"115","Polytrichum piliferum","Plantae","No Match","1"
"116","Prosartes hookeri","Plantae","ITIS Match","2"
"117","Pseudotsuga menziesii","Plantae","Match","1"
"118","Pteridium aquilinum","Plantae","Match","3"
"119","Ranunculus uncinatus","Plantae","Match","2"
"120","Rhizomnium glabrescens","Plantae","No Match","1"
"121","Rhododendron groenlandicum","Plantae","NPSpecies synonym match","1"
"122","Rhododendron macrophyllum","Plantae","Match","1"
"123","Rhytidiadelphus loreus","Plantae","No Match","1"
"124","Rhytidiadelphus triquetrus","Plantae","No Match","1"
"125","Ribes lacustre","Plantae","Match","1"
"126","Rosa gymnocarpa","Plantae","Match","2"
"127","Rosa nutkana","Plantae","Match","1"
"128","Rubus nivalis","Plantae","Match","1"
"129","Rubus parviflorus","Plantae","Match","4"
"130","Rubus pedatus","Plantae","Match","1"
"131","Rubus spectabilis","Plantae","Match","6"
"132","Rubus ursinus","Plantae","Match","1"
"133","Salix scouleriana","Plantae","Match","1"
"134","Sambucus racemosa","Plantae","Match","1"
"135","Scrophularia californica","Plantae","NPSpecies synonym match","1"
"136","Sphagnum squarrosum","Plantae","No Match","1"
"137","Streptopus amplexifolius","Plantae","Match","1"
"138","Streptopus lanceolatus","Plantae","Match","1"
"139","Struthiopteris spicant","Plantae","NPSpecies synonym match","2"
"140","Taraxacum officinale","Plantae","Match","1"
"141","Tellima grandiflora","Plantae","Match","3"
"142","Thuja plicata","Plantae","Match","3"
"143","Tiarella trifoliata","Plantae","Match","3"
"144","Tolmiea menziesii","Plantae","Match","2"
"145","Trillium ovatum","Plantae","Match","2"
"146","Tsuga heterophylla","Plantae","Match","5"
"147","Tsuga mertensiana","Plantae","Match","1"
"148","Urtica dioica","Plantae","Match","5"
"149","Vaccinium membranaceum","Plantae","Match","1"
"150","Vaccinium parvifolium","Plantae","Match","3"
"151","Vicia gigantea","Plantae","No Match","1"
"152","Viola adunca","Plantae","Match","1"
"153","Viola glabella","Plantae","Match","1"
"154","Thamnophis sirtalis","Reptilia","Match","1"
"155","Sphaerophorus globosus","Fungi","Table 4","1"
"156","Peltigera neopolydactyla","Fungi","Table 4","1"
"157","Anthopleura elegantissima","Animalia","Table 4","1"
"158","Cadlina luteomarginata","Mollusca","Table 4","1"
"159","Emerita analoga","Animalia","Table 4","1"
"160","Ariolimax columbianus","Mollusca","Table 4","13"
"161","Rostanga pulchra","Mollusca","Table 4","1"
"162","Dirona albolineata","Mollusca","Table 4","1"
"163","Cuthona divae","Mollusca","Table 4","1"
"164","Acanthodoris hudsoni","Mollusca","Table 4","1"
"165","Eubranchus rustyus","Mollusca","Table 4","1"
"166","Orienthella trilineata","Mollusca","Table 4","1"
"167","Hermissenda crassicornis","Mollusca","Table 4","3"
"168","Pugettia producta","Animalia","Table 4","1"
"169","Doto amyra","Mollusca","Table 4","1"
"170","Lobaria oregana","Fungi","Table 4","2"
"171","Bombus mixtus","Insecta","Table 4","3"
"172","Limacia cockerelli","Mollusca","Table 4","4"
"173","Aeolidia papillosa","Mollusca","Table 4","2"
"174","Nucella lamellosa","Mollusca","Table 4","1"
"175","Onchidoris muricata","Mollusca","Table 4","1"
"176","Calliostoma ligatum","Mollusca","Table 4","1"
"177","Geitodoris heathi","Mollusca","Table 4","1"
"178","Doris montereyensis","Mollusca","Table 4","1"
"179","Balanophyllia elegans","Animalia","Table 4","1"
"180","Urticina crassicornis","Animalia","Table 4","1"
"181","Monadenia fidelis","Mollusca","Table 4","1"
"182","Tegula funebralis","Mollusca","Table 4","1"
"183","Cucumaria miniata","Animalia","Table 4","1"
"184","Cadlina modesta","Mollusca","Table 4","1"
"185","Hypogymnia enteromorpha","Fungi","Table 4","1"
"186","Platismatia glauca","Fungi","Table 4","1"
"187","Bombus sitkensis","Insecta","Table 4","1"
"188","Dictyoptera simplicipes","Insecta","Table 4","1"
"189","Gyromitra esculenta","Fungi","Table 4","1"
"190","Fuligo septica","Protozoa","Table 4","1"
"191","Misumena vatia","Arachnida","Table 4","1"
"192","Lepas anatifera","Animalia","Table 4","1"
"193","Pollicipes polymerus","Animalia","Table 4","1"
"194","Harpaphe haydeniana","Animalia","Table 4","4"
"195","Vespericola columbianus","Mollusca","Table 4","3"
"196","Nereocystis luetkeana","Chromista","Table 4","2"
"197","Kepolydesmus anderisus","Animalia","Table 4","2"
"198","Bombus vosnesenskii","Insecta","Table 4","4"
"199","Apis mellifera","Insecta","Table 4","3"
"200","Elysia hedgpethi","Mollusca","Table 4","1"
"201","Diaulula odonoghuei","Mollusca","Table 4","2"
"202","Katharina tunicata","Mollusca","Table 4","1"
"203","Pycnopodia helianthoides","Animalia","Table 4","2"
"204","Henricia","Animalia","Table 4","1"
"205","Mopalia muscosa","Mollusca","Table 4","1"
"206","Pisaster ochraceus","Animalia","Table 4","2"
"207","Dermasterias imbricata","Animalia","Table 4","1"
"208","Bombus melanopygus","Insecta","Table 4","3"
"209","Hemigrapsus nudus","Animalia","Table 4","1"
"210","Leptasterias hexactis","Animalia","Table 4","2"
"211","Cryptochiton stelleri","Mollusca","Table 4","1"
"212","Macrocystis pyrifera","Chromista","Table 4","1"
"213","Smerinthus ophthalmica","Insecta","Table 4","7"
"214","Lophocampa maculata","Insecta","Table 4","1"
