"","Iconic.taxon.name","Scientific.name","Common.name"
"1","Animalia","Anthopleura elegantissima","Aggregating Anemone"
"2","Animalia","Balanophyllia elegans","Orange Cup Coral"
"3","Animalia","Cucumaria miniata","Orange Sea Cucumber"
"4","Animalia","Dermasterias imbricata","Leather Star"
"5","Animalia","Emerita analoga","Pacific Sand Crab"
"6","Animalia","Harpaphe haydeniana","Yellow-spotted Millipede"
"7","Animalia","Hemigrapsus nudus","Purple Shore Crab"
"8","Animalia","Henricia","Blood Stars"
"9","Animalia","Kepolydesmus anderisus",""
"10","Animalia","Lepas anatifera","Pelagic Gooseneck Barnacle"
"11","Animalia","Leptasterias hexactis","Six-rayed Star"
"12","Animalia","Pisaster ochraceus","Ochre Sea Star"
"13","Animalia","Pollicipes polymerus","Gooseneck Barnacle"
"14","Animalia","Pugettia producta","Northern Kelp Crab"
"15","Animalia","Pycnopodia helianthoides","Sunflower Sea Star"
"16","Animalia","Urticina crassicornis","Christmas Anemone"
"17","Arachnida","Misumena vatia","Goldenrod Crab Spider"
"18","Chromista","Macrocystis pyrifera","Giant Kelp"
"19","Chromista","Nereocystis luetkeana","Bull Kelp"
"20","Fungi","Gyromitra esculenta","False Morel"
"21","Fungi","Hypogymnia enteromorpha","Budding Tube Lichen"
"22","Fungi","Lobaria oregana","Lettuce Lichen"
"23","Fungi","Peltigera neopolydactyla","carpet pelt lichen"
"24","Fungi","Platismatia glauca","Varied Rag Lichen"
"25","Fungi","Sphaerophorus globosus","Globe Ball Lichen"
"26","Insecta","Apis mellifera","Western Honey Bee"
"27","Insecta","Bombus melanopygus","Black-tailed Bumble Bee"
"28","Insecta","Bombus mixtus","Fuzzy-Horned Bumble Bee"
"29","Insecta","Bombus sitkensis","Sitka Bumble Bee"
"30","Insecta","Bombus vosnesenskii","Yellow-faced Bumble Bee"
"31","Insecta","Dictyoptera simplicipes","Red Net-winged Beetle"
"32","Insecta","Lophocampa maculata","Spotted Tussock Moth"
"33","Insecta","Smerinthus ophthalmica",""
"34","Mollusca","Acanthodoris hudsoni","Hudson's Horned Dorid"
"35","Mollusca","Aeolidia papillosa","Common Grey Sea Slug"
"36","Mollusca","Ariolimax columbianus","Pacific Banana Slug"
"37","Mollusca","Cadlina luteomarginata","Yellow-edged Cadlina"
"38","Mollusca","Cadlina modesta","Modest Cadlina"
"39","Mollusca","Calliostoma ligatum","Blue-Ringed Top Snail"
"40","Mollusca","Cryptochiton stelleri","Gumboot Chiton"
"41","Mollusca","Cuthona divae","Rose-pink Cuthona"
"42","Mollusca","Diaulula odonoghuei","Spotted Leopard Dorid"
"43","Mollusca","Dirona albolineata","White-lined Dirona"
"44","Mollusca","Doris montereyensis","Monterey Doris"
"45","Mollusca","Doto amyra","Hammerhead Doto"
"46","Mollusca","Elysia hedgpethi","Hedgpeth's Sapsucker"
"47","Mollusca","Eubranchus rustyus","Homely Aeolid"
"48","Mollusca","Geitodoris heathi","Heath's Dorid"
"49","Mollusca","Hermissenda crassicornis","Thick-horned Nudibranch"
"50","Mollusca","Katharina tunicata","Black Leather Chiton"
"51","Mollusca","Limacia cockerelli","Cockerell's Dorid"
"52","Mollusca","Monadenia fidelis","Pacific Sideband"
"53","Mollusca","Mopalia muscosa","Mossy Chiton"
"54","Mollusca","Nucella lamellosa","Wrinkled Purple"
"55","Mollusca","Onchidoris muricata","Fuzzy Onchidoris"
"56","Mollusca","Orienthella trilineata","Three-lined Aeolid"
"57","Mollusca","Rostanga pulchra","Red Dorid"
"58","Mollusca","Tegula funebralis","Black Tegula"
"59","Mollusca","Vespericola columbianus","Northwest Hesperian"
"60","Protozoa","Fuligo septica","Dog Vomit Slime Mold"
