"","Scientific_name","Iconic_taxa","iNat_NPS_matches","iNat_NPSsynonym_matches","iNat_ITIS_synonym_matches","iNat_ITIS_nonsyn_matches","iNaturalist_URL"
"1","Ensatina eschscholtzii","Amphibia","TRUE","FALSE","FALSE","FALSE","http://www.inaturalist.org/observations/3412923"
"2","Ensatina eschscholtzii","Amphibia","TRUE","FALSE","FALSE","FALSE","http://www.inaturalist.org/observations/3257412"
"3","Ensatina eschscholtzii","Amphibia","TRUE","FALSE","FALSE","FALSE","http://www.inaturalist.org/observations/3257428"
"4","Ensatina eschscholtzii","Amphibia","TRUE","FALSE","FALSE","FALSE","http://www.inaturalist.org/observations/3257568"
"5","Ensatina eschscholtzii","Amphibia","TRUE","FALSE","FALSE","FALSE","http://www.inaturalist.org/observations/3257406"
"6","Plethodon vehiculum","Amphibia","TRUE","FALSE","FALSE","TRUE","http://www.inaturalist.org/observations/3412924"
"7","Plethodon vehiculum","Amphibia","TRUE","FALSE","FALSE","TRUE","http://www.inaturalist.org/observations/3262208"
"8","Plethodon vehiculum","Amphibia","TRUE","FALSE","FALSE","TRUE","http://www.inaturalist.org/observations/3257096"
"9","Plethodon vehiculum","Amphibia","TRUE","FALSE","FALSE","TRUE","http://www.inaturalist.org/observations/3257134"
"10","Plethodon vehiculum","Amphibia","TRUE","FALSE","FALSE","TRUE","http://www.inaturalist.org/observations/3257167"
"11","Plethodon vehiculum","Amphibia","TRUE","FALSE","FALSE","TRUE","http://www.inaturalist.org/observations/3257200"
"12","Plethodon vehiculum","Amphibia","TRUE","FALSE","FALSE","TRUE","http://www.inaturalist.org/observations/3257253"
"13","Plethodon vehiculum","Amphibia","TRUE","FALSE","FALSE","TRUE","http://www.inaturalist.org/observations/3257298"
"14","Plethodon vehiculum","Amphibia","TRUE","FALSE","FALSE","TRUE","http://www.inaturalist.org/observations/3257320"
"15","Rana aurora","Amphibia","TRUE","TRUE","FALSE","TRUE","http://www.inaturalist.org/observations/3258220"
"16","Rana aurora","Amphibia","TRUE","TRUE","FALSE","TRUE","http://www.inaturalist.org/observations/3256042"
"17","Rana aurora","Amphibia","TRUE","TRUE","FALSE","TRUE","http://www.inaturalist.org/observations/3256061"
"18","Rana aurora","Amphibia","TRUE","TRUE","FALSE","TRUE","http://www.inaturalist.org/observations/3256098"
"19","Rana aurora","Amphibia","TRUE","TRUE","FALSE","TRUE","http://www.inaturalist.org/observations/3256204"
"20","Rana aurora","Amphibia","TRUE","TRUE","FALSE","TRUE","http://www.inaturalist.org/observations/3256233"
"21","Rhyacotriton olympicus","Amphibia","TRUE","FALSE","FALSE","TRUE","http://www.inaturalist.org/observations/3302455"
"22","Anas platyrhynchos","Aves","TRUE","FALSE","FALSE","TRUE","http://www.inaturalist.org/observations/3412996"
"23","Anas platyrhynchos","Aves","TRUE","FALSE","FALSE","TRUE","http://www.inaturalist.org/observations/3258901"
"24","Dryobates villosus","Aves","FALSE","TRUE","FALSE","FALSE","http://www.inaturalist.org/observations/3319931"
"25","Haematopus bachmani","Aves","TRUE","FALSE","FALSE","TRUE","http://www.inaturalist.org/observations/3252782"
"26","Haliaeetus leucocephalus","Aves","TRUE","TRUE","FALSE","FALSE","http://www.inaturalist.org/observations/3266189"
"27","Junco hyemalis","Aves","TRUE","FALSE","FALSE","FALSE","http://www.inaturalist.org/observations/3234903"
"28","Larus hyperboreus","Aves","TRUE","FALSE","FALSE","FALSE","http://www.inaturalist.org/observations/3254005"
"29","Perisoreus canadensis","Aves","TRUE","TRUE","FALSE","FALSE","http://www.inaturalist.org/observations/3412868"
"30","Pipilo maculatus","Aves","TRUE","FALSE","FALSE","FALSE","http://www.inaturalist.org/observations/3234874"
"31","Strix varia","Aves","TRUE","FALSE","FALSE","TRUE","http://www.inaturalist.org/observations/3265441"
"32","Cervus canadensis","Mammalia","FALSE","FALSE","FALSE","FALSE","http://www.inaturalist.org/observations/3247097"
"33","Odocoileus hemionus","Mammalia","TRUE","FALSE","FALSE","FALSE","http://www.inaturalist.org/observations/3412611"
"34","Abies lasiocarpa","Plantae","TRUE","TRUE","FALSE","FALSE","http://www.inaturalist.org/observations/3412614"
"35","Acer circinatum","Plantae","TRUE","FALSE","FALSE","FALSE","http://www.inaturalist.org/observations/3451043"
"36","Acer circinatum","Plantae","TRUE","FALSE","FALSE","FALSE","http://www.inaturalist.org/observations/3262585"
"37","Acer circinatum","Plantae","TRUE","FALSE","FALSE","FALSE","http://www.inaturalist.org/observations/3229077"
"38","Acer macrophyllum","Plantae","TRUE","FALSE","FALSE","FALSE","http://www.inaturalist.org/observations/3340882"
"39","Acer macrophyllum","Plantae","TRUE","FALSE","FALSE","FALSE","http://www.inaturalist.org/observations/3258290"
"40","Acer macrophyllum","Plantae","TRUE","FALSE","FALSE","FALSE","http://www.inaturalist.org/observations/3235412"
"41","Achillea millefolium","Plantae","TRUE","TRUE","FALSE","TRUE","http://www.inaturalist.org/observations/3254934"
"42","Achillea millefolium","Plantae","TRUE","TRUE","FALSE","TRUE","http://www.inaturalist.org/observations/3232990"
"43","Achlys triphylla","Plantae","TRUE","TRUE","FALSE","TRUE","http://www.inaturalist.org/observations/3258846"
"44","Achlys triphylla","Plantae","TRUE","TRUE","FALSE","TRUE","http://www.inaturalist.org/observations/3258386"
"45","Achlys triphylla","Plantae","TRUE","TRUE","FALSE","TRUE","http://www.inaturalist.org/observations/3261992"
"46","Achlys triphylla","Plantae","TRUE","TRUE","FALSE","TRUE","http://www.inaturalist.org/observations/3256418"
"47","Achlys triphylla","Plantae","TRUE","TRUE","FALSE","TRUE","http://www.inaturalist.org/observations/3250751"
"48","Adenocaulon bicolor","Plantae","TRUE","FALSE","FALSE","FALSE","http://www.inaturalist.org/observations/3302402"
"49","Adenocaulon bicolor","Plantae","TRUE","FALSE","FALSE","FALSE","http://www.inaturalist.org/observations/3258033"
"50","Adenocaulon bicolor","Plantae","TRUE","FALSE","FALSE","FALSE","http://www.inaturalist.org/observations/3262643"
"51","Adenocaulon bicolor","Plantae","TRUE","FALSE","FALSE","FALSE","http://www.inaturalist.org/observations/3255262"
"52","Adiantum aleuticum","Plantae","TRUE","FALSE","FALSE","TRUE","http://www.inaturalist.org/observations/3255365"
"53","Adiantum aleuticum","Plantae","TRUE","FALSE","FALSE","TRUE","http://www.inaturalist.org/observations/3255358"
"54","Adiantum aleuticum","Plantae","TRUE","FALSE","FALSE","TRUE","http://www.inaturalist.org/observations/3255386"
"55","Adiantum aleuticum","Plantae","TRUE","FALSE","FALSE","TRUE","http://www.inaturalist.org/observations/3251766"
"56","Alnus alnobetula","Plantae","FALSE","FALSE","TRUE","FALSE","http://www.inaturalist.org/observations/3412616"
"57","Alnus rubra","Plantae","TRUE","FALSE","FALSE","TRUE","http://www.inaturalist.org/observations/3302407"
"58","Alnus rubra","Plantae","TRUE","FALSE","FALSE","TRUE","http://www.inaturalist.org/observations/3258342"
"59","Alnus rubra","Plantae","TRUE","FALSE","FALSE","TRUE","http://www.inaturalist.org/observations/3238689"
"60","Amelanchier alnifolia","Plantae","TRUE","TRUE","FALSE","FALSE","http://www.inaturalist.org/observations/3412830"
"61","Anaphalis margaritacea","Plantae","TRUE","TRUE","FALSE","TRUE","http://www.inaturalist.org/observations/3251844"
"62","Angelica lucida","Plantae","TRUE","FALSE","FALSE","TRUE","http://www.inaturalist.org/observations/3242062"
"63","Antitrichia curtipendula","Plantae","FALSE","FALSE","FALSE","FALSE","http://www.inaturalist.org/observations/3285250"
"64","Aquilegia formosa","Plantae","TRUE","TRUE","FALSE","FALSE","http://www.inaturalist.org/observations/3258808"
"65","Arbutus menziesii","Plantae","TRUE","FALSE","FALSE","FALSE","http://www.inaturalist.org/observations/3228956"
"66","Arctostaphylos columbiana","Plantae","TRUE","TRUE","FALSE","TRUE","http://www.inaturalist.org/observations/3351207"
"67","Argentina anserina","Plantae","FALSE","FALSE","FALSE","FALSE","http://www.inaturalist.org/observations/3253812"
"68","Artemisia suksdorfii","Plantae","TRUE","FALSE","FALSE","FALSE","http://www.inaturalist.org/observations/3241758"
"69","Asarum caudatum","Plantae","TRUE","FALSE","FALSE","TRUE","http://www.inaturalist.org/observations/3302431"
"70","Athyrium filix-femina","Plantae","TRUE","FALSE","FALSE","FALSE","http://www.inaturalist.org/observations/3255254"
"71","Athyrium filix-femina","Plantae","TRUE","FALSE","FALSE","FALSE","http://www.inaturalist.org/observations/3251919"
"72","Bellis perennis","Plantae","TRUE","FALSE","FALSE","FALSE","http://www.inaturalist.org/observations/3302468"
"73","Bellis perennis","Plantae","TRUE","FALSE","FALSE","FALSE","http://www.inaturalist.org/observations/3252828"
"74","Berberis nervosa","Plantae","FALSE","TRUE","FALSE","TRUE","http://www.inaturalist.org/observations/3302442"
"75","Bromus vulgaris","Plantae","TRUE","TRUE","FALSE","TRUE","http://www.inaturalist.org/observations/3302464"
"76","Buckiella undulata","Plantae","FALSE","FALSE","FALSE","FALSE","http://www.inaturalist.org/observations/3302447"
"77","Caltha leptosepala","Plantae","TRUE","TRUE","FALSE","TRUE","http://www.inaturalist.org/observations/3412613"
"78","Caltha leptosepala","Plantae","TRUE","TRUE","FALSE","TRUE","http://www.inaturalist.org/observations/3258257"
"79","Carex nigricans","Plantae","TRUE","FALSE","FALSE","FALSE","http://www.inaturalist.org/observations/3412744"
"80","Carex obnupta","Plantae","TRUE","FALSE","FALSE","TRUE","http://www.inaturalist.org/observations/3283095"
"81","Cerastium arvense","Plantae","TRUE","TRUE","FALSE","FALSE","http://www.inaturalist.org/observations/3351212"
"82","Cerastium arvense","Plantae","TRUE","TRUE","FALSE","FALSE","http://www.inaturalist.org/observations/3260651"
"83","Chondracanthus exasperatus","Plantae","FALSE","FALSE","FALSE","FALSE","http://www.inaturalist.org/observations/3256324"
"84","Circaea alpina","Plantae","TRUE","TRUE","FALSE","FALSE","http://www.inaturalist.org/observations/3255266"
"85","Claytonia lanceolata","Plantae","TRUE","FALSE","FALSE","TRUE","http://www.inaturalist.org/observations/3412746"
"86","Claytonia sibirica","Plantae","TRUE","FALSE","FALSE","TRUE","http://www.inaturalist.org/observations/3302412"
"87","Claytonia sibirica","Plantae","TRUE","FALSE","FALSE","TRUE","http://www.inaturalist.org/observations/3253185"
"88","Claytonia sibirica","Plantae","TRUE","FALSE","FALSE","TRUE","http://www.inaturalist.org/observations/3253059"
"89","Clintonia uniflora","Plantae","TRUE","FALSE","FALSE","TRUE","http://www.inaturalist.org/observations/3302440"
"90","Codium setchellii","Plantae","FALSE","FALSE","FALSE","FALSE","http://www.inaturalist.org/observations/3277954"
"91","Collinsia parviflora","Plantae","TRUE","FALSE","FALSE","TRUE","http://www.inaturalist.org/observations/3351208"
"92","Collomia heterophylla","Plantae","TRUE","FALSE","FALSE","FALSE","http://www.inaturalist.org/observations/3302463"
"93","Corallorhiza maculata","Plantae","FALSE","FALSE","FALSE","FALSE","http://www.inaturalist.org/observations/3302461"
"94","Corallorhiza maculata","Plantae","FALSE","FALSE","FALSE","FALSE","http://www.inaturalist.org/observations/3258787"
"95","Cornus sericea","Plantae","TRUE","FALSE","FALSE","FALSE","http://www.inaturalist.org/observations/3451045"
"96","Corylus cornuta","Plantae","TRUE","FALSE","FALSE","FALSE","http://www.inaturalist.org/observations/3258347"
"97","Cupressus nootkatensis","Plantae","FALSE","FALSE","FALSE","FALSE","http://www.inaturalist.org/observations/3412615"
"98","Cytisus scoparius","Plantae","TRUE","FALSE","FALSE","TRUE","http://www.inaturalist.org/observations/3412994"
"99","Dactylis glomerata","Plantae","TRUE","TRUE","FALSE","FALSE","http://www.inaturalist.org/observations/3351210"
"100","Dactylis glomerata","Plantae","TRUE","TRUE","FALSE","FALSE","http://www.inaturalist.org/observations/3252675"
"101","Delphinium glareosum","Plantae","TRUE","TRUE","FALSE","TRUE","http://www.inaturalist.org/observations/3412621"
"102","Dicentra formosa","Plantae","TRUE","FALSE","FALSE","FALSE","http://www.inaturalist.org/observations/3340827"
"103","Dicentra formosa","Plantae","TRUE","FALSE","FALSE","FALSE","http://www.inaturalist.org/observations/3254443"
"104","Dicentra formosa","Plantae","TRUE","FALSE","FALSE","FALSE","http://www.inaturalist.org/observations/3234960"
"105","Dicranum fuscescens","Plantae","FALSE","FALSE","FALSE","FALSE","http://www.inaturalist.org/observations/3302445"
"106","Digitalis purpurea","Plantae","TRUE","FALSE","FALSE","TRUE","http://www.inaturalist.org/observations/3254006"
"107","Douglasia laevigata","Plantae","TRUE","TRUE","FALSE","FALSE","http://www.inaturalist.org/observations/3412829"
"108","Dryopteris expansa","Plantae","TRUE","FALSE","FALSE","TRUE","http://www.inaturalist.org/observations/3258324"
"109","Equisetum telmateia","Plantae","TRUE","FALSE","FALSE","FALSE","http://www.inaturalist.org/observations/3340829"
"110","Equisetum telmateia","Plantae","TRUE","FALSE","FALSE","FALSE","http://www.inaturalist.org/observations/3256156"
"111","Eremogone capillaris","Plantae","FALSE","FALSE","FALSE","FALSE","http://www.inaturalist.org/observations/3412831"
"112","Erythronium grandiflorum","Plantae","TRUE","TRUE","FALSE","FALSE","http://www.inaturalist.org/observations/3412747"
"113","Erythronium montanum","Plantae","TRUE","FALSE","FALSE","FALSE","http://www.inaturalist.org/observations/3412866"
"114","Fragaria chiloensis","Plantae","TRUE","FALSE","FALSE","FALSE","http://www.inaturalist.org/observations/3277751"
"115","Fragaria virginiana","Plantae","TRUE","FALSE","FALSE","FALSE","http://www.inaturalist.org/observations/3351209"
"116","Fritillaria affinis","Plantae","TRUE","FALSE","FALSE","FALSE","http://www.inaturalist.org/observations/3412620"
"117","Galium aparine","Plantae","TRUE","FALSE","FALSE","TRUE","http://www.inaturalist.org/observations/3258013"
"118","Gaultheria shallon","Plantae","TRUE","FALSE","FALSE","FALSE","http://www.inaturalist.org/observations/3302408"
"119","Gaultheria shallon","Plantae","TRUE","FALSE","FALSE","FALSE","http://www.inaturalist.org/observations/3258346"
"120","Gaultheria shallon","Plantae","TRUE","FALSE","FALSE","FALSE","http://www.inaturalist.org/observations/3258744"
"121","Gaultheria shallon","Plantae","TRUE","FALSE","FALSE","FALSE","http://www.inaturalist.org/observations/3256171"
"122","Gaultheria shallon","Plantae","TRUE","FALSE","FALSE","FALSE","http://www.inaturalist.org/observations/3257559"
"123","Gaultheria shallon","Plantae","TRUE","FALSE","FALSE","FALSE","http://www.inaturalist.org/observations/3228896"
"124","Geranium robertianum","Plantae","TRUE","FALSE","FALSE","FALSE","http://www.inaturalist.org/observations/3302437"
"125","Geranium robertianum","Plantae","TRUE","FALSE","FALSE","FALSE","http://www.inaturalist.org/observations/3258280"
"126","Geranium robertianum","Plantae","TRUE","FALSE","FALSE","FALSE","http://www.inaturalist.org/observations/3233913"
"127","Geum macrophyllum","Plantae","TRUE","TRUE","FALSE","FALSE","http://www.inaturalist.org/observations/3302451"
"128","Goodyera oblongifolia","Plantae","TRUE","FALSE","FALSE","TRUE","http://www.inaturalist.org/observations/3302432"
"129","Heracleum maximum","Plantae","FALSE","FALSE","FALSE","FALSE","http://www.inaturalist.org/observations/3340831"
"130","Heracleum maximum","Plantae","FALSE","FALSE","FALSE","FALSE","http://www.inaturalist.org/observations/3290594"
"131","Holodiscus discolor","Plantae","TRUE","TRUE","FALSE","FALSE","http://www.inaturalist.org/observations/3351204"
"132","Holodiscus discolor","Plantae","TRUE","TRUE","FALSE","FALSE","http://www.inaturalist.org/observations/3251502"
"133","Hydrophyllum tenuipes","Plantae","TRUE","FALSE","FALSE","TRUE","http://www.inaturalist.org/observations/3302441"
"134","Hydrophyllum tenuipes","Plantae","TRUE","FALSE","FALSE","TRUE","http://www.inaturalist.org/observations/3257791"
"135","Hydrophyllum tenuipes","Plantae","TRUE","FALSE","FALSE","TRUE","http://www.inaturalist.org/observations/3257804"
"136","Hydrophyllum tenuipes","Plantae","TRUE","FALSE","FALSE","TRUE","http://www.inaturalist.org/observations/3251653"
"137","Hylocomium splendens","Plantae","FALSE","FALSE","FALSE","FALSE","http://www.inaturalist.org/observations/3302401"
"138","Hylocomium splendens","Plantae","FALSE","FALSE","FALSE","FALSE","http://www.inaturalist.org/observations/3261179"
"139","Hylocomium splendens","Plantae","FALSE","FALSE","FALSE","FALSE","http://www.inaturalist.org/observations/3262628"
"140","Ilex aquifolium","Plantae","TRUE","FALSE","FALSE","FALSE","http://www.inaturalist.org/observations/3451041"
"141","Ilex aquifolium","Plantae","TRUE","FALSE","FALSE","FALSE","http://www.inaturalist.org/observations/3258320"
"142","Isothecium stoloniferum","Plantae","FALSE","FALSE","FALSE","FALSE","http://www.inaturalist.org/observations/3302400"
"143","Leucanthemum vulgare","Plantae","TRUE","FALSE","FALSE","TRUE","http://www.inaturalist.org/observations/3302469"
"144","Leucolepis acanthoneura","Plantae","FALSE","FALSE","FALSE","FALSE","http://www.inaturalist.org/observations/3302450"
"145","Leucolepis acanthoneura","Plantae","FALSE","FALSE","FALSE","FALSE","http://www.inaturalist.org/observations/3302403"
"146","Leymus mollis","Plantae","TRUE","FALSE","FALSE","FALSE","http://www.inaturalist.org/observations/3277900"
"147","Linnaea borealis","Plantae","TRUE","TRUE","FALSE","FALSE","http://www.inaturalist.org/observations/3302457"
"148","Linnaea borealis","Plantae","TRUE","TRUE","FALSE","FALSE","http://www.inaturalist.org/observations/3258914"
"149","Linnaea borealis","Plantae","TRUE","TRUE","FALSE","FALSE","http://www.inaturalist.org/observations/3257828"
"150","Lomatium martindalei","Plantae","TRUE","TRUE","FALSE","TRUE","http://www.inaturalist.org/observations/3412622"
"151","Lomatium nudicaule","Plantae","TRUE","FALSE","FALSE","TRUE","http://www.inaturalist.org/observations/3412825"
"152","Lonicera ciliosa","Plantae","TRUE","FALSE","FALSE","FALSE","http://www.inaturalist.org/observations/3351206"
"153","Lonicera ciliosa","Plantae","TRUE","FALSE","FALSE","FALSE","http://www.inaturalist.org/observations/3258338"
"154","Lonicera ciliosa","Plantae","TRUE","FALSE","FALSE","FALSE","http://www.inaturalist.org/observations/3235307"
"155","Lonicera involucrata","Plantae","TRUE","TRUE","FALSE","FALSE","http://www.inaturalist.org/observations/3252730"
"156","Luzula parviflora","Plantae","TRUE","TRUE","FALSE","FALSE","http://www.inaturalist.org/observations/3302414"
"157","Lysichiton americanus","Plantae","TRUE","FALSE","FALSE","TRUE","http://www.inaturalist.org/observations/3340883"
"158","Lysichiton americanus","Plantae","TRUE","FALSE","FALSE","TRUE","http://www.inaturalist.org/observations/3266086"
"159","Lysichiton americanus","Plantae","TRUE","FALSE","FALSE","TRUE","http://www.inaturalist.org/observations/3257381"
"160","Lysimachia latifolia","Plantae","FALSE","FALSE","FALSE","FALSE","http://www.inaturalist.org/observations/3302462"
"161","Lysimachia latifolia","Plantae","FALSE","FALSE","FALSE","FALSE","http://www.inaturalist.org/observations/3257762"
"162","Lysimachia latifolia","Plantae","FALSE","FALSE","FALSE","FALSE","http://www.inaturalist.org/observations/3257834"
"163","Lysimachia latifolia","Plantae","FALSE","FALSE","FALSE","FALSE","http://www.inaturalist.org/observations/3234980"
"164","Maianthemum dilatatum","Plantae","TRUE","FALSE","FALSE","TRUE","http://www.inaturalist.org/observations/3266141"
"165","Maianthemum dilatatum","Plantae","TRUE","FALSE","FALSE","TRUE","http://www.inaturalist.org/observations/3302424"
"166","Maianthemum dilatatum","Plantae","TRUE","FALSE","FALSE","TRUE","http://www.inaturalist.org/observations/3262076"
"167","Maianthemum racemosum","Plantae","TRUE","FALSE","FALSE","FALSE","http://www.inaturalist.org/observations/3258314"
"168","Maianthemum racemosum","Plantae","TRUE","FALSE","FALSE","FALSE","http://www.inaturalist.org/observations/3256333"
"169","Maianthemum racemosum","Plantae","TRUE","FALSE","FALSE","FALSE","http://www.inaturalist.org/observations/3256363"
"170","Malus fusca","Plantae","TRUE","FALSE","FALSE","TRUE","http://www.inaturalist.org/observations/3258343"
"171","Mitella caulescens","Plantae","TRUE","FALSE","FALSE","TRUE","http://www.inaturalist.org/observations/3302436"
"172","Nemophila parviflora","Plantae","TRUE","FALSE","FALSE","FALSE","http://www.inaturalist.org/observations/3451044"
"173","Neottia cordata","Plantae","FALSE","FALSE","FALSE","TRUE","http://www.inaturalist.org/observations/3302456"
"174","Oemleria cerasiformis","Plantae","TRUE","FALSE","FALSE","TRUE","http://www.inaturalist.org/observations/3252920"
"175","Oplopanax horridus","Plantae","TRUE","FALSE","FALSE","TRUE","http://www.inaturalist.org/observations/3253137"
"176","Ornithogalum umbellatum","Plantae","FALSE","FALSE","FALSE","FALSE","http://www.inaturalist.org/observations/3451040"
"177","Orthocarpus imbricatus","Plantae","TRUE","FALSE","FALSE","FALSE","http://www.inaturalist.org/observations/3412824"
"178","Osmorhiza berteroi","Plantae","TRUE","FALSE","FALSE","TRUE","http://www.inaturalist.org/observations/3302405"
"179","Osmorhiza berteroi","Plantae","TRUE","FALSE","FALSE","TRUE","http://www.inaturalist.org/observations/3252999"
"180","Oxalis oregana","Plantae","TRUE","FALSE","FALSE","TRUE","http://www.inaturalist.org/observations/3262150"
"181","Paxistima myrsinites","Plantae","TRUE","FALSE","FALSE","TRUE","http://www.inaturalist.org/observations/3412828"
"182","Petasites frigidus","Plantae","TRUE","FALSE","FALSE","FALSE","http://www.inaturalist.org/observations/3277797"
"183","Petasites frigidus","Plantae","TRUE","FALSE","FALSE","FALSE","http://www.inaturalist.org/observations/3302409"
"184","Phlox diffusa","Plantae","TRUE","FALSE","FALSE","FALSE","http://www.inaturalist.org/observations/3412833"
"185","Physocarpus capitatus","Plantae","TRUE","FALSE","FALSE","TRUE","http://www.inaturalist.org/observations/3412995"
"186","Picea sitchensis","Plantae","TRUE","FALSE","FALSE","TRUE","http://www.inaturalist.org/observations/3262571"
"187","Picea sitchensis","Plantae","TRUE","FALSE","FALSE","TRUE","http://www.inaturalist.org/observations/3252895"
"188","Pinus monticola","Plantae","TRUE","FALSE","FALSE","TRUE","http://www.inaturalist.org/observations/3412834"
"189","Plagiomnium insigne","Plantae","FALSE","FALSE","FALSE","FALSE","http://www.inaturalist.org/observations/3302449"
"190","Plantago maritima","Plantae","TRUE","FALSE","FALSE","FALSE","http://www.inaturalist.org/observations/3251675"
"191","Polypodium glycyrrhiza","Plantae","TRUE","FALSE","FALSE","TRUE","http://www.inaturalist.org/observations/3264775"
"192","Polypodium glycyrrhiza","Plantae","TRUE","FALSE","FALSE","TRUE","http://www.inaturalist.org/observations/3261998"
"193","Polystichum munitum","Plantae","TRUE","FALSE","FALSE","TRUE","http://www.inaturalist.org/observations/3302417"
"194","Polystichum munitum","Plantae","TRUE","FALSE","FALSE","TRUE","http://www.inaturalist.org/observations/3261987"
"195","Polystichum munitum","Plantae","TRUE","FALSE","FALSE","TRUE","http://www.inaturalist.org/observations/3258059"
"196","Polystichum munitum","Plantae","TRUE","FALSE","FALSE","TRUE","http://www.inaturalist.org/observations/3254992"
"197","Polystichum munitum","Plantae","TRUE","FALSE","FALSE","TRUE","http://www.inaturalist.org/observations/3252837"
"198","Polystichum munitum","Plantae","TRUE","FALSE","FALSE","TRUE","http://www.inaturalist.org/observations/3235189"
"199","Polytrichum piliferum","Plantae","FALSE","FALSE","FALSE","FALSE","http://www.inaturalist.org/observations/3412623"
"200","Prosartes hookeri","Plantae","FALSE","FALSE","FALSE","TRUE","http://www.inaturalist.org/observations/3258322"
"201","Prosartes hookeri","Plantae","FALSE","FALSE","FALSE","TRUE","http://www.inaturalist.org/observations/3258429"
"202","Pseudotsuga menziesii","Plantae","TRUE","TRUE","FALSE","FALSE","http://www.inaturalist.org/observations/3258286"
"203","Pteridium aquilinum","Plantae","TRUE","TRUE","FALSE","FALSE","http://www.inaturalist.org/observations/3268550"
"204","Pteridium aquilinum","Plantae","TRUE","TRUE","FALSE","FALSE","http://www.inaturalist.org/observations/3302420"
"205","Pteridium aquilinum","Plantae","TRUE","TRUE","FALSE","FALSE","http://www.inaturalist.org/observations/3228912"
"206","Ranunculus uncinatus","Plantae","TRUE","FALSE","FALSE","TRUE","http://www.inaturalist.org/observations/3302425"
"207","Ranunculus uncinatus","Plantae","TRUE","FALSE","FALSE","TRUE","http://www.inaturalist.org/observations/3258650"
"208","Rhizomnium glabrescens","Plantae","FALSE","FALSE","FALSE","FALSE","http://www.inaturalist.org/observations/3302448"
"209","Rhododendron groenlandicum","Plantae","FALSE","TRUE","FALSE","TRUE","http://www.inaturalist.org/observations/3291812"
"210","Rhododendron macrophyllum","Plantae","TRUE","FALSE","FALSE","TRUE","http://www.inaturalist.org/observations/3229025"
"211","Rhytidiadelphus loreus","Plantae","FALSE","FALSE","FALSE","FALSE","http://www.inaturalist.org/observations/3302446"
"212","Rhytidiadelphus triquetrus","Plantae","FALSE","FALSE","FALSE","FALSE","http://www.inaturalist.org/observations/3302399"
"213","Ribes lacustre","Plantae","TRUE","FALSE","FALSE","TRUE","http://www.inaturalist.org/observations/3258323"
"214","Rosa gymnocarpa","Plantae","TRUE","TRUE","FALSE","FALSE","http://www.inaturalist.org/observations/3302416"
"215","Rosa gymnocarpa","Plantae","TRUE","TRUE","FALSE","FALSE","http://www.inaturalist.org/observations/3251572"
"216","Rosa nutkana","Plantae","TRUE","FALSE","FALSE","FALSE","http://www.inaturalist.org/observations/3232794"
"217","Rubus nivalis","Plantae","TRUE","FALSE","FALSE","TRUE","http://www.inaturalist.org/observations/3302433"
"218","Rubus parviflorus","Plantae","TRUE","TRUE","FALSE","TRUE","http://www.inaturalist.org/observations/3278130"
"219","Rubus parviflorus","Plantae","TRUE","TRUE","FALSE","TRUE","http://www.inaturalist.org/observations/3258319"
"220","Rubus parviflorus","Plantae","TRUE","TRUE","FALSE","TRUE","http://www.inaturalist.org/observations/3251465"
"221","Rubus parviflorus","Plantae","TRUE","TRUE","FALSE","TRUE","http://www.inaturalist.org/observations/3228968"
"222","Rubus pedatus","Plantae","TRUE","FALSE","FALSE","TRUE","http://www.inaturalist.org/observations/3262639"
"223","Rubus spectabilis","Plantae","TRUE","TRUE","FALSE","TRUE","http://www.inaturalist.org/observations/3302411"
"224","Rubus spectabilis","Plantae","TRUE","TRUE","FALSE","TRUE","http://www.inaturalist.org/observations/3302426"
"225","Rubus spectabilis","Plantae","TRUE","TRUE","FALSE","TRUE","http://www.inaturalist.org/observations/3258328"
"226","Rubus spectabilis","Plantae","TRUE","TRUE","FALSE","TRUE","http://www.inaturalist.org/observations/3262636"
"227","Rubus spectabilis","Plantae","TRUE","TRUE","FALSE","TRUE","http://www.inaturalist.org/observations/3255146"
"228","Rubus spectabilis","Plantae","TRUE","TRUE","FALSE","TRUE","http://www.inaturalist.org/observations/3252001"
"229","Rubus ursinus","Plantae","TRUE","FALSE","FALSE","TRUE","http://www.inaturalist.org/observations/3232835"
"230","Salix scouleriana","Plantae","TRUE","FALSE","FALSE","TRUE","http://www.inaturalist.org/observations/3258335"
"231","Sambucus racemosa","Plantae","TRUE","TRUE","FALSE","FALSE","http://www.inaturalist.org/observations/3255741"
"232","Scrophularia californica","Plantae","FALSE","TRUE","FALSE","TRUE","http://www.inaturalist.org/observations/3265085"
"233","Sphagnum squarrosum","Plantae","FALSE","FALSE","FALSE","FALSE","http://www.inaturalist.org/observations/3258369"
"234","Streptopus amplexifolius","Plantae","TRUE","TRUE","FALSE","TRUE","http://www.inaturalist.org/observations/3256217"
"235","Streptopus lanceolatus","Plantae","TRUE","FALSE","FALSE","FALSE","http://www.inaturalist.org/observations/3302454"
"236","Struthiopteris spicant","Plantae","FALSE","TRUE","TRUE","FALSE","http://www.inaturalist.org/observations/3266083"
"237","Struthiopteris spicant","Plantae","FALSE","TRUE","TRUE","FALSE","http://www.inaturalist.org/observations/3262618"
"238","Taraxacum officinale","Plantae","TRUE","FALSE","FALSE","TRUE","http://www.inaturalist.org/observations/3302470"
"239","Tellima grandiflora","Plantae","TRUE","FALSE","FALSE","TRUE","http://www.inaturalist.org/observations/3277876"
"240","Tellima grandiflora","Plantae","TRUE","FALSE","FALSE","TRUE","http://www.inaturalist.org/observations/3258297"
"241","Tellima grandiflora","Plantae","TRUE","FALSE","FALSE","TRUE","http://www.inaturalist.org/observations/3234926"
"242","Thuja plicata","Plantae","TRUE","FALSE","FALSE","FALSE","http://www.inaturalist.org/observations/3266088"
"243","Thuja plicata","Plantae","TRUE","FALSE","FALSE","FALSE","http://www.inaturalist.org/observations/3302418"
"244","Thuja plicata","Plantae","TRUE","FALSE","FALSE","FALSE","http://www.inaturalist.org/observations/3258284"
"245","Tiarella trifoliata","Plantae","TRUE","FALSE","FALSE","FALSE","http://www.inaturalist.org/observations/3302435"
"246","Tiarella trifoliata","Plantae","TRUE","FALSE","FALSE","FALSE","http://www.inaturalist.org/observations/3262590"
"247","Tiarella trifoliata","Plantae","TRUE","FALSE","FALSE","FALSE","http://www.inaturalist.org/observations/3257549"
"248","Tolmiea menziesii","Plantae","TRUE","FALSE","FALSE","TRUE","http://www.inaturalist.org/observations/3340826"
"249","Tolmiea menziesii","Plantae","TRUE","FALSE","FALSE","TRUE","http://www.inaturalist.org/observations/3258030"
"250","Trillium ovatum","Plantae","TRUE","TRUE","FALSE","FALSE","http://www.inaturalist.org/observations/3302443"
"251","Trillium ovatum","Plantae","TRUE","TRUE","FALSE","FALSE","http://www.inaturalist.org/observations/3257817"
"252","Tsuga heterophylla","Plantae","TRUE","FALSE","FALSE","TRUE","http://www.inaturalist.org/observations/3268546"
"253","Tsuga heterophylla","Plantae","TRUE","FALSE","FALSE","TRUE","http://www.inaturalist.org/observations/3277737"
"254","Tsuga heterophylla","Plantae","TRUE","FALSE","FALSE","TRUE","http://www.inaturalist.org/observations/3302423"
"255","Tsuga heterophylla","Plantae","TRUE","FALSE","FALSE","TRUE","http://www.inaturalist.org/observations/3258318"
"256","Tsuga heterophylla","Plantae","TRUE","FALSE","FALSE","TRUE","http://www.inaturalist.org/observations/3257617"
"257","Tsuga mertensiana","Plantae","TRUE","FALSE","FALSE","TRUE","http://www.inaturalist.org/observations/3412867"
"258","Urtica dioica","Plantae","TRUE","FALSE","FALSE","FALSE","http://www.inaturalist.org/observations/3340828"
"259","Urtica dioica","Plantae","TRUE","FALSE","FALSE","FALSE","http://www.inaturalist.org/observations/3258299"
"260","Urtica dioica","Plantae","TRUE","FALSE","FALSE","FALSE","http://www.inaturalist.org/observations/3257995"
"261","Urtica dioica","Plantae","TRUE","FALSE","FALSE","FALSE","http://www.inaturalist.org/observations/3258029"
"262","Urtica dioica","Plantae","TRUE","FALSE","FALSE","FALSE","http://www.inaturalist.org/observations/3235210"
"263","Vaccinium membranaceum","Plantae","TRUE","FALSE","FALSE","TRUE","http://www.inaturalist.org/observations/3412610"
"264","Vaccinium parvifolium","Plantae","TRUE","FALSE","FALSE","FALSE","http://www.inaturalist.org/observations/3302458"
"265","Vaccinium parvifolium","Plantae","TRUE","FALSE","FALSE","FALSE","http://www.inaturalist.org/observations/3258315"
"266","Vaccinium parvifolium","Plantae","TRUE","FALSE","FALSE","FALSE","http://www.inaturalist.org/observations/3257496"
"267","Vicia gigantea","Plantae","FALSE","FALSE","FALSE","FALSE","http://www.inaturalist.org/observations/3251884"
"268","Viola adunca","Plantae","TRUE","TRUE","FALSE","FALSE","http://www.inaturalist.org/observations/3412745"
"269","Viola glabella","Plantae","TRUE","FALSE","FALSE","TRUE","http://www.inaturalist.org/observations/3302422"
"270","Thamnophis sirtalis","Reptilia","TRUE","TRUE","FALSE","TRUE","http://www.inaturalist.org/observations/3262242"
