"","Iconic_taxa","Scientific_name","Occurences in BISON","Invasive.Record"
"1","Amphibia","Anaxyrus americanus","VT 485; NC 282; IN 179; OK 1251; TN 213; ME 93; PE CAN 16; AL 48; AR 660; SC 36; NE 13; ON CAN 2641; WV 129; MB CAN 173; MA 227; CO 2; QC CAN 870; MO 497; ND 19; WI 327; NY 790; RI 67; DC 28; KY 384; SD 45; MN 313; KS 735; NL CAN 36; DE 24; FL 2; NJ 94; MI 527; NB CAN 412; PA 332; MS 169; IA 152; NU CAN 2; IL 320; NS CAN 139; TX 83; CT 294; NH 126; LA 39; OH 553; GA 189; NT CAN 1; VA 821; MD 366","No"
"2","Plantae","Andersonglossum virginianum","NC 5; DC 3; IN 1; TN 6; OK 1; FL 10; AL 2; AR 8; NJ 9; SC 1; PA 4; ON CAN 1; MS 4; MO 1; LA 2; GA 6; VA 3; ND 1; WI 1","No"
"3","Plantae","Arenaria serpyllifolia","NC 65; IN 86; WY 4; BC CAN 4; PE CAN 1; UT 5; AZ 1; MT 19; KY 29; KS 94; CA 43; FL 43; DE 5; PA 69; MS 7; IA 4; TX 55; IL 49; NS CAN 8; CT 64; GA 10; VA 123; MD 27; ID 28; OR 50; VT 8; TN 46; OK 25; ME 3; AL 26; AR 30; SC 36; WA 34; NE 5; ON CAN 72; WV 24; MA 30; MO 129; QC CAN 7; WI 35; NV 1; NY 115; DC 11; RI 7; HI 19; MN 3; NJ 43; MI 128; NB CAN 2; NM 1; NH 2; LA 35; OH 56","Yes"
"4","Plantae","Erigeron philadelphicus","NC 56; IN 132; WY 7; BC CAN 77; SK CAN 7; YT CAN 8; AB CAN 61; MT 31; KY 105; CA 788; KS 219; FL 31; DE 7; PA 112; MS 95; IA 37; IL 197; TX 178; CT 85; GA 29; VA 133; MD 102; ID 12; OR 171; VT 128; TN 84; OK 63; ME 51; AL 69; AR 78; WA 108; SC 32; NE 49; ON CAN 159; WV 65; MB CAN 28; MA 69; CO 20; MO 262; QC CAN 114; ND 43; WI 151; NV 13; NY 170; DC 20; SD 41; MN 123; NL CAN 2; NJ 80; MI 227; NB CAN 19; NM 35; NH 47; LA 131; OH 151; NT CAN 6","No"
"5","Plantae","Geranium carolinianum","NC 181; IN 117; WY 11; BC CAN 12; SK CAN 4; UT 8; AB CAN 2; AZ 61; MT 20; KY 88; CA 634; KS 307; FL 237; DE 10; PA 46; MS 86; IA 11; TX 469; IL 108; CT 61; GA 62; VA 164; MD 57; ID 25; OR 60; VT 3; TN 88; OK 83; ME 5; AL 67; AR 89; SC 141; WA 55; NE 13; WV 41; ON CAN 19; MB CAN 8; MA 20; CO 2; MO 276; QC CAN 4; AK 1; ND 9; WI 16; NV 13; NY 59; DC 26; RI 5; SD 24; MN 27; NJ 52; MI 33; NM 3; NH 4; LA 189; OH 47","Yes"
"6","Plantae","Lamium amplexicaule","NC 216; IN 63; WY 3; BC CAN 12; UT 23; YT CAN 2; AB CAN 3; AZ 83; MT 25; KY 78; CA 949; KS 458; FL 87; DE 7; PA 77; MS 52; IA 7; TX 733; IL 144; NS CAN 3; CT 69; GA 47; VA 222; MD 108; ID 27; OR 61; VT 7; TN 97; OK 77; ME 10; AL 112; AR 103; SC 124; WA 46; NE 39; WV 36; ON CAN 17; MA 163; CO 46; MO 438; QC CAN 6; AK 1; ND 3; WI 11; NV 6; NY 191; DC 41; RI 11; HI 3; SD 2; MN 3; NJ 153; MI 54; NM 15; NH 3; LA 152; OH 85; NT CAN 1","Yes"
"7","Plantae","Nuphar advena","NC 20; VT 4; IN 40; ME 14; OK 4; TN 3; AL 4; AR 4; SC 56; ON CAN 5; WV 2; MA 3; MO 20; QC CAN 2; WI 13; NY 23; DC 4; KY 2; SD 1; MN 1; KS 3; FL 144; DE 6; NJ 34; PA 28; MI 24; NB CAN 1; MS 1; TX 54; IL 20; CT 9; LA 11; OH 38; GA 6; VA 98; MD 50","No"
"8","Plantae","Pilosella caespitosa","VT 43; NC 10; OR 2; ME 4; TN 3; BC CAN 1; PE CAN 1; SC 1; WA 1; ON CAN 33; WV 4; MA 3; QC CAN 10; AK 1; AB CAN 8; WI 44; NY 9; MN 10; NL CAN 1; NJ 12; MI 9; PA 8; NB CAN 8; IL 12; NS CAN 2; CT 8; NH 4; OH 17; VA 6; MD 1","No"
"9","Plantae","Potentilla indica","NC 221; OR 3; VT 2; IN 8; TN 68; OK 14; AL 28; AR 10; SC 32; WA 1; NE 3; WV 23; ON CAN 15; MA 6; CO 1; MO 24; WI 4; NY 67; DC 55; KY 22; MN 1; CA 106; KS 4; DE 13; FL 8; NJ 134; PA 56; MI 11; MS 9; TX 120; IL 63; CT 9; LA 47; OH 76; GA 18; MD 217; VA 158","Yes"
"10","Plantae","Sisyrinchium angustifolium","NC 178; IN 96; WY 9; BC CAN 3; SK CAN 1; PE CAN 2; YT CAN 3; AB CAN 5; MT 4; KY 85; KS 59; CA 2; FL 326; DE 7; PA 92; MS 38; IA 17; IL 108; TX 59; NS CAN 47; CT 94; GA 42; VA 233; MD 55; ID 2; VT 34; OR 12; TN 90; OK 60; ME 16; AL 53; AR 69; SC 99; WA 5; NE 4; WV 67; ON CAN 20; MB CAN 1; MA 41; CO 7; MO 204; QC CAN 40; AK 4; ND 1; WI 27; NY 121; DC 20; RI 7; SD 4; MN 6; NJ 26; MI 63; NB CAN 5; NH 7; LA 113; OH 114; NT CAN 1","No"
"11","Plantae","Thlaspi arvense","NC 44; IN 61; WY 56; BC CAN 68; SK CAN 33; PE CAN 5; UT 48; YT CAN 25; AB CAN 91; AZ 9; MT 210; KY 31; KS 316; CA 188; FL 7; PA 57; IA 19; MS 2; IL 165; NS CAN 34; TX 5; CT 91; GA 8; VA 80; MD 22; ID 118; OR 96; VT 22; ME 36; TN 29; OK 5; AL 1; AR 17; WA 46; SC 9; NE 57; ON CAN 108; WV 23; MB CAN 44; CO 301; MA 80; MO 279; QC CAN 202; AK 71; ND 53; WI 106; NV 96; NY 93; RI 13; DC 6; SD 41; MN 68; NL CAN 5; NJ 49; MI 78; NB CAN 23; NU CAN 1; NM 21; NH 24; LA 23; OH 52; NT CAN 66","Yes"
"12","Reptilia","Pantherophis alleghaniensis","NC 306; VT 47; NY 40; DC 31; RI 9; TN 19; FL 1075; DE 17; AL 1; SC 91; NJ 39; PA 61; WV 12; MA 10; TX 1; CT 29; OH 7; GA 105; VA 267; MD 146","No"
