"","Scientific_name","Iconic_taxa","iNat_NPS_matches","iNat_NPSsynonym_matches","iNat_ITIS_synonym_matches","iNat_ITIS_nonsyn_matches","iNaturalist_URL"
"1","Acris crepitans","Amphibia","TRUE","TRUE","FALSE","TRUE","http://www.inaturalist.org/observations/3251163"
"2","Anaxyrus americanus","Amphibia","FALSE","FALSE","FALSE","FALSE","http://www.inaturalist.org/observations/3230425"
"3","Anaxyrus fowleri","Amphibia","FALSE","FALSE","FALSE","TRUE","http://www.inaturalist.org/observations/3235163"
"4","Anaxyrus fowleri","Amphibia","FALSE","FALSE","FALSE","TRUE","http://www.inaturalist.org/observations/3225332"
"5","Anas platyrhynchos","Aves","TRUE","FALSE","FALSE","TRUE","http://www.inaturalist.org/observations/3243814"
"6","Cathartes aura","Aves","TRUE","FALSE","FALSE","FALSE","http://www.inaturalist.org/observations/3305184"
"7","Hylocichla mustelina","Aves","TRUE","FALSE","FALSE","FALSE","http://www.inaturalist.org/observations/3305307"
"8","Meleagris gallopavo","Aves","TRUE","FALSE","FALSE","FALSE","http://www.inaturalist.org/observations/3251056"
"9","Myiarchus crinitus","Aves","TRUE","FALSE","FALSE","TRUE","http://www.inaturalist.org/observations/3305380"
"10","Poecile carolinensis","Aves","FALSE","FALSE","FALSE","TRUE","http://www.inaturalist.org/observations/3235179"
"11","Spizella pusilla","Aves","TRUE","FALSE","FALSE","FALSE","http://www.inaturalist.org/observations/3305498"
"12","Odocoileus virginianus","Mammalia","TRUE","TRUE","FALSE","TRUE","http://www.inaturalist.org/observations/3241713"
"13","Odocoileus virginianus","Mammalia","TRUE","TRUE","FALSE","TRUE","http://www.inaturalist.org/observations/3241876"
"14","Odocoileus virginianus","Mammalia","TRUE","TRUE","FALSE","TRUE","http://www.inaturalist.org/observations/3235171"
"15","Sciurus carolinensis","Mammalia","TRUE","FALSE","FALSE","FALSE","http://www.inaturalist.org/observations/3244065"
"16","Sciurus carolinensis","Mammalia","TRUE","FALSE","FALSE","FALSE","http://www.inaturalist.org/observations/3244031"
"17","Acer negundo","Plantae","TRUE","FALSE","FALSE","FALSE","http://www.inaturalist.org/observations/3243575"
"18","Acer negundo","Plantae","TRUE","FALSE","FALSE","FALSE","http://www.inaturalist.org/observations/3222855"
"19","Acer rubrum","Plantae","TRUE","FALSE","FALSE","FALSE","http://www.inaturalist.org/observations/3220307"
"20","Achillea millefolium","Plantae","TRUE","FALSE","FALSE","TRUE","http://www.inaturalist.org/observations/3245068"
"21","Achillea millefolium","Plantae","TRUE","FALSE","FALSE","TRUE","http://www.inaturalist.org/observations/3243630"
"22","Achillea millefolium","Plantae","TRUE","FALSE","FALSE","TRUE","http://www.inaturalist.org/observations/3227610"
"23","Alliaria petiolata","Plantae","TRUE","FALSE","FALSE","TRUE","http://www.inaturalist.org/observations/3305405"
"24","Andersonglossum virginianum","Plantae","FALSE","FALSE","FALSE","FALSE","http://www.inaturalist.org/observations/3305309"
"25","Andersonglossum virginianum","Plantae","FALSE","FALSE","FALSE","FALSE","http://www.inaturalist.org/observations/3305310"
"26","Andersonglossum virginianum","Plantae","FALSE","FALSE","FALSE","FALSE","http://www.inaturalist.org/observations/3227236"
"27","Andersonglossum virginianum","Plantae","FALSE","FALSE","FALSE","FALSE","http://www.inaturalist.org/observations/3232068"
"28","Antennaria plantaginifolia","Plantae","TRUE","TRUE","FALSE","TRUE","http://www.inaturalist.org/observations/3305363"
"29","Arenaria serpyllifolia","Plantae","FALSE","FALSE","FALSE","FALSE","http://www.inaturalist.org/observations/3305149"
"30","Arisaema triphyllum","Plantae","TRUE","FALSE","FALSE","TRUE","http://www.inaturalist.org/observations/3305452"
"31","Arisaema triphyllum","Plantae","TRUE","FALSE","FALSE","TRUE","http://www.inaturalist.org/observations/3222245"
"32","Asclepias incarnata","Plantae","TRUE","FALSE","FALSE","FALSE","http://www.inaturalist.org/observations/3243374"
"33","Asclepias syriaca","Plantae","TRUE","FALSE","FALSE","TRUE","http://www.inaturalist.org/observations/3252049"
"34","Asimina triloba","Plantae","TRUE","FALSE","FALSE","TRUE","http://www.inaturalist.org/observations/3225714"
"35","Asimina triloba","Plantae","TRUE","FALSE","FALSE","TRUE","http://www.inaturalist.org/observations/3223270"
"36","Asplenium platyneuron","Plantae","TRUE","FALSE","FALSE","TRUE","http://www.inaturalist.org/observations/3245546"
"37","Barbarea vulgaris","Plantae","TRUE","FALSE","FALSE","TRUE","http://www.inaturalist.org/observations/3305388"
"38","Berberis thunbergii","Plantae","TRUE","FALSE","FALSE","TRUE","http://www.inaturalist.org/observations/3246041"
"39","Carex lupulina","Plantae","TRUE","FALSE","FALSE","TRUE","http://www.inaturalist.org/observations/3242838"
"40","Cercis canadensis","Plantae","TRUE","TRUE","FALSE","FALSE","http://www.inaturalist.org/observations/3221528"
"41","Comandra umbellata","Plantae","TRUE","TRUE","FALSE","FALSE","http://www.inaturalist.org/observations/3305418"
"42","Comandra umbellata","Plantae","TRUE","TRUE","FALSE","FALSE","http://www.inaturalist.org/observations/3229318"
"43","Cornus florida","Plantae","TRUE","FALSE","FALSE","TRUE","http://www.inaturalist.org/observations/3305415"
"44","Dactylis glomerata","Plantae","TRUE","FALSE","FALSE","TRUE","http://www.inaturalist.org/observations/3246346"
"45","Diospyros virginiana","Plantae","TRUE","FALSE","FALSE","TRUE","http://www.inaturalist.org/observations/3248658"
"46","Erigeron philadelphicus","Plantae","FALSE","FALSE","FALSE","FALSE","http://www.inaturalist.org/observations/3305300"
"47","Erigeron philadelphicus","Plantae","FALSE","FALSE","FALSE","FALSE","http://www.inaturalist.org/observations/3305163"
"48","Erigeron philadelphicus","Plantae","FALSE","FALSE","FALSE","FALSE","http://www.inaturalist.org/observations/3227485"
"49","Erigeron philadelphicus","Plantae","FALSE","FALSE","FALSE","FALSE","http://www.inaturalist.org/observations/3232070"
"50","Galium aparine","Plantae","TRUE","FALSE","FALSE","TRUE","http://www.inaturalist.org/observations/3223034"
"51","Gamochaeta purpurea","Plantae","TRUE","FALSE","FALSE","TRUE","http://www.inaturalist.org/observations/3305155"
"52","Geranium carolinianum","Plantae","FALSE","FALSE","FALSE","FALSE","http://www.inaturalist.org/observations/3305157"
"53","Geranium carolinianum","Plantae","FALSE","FALSE","FALSE","FALSE","http://www.inaturalist.org/observations/3305164"
"54","Geranium carolinianum","Plantae","FALSE","FALSE","FALSE","FALSE","http://www.inaturalist.org/observations/3231984"
"55","Geranium carolinianum","Plantae","FALSE","FALSE","FALSE","FALSE","http://www.inaturalist.org/observations/3225306"
"56","Hieracium venosum","Plantae","TRUE","FALSE","FALSE","TRUE","http://www.inaturalist.org/observations/3305424"
"57","Hieracium venosum","Plantae","TRUE","FALSE","FALSE","TRUE","http://www.inaturalist.org/observations/3227096"
"58","Hieracium venosum","Plantae","TRUE","FALSE","FALSE","TRUE","http://www.inaturalist.org/observations/3220842"
"59","Houstonia purpurea","Plantae","TRUE","TRUE","FALSE","FALSE","http://www.inaturalist.org/observations/3305272"
"60","Houstonia purpurea","Plantae","TRUE","TRUE","FALSE","FALSE","http://www.inaturalist.org/observations/3305160"
"61","Houstonia purpurea","Plantae","TRUE","TRUE","FALSE","FALSE","http://www.inaturalist.org/observations/3231561"
"62","Houstonia purpurea","Plantae","TRUE","TRUE","FALSE","FALSE","http://www.inaturalist.org/observations/3225571"
"63","Hypoxis hirsuta","Plantae","TRUE","FALSE","FALSE","TRUE","http://www.inaturalist.org/observations/3227197"
"64","Hypoxis hirsuta","Plantae","TRUE","FALSE","FALSE","TRUE","http://www.inaturalist.org/observations/3232063"
"65","Iris versicolor","Plantae","TRUE","FALSE","FALSE","TRUE","http://www.inaturalist.org/observations/3305286"
"66","Iris versicolor","Plantae","TRUE","FALSE","FALSE","TRUE","http://www.inaturalist.org/observations/3232076"
"67","Juglans nigra","Plantae","TRUE","FALSE","FALSE","TRUE","http://www.inaturalist.org/observations/3248188"
"68","Juglans nigra","Plantae","TRUE","FALSE","FALSE","TRUE","http://www.inaturalist.org/observations/3221949"
"69","Juniperus virginiana","Plantae","TRUE","TRUE","FALSE","FALSE","http://www.inaturalist.org/observations/3244318"
"70","Juniperus virginiana","Plantae","TRUE","TRUE","FALSE","FALSE","http://www.inaturalist.org/observations/3221298"
"71","Krigia virginica","Plantae","TRUE","FALSE","FALSE","TRUE","http://www.inaturalist.org/observations/3305385"
"72","Lamium amplexicaule","Plantae","FALSE","FALSE","FALSE","FALSE","http://www.inaturalist.org/observations/3246688"
"73","Lamium purpureum","Plantae","TRUE","FALSE","FALSE","FALSE","http://www.inaturalist.org/observations/3247083"
"74","Lepidium campestre","Plantae","TRUE","FALSE","FALSE","TRUE","http://www.inaturalist.org/observations/3305447"
"75","Leucanthemum vulgare","Plantae","TRUE","FALSE","FALSE","TRUE","http://www.inaturalist.org/observations/3305295"
"76","Leucanthemum vulgare","Plantae","TRUE","FALSE","FALSE","TRUE","http://www.inaturalist.org/observations/3262003"
"77","Leucanthemum vulgare","Plantae","TRUE","FALSE","FALSE","TRUE","http://www.inaturalist.org/observations/3244894"
"78","Leucanthemum vulgare","Plantae","TRUE","FALSE","FALSE","TRUE","http://www.inaturalist.org/observations/3244321"
"79","Leucanthemum vulgare","Plantae","TRUE","FALSE","FALSE","TRUE","http://www.inaturalist.org/observations/3232074"
"80","Liriodendron tulipifera","Plantae","TRUE","FALSE","FALSE","FALSE","http://www.inaturalist.org/observations/3305315"
"81","Liriodendron tulipifera","Plantae","TRUE","FALSE","FALSE","FALSE","http://www.inaturalist.org/observations/3222930"
"82","Liriodendron tulipifera","Plantae","TRUE","FALSE","FALSE","FALSE","http://www.inaturalist.org/observations/3222984"
"83","Lonicera japonica","Plantae","TRUE","FALSE","FALSE","TRUE","http://www.inaturalist.org/observations/3242655"
"84","Maianthemum racemosum","Plantae","TRUE","TRUE","FALSE","FALSE","http://www.inaturalist.org/observations/3305140"
"85","Maianthemum racemosum","Plantae","TRUE","TRUE","FALSE","FALSE","http://www.inaturalist.org/observations/3226865"
"86","Maianthemum racemosum","Plantae","TRUE","TRUE","FALSE","FALSE","http://www.inaturalist.org/observations/3232052"
"87","Myosotis verna","Plantae","TRUE","FALSE","FALSE","TRUE","http://www.inaturalist.org/observations/3231910"
"88","Nuphar advena","Plantae","FALSE","FALSE","FALSE","FALSE","http://www.inaturalist.org/observations/3305489"
"89","Onoclea sensibilis","Plantae","TRUE","FALSE","FALSE","FALSE","http://www.inaturalist.org/observations/3223833"
"90","Oxalis stricta","Plantae","TRUE","FALSE","FALSE","TRUE","http://www.inaturalist.org/observations/3305450"
"91","Oxalis stricta","Plantae","TRUE","FALSE","FALSE","TRUE","http://www.inaturalist.org/observations/3305147"
"92","Oxalis violacea","Plantae","TRUE","FALSE","FALSE","TRUE","http://www.inaturalist.org/observations/3230745"
"93","Oxalis violacea","Plantae","TRUE","FALSE","FALSE","TRUE","http://www.inaturalist.org/observations/3231860"
"94","Oxalis violacea","Plantae","TRUE","FALSE","FALSE","TRUE","http://www.inaturalist.org/observations/3222266"
"95","Oxalis violacea","Plantae","TRUE","FALSE","FALSE","TRUE","http://www.inaturalist.org/observations/3223037"
"96","Packera anonyma","Plantae","FALSE","TRUE","FALSE","TRUE","http://www.inaturalist.org/observations/3305337"
"97","Parthenocissus quinquefolia","Plantae","TRUE","FALSE","FALSE","TRUE","http://www.inaturalist.org/observations/3243679"
"98","Pilosella caespitosa","Plantae","FALSE","FALSE","FALSE","FALSE","http://www.inaturalist.org/observations/3305165"
"99","Pilosella caespitosa","Plantae","FALSE","FALSE","FALSE","FALSE","http://www.inaturalist.org/observations/3231974"
"100","Pilosella caespitosa","Plantae","FALSE","FALSE","FALSE","FALSE","http://www.inaturalist.org/observations/3225289"
"101","Pinus virginiana","Plantae","TRUE","FALSE","FALSE","FALSE","http://www.inaturalist.org/observations/3224447"
"102","Platanus occidentalis","Plantae","TRUE","FALSE","FALSE","TRUE","http://www.inaturalist.org/observations/3250313"
"103","Platanus occidentalis","Plantae","TRUE","FALSE","FALSE","TRUE","http://www.inaturalist.org/observations/3225582"
"104","Platanus occidentalis","Plantae","TRUE","FALSE","FALSE","TRUE","http://www.inaturalist.org/observations/3221522"
"105","Podophyllum peltatum","Plantae","TRUE","FALSE","FALSE","FALSE","http://www.inaturalist.org/observations/3305397"
"106","Podophyllum peltatum","Plantae","TRUE","FALSE","FALSE","FALSE","http://www.inaturalist.org/observations/3242711"
"107","Podophyllum peltatum","Plantae","TRUE","FALSE","FALSE","FALSE","http://www.inaturalist.org/observations/3242720"
"108","Polygonatum biflorum","Plantae","TRUE","TRUE","FALSE","TRUE","http://www.inaturalist.org/observations/3305373"
"109","Potentilla canadensis","Plantae","TRUE","FALSE","FALSE","TRUE","http://www.inaturalist.org/observations/3305492"
"110","Potentilla indica","Plantae","FALSE","FALSE","FALSE","FALSE","http://www.inaturalist.org/observations/3251209"
"111","Potentilla simplex","Plantae","TRUE","FALSE","FALSE","TRUE","http://www.inaturalist.org/observations/3305451"
"112","Quercus alba","Plantae","TRUE","FALSE","FALSE","TRUE","http://www.inaturalist.org/observations/3243242"
"113","Quercus alba","Plantae","TRUE","FALSE","FALSE","TRUE","http://www.inaturalist.org/observations/3223965"
"114","Quercus palustris","Plantae","TRUE","FALSE","FALSE","FALSE","http://www.inaturalist.org/observations/3223749"
"115","Ranunculus bulbosus","Plantae","TRUE","FALSE","FALSE","TRUE","http://www.inaturalist.org/observations/3305438"
"116","Ranunculus recurvatus","Plantae","TRUE","FALSE","FALSE","FALSE","http://www.inaturalist.org/observations/3305322"
"117","Rosa multiflora","Plantae","TRUE","FALSE","FALSE","TRUE","http://www.inaturalist.org/observations/3305226"
"118","Rumex acetosella","Plantae","TRUE","FALSE","FALSE","TRUE","http://www.inaturalist.org/observations/3305402"
"119","Salvia lyrata","Plantae","TRUE","FALSE","FALSE","FALSE","http://www.inaturalist.org/observations/3305412"
"120","Salvia lyrata","Plantae","TRUE","FALSE","FALSE","FALSE","http://www.inaturalist.org/observations/3220778"
"121","Securigera varia","Plantae","FALSE","FALSE","FALSE","TRUE","http://www.inaturalist.org/observations/3246933"
"122","Securigera varia","Plantae","FALSE","FALSE","FALSE","TRUE","http://www.inaturalist.org/observations/3242670"
"123","Silene caroliniana","Plantae","TRUE","FALSE","FALSE","FALSE","http://www.inaturalist.org/observations/3305434"
"124","Sisyrinchium angustifolium","Plantae","FALSE","FALSE","FALSE","FALSE","http://www.inaturalist.org/observations/3305496"
"125","Taraxacum officinale","Plantae","TRUE","FALSE","FALSE","TRUE","http://www.inaturalist.org/observations/3305439"
"126","Thalictrum thalictroides","Plantae","TRUE","FALSE","FALSE","TRUE","http://www.inaturalist.org/observations/3305374"
"127","Thalictrum thalictroides","Plantae","TRUE","FALSE","FALSE","TRUE","http://www.inaturalist.org/observations/3305137"
"128","Thalictrum thalictroides","Plantae","TRUE","FALSE","FALSE","TRUE","http://www.inaturalist.org/observations/3232027"
"129","Thlaspi arvense","Plantae","FALSE","FALSE","FALSE","FALSE","http://www.inaturalist.org/observations/3305499"
"130","Toxicodendron radicans","Plantae","TRUE","FALSE","FALSE","FALSE","http://www.inaturalist.org/observations/3222746"
"131","Tragopogon dubius","Plantae","TRUE","FALSE","FALSE","TRUE","http://www.inaturalist.org/observations/3232012"
"132","Typha latifolia","Plantae","TRUE","FALSE","FALSE","FALSE","http://www.inaturalist.org/observations/3244859"
"133","Uvularia perfoliata","Plantae","TRUE","FALSE","FALSE","FALSE","http://www.inaturalist.org/observations/3305507"
"134","Vaccinium stamineum","Plantae","TRUE","FALSE","FALSE","TRUE","http://www.inaturalist.org/observations/3305417"
"135","Veronica arvensis","Plantae","TRUE","FALSE","FALSE","FALSE","http://www.inaturalist.org/observations/3305151"
"136","Veronica arvensis","Plantae","TRUE","FALSE","FALSE","FALSE","http://www.inaturalist.org/observations/3225716"
"137","Veronica arvensis","Plantae","TRUE","FALSE","FALSE","FALSE","http://www.inaturalist.org/observations/3231996"
"138","Veronica officinalis","Plantae","TRUE","FALSE","FALSE","FALSE","http://www.inaturalist.org/observations/3305258"
"139","Veronica officinalis","Plantae","TRUE","FALSE","FALSE","FALSE","http://www.inaturalist.org/observations/3231788"
"140","Vicia sativa","Plantae","TRUE","FALSE","FALSE","FALSE","http://www.inaturalist.org/observations/3305280"
"141","Vicia sativa","Plantae","TRUE","FALSE","FALSE","FALSE","http://www.inaturalist.org/observations/3245903"
"142","Vicia sativa","Plantae","TRUE","FALSE","FALSE","FALSE","http://www.inaturalist.org/observations/3228233"
"143","Vicia sativa","Plantae","TRUE","FALSE","FALSE","FALSE","http://www.inaturalist.org/observations/3232093"
"144","Viola sagittata","Plantae","TRUE","FALSE","FALSE","FALSE","http://www.inaturalist.org/observations/3305131"
"145","Chrysemys picta","Reptilia","TRUE","TRUE","FALSE","FALSE","http://www.inaturalist.org/observations/3225768"
"146","Heterodon platirhinos","Reptilia","TRUE","FALSE","FALSE","TRUE","http://www.inaturalist.org/observations/3305318"
"147","Heterodon platirhinos","Reptilia","TRUE","FALSE","FALSE","TRUE","http://www.inaturalist.org/observations/3232058"
"148","Pantherophis alleghaniensis","Reptilia","FALSE","FALSE","FALSE","FALSE","http://www.inaturalist.org/observations/3305187"
"149","Pantherophis alleghaniensis","Reptilia","FALSE","FALSE","FALSE","FALSE","http://www.inaturalist.org/observations/3224141"
