"","Scientific_name","Iconic_taxa","Match NPSpecies","iNaturalist_Entry_count"
"1","Acris crepitans","Amphibia","Match","1"
"2","Anaxyrus americanus","Amphibia","No Match","1"
"3","Anaxyrus fowleri","Amphibia","ITIS Match","2"
"4","Anas platyrhynchos","Aves","Match","1"
"5","Cathartes aura","Aves","Match","1"
"6","Hylocichla mustelina","Aves","Match","1"
"7","Meleagris gallopavo","Aves","Match","1"
"8","Myiarchus crinitus","Aves","Match","1"
"9","Poecile carolinensis","Aves","ITIS Match","1"
"10","Spizella pusilla","Aves","Match","1"
"11","Odocoileus virginianus","Mammalia","Match","3"
"12","Sciurus carolinensis","Mammalia","Match","2"
"13","Acer negundo","Plantae","Match","2"
"14","Acer rubrum","Plantae","Match","1"
"15","Achillea millefolium","Plantae","Match","3"
"16","Alliaria petiolata","Plantae","Match","1"
"17","Andersonglossum virginianum","Plantae","No Match","4"
"18","Antennaria plantaginifolia","Plantae","Match","1"
"19","Arenaria serpyllifolia","Plantae","No Match","1"
"20","Arisaema triphyllum","Plantae","Match","2"
"21","Asclepias incarnata","Plantae","Match","1"
"22","Asclepias syriaca","Plantae","Match","1"
"23","Asimina triloba","Plantae","Match","2"
"24","Asplenium platyneuron","Plantae","Match","1"
"25","Barbarea vulgaris","Plantae","Match","1"
"26","Berberis thunbergii","Plantae","Match","1"
"27","Carex lupulina","Plantae","Match","1"
"28","Cercis canadensis","Plantae","Match","1"
"29","Comandra umbellata","Plantae","Match","2"
"30","Cornus florida","Plantae","Match","1"
"31","Dactylis glomerata","Plantae","Match","1"
"32","Diospyros virginiana","Plantae","Match","1"
"33","Erigeron philadelphicus","Plantae","No Match","4"
"34","Galium aparine","Plantae","Match","1"
"35","Gamochaeta purpurea","Plantae","Match","1"
"36","Geranium carolinianum","Plantae","No Match","4"
"37","Hieracium venosum","Plantae","Match","3"
"38","Houstonia purpurea","Plantae","Match","4"
"39","Hypoxis hirsuta","Plantae","Match","2"
"40","Iris versicolor","Plantae","Match","2"
"41","Juglans nigra","Plantae","Match","2"
"42","Juniperus virginiana","Plantae","Match","2"
"43","Krigia virginica","Plantae","Match","1"
"44","Lamium amplexicaule","Plantae","No Match","1"
"45","Lamium purpureum","Plantae","Match","1"
"46","Lepidium campestre","Plantae","Match","1"
"47","Leucanthemum vulgare","Plantae","Match","5"
"48","Liriodendron tulipifera","Plantae","Match","3"
"49","Lonicera japonica","Plantae","Match","1"
"50","Maianthemum racemosum","Plantae","Match","3"
"51","Myosotis verna","Plantae","Match","1"
"52","Nuphar advena","Plantae","No Match","1"
"53","Onoclea sensibilis","Plantae","Match","1"
"54","Oxalis stricta","Plantae","Match","2"
"55","Oxalis violacea","Plantae","Match","4"
"56","Packera anonyma","Plantae","NPSpecies synonym match","1"
"57","Parthenocissus quinquefolia","Plantae","Match","1"
"58","Pilosella caespitosa","Plantae","No Match","3"
"59","Pinus virginiana","Plantae","Match","1"
"60","Platanus occidentalis","Plantae","Match","3"
"61","Podophyllum peltatum","Plantae","Match","3"
"62","Polygonatum biflorum","Plantae","Match","1"
"63","Potentilla canadensis","Plantae","Match","1"
"64","Potentilla indica","Plantae","No Match","1"
"65","Potentilla simplex","Plantae","Match","1"
"66","Quercus alba","Plantae","Match","2"
"67","Quercus palustris","Plantae","Match","1"
"68","Ranunculus bulbosus","Plantae","Match","1"
"69","Ranunculus recurvatus","Plantae","Match","1"
"70","Rosa multiflora","Plantae","Match","1"
"71","Rumex acetosella","Plantae","Match","1"
"72","Salvia lyrata","Plantae","Match","2"
"73","Securigera varia","Plantae","ITIS Match","2"
"74","Silene caroliniana","Plantae","Match","1"
"75","Sisyrinchium angustifolium","Plantae","No Match","1"
"76","Taraxacum officinale","Plantae","Match","1"
"77","Thalictrum thalictroides","Plantae","Match","3"
"78","Thlaspi arvense","Plantae","No Match","1"
"79","Toxicodendron radicans","Plantae","Match","1"
"80","Tragopogon dubius","Plantae","Match","1"
"81","Typha latifolia","Plantae","Match","1"
"82","Uvularia perfoliata","Plantae","Match","1"
"83","Vaccinium stamineum","Plantae","Match","1"
"84","Veronica arvensis","Plantae","Match","3"
"85","Veronica officinalis","Plantae","Match","2"
"86","Vicia sativa","Plantae","Match","4"
"87","Viola sagittata","Plantae","Match","1"
"88","Chrysemys picta","Reptilia","Match","1"
"89","Heterodon platirhinos","Reptilia","Match","2"
"90","Pantherophis alleghaniensis","Reptilia","No Match","2"
"91","Atalopedes campestris","Insecta","Table 4","2"
"92","Cupido comyntas","Insecta","Table 4","3"
"93","Eucosma radiatana","Insecta","Table 4","2"
"94","Toxomerus marginatus","Insecta","Table 4","2"
"95","Phyciodes tharos","Insecta","Table 4","4"
"96","Vespa crabro","Insecta","Table 4","1"
"97","Amblyomma americanum","Arachnida","Table 4","2"
"98","Leptoglossus oppositus","Insecta","Table 4","2"
"99","Bombus impatiens","Insecta","Table 4","3"
"100","Xylocopa virginica","Insecta","Table 4","2"
"101","Bombus griseocollis","Insecta","Table 4","2"
"102","Cycnia tenera","Insecta","Table 4","2"
"103","Polites peckius","Insecta","Table 4","1"
"104","Stictocephala alta","Insecta","Table 4","1"
"105","Erynnis juvenalis","Insecta","Table 4","1"
"106","Libellula pulchella","Insecta","Table 4","1"
"107","Euphyes vestris","Insecta","Table 4","1"
"108","Hemaris diffinis","Insecta","Table 4","2"
"109","Odontomyia cincta","Insecta","Table 4","2"
"110","Apis mellifera","Insecta","Table 4","1"
"111","Helophilus fasciatus","Insecta","Table 4","1"
"112","Laphria virginica","Insecta","Table 4","2"
"113","Culex territans","Insecta","Table 4","2"
"114","Corydalus cornutus","Insecta","Table 4","1"
"115","Corbicula fluminea","Mollusca","Table 4","1"
"116","Limenitis archippus","Insecta","Table 4","1"
"117","Harmonia axyridis","Insecta","Table 4","1"
"118","Culex restuans","Insecta","Table 4","1"
"119","Dermacentor variabilis","Arachnida","Table 4","1"
"120","Cicindela sexguttata","Insecta","Table 4","2"
"121","Eurytides marcellus","Insecta","Table 4","1"
