"","Iconic.taxon.name","Scientific.name","Common.name"
"1","Arachnida","Amblyomma americanum","Lone Star Tick"
"2","Arachnida","Dermacentor variabilis","American Dog Tick"
"3","Insecta","Apis mellifera","Western Honey Bee"
"4","Insecta","Atalopedes campestris","Sachem"
"5","Insecta","Bombus griseocollis","Brown-belted Bumble Bee"
"6","Insecta","Bombus impatiens","Common Eastern Bumble Bee"
"7","Insecta","Cicindela sexguttata","Six-spotted Tiger Beetle"
"8","Insecta","Corydalus cornutus","Eastern Dobsonfly"
"9","Insecta","Culex restuans","White Dotted Mosquito"
"10","Insecta","Culex territans",""
"11","Insecta","Cupido comyntas","Eastern Tailed-Blue"
"12","Insecta","Cycnia tenera","Delicate Cycnia Moth"
"13","Insecta","Erynnis juvenalis","Juvenal's Duskywing"
"14","Insecta","Eucosma radiatana",""
"15","Insecta","Euphyes vestris","Dun Skipper"
"16","Insecta","Eurytides marcellus","Zebra Swallowtail"
"17","Insecta","Harmonia axyridis","Asian Lady Beetle"
"18","Insecta","Helophilus fasciatus","Narrow-headed Marsh Fly"
"19","Insecta","Hemaris diffinis","Snowberry Clearwing"
"20","Insecta","Laphria virginica",""
"21","Insecta","Leptoglossus oppositus",""
"22","Insecta","Libellula pulchella","Twelve-spotted Skimmer"
"23","Insecta","Limenitis archippus","Viceroy"
"24","Insecta","Odontomyia cincta",""
"25","Insecta","Phyciodes tharos","Pearl Crescent"
"26","Insecta","Polites peckius","Peck's Skipper"
"27","Insecta","Stictocephala alta","buffalo treehopper"
"28","Insecta","Toxomerus marginatus","Margined Calligrapher"
"29","Insecta","Vespa crabro","European Hornet"
"30","Insecta","Xylocopa virginica","Eastern Carpenter Bee"
"31","Mollusca","Corbicula fluminea","Asian Clam"
