"","Scientific_name","Iconic_taxa","Match NPSpecies","iNaturalist_Entry_count"
"1","Hyla cinerea","Amphibia","Match","2"
"2","Cardinalis cardinalis","Aves","Match","1"
"3","Callicarpa americana","Plantae","Match","1"
"4","Liquidambar styraciflua","Plantae","Match","1"
"5","Anolis carolinensis","Reptilia","Match","1"
"6","Anolis sagrei","Reptilia","ITIS Match","3"
"7","Aspidoscelis sexlineatus","Reptilia","ITIS Match","1"
"8","Gopherus polyphemus","Reptilia","Match","1"
"9","Nerodia fasciata","Reptilia","Match","1"
"10","Ophisaurus ventralis","Reptilia","Match","2"
"11","Plestiodon laticeps","Reptilia","No Match","2"
"12","Odontotaenius disjunctus","Insecta","Table 4","14"
"13","Narceus americanus","Animalia","Table 4","6"
"14","Romalea microptera","Insecta","Table 4","5"
"15","Camponotus snellingi","Insecta","Table 4","2"
"16","Harmonia axyridis","Insecta","Table 4","8"
"17","Prosapia bicincta","Insecta","Table 4","5"
"18","Mischocyttarus mexicanus cubicola","Insecta","Table 4","2"
"19","Rainieria antennaepes","Insecta","Table 4","2"
"20","Agraulis vanillae","Insecta","Table 4","1"
"21","Camponotus floridanus","Insecta","Table 4","6"
"22","Erythemis simplicicollis","Insecta","Table 4","10"
"23","Pontia protodice","Insecta","Table 4","2"
"24","Alaus oculatus","Insecta","Table 4","2"
"25","Papilio troilus","Insecta","Table 4","2"
"26","Ocyptamus fuscipennis","Insecta","Table 4","3"
"27","Pseudomyrmex gracilis","Insecta","Table 4","2"
"28","Proxys punctulatus","Insecta","Table 4","3"
"29","Plecia nearctica","Insecta","Table 4","3"
"30","Delphinia picta","Insecta","Table 4","6"
"31","Ascra bifida","Insecta","Table 4","5"
"32","Ocypode quadrata","Animalia","Table 4","1"
"33","Armases cinereum","Animalia","Table 4","2"
"34","Charadra deridens","Insecta","Table 4","1"
"35","Anasaitis canosa","Arachnida","Table 4","1"
"36","Leucauge argyrobapta","Arachnida","Table 4","4"
"37","Halysidota tessellaris","Insecta","Table 4","1"
"38","Cicindela punctulata","Insecta","Table 4","2"
"39","Lyssomanes viridis","Arachnida","Table 4","1"
"40","Ormenaria rufifascia","Insecta","Table 4","1"
"41","Cymatoderella collaris","Insecta","Table 4","2"
"42","Reticulitermes flavipes","Insecta","Table 4","1"
