"","Iconic.taxon.name","Scientific.name","Common.name"
"1","Animalia","Armases cinereum","Squareback Marsh Crab"
"2","Animalia","Narceus americanus","American Giant Millipede"
"3","Animalia","Ocypode quadrata","Atlantic Ghost Crab"
"4","Arachnida","Anasaitis canosa","Twin-flagged Jumping Spider"
"5","Arachnida","Leucauge argyrobapta","Mabel Orchard Orbweaver"
"6","Arachnida","Lyssomanes viridis","Magnolia Green Jumping Spider"
"7","Insecta","Agraulis vanillae","Gulf Fritillary"
"8","Insecta","Alaus oculatus","Eastern Eyed Click Beetle"
"9","Insecta","Ascra bifida",""
"10","Insecta","Camponotus floridanus","Florida Carpenter Ant"
"11","Insecta","Camponotus snellingi",""
"12","Insecta","Charadra deridens","Laugher Moth"
"13","Insecta","Cicindela punctulata","Punctured Tiger Beetle"
"14","Insecta","Cymatoderella collaris",""
"15","Insecta","Delphinia picta","Common Picture-winged Fly"
"16","Insecta","Erythemis simplicicollis","Eastern Pondhawk"
"17","Insecta","Halysidota tessellaris","Banded Tussock Moth"
"18","Insecta","Harmonia axyridis","Asian Lady Beetle"
"19","Insecta","Mischocyttarus mexicanus cubicola",""
"20","Insecta","Ocyptamus fuscipennis","Dusky-winged Hover Fly"
"21","Insecta","Odontotaenius disjunctus","Horned Passalus Beetle"
"22","Insecta","Ormenaria rufifascia","Palm Flatid Planthopper"
"23","Insecta","Papilio troilus","Spicebush Swallowtail"
"24","Insecta","Plecia nearctica","Common Lovebug"
"25","Insecta","Pontia protodice","Checkered White"
"26","Insecta","Prosapia bicincta","Two-lined Spittlebug"
"27","Insecta","Proxys punctulatus","Black Stink Bug"
"28","Insecta","Pseudomyrmex gracilis","Graceful Twig Ant"
"29","Insecta","Rainieria antennaepes",""
"30","Insecta","Reticulitermes flavipes","Eastern Subterranean Termite"
"31","Insecta","Romalea microptera","Eastern Lubber Grasshopper"
