"","Scientific_name","Iconic_taxa","iNat_NPS_matches","iNat_NPSsynonym_matches","iNat_ITIS_synonym_matches","iNat_ITIS_nonsyn_matches","iNaturalist_URL"
"1","Hyla cinerea","Amphibia","TRUE","FALSE","FALSE","TRUE","http://www.inaturalist.org/observations/3281385"
"2","Hyla cinerea","Amphibia","TRUE","FALSE","FALSE","TRUE","http://www.inaturalist.org/observations/3251185"
"3","Cardinalis cardinalis","Aves","TRUE","FALSE","FALSE","FALSE","http://www.inaturalist.org/observations/3268128"
"4","Callicarpa americana","Plantae","TRUE","FALSE","FALSE","TRUE","http://www.inaturalist.org/observations/3248719"
"5","Liquidambar styraciflua","Plantae","TRUE","FALSE","FALSE","FALSE","http://www.inaturalist.org/observations/3222581"
"6","Anolis carolinensis","Reptilia","TRUE","FALSE","FALSE","TRUE","http://www.inaturalist.org/observations/3259785"
"7","Anolis sagrei","Reptilia","FALSE","FALSE","FALSE","TRUE","http://www.inaturalist.org/observations/3254158"
"8","Anolis sagrei","Reptilia","FALSE","FALSE","FALSE","TRUE","http://www.inaturalist.org/observations/3244856"
"9","Anolis sagrei","Reptilia","FALSE","FALSE","FALSE","TRUE","http://www.inaturalist.org/observations/3244860"
"10","Aspidoscelis sexlineatus","Reptilia","FALSE","FALSE","TRUE","FALSE","http://www.inaturalist.org/observations/3229095"
"11","Gopherus polyphemus","Reptilia","TRUE","FALSE","FALSE","TRUE","http://www.inaturalist.org/observations/3281386"
"12","Nerodia fasciata","Reptilia","TRUE","FALSE","FALSE","TRUE","http://www.inaturalist.org/observations/3247959"
"13","Ophisaurus ventralis","Reptilia","TRUE","FALSE","FALSE","TRUE","http://www.inaturalist.org/observations/3248588"
"14","Ophisaurus ventralis","Reptilia","TRUE","FALSE","FALSE","TRUE","http://www.inaturalist.org/observations/3248576"
"15","Plestiodon laticeps","Reptilia","FALSE","FALSE","FALSE","FALSE","http://www.inaturalist.org/observations/3244659"
"16","Plestiodon laticeps","Reptilia","FALSE","FALSE","FALSE","FALSE","http://www.inaturalist.org/observations/3244306"
