"","Scientific_name","Iconic_taxa","iNat_NPS_matches","iNat_NPSsynonym_matches","iNat_ITIS_synonym_matches","iNat_ITIS_nonsyn_matches","iNaturalist_URL"
"1","Adenocaulon bicolor","Plantae","TRUE","FALSE","FALSE","FALSE","http://www.inaturalist.org/observations/3200781"
"2","Aira praecox","Plantae","TRUE","FALSE","FALSE","TRUE","http://www.inaturalist.org/observations/3200953"
"3","Alnus rubra","Plantae","TRUE","FALSE","FALSE","TRUE","http://www.inaturalist.org/observations/3290859"
"4","Anthoxanthum odoratum","Plantae","TRUE","FALSE","FALSE","TRUE","http://www.inaturalist.org/observations/3200742"
"5","Arbutus menziesii","Plantae","TRUE","FALSE","FALSE","FALSE","http://www.inaturalist.org/observations/3200821"
"6","Berberis aquifolium","Plantae","FALSE","FALSE","FALSE","TRUE","http://www.inaturalist.org/observations/3200824"
"7","Berberis nervosa","Plantae","FALSE","FALSE","FALSE","TRUE","http://www.inaturalist.org/observations/3200775"
"8","Camassia leichtlinii","Plantae","TRUE","FALSE","FALSE","FALSE","http://www.inaturalist.org/observations/3200897"
"9","Cirsium vulgare","Plantae","TRUE","FALSE","FALSE","TRUE","http://www.inaturalist.org/observations/3201014"
"10","Corallorhiza maculata","Plantae","FALSE","FALSE","FALSE","TRUE","http://www.inaturalist.org/observations/3200795"
"11","Corallorhiza maculata","Plantae","FALSE","FALSE","FALSE","TRUE","http://www.inaturalist.org/observations/3200815"
"12","Corallorhiza striata","Plantae","FALSE","FALSE","FALSE","TRUE","http://www.inaturalist.org/observations/3200807"
"13","Corallorhiza striata","Plantae","FALSE","FALSE","FALSE","TRUE","http://www.inaturalist.org/observations/3200819"
"14","Cynosurus echinatus","Plantae","TRUE","FALSE","FALSE","TRUE","http://www.inaturalist.org/observations/3290801"
"15","Dactylis glomerata","Plantae","TRUE","FALSE","FALSE","TRUE","http://www.inaturalist.org/observations/3290812"
"16","Epipactis helleborine","Plantae","FALSE","FALSE","FALSE","FALSE","http://www.inaturalist.org/observations/3200802"
"17","Epipactis helleborine","Plantae","FALSE","FALSE","FALSE","FALSE","http://www.inaturalist.org/observations/3257925"
"18","Gaultheria shallon","Plantae","TRUE","FALSE","FALSE","FALSE","http://www.inaturalist.org/observations/3290826"
"19","Gaultheria shallon","Plantae","TRUE","FALSE","FALSE","FALSE","http://www.inaturalist.org/observations/3264938"
"20","Geranium dissectum","Plantae","TRUE","FALSE","FALSE","TRUE","http://www.inaturalist.org/observations/3357174"
"21","Goodyera oblongifolia","Plantae","TRUE","FALSE","FALSE","TRUE","http://www.inaturalist.org/observations/3290765"
"22","Goodyera oblongifolia","Plantae","TRUE","FALSE","FALSE","TRUE","http://www.inaturalist.org/observations/3200789"
"23","Hypericum perforatum","Plantae","TRUE","FALSE","FALSE","FALSE","http://www.inaturalist.org/observations/3200983"
"24","Lathyrus nevadensis","Plantae","TRUE","TRUE","FALSE","FALSE","http://www.inaturalist.org/observations/3200780"
"25","Lolium perenne","Plantae","TRUE","FALSE","FALSE","TRUE","http://www.inaturalist.org/observations/3200859"
"26","Lonicera ciliosa","Plantae","TRUE","FALSE","FALSE","FALSE","http://www.inaturalist.org/observations/3266162"
"27","Marah oregana","Plantae","FALSE","FALSE","FALSE","TRUE","http://www.inaturalist.org/observations/3290769"
"28","Marah oregana","Plantae","FALSE","FALSE","FALSE","TRUE","http://www.inaturalist.org/observations/3190818"
"29","Mycelis muralis","Plantae","TRUE","FALSE","FALSE","TRUE","http://www.inaturalist.org/observations/3200778"
"30","Osmorhiza berteroi","Plantae","TRUE","FALSE","FALSE","TRUE","http://www.inaturalist.org/observations/3200723"
"31","Plantago major","Plantae","TRUE","FALSE","FALSE","TRUE","http://www.inaturalist.org/observations/3200726"
"32","Pteridium aquilinum","Plantae","TRUE","FALSE","FALSE","FALSE","http://www.inaturalist.org/observations/3290842"
"33","Pteridium aquilinum","Plantae","TRUE","FALSE","FALSE","FALSE","http://www.inaturalist.org/observations/3200731"
"34","Quercus garryana","Plantae","TRUE","FALSE","FALSE","FALSE","http://www.inaturalist.org/observations/3200855"
"35","Ribes lacustre","Plantae","TRUE","FALSE","FALSE","TRUE","http://www.inaturalist.org/observations/3290870"
"36","Ribes sanguineum","Plantae","TRUE","FALSE","FALSE","FALSE","http://www.inaturalist.org/observations/3200770"
"37","Rosa nutkana","Plantae","TRUE","FALSE","FALSE","FALSE","http://www.inaturalist.org/observations/3264423"
"38","Rubus parviflorus","Plantae","TRUE","FALSE","FALSE","TRUE","http://www.inaturalist.org/observations/3290847"
"39","Rubus parviflorus","Plantae","TRUE","FALSE","FALSE","TRUE","http://www.inaturalist.org/observations/3200746"
"40","Rubus spectabilis","Plantae","TRUE","FALSE","FALSE","TRUE","http://www.inaturalist.org/observations/3290862"
"41","Rubus spectabilis","Plantae","TRUE","FALSE","FALSE","TRUE","http://www.inaturalist.org/observations/3323991"
"42","Rumex acetosella","Plantae","TRUE","FALSE","FALSE","TRUE","http://www.inaturalist.org/observations/3200980"
"43","Sherardia arvensis","Plantae","TRUE","FALSE","FALSE","FALSE","http://www.inaturalist.org/observations/3226297"
"44","Sonchus asper","Plantae","TRUE","FALSE","FALSE","TRUE","http://www.inaturalist.org/observations/3201022"
"45","Stachys chamissonis","Plantae","TRUE","FALSE","FALSE","FALSE","http://www.inaturalist.org/observations/3290869"
"46","Symphoricarpos albus","Plantae","TRUE","TRUE","FALSE","FALSE","http://www.inaturalist.org/observations/3200736"
"47","Trifolium microcephalum","Plantae","TRUE","FALSE","FALSE","FALSE","http://www.inaturalist.org/observations/3200846"
"48","Triteleia grandiflora","Plantae","TRUE","FALSE","FALSE","TRUE","http://www.inaturalist.org/observations/3374784"
"49","Triteleia hyacinthina","Plantae","TRUE","FALSE","FALSE","TRUE","http://www.inaturalist.org/observations/3200973"
"50","Urtica dioica","Plantae","TRUE","FALSE","FALSE","FALSE","http://www.inaturalist.org/observations/3290878"
"51","Vicia hirsuta","Plantae","TRUE","FALSE","FALSE","FALSE","http://www.inaturalist.org/observations/3200694"
"52","Contia tenuis","Reptilia","FALSE","FALSE","FALSE","FALSE","http://www.inaturalist.org/observations/3209199"
