"","Iconic.taxon.name","Scientific.name","Common.name"
"1","Animalia","Armadillidium vulgare","Common Pill Woodlouse"
"2","Insecta","Bombus melanopygus","Black-tailed Bumble Bee"
"3","Insecta","Bombus mixtus","Fuzzy-Horned Bumble Bee"
"4","Insecta","Bombus vosnesenskii","Yellow-faced Bumble Bee"
"5","Insecta","Coccinella septempunctata","Seven-spotted Lady Beetle"
"6","Insecta","Coccinella trifasciata subversa","Pacific Three-banded Lady Beetle"
"7","Insecta","Cycloneda polita","Western Polished Lady Beetle"
"8","Insecta","Erynnis propertius","Propertius Duskywing"
"9","Insecta","Leucorrhinia intacta","Dot-tailed Whiteface"
"10","Insecta","Lycaena helloides","Purplish Copper"
"11","Insecta","Noctua pronuba","Large Yellow Underwing"
"12","Insecta","Onthophagus nuchicornis","Small black-and-brown Dung Beetle"
"13","Insecta","Rhionaeschna californica","California Darner"
