"","Scientific_name","Iconic_taxa","Match NPSpecies","iNaturalist_Entry_count"
"1","Adenocaulon bicolor","Plantae","Match","1"
"2","Aira praecox","Plantae","Match","1"
"3","Alnus rubra","Plantae","Match","1"
"4","Anthoxanthum odoratum","Plantae","Match","1"
"5","Arbutus menziesii","Plantae","Match","1"
"6","Berberis aquifolium","Plantae","ITIS Match","1"
"7","Berberis nervosa","Plantae","ITIS Match","1"
"8","Camassia leichtlinii","Plantae","Match","1"
"9","Cirsium vulgare","Plantae","Match","1"
"10","Corallorhiza maculata","Plantae","ITIS Match","2"
"11","Corallorhiza striata","Plantae","ITIS Match","2"
"12","Cynosurus echinatus","Plantae","Match","1"
"13","Dactylis glomerata","Plantae","Match","1"
"14","Epipactis helleborine","Plantae","No Match","2"
"15","Gaultheria shallon","Plantae","Match","2"
"16","Geranium dissectum","Plantae","Match","1"
"17","Goodyera oblongifolia","Plantae","Match","2"
"18","Hypericum perforatum","Plantae","Match","1"
"19","Lathyrus nevadensis","Plantae","Match","1"
"20","Lolium perenne","Plantae","Match","1"
"21","Lonicera ciliosa","Plantae","Match","1"
"22","Marah oregana","Plantae","ITIS Match","2"
"23","Mycelis muralis","Plantae","Match","1"
"24","Osmorhiza berteroi","Plantae","Match","1"
"25","Plantago major","Plantae","Match","1"
"26","Pteridium aquilinum","Plantae","Match","2"
"27","Quercus garryana","Plantae","Match","1"
"28","Ribes lacustre","Plantae","Match","1"
"29","Ribes sanguineum","Plantae","Match","1"
"30","Rosa nutkana","Plantae","Match","1"
"31","Rubus parviflorus","Plantae","Match","2"
"32","Rubus spectabilis","Plantae","Match","2"
"33","Rumex acetosella","Plantae","Match","1"
"34","Sherardia arvensis","Plantae","Match","1"
"35","Sonchus asper","Plantae","Match","1"
"36","Stachys chamissonis","Plantae","Match","1"
"37","Symphoricarpos albus","Plantae","Match","1"
"38","Trifolium microcephalum","Plantae","Match","1"
"39","Triteleia grandiflora","Plantae","Match","1"
"40","Triteleia hyacinthina","Plantae","Match","1"
"41","Urtica dioica","Plantae","Match","1"
"42","Vicia hirsuta","Plantae","Match","1"
"43","Contia tenuis","Reptilia","No Match","1"
"44","Armadillidium vulgare","Animalia","Table 4","1"
"45","Rhionaeschna californica","Insecta","Table 4","2"
"46","Coccinella septempunctata","Insecta","Table 4","6"
"47","Bombus mixtus","Insecta","Table 4","1"
"48","Bombus vosnesenskii","Insecta","Table 4","4"
"49","Bombus melanopygus","Insecta","Table 4","2"
"50","Coccinella trifasciata subversa","Insecta","Table 4","1"
"51","Cycloneda polita","Insecta","Table 4","1"
"52","Lycaena helloides","Insecta","Table 4","1"
"53","Leucorrhinia intacta","Insecta","Table 4","2"
"54","Erynnis propertius","Insecta","Table 4","1"
"55","Noctua pronuba","Insecta","Table 4","2"
"56","Onthophagus nuchicornis","Insecta","Table 4","1"
