"","Scientific_name","Iconic_taxa","iNat_NPS_matches","iNat_NPSsynonym_matches","iNat_ITIS_synonym_matches","iNat_ITIS_nonsyn_matches","iNaturalist_URL"
"1","Anaxyrus woodhousii","Amphibia","FALSE","FALSE","FALSE","FALSE","http://www.inaturalist.org/observations/3249394"
"2","Bombycilla cedrorum","Aves","TRUE","FALSE","FALSE","FALSE","http://www.inaturalist.org/observations/3253922"
"3","Bubo virginianus","Aves","TRUE","FALSE","FALSE","FALSE","http://www.inaturalist.org/observations/3267106"
"4","Bubo virginianus","Aves","TRUE","FALSE","FALSE","FALSE","http://www.inaturalist.org/observations/3250284"
"5","Icteria virens","Aves","TRUE","FALSE","FALSE","FALSE","http://www.inaturalist.org/observations/3248572"
"6","Passerina amoena","Aves","TRUE","FALSE","FALSE","FALSE","http://www.inaturalist.org/observations/3267127"
"7","Passerina amoena","Aves","TRUE","FALSE","FALSE","FALSE","http://www.inaturalist.org/observations/3250243"
"8","Pipilo maculatus","Aves","TRUE","FALSE","FALSE","FALSE","http://www.inaturalist.org/observations/3248579"
"9","Poecile atricapillus","Aves","TRUE","FALSE","FALSE","TRUE","http://www.inaturalist.org/observations/3248575"
"10","Polioptila caerulea","Aves","FALSE","FALSE","FALSE","FALSE","http://www.inaturalist.org/observations/3257986"
"11","Setophaga petechia","Aves","FALSE","FALSE","FALSE","TRUE","http://www.inaturalist.org/observations/3248570"
"12","Spizella passerina","Aves","TRUE","FALSE","FALSE","FALSE","http://www.inaturalist.org/observations/3254002"
"13","Tyrannus tyrannus","Aves","TRUE","FALSE","FALSE","TRUE","http://www.inaturalist.org/observations/3257778"
"14","Pituophis catenifer","Reptilia","TRUE","FALSE","FALSE","TRUE","http://www.inaturalist.org/observations/3249513"
