"","Scientific_name","Iconic_taxa","Match NPSpecies","iNaturalist_Entry_count"
"1","Anaxyrus woodhousii","Amphibia","No Match","1"
"2","Bombycilla cedrorum","Aves","Match","1"
"3","Bubo virginianus","Aves","Match","2"
"4","Icteria virens","Aves","Match","1"
"5","Passerina amoena","Aves","Match","2"
"6","Pipilo maculatus","Aves","Match","1"
"7","Poecile atricapillus","Aves","Match","1"
"8","Polioptila caerulea","Aves","No Match","1"
"9","Setophaga petechia","Aves","ITIS Match","1"
"10","Spizella passerina","Aves","Match","1"
"11","Tyrannus tyrannus","Aves","Match","1"
"12","Pituophis catenifer","Reptilia","Match","1"
