"","Scientific_name","Iconic_taxa","Match NPSpecies","iNaturalist_Entry_count"
"1","Dryocopus pileatus","Aves","Match","1"
"2","Marmota flaviventris","Mammalia","Match","1"
"3","Otospermophilus beecheyi","Mammalia","Match","1"
"4","Ursus americanus","Mammalia","Match","1"
"5","Acer macrophyllum","Plantae","Match","2"
"6","Achillea millefolium","Plantae","Match","5"
"7","Acmispon strigosus","Plantae","ITIS Match","1"
"8","Adenocaulon bicolor","Plantae","Match","1"
"9","Agastache urticifolia","Plantae","Match","1"
"10","Allophyllum divaricatum","Plantae","Match","1"
"11","Aphyllon fasciculatum","Plantae","ITIS Match","1"
"12","Apocynum cannabinum","Plantae","Match","1"
"13","Arctostaphylos patula","Plantae","Match","1"
"14","Artemisia douglasiana","Plantae","Match","5"
"15","Asarum hartwegii","Plantae","Match","4"
"16","Asarum lemmonii","Plantae","Match","3"
"17","Asclepias cordifolia","Plantae","Match","2"
"18","Asclepias speciosa","Plantae","Match","1"
"19","Aspidotis densa","Plantae","Match","1"
"20","Bromus hordeaceus","Plantae","Match","1"
"21","Bromus tectorum","Plantae","Match","1"
"22","Calocedrus decurrens","Plantae","Match","1"
"23","Calochortus leichtlinii","Plantae","Match","4"
"24","Calochortus minimus","Plantae","Match","3"
"25","Calyptridium monospermum","Plantae","Match","4"
"26","Carex multicaulis","Plantae","Match","1"
"27","Carex sartwelliana","Plantae","Match","1"
"28","Ceanothus integerrimus","Plantae","Match","1"
"29","Cerastium arvense","Plantae","Match","1"
"30","Chaenactis glabriuscula","Plantae","Match","1"
"31","Chamaebatia foliolosa","Plantae","Match","7"
"32","Chimaphila umbellata","Plantae","Match","1"
"33","Chlorogalum pomeridianum","Plantae","Match","3"
"34","Cirsium andersonii","Plantae","Match","1"
"35","Cirsium vulgare","Plantae","Match","1"
"36","Clarkia dudleyana","Plantae","Match","1"
"37","Clarkia rhomboidea","Plantae","Match","1"
"38","Claytonia parviflora","Plantae","Match","2"
"39","Claytonia perfoliata","Plantae","Match","3"
"40","Claytonia rubra","Plantae","No Match","1"
"41","Collomia grandiflora","Plantae","Match","1"
"42","Collomia heterophylla","Plantae","Match","3"
"43","Comandra umbellata","Plantae","Match","1"
"44","Corallorhiza striata","Plantae","ITIS Match","1"
"45","Cornus nuttallii","Plantae","Match","3"
"46","Cypripedium montanum","Plantae","Match","3"
"47","Darmera peltata","Plantae","Match","2"
"48","Dicentra formosa","Plantae","Match","3"
"49","Dichelostemma volubile","Plantae","Match","1"
"50","Diplacus layneae","Plantae","No Match","1"
"51","Draperia systyla","Plantae","Match","1"
"52","Dryopteris arguta","Plantae","Match","1"
"53","Dudleya cymosa","Plantae","Match","1"
"54","Elymus elymoides","Plantae","Match","2"
"55","Equisetum hyemale","Plantae","Match","1"
"56","Eriodictyon californicum","Plantae","Match","3"
"57","Eriogonum nudum","Plantae","Match","2"
"58","Erodium cicutarium","Plantae","Match","2"
"59","Erysimum capitatum","Plantae","Match","1"
"60","Erythranthe breweri","Plantae","No Match","1"
"61","Erythranthe guttata","Plantae","No Match","2"
"62","Erythranthe laciniata","Plantae","No Match","2"
"63","Fragaria vesca","Plantae","Match","1"
"64","Funaria hygrometrica","Plantae","No Match","1"
"65","Galium aparine","Plantae","Match","1"
"66","Goodyera oblongifolia","Plantae","Match","3"
"67","Heracleum maximum","Plantae","No Match","1"
"68","Heuchera micrantha","Plantae","Match","1"
"69","Hieracium albiflorum","Plantae","Match","2"
"70","Hydrophyllum occidentale","Plantae","Match","1"
"71","Lactuca serriola","Plantae","Match","1"
"72","Leptosiphon ciliatus","Plantae","No Match","3"
"73","Leucanthemum vulgare","Plantae","Match","1"
"74","Linanthus dichotomus","Plantae","Match","1"
"75","Lithophragma heterophyllum","Plantae","Match","1"
"76","Lonicera conjugialis","Plantae","Match","1"
"77","Lupinus nanus","Plantae","Match","1"
"78","Lupinus stiversii","Plantae","Match","6"
"79","Madia elegans","Plantae","Match","1"
"80","Maianthemum racemosum","Plantae","No Match","3"
"81","Matricaria discoidea","Plantae","ITIS Match","2"
"82","Melissa officinalis","Plantae","No Match","1"
"83","Nemophila heterophylla","Plantae","Match","2"
"84","Osmorhiza brachypoda","Plantae","Match","1"
"85","Pedicularis semibarbata","Plantae","Match","1"
"86","Pellaea andromedifolia","Plantae","Match","2"
"87","Pellaea mucronata","Plantae","Match","1"
"88","Penstemon laetus","Plantae","Match","3"
"89","Penstemon newberryi","Plantae","Match","2"
"90","Pentagramma triangularis","Plantae","Match","1"
"91","Pinus ponderosa","Plantae","Match","2"
"92","Plantago lanceolata","Plantae","Match","1"
"93","Poa bulbosa","Plantae","Match","2"
"94","Poa secunda","Plantae","Match","1"
"95","Prosartes hookeri","Plantae","ITIS Match","6"
"96","Pseudotsuga menziesii","Plantae","Match","2"
"97","Pteridium aquilinum","Plantae","Match","3"
"98","Pterospora andromedea","Plantae","Match","1"
"99","Pyrola picta","Plantae","Match","2"
"100","Quercus chrysolepis","Plantae","Match","1"
"101","Quercus kelloggii","Plantae","Match","2"
"102","Rhododendron occidentale","Plantae","Match","1"
"103","Ribes nevadense","Plantae","Match","1"
"104","Ribes roezlii","Plantae","Match","2"
"105","Rubus armeniacus","Plantae","No Match","1"
"106","Rubus leucodermis","Plantae","Match","1"
"107","Rubus parviflorus","Plantae","Match","3"
"108","Rumex acetosella","Plantae","Match","1"
"109","Rumex crispus","Plantae","Match","1"
"110","Salvia columbariae","Plantae","Match","1"
"111","Sambucus cerulea","Plantae","No Match","2"
"112","Sarcodes sanguinea","Plantae","Match","1"
"113","Sedum spathulifolium","Plantae","Match","1"
"114","Senecio aronicoides","Plantae","Match","1"
"115","Silene laciniata","Plantae","No Match","4"
"116","Silene lemmonii","Plantae","Match","4"
"117","Sisymbrium altissimum","Plantae","Match","1"
"118","Solanum xanti","Plantae","Match","1"
"119","Stellaria media","Plantae","Match","1"
"120","Streptanthus diversifolius","Plantae","Match","1"
"121","Taraxacum officinale","Plantae","Match","2"
"122","Thysanocarpus curvipes","Plantae","Match","2"
"123","Torilis arvensis","Plantae","No Match","1"
"124","Toxicodendron diversilobum","Plantae","Match","1"
"125","Tragopogon dubius","Plantae","Match","4"
"126","Trifolium hirtum","Plantae","No Match","1"
"127","Trifolium willdenovii","Plantae","Match","2"
"128","Triteleia hyacinthina","Plantae","Match","1"
"129","Triteleia ixioides","Plantae","Match","2"
"130","Umbellularia californica","Plantae","Match","1"
"131","Verbascum thapsus","Plantae","Match","1"
"132","Viola lobata","Plantae","Match","3"
"133","Viola purpurea","Plantae","Match","1"
"134","Viola sheltonii","Plantae","Match","2"
"135","Vulpia microstachys","Plantae","Match","2"
"136","Woodwardia fimbriata","Plantae","Match","1"
"137","Cryptoporus volvatus","Fungi","Table 4","1"
"138","Papilio eurymedon","Insecta","Table 4","1"
"139","Adelpha californica","Insecta","Table 4","1"
"140","Icaricia icarioides","Insecta","Table 4","1"
