"","Scientific_name","Iconic_taxa","iNat_NPS_matches","iNat_NPSsynonym_matches","iNat_ITIS_synonym_matches","iNat_ITIS_nonsyn_matches","iNaturalist_URL"
"1","Dryocopus pileatus","Aves","TRUE","FALSE","FALSE","FALSE","http://www.inaturalist.org/observations/3334250"
"2","Marmota flaviventris","Mammalia","TRUE","TRUE","FALSE","FALSE","http://www.inaturalist.org/observations/3334269"
"3","Otospermophilus beecheyi","Mammalia","TRUE","FALSE","FALSE","TRUE","http://www.inaturalist.org/observations/3334264"
"4","Ursus americanus","Mammalia","TRUE","FALSE","FALSE","FALSE","http://www.inaturalist.org/observations/3293561"
"5","Acer macrophyllum","Plantae","TRUE","FALSE","FALSE","FALSE","http://www.inaturalist.org/observations/3301933"
"6","Acer macrophyllum","Plantae","TRUE","FALSE","FALSE","FALSE","http://www.inaturalist.org/observations/3288214"
"7","Achillea millefolium","Plantae","TRUE","FALSE","FALSE","TRUE","http://www.inaturalist.org/observations/3350805"
"8","Achillea millefolium","Plantae","TRUE","FALSE","FALSE","TRUE","http://www.inaturalist.org/observations/3288173"
"9","Achillea millefolium","Plantae","TRUE","FALSE","FALSE","TRUE","http://www.inaturalist.org/observations/3294353"
"10","Achillea millefolium","Plantae","TRUE","FALSE","FALSE","TRUE","http://www.inaturalist.org/observations/3293639"
"11","Achillea millefolium","Plantae","TRUE","FALSE","FALSE","TRUE","http://www.inaturalist.org/observations/3276769"
"12","Acmispon strigosus","Plantae","FALSE","FALSE","FALSE","TRUE","http://www.inaturalist.org/observations/3276117"
"13","Adenocaulon bicolor","Plantae","TRUE","FALSE","FALSE","FALSE","http://www.inaturalist.org/observations/3380622"
"14","Agastache urticifolia","Plantae","TRUE","FALSE","FALSE","FALSE","http://www.inaturalist.org/observations/3316321"
"15","Allophyllum divaricatum","Plantae","TRUE","FALSE","FALSE","TRUE","http://www.inaturalist.org/observations/3280547"
"16","Aphyllon fasciculatum","Plantae","FALSE","FALSE","TRUE","FALSE","http://www.inaturalist.org/observations/3316332"
"17","Apocynum cannabinum","Plantae","TRUE","FALSE","FALSE","TRUE","http://www.inaturalist.org/observations/3276016"
"18","Arctostaphylos patula","Plantae","TRUE","FALSE","TRUE","TRUE","http://www.inaturalist.org/observations/3380440"
"19","Artemisia douglasiana","Plantae","TRUE","FALSE","FALSE","TRUE","http://www.inaturalist.org/observations/3288176"
"20","Artemisia douglasiana","Plantae","TRUE","FALSE","FALSE","TRUE","http://www.inaturalist.org/observations/3277242"
"21","Artemisia douglasiana","Plantae","TRUE","FALSE","FALSE","TRUE","http://www.inaturalist.org/observations/3276770"
"22","Artemisia douglasiana","Plantae","TRUE","FALSE","FALSE","TRUE","http://www.inaturalist.org/observations/3276844"
"23","Artemisia douglasiana","Plantae","TRUE","FALSE","FALSE","TRUE","http://www.inaturalist.org/observations/3276492"
"24","Asarum hartwegii","Plantae","TRUE","FALSE","FALSE","FALSE","http://www.inaturalist.org/observations/3334037"
"25","Asarum hartwegii","Plantae","TRUE","FALSE","FALSE","FALSE","http://www.inaturalist.org/observations/3316331"
"26","Asarum hartwegii","Plantae","TRUE","FALSE","FALSE","FALSE","http://www.inaturalist.org/observations/3288212"
"27","Asarum hartwegii","Plantae","TRUE","FALSE","FALSE","FALSE","http://www.inaturalist.org/observations/3294370"
"28","Asarum lemmonii","Plantae","TRUE","FALSE","FALSE","FALSE","http://www.inaturalist.org/observations/3351073"
"29","Asarum lemmonii","Plantae","TRUE","FALSE","FALSE","FALSE","http://www.inaturalist.org/observations/3294352"
"30","Asarum lemmonii","Plantae","TRUE","FALSE","FALSE","FALSE","http://www.inaturalist.org/observations/3276765"
"31","Asclepias cordifolia","Plantae","TRUE","FALSE","FALSE","TRUE","http://www.inaturalist.org/observations/3301901"
"32","Asclepias cordifolia","Plantae","TRUE","FALSE","FALSE","TRUE","http://www.inaturalist.org/observations/3286355"
"33","Asclepias speciosa","Plantae","TRUE","FALSE","FALSE","TRUE","http://www.inaturalist.org/observations/3288178"
"34","Aspidotis densa","Plantae","TRUE","FALSE","FALSE","TRUE","http://www.inaturalist.org/observations/3293528"
"35","Bromus hordeaceus","Plantae","TRUE","FALSE","FALSE","TRUE","http://www.inaturalist.org/observations/3277563"
"36","Bromus tectorum","Plantae","TRUE","FALSE","FALSE","TRUE","http://www.inaturalist.org/observations/3277049"
"37","Calocedrus decurrens","Plantae","TRUE","FALSE","FALSE","TRUE","http://www.inaturalist.org/observations/3280199"
"38","Calochortus leichtlinii","Plantae","TRUE","FALSE","FALSE","FALSE","http://www.inaturalist.org/observations/3454372"
"39","Calochortus leichtlinii","Plantae","TRUE","FALSE","FALSE","FALSE","https://www.inaturalist.org/observations/5615429"
"40","Calochortus leichtlinii","Plantae","TRUE","FALSE","FALSE","FALSE","http://www.inaturalist.org/observations/3277618"
"41","Calochortus leichtlinii","Plantae","TRUE","FALSE","FALSE","FALSE","http://www.inaturalist.org/observations/3275983"
"42","Calochortus minimus","Plantae","TRUE","FALSE","FALSE","FALSE","http://www.inaturalist.org/observations/3380704"
"43","Calochortus minimus","Plantae","TRUE","FALSE","FALSE","FALSE","http://www.inaturalist.org/observations/3276796"
"44","Calochortus minimus","Plantae","TRUE","FALSE","FALSE","FALSE","http://www.inaturalist.org/observations/3277110"
"45","Calyptridium monospermum","Plantae","TRUE","FALSE","TRUE","FALSE","http://www.inaturalist.org/observations/3277609"
"46","Calyptridium monospermum","Plantae","TRUE","FALSE","TRUE","FALSE","http://www.inaturalist.org/observations/3280148"
"47","Calyptridium monospermum","Plantae","TRUE","FALSE","TRUE","FALSE","http://www.inaturalist.org/observations/3277077"
"48","Calyptridium monospermum","Plantae","TRUE","FALSE","TRUE","FALSE","http://www.inaturalist.org/observations/3275855"
"49","Carex multicaulis","Plantae","TRUE","FALSE","FALSE","FALSE","http://www.inaturalist.org/observations/3276712"
"50","Carex sartwelliana","Plantae","TRUE","FALSE","FALSE","TRUE","http://www.inaturalist.org/observations/3277098"
"51","Ceanothus integerrimus","Plantae","TRUE","FALSE","FALSE","TRUE","http://www.inaturalist.org/observations/3276909"
"52","Cerastium arvense","Plantae","TRUE","FALSE","FALSE","FALSE","http://www.inaturalist.org/observations/3380773"
"53","Chaenactis glabriuscula","Plantae","TRUE","FALSE","FALSE","FALSE","http://www.inaturalist.org/observations/3293381"
"54","Chamaebatia foliolosa","Plantae","TRUE","FALSE","FALSE","FALSE","http://www.inaturalist.org/observations/3334000"
"55","Chamaebatia foliolosa","Plantae","TRUE","FALSE","FALSE","FALSE","http://www.inaturalist.org/observations/3365279"
"56","Chamaebatia foliolosa","Plantae","TRUE","FALSE","FALSE","FALSE","http://www.inaturalist.org/observations/3380373"
"57","Chamaebatia foliolosa","Plantae","TRUE","FALSE","FALSE","FALSE","http://www.inaturalist.org/observations/3294414"
"58","Chamaebatia foliolosa","Plantae","TRUE","FALSE","FALSE","FALSE","http://www.inaturalist.org/observations/3277239"
"59","Chamaebatia foliolosa","Plantae","TRUE","FALSE","FALSE","FALSE","http://www.inaturalist.org/observations/3276792"
"60","Chamaebatia foliolosa","Plantae","TRUE","FALSE","FALSE","FALSE","http://www.inaturalist.org/observations/3276445"
"61","Chimaphila umbellata","Plantae","TRUE","FALSE","FALSE","FALSE","http://www.inaturalist.org/observations/3294369"
"62","Chlorogalum pomeridianum","Plantae","TRUE","FALSE","FALSE","FALSE","http://www.inaturalist.org/observations/3277244"
"63","Chlorogalum pomeridianum","Plantae","TRUE","FALSE","FALSE","FALSE","http://www.inaturalist.org/observations/3277608"
"64","Chlorogalum pomeridianum","Plantae","TRUE","FALSE","FALSE","FALSE","http://www.inaturalist.org/observations/3277076"
"65","Cirsium andersonii","Plantae","TRUE","FALSE","FALSE","FALSE","http://www.inaturalist.org/observations/3277103"
"66","Cirsium vulgare","Plantae","TRUE","FALSE","FALSE","TRUE","http://www.inaturalist.org/observations/3286039"
"67","Clarkia dudleyana","Plantae","TRUE","FALSE","FALSE","TRUE","http://www.inaturalist.org/observations/3286357"
"68","Clarkia rhomboidea","Plantae","TRUE","FALSE","FALSE","FALSE","http://www.inaturalist.org/observations/3286354"
"69","Claytonia parviflora","Plantae","TRUE","FALSE","FALSE","FALSE","http://www.inaturalist.org/observations/3293231"
"70","Claytonia parviflora","Plantae","TRUE","FALSE","FALSE","FALSE","http://www.inaturalist.org/observations/3277223"
"71","Claytonia perfoliata","Plantae","TRUE","FALSE","FALSE","FALSE","http://www.inaturalist.org/observations/3413461"
"72","Claytonia perfoliata","Plantae","TRUE","FALSE","FALSE","FALSE","http://www.inaturalist.org/observations/3288134"
"73","Claytonia perfoliata","Plantae","TRUE","FALSE","FALSE","FALSE","http://www.inaturalist.org/observations/3294371"
"74","Claytonia rubra","Plantae","FALSE","FALSE","FALSE","FALSE","http://www.inaturalist.org/observations/3288236"
"75","Collomia grandiflora","Plantae","TRUE","FALSE","FALSE","FALSE","http://www.inaturalist.org/observations/3276736"
"76","Collomia heterophylla","Plantae","TRUE","FALSE","FALSE","FALSE","http://www.inaturalist.org/observations/3294395"
"77","Collomia heterophylla","Plantae","TRUE","FALSE","FALSE","FALSE","http://www.inaturalist.org/observations/3294427"
"78","Collomia heterophylla","Plantae","TRUE","FALSE","FALSE","FALSE","http://www.inaturalist.org/observations/3276234"
"79","Comandra umbellata","Plantae","TRUE","FALSE","FALSE","FALSE","http://www.inaturalist.org/observations/3276797"
"80","Corallorhiza striata","Plantae","FALSE","FALSE","FALSE","TRUE","http://www.inaturalist.org/observations/3380570"
"81","Cornus nuttallii","Plantae","TRUE","FALSE","FALSE","FALSE","http://www.inaturalist.org/observations/3380530"
"82","Cornus nuttallii","Plantae","TRUE","FALSE","FALSE","FALSE","http://www.inaturalist.org/observations/3288218"
"83","Cornus nuttallii","Plantae","TRUE","FALSE","FALSE","FALSE","http://www.inaturalist.org/observations/3294379"
"84","Cypripedium montanum","Plantae","TRUE","FALSE","FALSE","FALSE","http://www.inaturalist.org/observations/3350836"
"85","Cypripedium montanum","Plantae","TRUE","FALSE","FALSE","FALSE","http://www.inaturalist.org/observations/3294388"
"86","Cypripedium montanum","Plantae","TRUE","FALSE","FALSE","FALSE","http://www.inaturalist.org/observations/3276784"
"87","Darmera peltata","Plantae","TRUE","FALSE","FALSE","TRUE","http://www.inaturalist.org/observations/3334113"
"88","Darmera peltata","Plantae","TRUE","FALSE","FALSE","TRUE","http://www.inaturalist.org/observations/3276431"
"89","Dicentra formosa","Plantae","TRUE","FALSE","FALSE","FALSE","http://www.inaturalist.org/observations/3335160"
"90","Dicentra formosa","Plantae","TRUE","FALSE","FALSE","FALSE","http://www.inaturalist.org/observations/3294368"
"91","Dicentra formosa","Plantae","TRUE","FALSE","FALSE","FALSE","http://www.inaturalist.org/observations/3276434"
"92","Dichelostemma volubile","Plantae","TRUE","FALSE","FALSE","TRUE","http://www.inaturalist.org/observations/3276135"
"93","Diplacus layneae","Plantae","FALSE","FALSE","FALSE","FALSE","https://www.inaturalist.org/observations/5614751"
"94","Draperia systyla","Plantae","TRUE","FALSE","FALSE","TRUE","http://www.inaturalist.org/observations/3288163"
"95","Dryopteris arguta","Plantae","TRUE","FALSE","FALSE","FALSE","http://www.inaturalist.org/observations/3276244"
"96","Dudleya cymosa","Plantae","TRUE","FALSE","FALSE","FALSE","http://www.inaturalist.org/observations/3293368"
"97","Elymus elymoides","Plantae","TRUE","FALSE","FALSE","FALSE","http://www.inaturalist.org/observations/3277090"
"98","Elymus elymoides","Plantae","TRUE","FALSE","FALSE","FALSE","http://www.inaturalist.org/observations/3275996"
"99","Equisetum hyemale","Plantae","TRUE","FALSE","FALSE","FALSE","http://www.inaturalist.org/observations/3294390"
"100","Eriodictyon californicum","Plantae","TRUE","FALSE","FALSE","FALSE","http://www.inaturalist.org/observations/3277601"
"101","Eriodictyon californicum","Plantae","TRUE","FALSE","FALSE","FALSE","http://www.inaturalist.org/observations/3277073"
"102","Eriodictyon californicum","Plantae","TRUE","FALSE","FALSE","FALSE","http://www.inaturalist.org/observations/3275947"
"103","Eriogonum nudum","Plantae","TRUE","FALSE","FALSE","FALSE","http://www.inaturalist.org/observations/3301914"
"104","Eriogonum nudum","Plantae","TRUE","FALSE","FALSE","FALSE","http://www.inaturalist.org/observations/3275898"
"105","Erodium cicutarium","Plantae","TRUE","FALSE","FALSE","FALSE","http://www.inaturalist.org/observations/3277651"
"106","Erodium cicutarium","Plantae","TRUE","FALSE","FALSE","FALSE","http://www.inaturalist.org/observations/3286344"
"107","Erysimum capitatum","Plantae","TRUE","TRUE","FALSE","FALSE","http://www.inaturalist.org/observations/3365182"
"108","Erythranthe breweri","Plantae","FALSE","FALSE","FALSE","FALSE","https://www.inaturalist.org/observations/5614643"
"109","Erythranthe guttata","Plantae","FALSE","FALSE","FALSE","FALSE","http://www.inaturalist.org/observations/3277065"
"110","Erythranthe guttata","Plantae","FALSE","FALSE","FALSE","FALSE","http://www.inaturalist.org/observations/3276681"
"111","Erythranthe laciniata","Plantae","FALSE","FALSE","FALSE","FALSE","https://www.inaturalist.org/observations/5614648"
"112","Erythranthe laciniata","Plantae","FALSE","FALSE","FALSE","FALSE","http://www.inaturalist.org/observations/3277088"
"113","Fragaria vesca","Plantae","TRUE","FALSE","FALSE","FALSE","http://www.inaturalist.org/observations/3292012"
"114","Funaria hygrometrica","Plantae","FALSE","FALSE","FALSE","FALSE","http://www.inaturalist.org/observations/3294404"
"115","Galium aparine","Plantae","TRUE","FALSE","FALSE","TRUE","http://www.inaturalist.org/observations/3275942"
"116","Goodyera oblongifolia","Plantae","TRUE","FALSE","FALSE","TRUE","http://www.inaturalist.org/observations/3305868"
"117","Goodyera oblongifolia","Plantae","TRUE","FALSE","FALSE","TRUE","http://www.inaturalist.org/observations/3294386"
"118","Goodyera oblongifolia","Plantae","TRUE","FALSE","FALSE","TRUE","http://www.inaturalist.org/observations/3276123"
"119","Heracleum maximum","Plantae","FALSE","FALSE","FALSE","FALSE","http://www.inaturalist.org/observations/3288197"
"120","Heuchera micrantha","Plantae","TRUE","TRUE","FALSE","FALSE","http://www.inaturalist.org/observations/3288216"
"121","Hieracium albiflorum","Plantae","TRUE","FALSE","FALSE","TRUE","http://www.inaturalist.org/observations/3301925"
"122","Hieracium albiflorum","Plantae","TRUE","FALSE","FALSE","TRUE","http://www.inaturalist.org/observations/3288220"
"123","Hydrophyllum occidentale","Plantae","TRUE","FALSE","FALSE","TRUE","http://www.inaturalist.org/observations/3380727"
"124","Lactuca serriola","Plantae","TRUE","FALSE","FALSE","TRUE","http://www.inaturalist.org/observations/3277233"
"125","Leptosiphon ciliatus","Plantae","FALSE","FALSE","FALSE","FALSE","http://www.inaturalist.org/observations/3277555"
"126","Leptosiphon ciliatus","Plantae","FALSE","FALSE","FALSE","FALSE","http://www.inaturalist.org/observations/3280214"
"127","Leptosiphon ciliatus","Plantae","FALSE","FALSE","FALSE","FALSE","http://www.inaturalist.org/observations/3277227"
"128","Leucanthemum vulgare","Plantae","TRUE","FALSE","FALSE","TRUE","http://www.inaturalist.org/observations/3277107"
"129","Linanthus dichotomus","Plantae","TRUE","FALSE","FALSE","TRUE","http://www.inaturalist.org/observations/3286342"
"130","Lithophragma heterophyllum","Plantae","TRUE","FALSE","FALSE","FALSE","http://www.inaturalist.org/observations/3276179"
"131","Lonicera conjugialis","Plantae","TRUE","FALSE","FALSE","FALSE","http://www.inaturalist.org/observations/3294367"
"132","Lupinus nanus","Plantae","TRUE","FALSE","FALSE","FALSE","http://www.inaturalist.org/observations/3316301"
"133","Lupinus stiversii","Plantae","TRUE","FALSE","FALSE","FALSE","http://www.inaturalist.org/observations/3316337"
"134","Lupinus stiversii","Plantae","TRUE","FALSE","FALSE","FALSE","http://www.inaturalist.org/observations/3293249"
"135","Lupinus stiversii","Plantae","TRUE","FALSE","FALSE","FALSE","http://www.inaturalist.org/observations/3277047"
"136","Lupinus stiversii","Plantae","TRUE","FALSE","FALSE","FALSE","http://www.inaturalist.org/observations/3277048"
"137","Lupinus stiversii","Plantae","TRUE","FALSE","FALSE","FALSE","http://www.inaturalist.org/observations/3275828"
"138","Lupinus stiversii","Plantae","TRUE","FALSE","FALSE","FALSE","http://www.inaturalist.org/observations/3215140"
"139","Madia elegans","Plantae","TRUE","FALSE","FALSE","TRUE","http://www.inaturalist.org/observations/3276879"
"140","Maianthemum racemosum","Plantae","FALSE","FALSE","FALSE","FALSE","http://www.inaturalist.org/observations/3380517"
"141","Maianthemum racemosum","Plantae","FALSE","FALSE","FALSE","FALSE","http://www.inaturalist.org/observations/3294376"
"142","Maianthemum racemosum","Plantae","FALSE","FALSE","FALSE","FALSE","http://www.inaturalist.org/observations/3282247"
"143","Matricaria discoidea","Plantae","FALSE","FALSE","FALSE","TRUE","http://www.inaturalist.org/observations/3280315"
"144","Matricaria discoidea","Plantae","FALSE","FALSE","FALSE","TRUE","http://www.inaturalist.org/observations/3286332"
"145","Melissa officinalis","Plantae","FALSE","FALSE","FALSE","FALSE","http://www.inaturalist.org/observations/3288222"
"146","Nemophila heterophylla","Plantae","TRUE","FALSE","FALSE","TRUE","http://www.inaturalist.org/observations/3288143"
"147","Nemophila heterophylla","Plantae","TRUE","FALSE","FALSE","TRUE","http://www.inaturalist.org/observations/3276190"
"148","Osmorhiza brachypoda","Plantae","TRUE","FALSE","FALSE","TRUE","http://www.inaturalist.org/observations/3288208"
"149","Pedicularis semibarbata","Plantae","TRUE","FALSE","FALSE","FALSE","http://www.inaturalist.org/observations/3380605"
"150","Pellaea andromedifolia","Plantae","TRUE","FALSE","FALSE","TRUE","http://www.inaturalist.org/observations/3277245"
"151","Pellaea andromedifolia","Plantae","TRUE","FALSE","FALSE","TRUE","http://www.inaturalist.org/observations/3277085"
"152","Pellaea mucronata","Plantae","TRUE","FALSE","FALSE","FALSE","http://www.inaturalist.org/observations/3276126"
"153","Penstemon laetus","Plantae","TRUE","FALSE","FALSE","FALSE","http://www.inaturalist.org/observations/3277605"
"154","Penstemon laetus","Plantae","TRUE","FALSE","FALSE","FALSE","http://www.inaturalist.org/observations/3276884"
"155","Penstemon laetus","Plantae","TRUE","FALSE","FALSE","FALSE","http://www.inaturalist.org/observations/3277075"
"156","Penstemon newberryi","Plantae","TRUE","FALSE","FALSE","FALSE","http://www.inaturalist.org/observations/3316339"
"157","Penstemon newberryi","Plantae","TRUE","FALSE","FALSE","FALSE","http://www.inaturalist.org/observations/3288210"
"158","Pentagramma triangularis","Plantae","TRUE","FALSE","FALSE","FALSE","http://www.inaturalist.org/observations/3276703"
"159","Pinus ponderosa","Plantae","TRUE","FALSE","FALSE","FALSE","http://www.inaturalist.org/observations/3316313"
"160","Pinus ponderosa","Plantae","TRUE","FALSE","FALSE","FALSE","http://www.inaturalist.org/observations/3278265"
"161","Plantago lanceolata","Plantae","TRUE","FALSE","FALSE","TRUE","http://www.inaturalist.org/observations/3288171"
"162","Poa bulbosa","Plantae","TRUE","FALSE","FALSE","FALSE","http://www.inaturalist.org/observations/3334072"
"163","Poa bulbosa","Plantae","TRUE","FALSE","FALSE","FALSE","http://www.inaturalist.org/observations/3286361"
"164","Poa secunda","Plantae","TRUE","FALSE","FALSE","FALSE","http://www.inaturalist.org/observations/3288230"
"165","Prosartes hookeri","Plantae","FALSE","FALSE","FALSE","TRUE","http://www.inaturalist.org/observations/3380306"
"166","Prosartes hookeri","Plantae","FALSE","FALSE","FALSE","TRUE","http://www.inaturalist.org/observations/3380665"
"167","Prosartes hookeri","Plantae","FALSE","FALSE","FALSE","TRUE","http://www.inaturalist.org/observations/3305884"
"168","Prosartes hookeri","Plantae","FALSE","FALSE","FALSE","TRUE","http://www.inaturalist.org/observations/3294381"
"169","Prosartes hookeri","Plantae","FALSE","FALSE","FALSE","TRUE","http://www.inaturalist.org/observations/3279170"
"170","Prosartes hookeri","Plantae","FALSE","FALSE","FALSE","TRUE","http://www.inaturalist.org/observations/3277115"
"171","Pseudotsuga menziesii","Plantae","TRUE","FALSE","FALSE","FALSE","http://www.inaturalist.org/observations/3286960"
"172","Pseudotsuga menziesii","Plantae","TRUE","FALSE","FALSE","FALSE","http://www.inaturalist.org/observations/3276426"
"173","Pteridium aquilinum","Plantae","TRUE","FALSE","FALSE","FALSE","http://www.inaturalist.org/observations/3294398"
"174","Pteridium aquilinum","Plantae","TRUE","FALSE","FALSE","FALSE","http://www.inaturalist.org/observations/3288166"
"175","Pteridium aquilinum","Plantae","TRUE","FALSE","FALSE","FALSE","http://www.inaturalist.org/observations/3277228"
"176","Pterospora andromedea","Plantae","TRUE","FALSE","FALSE","FALSE","http://www.inaturalist.org/observations/3350952"
"177","Pyrola picta","Plantae","TRUE","FALSE","FALSE","TRUE","http://www.inaturalist.org/observations/3380795"
"178","Pyrola picta","Plantae","TRUE","FALSE","FALSE","TRUE","http://www.inaturalist.org/observations/3294383"
"179","Quercus chrysolepis","Plantae","TRUE","FALSE","FALSE","TRUE","http://www.inaturalist.org/observations/3288203"
"180","Quercus kelloggii","Plantae","TRUE","FALSE","FALSE","TRUE","http://www.inaturalist.org/observations/3293611"
"181","Quercus kelloggii","Plantae","TRUE","FALSE","FALSE","TRUE","http://www.inaturalist.org/observations/3269827"
"182","Rhododendron occidentale","Plantae","TRUE","FALSE","FALSE","TRUE","http://www.inaturalist.org/observations/3288182"
"183","Ribes nevadense","Plantae","TRUE","FALSE","FALSE","TRUE","http://www.inaturalist.org/observations/3294363"
"184","Ribes roezlii","Plantae","TRUE","FALSE","FALSE","FALSE","http://www.inaturalist.org/observations/3305859"
"185","Ribes roezlii","Plantae","TRUE","FALSE","FALSE","FALSE","http://www.inaturalist.org/observations/3294378"
"186","Rubus armeniacus","Plantae","FALSE","FALSE","FALSE","FALSE","http://www.inaturalist.org/observations/3286022"
"187","Rubus leucodermis","Plantae","TRUE","FALSE","FALSE","TRUE","http://www.inaturalist.org/observations/3280276"
"188","Rubus parviflorus","Plantae","TRUE","FALSE","FALSE","TRUE","http://www.inaturalist.org/observations/3350838"
"189","Rubus parviflorus","Plantae","TRUE","FALSE","FALSE","TRUE","http://www.inaturalist.org/observations/3294377"
"190","Rubus parviflorus","Plantae","TRUE","FALSE","FALSE","TRUE","http://www.inaturalist.org/observations/3276142"
"191","Rumex acetosella","Plantae","TRUE","FALSE","FALSE","TRUE","http://www.inaturalist.org/observations/3275973"
"192","Rumex crispus","Plantae","TRUE","FALSE","FALSE","TRUE","http://www.inaturalist.org/observations/3288189"
"193","Salvia columbariae","Plantae","TRUE","FALSE","FALSE","FALSE","http://www.inaturalist.org/observations/3293267"
"194","Sambucus cerulea","Plantae","FALSE","FALSE","FALSE","FALSE","http://www.inaturalist.org/observations/3288149"
"195","Sambucus cerulea","Plantae","FALSE","FALSE","FALSE","FALSE","http://www.inaturalist.org/observations/3276103"
"196","Sarcodes sanguinea","Plantae","TRUE","FALSE","FALSE","FALSE","http://www.inaturalist.org/observations/3380746"
"197","Sedum spathulifolium","Plantae","TRUE","FALSE","FALSE","FALSE","http://www.inaturalist.org/observations/3276133"
"198","Senecio aronicoides","Plantae","TRUE","FALSE","FALSE","FALSE","http://www.inaturalist.org/observations/3365206"
"199","Silene laciniata","Plantae","FALSE","FALSE","FALSE","FALSE","http://www.inaturalist.org/observations/3365240"
"200","Silene laciniata","Plantae","FALSE","FALSE","FALSE","FALSE","http://www.inaturalist.org/observations/3294420"
"201","Silene laciniata","Plantae","FALSE","FALSE","FALSE","FALSE","http://www.inaturalist.org/observations/3304056"
"202","Silene laciniata","Plantae","FALSE","FALSE","FALSE","FALSE","http://www.inaturalist.org/observations/3276791"
"203","Silene lemmonii","Plantae","TRUE","FALSE","FALSE","FALSE","http://www.inaturalist.org/observations/3301928"
"204","Silene lemmonii","Plantae","TRUE","FALSE","FALSE","FALSE","http://www.inaturalist.org/observations/3286957"
"205","Silene lemmonii","Plantae","TRUE","FALSE","FALSE","FALSE","http://www.inaturalist.org/observations/3277111"
"206","Silene lemmonii","Plantae","TRUE","FALSE","FALSE","FALSE","http://www.inaturalist.org/observations/3276429"
"207","Sisymbrium altissimum","Plantae","TRUE","FALSE","FALSE","TRUE","http://www.inaturalist.org/observations/3288199"
"208","Solanum xanti","Plantae","TRUE","FALSE","FALSE","TRUE","http://www.inaturalist.org/observations/3276059"
"209","Stellaria media","Plantae","TRUE","FALSE","FALSE","TRUE","http://www.inaturalist.org/observations/3275980"
"210","Streptanthus diversifolius","Plantae","TRUE","FALSE","FALSE","FALSE","http://www.inaturalist.org/observations/3301935"
"211","Taraxacum officinale","Plantae","TRUE","FALSE","FALSE","TRUE","http://www.inaturalist.org/observations/3276772"
"212","Taraxacum officinale","Plantae","TRUE","FALSE","FALSE","TRUE","http://www.inaturalist.org/observations/3276144"
"213","Thysanocarpus curvipes","Plantae","TRUE","FALSE","FALSE","FALSE","http://www.inaturalist.org/observations/3286343"
"214","Thysanocarpus curvipes","Plantae","TRUE","FALSE","FALSE","FALSE","http://www.inaturalist.org/observations/3286964"
"215","Torilis arvensis","Plantae","FALSE","FALSE","FALSE","FALSE","http://www.inaturalist.org/observations/3276006"
"216","Toxicodendron diversilobum","Plantae","TRUE","FALSE","FALSE","TRUE","http://www.inaturalist.org/observations/3277243"
"217","Tragopogon dubius","Plantae","TRUE","FALSE","FALSE","TRUE","http://www.inaturalist.org/observations/3288191"
"218","Tragopogon dubius","Plantae","TRUE","FALSE","FALSE","TRUE","http://www.inaturalist.org/observations/3277623"
"219","Tragopogon dubius","Plantae","TRUE","FALSE","FALSE","TRUE","http://www.inaturalist.org/observations/3277078"
"220","Tragopogon dubius","Plantae","TRUE","FALSE","FALSE","TRUE","http://www.inaturalist.org/observations/3276027"
"221","Trifolium hirtum","Plantae","FALSE","FALSE","FALSE","FALSE","http://www.inaturalist.org/observations/3275839"
"222","Trifolium willdenovii","Plantae","TRUE","FALSE","FALSE","TRUE","http://www.inaturalist.org/observations/3309808"
"223","Trifolium willdenovii","Plantae","TRUE","FALSE","FALSE","TRUE","http://www.inaturalist.org/observations/3277558"
"224","Triteleia hyacinthina","Plantae","TRUE","FALSE","FALSE","TRUE","http://www.inaturalist.org/observations/3293430"
"225","Triteleia ixioides","Plantae","TRUE","TRUE","FALSE","FALSE","http://www.inaturalist.org/observations/3316315"
"226","Triteleia ixioides","Plantae","TRUE","TRUE","FALSE","FALSE","http://www.inaturalist.org/observations/3276897"
"227","Umbellularia californica","Plantae","TRUE","FALSE","FALSE","FALSE","http://www.inaturalist.org/observations/3276047"
"228","Verbascum thapsus","Plantae","TRUE","FALSE","FALSE","FALSE","http://www.inaturalist.org/observations/3288195"
"229","Viola lobata","Plantae","TRUE","FALSE","FALSE","FALSE","http://www.inaturalist.org/observations/3334120"
"230","Viola lobata","Plantae","TRUE","FALSE","FALSE","FALSE","http://www.inaturalist.org/observations/3380678"
"231","Viola lobata","Plantae","TRUE","FALSE","FALSE","FALSE","http://www.inaturalist.org/observations/3294374"
"232","Viola purpurea","Plantae","TRUE","TRUE","FALSE","FALSE","http://www.inaturalist.org/observations/3288225"
"233","Viola sheltonii","Plantae","TRUE","FALSE","FALSE","TRUE","http://www.inaturalist.org/observations/3293533"
"234","Viola sheltonii","Plantae","TRUE","FALSE","FALSE","TRUE","http://www.inaturalist.org/observations/3276698"
"235","Vulpia microstachys","Plantae","TRUE","FALSE","FALSE","FALSE","http://www.inaturalist.org/observations/3277597"
"236","Vulpia microstachys","Plantae","TRUE","FALSE","FALSE","FALSE","http://www.inaturalist.org/observations/3286336"
"237","Woodwardia fimbriata","Plantae","TRUE","FALSE","FALSE","TRUE","http://www.inaturalist.org/observations/3293201"
