"","Iconic_taxa","Scientific_name","Occurences in BISON","Invasive.Record"
"1","Plantae","Claytonia rubra","OR 39; MT 1; CO 18; BC CAN 3; CA 242; VA 1; WA 43; ID 17; UT 5; NV 23","No"
"2","Plantae","Diplacus layneae","CA 479","No"
"3","Plantae","Erythranthe breweri","OR 88; CA 174; WA 1","No"
"4","Plantae","Erythranthe guttata","OR 202; WY 1; BC CAN 61; CA 738; WA 3; YT CAN 3; UT 1; NB CAN 2; CO 2; CT 4; AK 6; AB CAN 2; AZ 17; NV 3","No"
"5","Plantae","Erythranthe laciniata","CA 115","No"
"6","Plantae","Funaria hygrometrica","NC 28; IN 113; WY 19; BC CAN 89; SK CAN 3; PE CAN 11; UT 47; YT CAN 19; AB CAN 14; AZ 73; MT 24; KY 5; CA 250; KS 43; FL 100; DE 20; PA 162; IA 21; MS 11; TX 53; IL 27; NS CAN 20; CT 36; GA 30; VA 34; MD 19; ID 38; OR 75; VT 24; ME 84; OK 22; TN 7; AL 9; AR 18; WA 166; SC 4; NE 55; ON CAN 150; WV 8; MB CAN 28; MA 63; CO 33; MO 156; QC CAN 39; AK 148; ND 7; WI 49; NV 15; NY 167; RI 11; DC 3; SD 22; HI 8; MN 28; NL CAN 22; NJ 51; MI 56; NB CAN 14; NU CAN 4; NM 39; NH 13; LA 43; OH 29; NT CAN 38","No"
"7","Plantae","Heracleum maximum","NC 30; IN 21; WY 23; BC CAN 23; SK CAN 8; PE CAN 7; UT 39; YT CAN 8; AB CAN 78; AZ 17; MT 170; KY 9; CA 1037; KS 4; DE 4; PA 47; IA 19; IL 168; NS CAN 28; CT 27; GA 3; VA 40; MD 8; ID 35; OR 266; VT 114; TN 48; ME 20; WA 88; SC 1; NE 9; ON CAN 70; WV 32; MB CAN 9; CO 714; MA 22; QC CAN 230; MO 19; AK 169; ND 34; WI 97; NV 8; NY 57; RI 3; SD 16; MN 103; NL CAN 6; NJ 14; MI 96; NB CAN 13; NU CAN 1; NM 36; NH 9; OH 73; NT CAN 1","No"
"8","Plantae","Leptosiphon ciliatus","OR 22; CA 914; NV 12","No"
"9","Plantae","Maianthemum racemosum","NC 363; IN 111; WY 17; BC CAN 33; SK CAN 1; PE CAN 4; UT 37; AB CAN 82; AZ 110; MT 121; KY 160; CA 885; KS 45; DE 13; FL 2; PA 174; IA 88; MS 27; IL 218; NS CAN 10; TX 3; CT 136; GA 69; VA 1022; MD 235; ID 70; VT 321; OR 136; TN 141; ME 48; OK 9; AL 49; AR 49; WA 111; SC 82; NE 9; WV 578; ON CAN 316; CO 150; MA 80; MO 88; QC CAN 36; AK 5; ND 7; WI 224; NV 5; NY 225; DC 26; RI 6; SD 8; MN 118; NL CAN 1; NJ 56; MI 192; NB CAN 18; NM 32; NH 56; LA 1; OH 188","No"
"10","Plantae","Melissa officinalis","OR 81; NC 11; VT 2; IN 15; TN 10; BC CAN 10; AR 10; WA 25; SC 7; WV 17; ON CAN 5; MA 14; CO 1; MO 19; QC CAN 2; AB CAN 1; WI 1; NY 46; DC 8; RI 8; KY 18; CA 248; KS 6; DE 3; FL 1; NJ 17; PA 38; MI 6; MS 1; IL 9; TX 1; CT 35; LA 4; OH 32; VA 27; MD 10; ID 4","Yes"
"11","Plantae","Rubus armeniacus","OR 12265; DC 1; KY 2; BC CAN 50; HI 5; CA 1543; AR 10; WA 191; UT 3; SC 1; PA 2; NM 3; CO 2; IL 2; MA 1; MO 14; OH 3; VA 22; MD 1; AZ 10; ID 8; NV 6","Yes"
"12","Plantae","Sambucus cerulea","OR 54; DC 3; MT 24; WY 1; BC CAN 6; HI 1; CA 1021; UT 103; WA 94; NM 12; CO 5; TX 1; ID 97; AZ 46; NV 75","No"
"13","Plantae","Silene laciniata","NM 147; TX 21; CA 906; AR 1; AZ 132; NV 1","No"
"14","Plantae","Torilis arvensis","OR 42; NC 15; IN 5; TN 44; OK 35; BC CAN 7; AL 19; AR 66; WA 15; UT 8; SC 4; NE 1; ON CAN 2; MO 236; AZ 5; WI 2; DC 7; NY 1; KY 36; HI 3; CA 910; KS 182; DE 2; NJ 1; MI 1; PA 1; MS 13; IA 2; NM 1; TX 719; IL 69; LA 49; OH 18; GA 9; VA 22; MD 2; ID 3","Yes"
"15","Plantae","Trifolium hirtum","OR 9; NC 6; TN 1; LA 4; CA 1315; FL 2; AL 1; MD 1; VA 1; SC 2; NV 1","Yes"
