"","Scientific_name","Iconic_taxa","iNat_NPS_matches","iNat_NPSsynonym_matches","iNat_ITIS_synonym_matches","iNat_ITIS_nonsyn_matches","iNaturalist_URL"
"1","Batrachoseps nigriventris","Amphibia","TRUE","FALSE","FALSE","FALSE","http://www.inaturalist.org/observations/3233075"
"2","Batrachoseps nigriventris","Amphibia","TRUE","FALSE","FALSE","FALSE","http://www.inaturalist.org/observations/3201690"
"3","Ensatina eschscholtzii","Amphibia","TRUE","FALSE","FALSE","FALSE","http://www.inaturalist.org/observations/3209089"
"4","Lithobates catesbeianus","Amphibia","FALSE","FALSE","FALSE","TRUE","http://www.inaturalist.org/observations/3265411"
"5","Pseudacris cadaverina","Amphibia","FALSE","TRUE","FALSE","TRUE","http://www.inaturalist.org/observations/3197872"
"6","Pseudacris hypochondriaca","Amphibia","FALSE","FALSE","FALSE","FALSE","http://www.inaturalist.org/observations/3254104"
"7","Pseudacris hypochondriaca","Amphibia","FALSE","FALSE","FALSE","FALSE","http://www.inaturalist.org/observations/3197868"
"8","Rana draytonii","Amphibia","FALSE","FALSE","FALSE","TRUE","http://www.inaturalist.org/observations/3236694"
"9","Taricha torosa","Amphibia","TRUE","FALSE","FALSE","TRUE","http://www.inaturalist.org/observations/3344404"
"10","Taricha torosa","Amphibia","TRUE","FALSE","FALSE","TRUE","http://www.inaturalist.org/observations/3344425"
"11","Taricha torosa","Amphibia","TRUE","FALSE","FALSE","TRUE","http://www.inaturalist.org/observations/3272397"
"12","Taricha torosa","Amphibia","TRUE","FALSE","FALSE","TRUE","http://www.inaturalist.org/observations/3249952"
"13","Taricha torosa","Amphibia","TRUE","FALSE","FALSE","TRUE","http://www.inaturalist.org/observations/3208989"
"14","Aphelocoma californica","Aves","TRUE","FALSE","FALSE","TRUE","http://www.inaturalist.org/observations/3712866"
"15","Aphelocoma californica","Aves","TRUE","FALSE","FALSE","TRUE","http://www.inaturalist.org/observations/3344537"
"16","Aphelocoma californica","Aves","TRUE","FALSE","FALSE","TRUE","http://www.inaturalist.org/observations/3265878"
"17","Aphelocoma californica","Aves","TRUE","FALSE","FALSE","TRUE","http://www.inaturalist.org/observations/3261876"
"18","Aphelocoma californica","Aves","TRUE","FALSE","FALSE","TRUE","http://www.inaturalist.org/observations/3255966"
"19","Aphelocoma californica","Aves","TRUE","FALSE","FALSE","TRUE","http://www.inaturalist.org/observations/3250048"
"20","Ardea alba","Aves","TRUE","FALSE","FALSE","TRUE","https://www.inaturalist.org/observations/4907591"
"21","Ardea herodias","Aves","TRUE","FALSE","FALSE","FALSE","http://www.inaturalist.org/observations/3216753"
"22","Buteo jamaicensis","Aves","TRUE","FALSE","FALSE","FALSE","http://www.inaturalist.org/observations/3263241"
"23","Calypte anna","Aves","TRUE","FALSE","FALSE","FALSE","http://www.inaturalist.org/observations/3273250"
"24","Cathartes aura","Aves","TRUE","FALSE","FALSE","FALSE","http://www.inaturalist.org/observations/3265353"
"25","Cathartes aura","Aves","TRUE","FALSE","FALSE","FALSE","http://www.inaturalist.org/observations/3265526"
"26","Columba livia","Aves","TRUE","FALSE","FALSE","FALSE","http://www.inaturalist.org/observations/3216625"
"27","Corvus brachyrhynchos","Aves","TRUE","FALSE","FALSE","FALSE","http://www.inaturalist.org/observations/3262955"
"28","Corvus corax","Aves","TRUE","FALSE","FALSE","FALSE","http://www.inaturalist.org/observations/3265527"
"29","Himantopus mexicanus","Aves","TRUE","FALSE","FALSE","FALSE","http://www.inaturalist.org/observations/3284264"
"30","Himantopus mexicanus","Aves","TRUE","FALSE","FALSE","FALSE","http://www.inaturalist.org/observations/3216759"
"31","Melanerpes formicivorus","Aves","TRUE","FALSE","FALSE","FALSE","http://www.inaturalist.org/observations/3265451"
"32","Mergus serrator","Aves","TRUE","FALSE","FALSE","TRUE","http://www.inaturalist.org/observations/3211689"
"33","Mimus polyglottos","Aves","TRUE","FALSE","FALSE","FALSE","https://www.inaturalist.org/observations/8072764"
"34","Myiarchus cinerascens","Aves","TRUE","FALSE","FALSE","FALSE","http://www.inaturalist.org/observations/3265533"
"35","Passerina cyanea","Aves","TRUE","FALSE","FALSE","TRUE","http://www.inaturalist.org/observations/3625272"
"36","Phainopepla nitens","Aves","TRUE","FALSE","FALSE","FALSE","http://www.inaturalist.org/observations/3261878"
"37","Phalacrocorax auritus","Aves","TRUE","FALSE","FALSE","FALSE","http://www.inaturalist.org/observations/3216971"
"38","Pheucticus melanocephalus","Aves","TRUE","FALSE","FALSE","FALSE","http://www.inaturalist.org/observations/3237372"
"39","Pipilo maculatus","Aves","TRUE","FALSE","FALSE","FALSE","http://www.inaturalist.org/observations/3702428"
"40","Pipilo maculatus","Aves","TRUE","FALSE","FALSE","FALSE","http://www.inaturalist.org/observations/3219548"
"41","Sayornis nigricans","Aves","TRUE","FALSE","FALSE","FALSE","http://www.inaturalist.org/observations/3216930"
"42","Spinus psaltria","Aves","TRUE","FALSE","FALSE","TRUE","http://www.inaturalist.org/observations/3260934"
"43","Toxostoma redivivum","Aves","TRUE","FALSE","FALSE","FALSE","http://www.inaturalist.org/observations/3718190"
"44","Tyrannus vociferans","Aves","TRUE","FALSE","FALSE","FALSE","http://www.inaturalist.org/observations/3265870"
"45","Zenaida macroura","Aves","TRUE","FALSE","FALSE","FALSE","https://www.inaturalist.org/observations/32067954"
"46","Lynx rufus","Mammalia","FALSE","TRUE","FALSE","TRUE","http://www.inaturalist.org/observations/3277526"
"47","Mephitis mephitis","Mammalia","TRUE","FALSE","FALSE","FALSE","http://www.inaturalist.org/observations/3277423"
"48","Odocoileus hemionus","Mammalia","TRUE","FALSE","FALSE","FALSE","http://www.inaturalist.org/observations/3250728"
"49","Procyon lotor","Mammalia","TRUE","FALSE","FALSE","FALSE","http://www.inaturalist.org/observations/3277481"
"50","Puma concolor","Mammalia","TRUE","FALSE","FALSE","TRUE","http://www.inaturalist.org/observations/3277138"
"51","Sciurus niger","Mammalia","TRUE","FALSE","FALSE","FALSE","http://www.inaturalist.org/observations/3285402"
"52","Sorex ornatus","Mammalia","TRUE","FALSE","FALSE","FALSE","http://www.inaturalist.org/observations/3233104"
"53","Thomomys bottae","Mammalia","TRUE","FALSE","FALSE","FALSE","http://www.inaturalist.org/observations/3216431"
"54","Urocyon cinereoargenteus","Mammalia","TRUE","FALSE","FALSE","TRUE","http://www.inaturalist.org/observations/3277383"
"55","Achillea millefolium","Plantae","TRUE","TRUE","FALSE","TRUE","http://www.inaturalist.org/observations/3694089"
"56","Acmispon glaber","Plantae","FALSE","FALSE","FALSE","FALSE","http://www.inaturalist.org/observations/3535139"
"57","Acmispon glaber","Plantae","FALSE","FALSE","FALSE","FALSE","http://www.inaturalist.org/observations/3272899"
"58","Acmispon glaber","Plantae","FALSE","FALSE","FALSE","FALSE","http://www.inaturalist.org/observations/3264556"
"59","Acmispon glaber","Plantae","FALSE","FALSE","FALSE","FALSE","http://www.inaturalist.org/observations/3219251"
"60","Acmispon glaber","Plantae","FALSE","FALSE","FALSE","FALSE","http://www.inaturalist.org/observations/3216756"
"61","Acmispon glaber","Plantae","FALSE","FALSE","FALSE","FALSE","http://www.inaturalist.org/observations/3208255"
"62","Acmispon maritimus","Plantae","TRUE","FALSE","FALSE","FALSE","http://www.inaturalist.org/observations/3275622"
"63","Acourtia microcephala","Plantae","TRUE","FALSE","FALSE","TRUE","http://www.inaturalist.org/observations/3702249"
"64","Acourtia microcephala","Plantae","TRUE","FALSE","FALSE","TRUE","http://www.inaturalist.org/observations/3275986"
"65","Acrosorium ciliolatum","Plantae","FALSE","FALSE","FALSE","FALSE","http://www.inaturalist.org/observations/3217903"
"66","Adenostoma fasciculatum","Plantae","TRUE","TRUE","FALSE","FALSE","http://www.inaturalist.org/observations/3712853"
"67","Adenostoma fasciculatum","Plantae","TRUE","TRUE","FALSE","FALSE","http://www.inaturalist.org/observations/3336710"
"68","Adenostoma fasciculatum","Plantae","TRUE","TRUE","FALSE","FALSE","http://www.inaturalist.org/observations/3261881"
"69","Adenostoma fasciculatum","Plantae","TRUE","TRUE","FALSE","FALSE","http://www.inaturalist.org/observations/3219247"
"70","Adenostoma sparsifolium","Plantae","TRUE","FALSE","FALSE","FALSE","http://www.inaturalist.org/observations/3343611"
"71","Adiantum jordanii","Plantae","TRUE","FALSE","FALSE","FALSE","http://www.inaturalist.org/observations/3262341"
"72","Adiantum jordanii","Plantae","TRUE","FALSE","FALSE","FALSE","http://www.inaturalist.org/observations/3234604"
"73","Ailanthus altissima","Plantae","TRUE","FALSE","FALSE","TRUE","http://www.inaturalist.org/observations/3693554"
"74","Ambrosia acanthicarpa","Plantae","TRUE","FALSE","FALSE","TRUE","http://www.inaturalist.org/observations/3265676"
"75","Ambrosia psilostachya","Plantae","TRUE","FALSE","FALSE","TRUE","http://www.inaturalist.org/observations/3702160"
"76","Ambrosia psilostachya","Plantae","TRUE","FALSE","FALSE","TRUE","http://www.inaturalist.org/observations/3188070"
"77","Apiastrum angustifolium","Plantae","TRUE","FALSE","FALSE","FALSE","http://www.inaturalist.org/observations/3337419"
"78","Arctostaphylos glandulosa","Plantae","TRUE","TRUE","FALSE","FALSE","http://www.inaturalist.org/observations/3265542"
"79","Arctostaphylos glauca","Plantae","TRUE","FALSE","FALSE","TRUE","http://www.inaturalist.org/observations/3208891"
"80","Arctostaphylos glauca","Plantae","TRUE","FALSE","FALSE","TRUE","http://www.inaturalist.org/observations/3216809"
"81","Artemisia californica","Plantae","TRUE","FALSE","FALSE","FALSE","http://www.inaturalist.org/observations/3685263"
"82","Artemisia californica","Plantae","TRUE","FALSE","FALSE","FALSE","http://www.inaturalist.org/observations/3260946"
"83","Artemisia douglasiana","Plantae","TRUE","FALSE","FALSE","TRUE","http://www.inaturalist.org/observations/3695888"
"84","Artemisia douglasiana","Plantae","TRUE","FALSE","FALSE","TRUE","http://www.inaturalist.org/observations/3336490"
"85","Artemisia douglasiana","Plantae","TRUE","FALSE","FALSE","TRUE","http://www.inaturalist.org/observations/3275876"
"86","Asclepias californica","Plantae","TRUE","FALSE","FALSE","FALSE","http://www.inaturalist.org/observations/3261972"
"87","Asclepias eriocarpa","Plantae","TRUE","FALSE","FALSE","TRUE","http://www.inaturalist.org/observations/3262319"
"88","Asclepias fascicularis","Plantae","TRUE","FALSE","FALSE","TRUE","http://www.inaturalist.org/observations/3316191"
"89","Asclepias fascicularis","Plantae","TRUE","FALSE","FALSE","TRUE","http://www.inaturalist.org/observations/3231127"
"90","Astragalus trichopodus","Plantae","TRUE","TRUE","FALSE","FALSE","http://www.inaturalist.org/observations/3275962"
"91","Azolla filiculoides","Plantae","TRUE","FALSE","FALSE","TRUE","http://www.inaturalist.org/observations/3264239"
"92","Baccharis pilularis","Plantae","TRUE","FALSE","FALSE","FALSE","http://www.inaturalist.org/observations/3712189"
"93","Baccharis pilularis","Plantae","TRUE","FALSE","FALSE","FALSE","http://www.inaturalist.org/observations/3259125"
"94","Baccharis salicifolia","Plantae","TRUE","TRUE","FALSE","TRUE","http://www.inaturalist.org/observations/3701731"
"95","Baccharis salicifolia","Plantae","TRUE","TRUE","FALSE","TRUE","http://www.inaturalist.org/observations/3275941"
"96","Bloomeria crocea","Plantae","TRUE","TRUE","FALSE","FALSE","http://www.inaturalist.org/observations/3712239"
"97","Bloomeria crocea","Plantae","TRUE","TRUE","FALSE","FALSE","http://www.inaturalist.org/observations/3265902"
"98","Bloomeria crocea","Plantae","TRUE","TRUE","FALSE","FALSE","http://www.inaturalist.org/observations/3265332"
"99","Bloomeria crocea","Plantae","TRUE","TRUE","FALSE","FALSE","http://www.inaturalist.org/observations/3217402"
"100","Brassica nigra","Plantae","TRUE","FALSE","FALSE","TRUE","http://www.inaturalist.org/observations/3694017"
"101","Bromus diandrus","Plantae","TRUE","FALSE","FALSE","TRUE","http://www.inaturalist.org/observations/3285958"
"102","Cakile maritima","Plantae","TRUE","FALSE","FALSE","FALSE","http://www.inaturalist.org/observations/3217084"
"103","Calochortus albus","Plantae","TRUE","FALSE","FALSE","TRUE","http://www.inaturalist.org/observations/3219175"
"104","Calochortus catalinae","Plantae","TRUE","FALSE","FALSE","FALSE","http://www.inaturalist.org/observations/3344046"
"105","Calochortus catalinae","Plantae","TRUE","FALSE","FALSE","FALSE","http://www.inaturalist.org/observations/3316184"
"106","Calochortus catalinae","Plantae","TRUE","FALSE","FALSE","FALSE","http://www.inaturalist.org/observations/3208754"
"107","Calochortus catalinae","Plantae","TRUE","FALSE","FALSE","FALSE","http://www.inaturalist.org/observations/3202043"
"108","Calochortus clavatus","Plantae","TRUE","FALSE","FALSE","FALSE","http://www.inaturalist.org/observations/3718399"
"109","Calochortus clavatus","Plantae","TRUE","FALSE","FALSE","FALSE","http://www.inaturalist.org/observations/3316171"
"110","Calochortus clavatus","Plantae","TRUE","FALSE","FALSE","FALSE","http://www.inaturalist.org/observations/3283776"
"111","Calochortus clavatus","Plantae","TRUE","FALSE","FALSE","FALSE","http://www.inaturalist.org/observations/3234304"
"112","Calystegia macrostegia","Plantae","TRUE","FALSE","FALSE","FALSE","http://www.inaturalist.org/observations/3336618"
"113","Calystegia macrostegia","Plantae","TRUE","FALSE","FALSE","FALSE","http://www.inaturalist.org/observations/3336639"
"114","Calystegia macrostegia","Plantae","TRUE","FALSE","FALSE","FALSE","http://www.inaturalist.org/observations/3275627"
"115","Carduus pycnocephalus","Plantae","TRUE","FALSE","FALSE","FALSE","http://www.inaturalist.org/observations/3335662"
"116","Carduus pycnocephalus","Plantae","TRUE","FALSE","FALSE","FALSE","http://www.inaturalist.org/observations/3265251"
"117","Castilleja affinis","Plantae","TRUE","TRUE","FALSE","FALSE","http://www.inaturalist.org/observations/3265345"
"118","Castilleja exserta","Plantae","TRUE","FALSE","FALSE","FALSE","http://www.inaturalist.org/observations/3261982"
"119","Ceanothus crassifolius","Plantae","TRUE","FALSE","FALSE","TRUE","http://www.inaturalist.org/observations/3219230"
"120","Ceanothus megacarpus","Plantae","TRUE","TRUE","FALSE","FALSE","http://www.inaturalist.org/observations/3712787"
"121","Centaurea melitensis","Plantae","TRUE","FALSE","FALSE","FALSE","http://www.inaturalist.org/observations/3275859"
"122","Centaurea melitensis","Plantae","TRUE","FALSE","FALSE","FALSE","http://www.inaturalist.org/observations/3232071"
"123","Centaurea solstitialis","Plantae","TRUE","FALSE","FALSE","TRUE","http://www.inaturalist.org/observations/3264274"
"124","Cercocarpus betuloides","Plantae","TRUE","FALSE","FALSE","FALSE","http://www.inaturalist.org/observations/3260935"
"125","Chaenactis artemisiifolia","Plantae","TRUE","FALSE","FALSE","FALSE","http://www.inaturalist.org/observations/3283325"
"126","Chaenactis artemisiifolia","Plantae","TRUE","FALSE","FALSE","FALSE","http://www.inaturalist.org/observations/3202146"
"127","Chlorogalum pomeridianum","Plantae","TRUE","TRUE","FALSE","FALSE","http://www.inaturalist.org/observations/3718443"
"128","Chorizanthe staticoides","Plantae","TRUE","FALSE","FALSE","TRUE","http://www.inaturalist.org/observations/3712620"
"129","Cirsium occidentale","Plantae","TRUE","FALSE","FALSE","FALSE","http://www.inaturalist.org/observations/3265921"
"130","Cirsium occidentale","Plantae","TRUE","FALSE","FALSE","FALSE","http://www.inaturalist.org/observations/3261871"
"131","Clarkia bottae","Plantae","TRUE","FALSE","FALSE","TRUE","http://www.inaturalist.org/observations/3283568"
"132","Clarkia bottae","Plantae","TRUE","FALSE","FALSE","TRUE","http://www.inaturalist.org/observations/3283845"
"133","Clarkia bottae","Plantae","TRUE","FALSE","FALSE","TRUE","http://www.inaturalist.org/observations/3283388"
"134","Clarkia bottae","Plantae","TRUE","FALSE","FALSE","TRUE","http://www.inaturalist.org/observations/3283673"
"135","Clarkia bottae","Plantae","TRUE","FALSE","FALSE","TRUE","http://www.inaturalist.org/observations/3283669"
"136","Clarkia bottae","Plantae","TRUE","FALSE","FALSE","TRUE","http://www.inaturalist.org/observations/3261877"
"137","Clarkia bottae","Plantae","TRUE","FALSE","FALSE","TRUE","http://www.inaturalist.org/observations/3261887"
"138","Clarkia cylindrica","Plantae","TRUE","TRUE","FALSE","FALSE","http://www.inaturalist.org/observations/3265285"
"139","Clarkia unguiculata","Plantae","TRUE","FALSE","FALSE","TRUE","http://www.inaturalist.org/observations/3337112"
"140","Clarkia unguiculata","Plantae","TRUE","FALSE","FALSE","TRUE","http://www.inaturalist.org/observations/3337221"
"141","Clarkia unguiculata","Plantae","TRUE","FALSE","FALSE","TRUE","http://www.inaturalist.org/observations/3262328"
"142","Clarkia unguiculata","Plantae","TRUE","FALSE","FALSE","TRUE","http://www.inaturalist.org/observations/3256782"
"143","Clarkia unguiculata","Plantae","TRUE","FALSE","FALSE","TRUE","http://www.inaturalist.org/observations/3219307"
"144","Claytonia perfoliata","Plantae","TRUE","FALSE","FALSE","FALSE","http://www.inaturalist.org/observations/3343104"
"145","Claytonia perfoliata","Plantae","TRUE","FALSE","FALSE","FALSE","http://www.inaturalist.org/observations/3265543"
"146","Clematis lasiantha","Plantae","TRUE","FALSE","FALSE","FALSE","http://www.inaturalist.org/observations/3694238"
"147","Collinsia heterophylla","Plantae","TRUE","TRUE","FALSE","FALSE","http://www.inaturalist.org/observations/3343041"
"148","Conium maculatum","Plantae","TRUE","FALSE","FALSE","FALSE","http://www.inaturalist.org/observations/3269904"
"149","Conium maculatum","Plantae","TRUE","FALSE","FALSE","FALSE","http://www.inaturalist.org/observations/3264105"
"150","Conium maculatum","Plantae","TRUE","FALSE","FALSE","FALSE","http://www.inaturalist.org/observations/3264111"
"151","Corethrogyne filaginifolia","Plantae","TRUE","FALSE","FALSE","TRUE","http://www.inaturalist.org/observations/3275981"
"152","Datura wrightii","Plantae","TRUE","FALSE","FALSE","TRUE","http://www.inaturalist.org/observations/3275964"
"153","Deinandra fasciculata","Plantae","TRUE","FALSE","FALSE","TRUE","http://www.inaturalist.org/observations/3712316"
"154","Deinandra fasciculata","Plantae","TRUE","FALSE","FALSE","TRUE","http://www.inaturalist.org/observations/3712490"
"155","Deinandra fasciculata","Plantae","TRUE","FALSE","FALSE","TRUE","http://www.inaturalist.org/observations/3265844"
"156","Deinandra fasciculata","Plantae","TRUE","FALSE","FALSE","TRUE","http://www.inaturalist.org/observations/3258768"
"157","Deinandra fasciculata","Plantae","TRUE","FALSE","FALSE","TRUE","http://www.inaturalist.org/observations/3191908"
"158","Deinandra fasciculata","Plantae","TRUE","FALSE","FALSE","TRUE","http://www.inaturalist.org/observations/3198113"
"159","Delphinium cardinale","Plantae","TRUE","FALSE","FALSE","FALSE","http://www.inaturalist.org/observations/3292327"
"160","Diplacus brevipes","Plantae","FALSE","FALSE","FALSE","FALSE","http://www.inaturalist.org/observations/3234624"
"161","Diplacus brevipes","Plantae","FALSE","FALSE","FALSE","FALSE","http://www.inaturalist.org/observations/3201861"
"162","Diplacus longiflorus","Plantae","FALSE","FALSE","FALSE","FALSE","http://www.inaturalist.org/observations/3711997"
"163","Diplacus longiflorus","Plantae","FALSE","FALSE","FALSE","FALSE","http://www.inaturalist.org/observations/3272362"
"164","Diplacus longiflorus","Plantae","FALSE","FALSE","FALSE","FALSE","http://www.inaturalist.org/observations/3265174"
"165","Diplacus longiflorus","Plantae","FALSE","FALSE","FALSE","FALSE","http://www.inaturalist.org/observations/3261872"
"166","Diplacus longiflorus","Plantae","FALSE","FALSE","FALSE","FALSE","http://www.inaturalist.org/observations/3264092"
"167","Diplacus longiflorus","Plantae","FALSE","FALSE","FALSE","FALSE","http://www.inaturalist.org/observations/3208882"
"168","Diplacus longiflorus","Plantae","FALSE","FALSE","FALSE","FALSE","http://www.inaturalist.org/observations/3216738"
"169","Diplacus longiflorus","Plantae","FALSE","FALSE","FALSE","FALSE","http://www.inaturalist.org/observations/3201918"
"170","Distichlis spicata","Plantae","TRUE","TRUE","FALSE","TRUE","http://www.inaturalist.org/observations/3187692"
"171","Drymocallis glandulosa","Plantae","TRUE","FALSE","FALSE","FALSE","http://www.inaturalist.org/observations/3233942"
"172","Drymocallis glandulosa","Plantae","TRUE","FALSE","FALSE","FALSE","http://www.inaturalist.org/observations/3219223"
"173","Dryopteris arguta","Plantae","TRUE","FALSE","FALSE","FALSE","http://www.inaturalist.org/observations/3718302"
"174","Dryopteris arguta","Plantae","TRUE","FALSE","FALSE","FALSE","http://www.inaturalist.org/observations/3265982"
"175","Dryopteris arguta","Plantae","TRUE","FALSE","FALSE","FALSE","http://www.inaturalist.org/observations/3257884"
"176","Dryopteris arguta","Plantae","TRUE","FALSE","FALSE","FALSE","http://www.inaturalist.org/observations/3234967"
"177","Dudleya blochmaniae","Plantae","TRUE","FALSE","FALSE","FALSE","http://www.inaturalist.org/observations/3712347"
"178","Dudleya cymosa","Plantae","TRUE","TRUE","FALSE","FALSE","http://www.inaturalist.org/observations/3303582"
"179","Dudleya lanceolata","Plantae","TRUE","FALSE","FALSE","TRUE","https://www.inaturalist.org/observations/9888867"
"180","Dudleya lanceolata","Plantae","TRUE","FALSE","FALSE","TRUE","http://www.inaturalist.org/observations/3342974"
"181","Dudleya lanceolata","Plantae","TRUE","FALSE","FALSE","TRUE","http://www.inaturalist.org/observations/3265378"
"182","Dudleya lanceolata","Plantae","TRUE","FALSE","FALSE","TRUE","http://www.inaturalist.org/observations/3264157"
"183","Dudleya lanceolata","Plantae","TRUE","FALSE","FALSE","TRUE","http://www.inaturalist.org/observations/3264544"
"184","Dudleya pulverulenta","Plantae","TRUE","TRUE","FALSE","TRUE","http://www.inaturalist.org/observations/3344504"
"185","Dudleya pulverulenta","Plantae","TRUE","TRUE","FALSE","TRUE","http://www.inaturalist.org/observations/3286055"
"186","Dudleya pulverulenta","Plantae","TRUE","TRUE","FALSE","TRUE","http://www.inaturalist.org/observations/3200599"
"187","Ehrendorferia ochroleuca","Plantae","TRUE","FALSE","TRUE","FALSE","http://www.inaturalist.org/observations/3283793"
"188","Emmenanthe penduliflora","Plantae","TRUE","TRUE","FALSE","FALSE","http://www.inaturalist.org/observations/3283311"
"189","Encelia californica","Plantae","TRUE","FALSE","FALSE","FALSE","http://www.inaturalist.org/observations/3702224"
"190","Encelia californica","Plantae","TRUE","FALSE","FALSE","FALSE","http://www.inaturalist.org/observations/3713071"
"191","Encelia californica","Plantae","TRUE","FALSE","FALSE","FALSE","http://www.inaturalist.org/observations/3265537"
"192","Epilobium canum","Plantae","TRUE","FALSE","FALSE","FALSE","http://www.inaturalist.org/observations/3336448"
"193","Epipactis gigantea","Plantae","TRUE","FALSE","FALSE","FALSE","http://www.inaturalist.org/observations/3272382"
"194","Epipactis gigantea","Plantae","TRUE","FALSE","FALSE","FALSE","http://www.inaturalist.org/observations/3197976"
"195","Eriogonum cinereum","Plantae","TRUE","FALSE","FALSE","FALSE","http://www.inaturalist.org/observations/3693472"
"196","Eriogonum cinereum","Plantae","TRUE","FALSE","FALSE","FALSE","http://www.inaturalist.org/observations/3712592"
"197","Eriogonum fasciculatum","Plantae","TRUE","FALSE","FALSE","FALSE","http://www.inaturalist.org/observations/3712601"
"198","Eriogonum fasciculatum","Plantae","TRUE","FALSE","FALSE","FALSE","http://www.inaturalist.org/observations/3336753"
"199","Eriogonum fasciculatum","Plantae","TRUE","FALSE","FALSE","FALSE","http://www.inaturalist.org/observations/3265373"
"200","Eriogonum fasciculatum","Plantae","TRUE","FALSE","FALSE","FALSE","http://www.inaturalist.org/observations/3261984"
"201","Eriogonum fasciculatum","Plantae","TRUE","FALSE","FALSE","FALSE","http://www.inaturalist.org/observations/3261985"
"202","Eriogonum fasciculatum","Plantae","TRUE","FALSE","FALSE","FALSE","http://www.inaturalist.org/observations/3262134"
"203","Eriogonum fasciculatum","Plantae","TRUE","FALSE","FALSE","FALSE","http://www.inaturalist.org/observations/3262294"
"204","Eriogonum fasciculatum","Plantae","TRUE","FALSE","FALSE","FALSE","http://www.inaturalist.org/observations/3263246"
"205","Eriogonum fasciculatum","Plantae","TRUE","FALSE","FALSE","FALSE","http://www.inaturalist.org/observations/3225496"
"206","Eriogonum fasciculatum","Plantae","TRUE","FALSE","FALSE","FALSE","http://www.inaturalist.org/observations/3217076"
"207","Eriogonum fasciculatum","Plantae","TRUE","FALSE","FALSE","FALSE","http://www.inaturalist.org/observations/3208822"
"208","Eriogonum fasciculatum","Plantae","TRUE","FALSE","FALSE","FALSE","http://www.inaturalist.org/observations/3208354"
"209","Eriogonum fasciculatum","Plantae","TRUE","FALSE","FALSE","FALSE","http://www.inaturalist.org/observations/3193290"
"210","Eriogonum parvifolium","Plantae","TRUE","FALSE","FALSE","TRUE","http://www.inaturalist.org/observations/3216534"
"211","Eriophyllum confertiflorum","Plantae","TRUE","TRUE","FALSE","FALSE","http://www.inaturalist.org/observations/3693832"
"212","Eriophyllum confertiflorum","Plantae","TRUE","TRUE","FALSE","FALSE","http://www.inaturalist.org/observations/3337049"
"213","Eriophyllum confertiflorum","Plantae","TRUE","TRUE","FALSE","FALSE","http://www.inaturalist.org/observations/3344654"
"214","Eriophyllum confertiflorum","Plantae","TRUE","TRUE","FALSE","FALSE","http://www.inaturalist.org/observations/3265861"
"215","Eriophyllum confertiflorum","Plantae","TRUE","TRUE","FALSE","FALSE","http://www.inaturalist.org/observations/3260945"
"216","Eriophyllum confertiflorum","Plantae","TRUE","TRUE","FALSE","FALSE","http://www.inaturalist.org/observations/3264100"
"217","Eriophyllum confertiflorum","Plantae","TRUE","TRUE","FALSE","FALSE","http://www.inaturalist.org/observations/3219284"
"218","Eriophyllum confertiflorum","Plantae","TRUE","TRUE","FALSE","FALSE","http://www.inaturalist.org/observations/3217513"
"219","Eriophyllum confertiflorum","Plantae","TRUE","TRUE","FALSE","FALSE","http://www.inaturalist.org/observations/3208758"
"220","Eriophyllum confertiflorum","Plantae","TRUE","TRUE","FALSE","FALSE","http://www.inaturalist.org/observations/3208127"
"221","Erodium botrys","Plantae","TRUE","FALSE","FALSE","FALSE","http://www.inaturalist.org/observations/3217427"
"222","Erodium cicutarium","Plantae","TRUE","FALSE","FALSE","FALSE","http://www.inaturalist.org/observations/3217419"
"223","Erythranthe cardinalis","Plantae","FALSE","FALSE","TRUE","FALSE","http://www.inaturalist.org/observations/3344168"
"224","Erythranthe guttata","Plantae","FALSE","FALSE","FALSE","FALSE","http://www.inaturalist.org/observations/3219204"
"225","Eschscholzia californica","Plantae","TRUE","TRUE","FALSE","FALSE","http://www.inaturalist.org/observations/3283378"
"226","Eschscholzia californica","Plantae","TRUE","TRUE","FALSE","FALSE","http://www.inaturalist.org/observations/3263982"
"227","Eschscholzia californica","Plantae","TRUE","TRUE","FALSE","FALSE","http://www.inaturalist.org/observations/3217163"
"228","Eschscholzia californica","Plantae","TRUE","TRUE","FALSE","FALSE","http://www.inaturalist.org/observations/3208898"
"229","Eschscholzia californica","Plantae","TRUE","TRUE","FALSE","FALSE","http://www.inaturalist.org/observations/3202127"
"230","Eucrypta chrysanthemifolia","Plantae","TRUE","TRUE","FALSE","FALSE","http://www.inaturalist.org/observations/3337388"
"231","Eucrypta chrysanthemifolia","Plantae","TRUE","TRUE","FALSE","FALSE","http://www.inaturalist.org/observations/3337405"
"232","Eucrypta chrysanthemifolia","Plantae","TRUE","TRUE","FALSE","FALSE","http://www.inaturalist.org/observations/3337286"
"233","Euphorbia polycarpa","Plantae","TRUE","FALSE","FALSE","TRUE","http://www.inaturalist.org/observations/3284261"
"234","Euphorbia serpens","Plantae","TRUE","FALSE","TRUE","TRUE","http://www.inaturalist.org/observations/3216417"
"235","Euphorbia terracina","Plantae","TRUE","FALSE","TRUE","TRUE","http://www.inaturalist.org/observations/3694317"
"236","Foeniculum vulgare","Plantae","TRUE","FALSE","FALSE","TRUE","http://www.inaturalist.org/observations/3711891"
"237","Foeniculum vulgare","Plantae","TRUE","FALSE","FALSE","TRUE","http://www.inaturalist.org/observations/3276023"
"238","Foeniculum vulgare","Plantae","TRUE","FALSE","FALSE","TRUE","http://www.inaturalist.org/observations/3276042"
"239","Foeniculum vulgare","Plantae","TRUE","FALSE","FALSE","TRUE","http://www.inaturalist.org/observations/3264046"
"240","Frangula californica","Plantae","TRUE","FALSE","TRUE","FALSE","http://www.inaturalist.org/observations/3701645"
"241","Frankenia salina","Plantae","TRUE","FALSE","FALSE","TRUE","http://www.inaturalist.org/observations/3187738"
"242","Fraxinus velutina","Plantae","TRUE","FALSE","FALSE","TRUE","http://www.inaturalist.org/observations/3264245"
"243","Galium angustifolium","Plantae","TRUE","FALSE","FALSE","FALSE","http://www.inaturalist.org/observations/3712939"
"244","Galium angustifolium","Plantae","TRUE","FALSE","FALSE","FALSE","http://www.inaturalist.org/observations/3344598"
"245","Galium angustifolium","Plantae","TRUE","FALSE","FALSE","FALSE","http://www.inaturalist.org/observations/3261868"
"246","Grindelia camporum","Plantae","TRUE","FALSE","TRUE","FALSE","http://www.inaturalist.org/observations/3712466"
"247","Grindelia camporum","Plantae","TRUE","FALSE","TRUE","FALSE","http://www.inaturalist.org/observations/3265349"
"248","Grindelia camporum","Plantae","TRUE","FALSE","TRUE","FALSE","http://www.inaturalist.org/observations/3191896"
"249","Grindelia hirsutula","Plantae","FALSE","TRUE","FALSE","TRUE","http://www.inaturalist.org/observations/3284551"
"250","Grindelia hirsutula","Plantae","FALSE","TRUE","FALSE","TRUE","http://www.inaturalist.org/observations/3193222"
"251","Hazardia squarrosa","Plantae","TRUE","FALSE","FALSE","FALSE","http://www.inaturalist.org/observations/3276021"
"252","Hazardia squarrosa","Plantae","TRUE","FALSE","FALSE","FALSE","http://www.inaturalist.org/observations/3265540"
"253","Heliotropium curassavicum","Plantae","TRUE","TRUE","FALSE","FALSE","http://www.inaturalist.org/observations/3247734"
"254","Hesperolinon micranthum","Plantae","TRUE","FALSE","FALSE","TRUE","http://www.inaturalist.org/observations/3234053"
"255","Hesperoyucca whipplei","Plantae","TRUE","FALSE","FALSE","TRUE","http://www.inaturalist.org/observations/3702052"
"256","Hesperoyucca whipplei","Plantae","TRUE","FALSE","FALSE","TRUE","http://www.inaturalist.org/observations/3343603"
"257","Hesperoyucca whipplei","Plantae","TRUE","FALSE","FALSE","TRUE","http://www.inaturalist.org/observations/3276018"
"258","Hesperoyucca whipplei","Plantae","TRUE","FALSE","FALSE","TRUE","http://www.inaturalist.org/observations/3275958"
"259","Hesperoyucca whipplei","Plantae","TRUE","FALSE","FALSE","TRUE","http://www.inaturalist.org/observations/3265203"
"260","Hesperoyucca whipplei","Plantae","TRUE","FALSE","FALSE","TRUE","http://www.inaturalist.org/observations/3265099"
"261","Hesperoyucca whipplei","Plantae","TRUE","FALSE","FALSE","TRUE","http://www.inaturalist.org/observations/3265195"
"262","Hesperoyucca whipplei","Plantae","TRUE","FALSE","FALSE","TRUE","http://www.inaturalist.org/observations/3262140"
"263","Hesperoyucca whipplei","Plantae","TRUE","FALSE","FALSE","TRUE","http://www.inaturalist.org/observations/3263247"
"264","Hesperoyucca whipplei","Plantae","TRUE","FALSE","FALSE","TRUE","http://www.inaturalist.org/observations/3257156"
"265","Hesperoyucca whipplei","Plantae","TRUE","FALSE","FALSE","TRUE","http://www.inaturalist.org/observations/3219236"
"266","Hesperoyucca whipplei","Plantae","TRUE","FALSE","FALSE","TRUE","http://www.inaturalist.org/observations/3216748"
"267","Hesperoyucca whipplei","Plantae","TRUE","FALSE","FALSE","TRUE","http://www.inaturalist.org/observations/3208479"
"268","Hesperoyucca whipplei","Plantae","TRUE","FALSE","FALSE","TRUE","http://www.inaturalist.org/observations/3200608"
"269","Heteromeles arbutifolia","Plantae","TRUE","FALSE","FALSE","TRUE","http://www.inaturalist.org/observations/3712479"
"270","Heteromeles arbutifolia","Plantae","TRUE","FALSE","FALSE","TRUE","http://www.inaturalist.org/observations/3260948"
"271","Hirschfeldia incana","Plantae","TRUE","FALSE","FALSE","TRUE","http://www.inaturalist.org/observations/3336529"
"272","Hirschfeldia incana","Plantae","TRUE","FALSE","FALSE","TRUE","http://www.inaturalist.org/observations/3217397"
"273","Hirschfeldia incana","Plantae","TRUE","FALSE","FALSE","TRUE","http://www.inaturalist.org/observations/3217521"
"274","Juglans californica","Plantae","TRUE","TRUE","FALSE","TRUE","http://www.inaturalist.org/observations/3344879"
"275","Juglans californica","Plantae","TRUE","TRUE","FALSE","TRUE","http://www.inaturalist.org/observations/3283882"
"276","Juglans californica","Plantae","TRUE","TRUE","FALSE","TRUE","http://www.inaturalist.org/observations/3275608"
"277","Juglans californica","Plantae","TRUE","TRUE","FALSE","TRUE","http://www.inaturalist.org/observations/3275629"
"278","Juglans californica","Plantae","TRUE","TRUE","FALSE","TRUE","http://www.inaturalist.org/observations/3265547"
"279","Keckiella cordifolia","Plantae","TRUE","FALSE","FALSE","TRUE","http://www.inaturalist.org/observations/3694074"
"280","Keckiella cordifolia","Plantae","TRUE","FALSE","FALSE","TRUE","http://www.inaturalist.org/observations/3507309"
"281","Keckiella cordifolia","Plantae","TRUE","FALSE","FALSE","TRUE","http://www.inaturalist.org/observations/3344817"
"282","Keckiella cordifolia","Plantae","TRUE","FALSE","FALSE","TRUE","http://www.inaturalist.org/observations/3337206"
"283","Keckiella cordifolia","Plantae","TRUE","FALSE","FALSE","TRUE","http://www.inaturalist.org/observations/3283661"
"284","Keckiella cordifolia","Plantae","TRUE","FALSE","FALSE","TRUE","http://www.inaturalist.org/observations/3260942"
"285","Keckiella cordifolia","Plantae","TRUE","FALSE","FALSE","TRUE","http://www.inaturalist.org/observations/3264084"
"286","Lamarckia aurea","Plantae","TRUE","FALSE","FALSE","TRUE","http://www.inaturalist.org/observations/3344670"
"287","Lepechinia fragrans","Plantae","TRUE","FALSE","FALSE","FALSE","http://www.inaturalist.org/observations/3286057"
"288","Lepechinia fragrans","Plantae","TRUE","FALSE","FALSE","FALSE","http://www.inaturalist.org/observations/3234119"
"289","Lepidium latifolium","Plantae","TRUE","FALSE","FALSE","TRUE","http://www.inaturalist.org/observations/3260121"
"290","Leymus condensatus","Plantae","FALSE","TRUE","FALSE","TRUE","http://www.inaturalist.org/observations/3275938"
"291","Lilium humboldtii","Plantae","TRUE","FALSE","FALSE","FALSE","http://www.inaturalist.org/observations/3272798"
"292","Lilium humboldtii","Plantae","TRUE","FALSE","FALSE","FALSE","http://www.inaturalist.org/observations/3197878"
"293","Lonicera subspicata","Plantae","TRUE","TRUE","FALSE","FALSE","http://www.inaturalist.org/observations/3265675"
"294","Lupinus hirsutissimus","Plantae","TRUE","FALSE","FALSE","FALSE","http://www.inaturalist.org/observations/3265546"
"295","Lupinus longifolius","Plantae","TRUE","FALSE","FALSE","TRUE","http://www.inaturalist.org/observations/3263240"
"296","Lysimachia arvensis","Plantae","FALSE","FALSE","FALSE","FALSE","http://www.inaturalist.org/observations/3336298"
"297","Malacothamnus fasciculatus","Plantae","TRUE","TRUE","FALSE","TRUE","http://www.inaturalist.org/observations/3701895"
"298","Malacothamnus fasciculatus","Plantae","TRUE","TRUE","FALSE","TRUE","http://www.inaturalist.org/observations/3711832"
"299","Malacothamnus fasciculatus","Plantae","TRUE","TRUE","FALSE","TRUE","http://www.inaturalist.org/observations/3283817"
"300","Malacothamnus fasciculatus","Plantae","TRUE","TRUE","FALSE","TRUE","http://www.inaturalist.org/observations/3275852"
"301","Malacothrix saxatilis","Plantae","TRUE","FALSE","FALSE","FALSE","http://www.inaturalist.org/observations/3535347"
"302","Malacothrix saxatilis","Plantae","TRUE","FALSE","FALSE","FALSE","http://www.inaturalist.org/observations/3693732"
"303","Malacothrix saxatilis","Plantae","TRUE","FALSE","FALSE","FALSE","http://www.inaturalist.org/observations/3701831"
"304","Malacothrix saxatilis","Plantae","TRUE","FALSE","FALSE","FALSE","http://www.inaturalist.org/observations/3283215"
"305","Malacothrix saxatilis","Plantae","TRUE","FALSE","FALSE","FALSE","http://www.inaturalist.org/observations/3275849"
"306","Malacothrix saxatilis","Plantae","TRUE","FALSE","FALSE","FALSE","http://www.inaturalist.org/observations/3265244"
"307","Malacothrix saxatilis","Plantae","TRUE","FALSE","FALSE","FALSE","http://www.inaturalist.org/observations/3261884"
"308","Malacothrix saxatilis","Plantae","TRUE","FALSE","FALSE","FALSE","http://www.inaturalist.org/observations/3259121"
"309","Malacothrix saxatilis","Plantae","TRUE","FALSE","FALSE","FALSE","http://www.inaturalist.org/observations/3219326"
"310","Malacothrix saxatilis","Plantae","TRUE","FALSE","FALSE","FALSE","http://www.inaturalist.org/observations/3232009"
"311","Malosma laurina","Plantae","TRUE","FALSE","FALSE","TRUE","http://www.inaturalist.org/observations/3693586"
"312","Malosma laurina","Plantae","TRUE","FALSE","FALSE","TRUE","http://www.inaturalist.org/observations/3336801"
"313","Malosma laurina","Plantae","TRUE","FALSE","FALSE","TRUE","http://www.inaturalist.org/observations/3275991"
"314","Malosma laurina","Plantae","TRUE","FALSE","FALSE","TRUE","http://www.inaturalist.org/observations/3275432"
"315","Malosma laurina","Plantae","TRUE","FALSE","FALSE","TRUE","http://www.inaturalist.org/observations/3260947"
"316","Malva parviflora","Plantae","TRUE","FALSE","FALSE","FALSE","http://www.inaturalist.org/observations/3343592"
"317","Malva parviflora","Plantae","TRUE","FALSE","FALSE","FALSE","http://www.inaturalist.org/observations/3265550"
"318","Marah macrocarpa","Plantae","FALSE","FALSE","FALSE","TRUE","http://www.inaturalist.org/observations/3693918"
"319","Marah macrocarpa","Plantae","FALSE","FALSE","FALSE","TRUE","http://www.inaturalist.org/observations/3335425"
"320","Marah macrocarpa","Plantae","FALSE","FALSE","FALSE","TRUE","http://www.inaturalist.org/observations/3257686"
"321","Marrubium vulgare","Plantae","TRUE","FALSE","FALSE","FALSE","http://www.inaturalist.org/observations/3286216"
"322","Medicago polymorpha","Plantae","TRUE","FALSE","FALSE","TRUE","http://www.inaturalist.org/observations/3344675"
"323","Mentzelia micrantha","Plantae","TRUE","FALSE","FALSE","FALSE","http://www.inaturalist.org/observations/3284157"
"324","Nasturtium officinale","Plantae","TRUE","FALSE","FALSE","TRUE","http://www.inaturalist.org/observations/3219221"
"325","Nerium oleander","Plantae","TRUE","FALSE","FALSE","FALSE","http://www.inaturalist.org/observations/3265551"
"326","Opuntia littoralis","Plantae","TRUE","TRUE","FALSE","TRUE","http://www.inaturalist.org/observations/4716273"
"327","Opuntia littoralis","Plantae","TRUE","TRUE","FALSE","TRUE","http://www.inaturalist.org/observations/3259370"
"328","Pellaea andromedifolia","Plantae","TRUE","FALSE","FALSE","TRUE","http://www.inaturalist.org/observations/3337393"
"329","Pellaea andromedifolia","Plantae","TRUE","FALSE","FALSE","TRUE","http://www.inaturalist.org/observations/3342998"
"330","Pellaea andromedifolia","Plantae","TRUE","FALSE","FALSE","TRUE","http://www.inaturalist.org/observations/3234517"
"331","Pellaea mucronata","Plantae","TRUE","TRUE","FALSE","FALSE","http://www.inaturalist.org/observations/3234493"
"332","Penstemon heterophyllus","Plantae","TRUE","TRUE","FALSE","FALSE","http://www.inaturalist.org/observations/3265925"
"333","Penstemon heterophyllus","Plantae","TRUE","TRUE","FALSE","FALSE","http://www.inaturalist.org/observations/3262470"
"334","Penstemon heterophyllus","Plantae","TRUE","TRUE","FALSE","FALSE","http://www.inaturalist.org/observations/3217393"
"335","Pentagramma triangularis","Plantae","TRUE","FALSE","FALSE","FALSE","http://www.inaturalist.org/observations/3219176"
"336","Peritoma arborea","Plantae","TRUE","FALSE","FALSE","FALSE","http://www.inaturalist.org/observations/3275879"
"337","Peritoma arborea","Plantae","TRUE","FALSE","FALSE","FALSE","http://www.inaturalist.org/observations/3187703"
"338","Phacelia cicutaria","Plantae","TRUE","TRUE","FALSE","FALSE","http://www.inaturalist.org/observations/3336590"
"339","Phacelia cicutaria","Plantae","TRUE","TRUE","FALSE","FALSE","http://www.inaturalist.org/observations/3261867"
"340","Phacelia cicutaria","Plantae","TRUE","TRUE","FALSE","FALSE","http://www.inaturalist.org/observations/3219314"
"341","Phacelia cicutaria","Plantae","TRUE","TRUE","FALSE","FALSE","http://www.inaturalist.org/observations/3202162"
"342","Phacelia grandiflora","Plantae","TRUE","FALSE","FALSE","FALSE","http://www.inaturalist.org/observations/3284130"
"343","Phacelia grandiflora","Plantae","TRUE","FALSE","FALSE","FALSE","http://www.inaturalist.org/observations/3219312"
"344","Phacelia imbricata","Plantae","TRUE","TRUE","FALSE","FALSE","http://www.inaturalist.org/observations/3234245"
"345","Phacelia parryi","Plantae","TRUE","FALSE","FALSE","TRUE","http://www.inaturalist.org/observations/3283600"
"346","Phacelia ramosissima","Plantae","TRUE","TRUE","FALSE","FALSE","http://www.inaturalist.org/observations/3701701"
"347","Phacelia viscida","Plantae","TRUE","FALSE","FALSE","FALSE","http://www.inaturalist.org/observations/3283811"
"348","Phacelia viscida","Plantae","TRUE","FALSE","FALSE","FALSE","http://www.inaturalist.org/observations/3283304"
"349","Phacelia viscida","Plantae","TRUE","FALSE","FALSE","FALSE","http://www.inaturalist.org/observations/3275612"
"350","Phacelia viscida","Plantae","TRUE","FALSE","FALSE","FALSE","http://www.inaturalist.org/observations/3265539"
"351","Platanus racemosa","Plantae","TRUE","FALSE","FALSE","TRUE","http://www.inaturalist.org/observations/3695825"
"352","Platanus racemosa","Plantae","TRUE","FALSE","FALSE","TRUE","http://www.inaturalist.org/observations/3336070"
"353","Platanus racemosa","Plantae","TRUE","FALSE","FALSE","TRUE","http://www.inaturalist.org/observations/3275869"
"354","Platanus racemosa","Plantae","TRUE","FALSE","FALSE","TRUE","http://www.inaturalist.org/observations/3265009"
"355","Platanus racemosa","Plantae","TRUE","FALSE","FALSE","TRUE","http://www.inaturalist.org/observations/3262151"
"356","Platanus racemosa","Plantae","TRUE","FALSE","FALSE","TRUE","http://www.inaturalist.org/observations/3264130"
"357","Platanus racemosa","Plantae","TRUE","FALSE","FALSE","TRUE","http://www.inaturalist.org/observations/3264205"
"358","Polygonum aviculare","Plantae","TRUE","FALSE","FALSE","FALSE","http://www.inaturalist.org/observations/3216418"
"359","Prunus ilicifolia","Plantae","TRUE","FALSE","FALSE","FALSE","http://www.inaturalist.org/observations/3264543"
"360","Pseudognaphalium biolettii","Plantae","FALSE","FALSE","FALSE","TRUE","http://www.inaturalist.org/observations/3261883"
"361","Pseudognaphalium californicum","Plantae","TRUE","FALSE","FALSE","TRUE","http://www.inaturalist.org/observations/3702102"
"362","Pseudognaphalium californicum","Plantae","TRUE","FALSE","FALSE","TRUE","http://www.inaturalist.org/observations/3272827"
"363","Pterostegia drymarioides","Plantae","TRUE","FALSE","FALSE","FALSE","http://www.inaturalist.org/observations/3337413"
"364","Quercus agrifolia","Plantae","TRUE","TRUE","FALSE","TRUE","http://www.inaturalist.org/observations/3718210"
"365","Quercus agrifolia","Plantae","TRUE","TRUE","FALSE","TRUE","http://www.inaturalist.org/observations/3286050"
"366","Quercus agrifolia","Plantae","TRUE","TRUE","FALSE","TRUE","http://www.inaturalist.org/observations/3275994"
"367","Quercus agrifolia","Plantae","TRUE","TRUE","FALSE","TRUE","http://www.inaturalist.org/observations/3262916"
"368","Quercus agrifolia","Plantae","TRUE","TRUE","FALSE","TRUE","http://www.inaturalist.org/observations/3264184"
"369","Quercus agrifolia","Plantae","TRUE","TRUE","FALSE","TRUE","http://www.inaturalist.org/observations/3257637"
"370","Quercus agrifolia","Plantae","TRUE","TRUE","FALSE","TRUE","http://www.inaturalist.org/observations/3217385"
"371","Quercus lobata","Plantae","TRUE","FALSE","FALSE","TRUE","http://www.inaturalist.org/observations/3261859"
"372","Quercus lobata","Plantae","TRUE","FALSE","FALSE","TRUE","http://www.inaturalist.org/observations/3262906"
"373","Rafinesquia californica","Plantae","TRUE","FALSE","FALSE","FALSE","http://www.inaturalist.org/observations/3336409"
"374","Rhamnus crocea","Plantae","TRUE","FALSE","FALSE","FALSE","http://www.inaturalist.org/observations/3275998"
"375","Rhamnus ilicifolia","Plantae","TRUE","FALSE","FALSE","TRUE","http://www.inaturalist.org/observations/3718142"
"376","Rhinotropis cornuta","Plantae","FALSE","FALSE","FALSE","FALSE","http://www.inaturalist.org/observations/3695671"
"377","Rhinotropis cornuta","Plantae","FALSE","FALSE","FALSE","FALSE","http://www.inaturalist.org/observations/3234373"
"378","Rhinotropis cornuta","Plantae","FALSE","FALSE","FALSE","FALSE","http://www.inaturalist.org/observations/3219294"
"379","Rhus aromatica","Plantae","TRUE","FALSE","FALSE","TRUE","http://www.inaturalist.org/observations/3262399"
"380","Rhus integrifolia","Plantae","TRUE","FALSE","FALSE","FALSE","http://www.inaturalist.org/observations/3718069"
"381","Rhus integrifolia","Plantae","TRUE","FALSE","FALSE","FALSE","http://www.inaturalist.org/observations/3335331"
"382","Rhus ovata","Plantae","TRUE","FALSE","FALSE","TRUE","http://www.inaturalist.org/observations/3695741"
"383","Rhus ovata","Plantae","TRUE","FALSE","FALSE","TRUE","http://www.inaturalist.org/observations/3219213"
"384","Ribes californicum","Plantae","TRUE","TRUE","FALSE","FALSE","http://www.inaturalist.org/observations/3693974"
"385","Ricinus communis","Plantae","TRUE","FALSE","FALSE","TRUE","http://www.inaturalist.org/observations/3265670"
"386","Ricinus communis","Plantae","TRUE","FALSE","FALSE","TRUE","http://www.inaturalist.org/observations/3261879"
"387","Sairocarpus multiflorus","Plantae","TRUE","FALSE","FALSE","TRUE","http://www.inaturalist.org/observations/3283720"
"388","Salvia leucophylla","Plantae","TRUE","FALSE","FALSE","FALSE","http://www.inaturalist.org/observations/3685240"
"389","Salvia leucophylla","Plantae","TRUE","FALSE","FALSE","FALSE","http://www.inaturalist.org/observations/3693749"
"390","Salvia leucophylla","Plantae","TRUE","FALSE","FALSE","FALSE","http://www.inaturalist.org/observations/3275979"
"391","Salvia leucophylla","Plantae","TRUE","FALSE","FALSE","FALSE","http://www.inaturalist.org/observations/3265023"
"392","Salvia leucophylla","Plantae","TRUE","FALSE","FALSE","FALSE","http://www.inaturalist.org/observations/3208997"
"393","Salvia mellifera","Plantae","TRUE","FALSE","FALSE","FALSE","http://www.inaturalist.org/observations/3336096"
"394","Salvia mellifera","Plantae","TRUE","FALSE","FALSE","FALSE","http://www.inaturalist.org/observations/3265538"
"395","Salvia mellifera","Plantae","TRUE","FALSE","FALSE","FALSE","http://www.inaturalist.org/observations/3219215"
"396","Salvia mellifera","Plantae","TRUE","FALSE","FALSE","FALSE","http://www.inaturalist.org/observations/3216745"
"397","Salvia mellifera","Plantae","TRUE","FALSE","FALSE","FALSE","http://www.inaturalist.org/observations/3216932"
"398","Salvia mellifera","Plantae","TRUE","FALSE","FALSE","FALSE","http://www.inaturalist.org/observations/3208398"
"399","Salvia spathacea","Plantae","TRUE","FALSE","FALSE","FALSE","http://www.inaturalist.org/observations/3344068"
"400","Salvia spathacea","Plantae","TRUE","FALSE","FALSE","FALSE","http://www.inaturalist.org/observations/3283442"
"401","Salvia spathacea","Plantae","TRUE","FALSE","FALSE","FALSE","http://www.inaturalist.org/observations/3219302"
"402","Sambucus cerulea","Plantae","FALSE","FALSE","FALSE","FALSE","http://www.inaturalist.org/observations/3695687"
"403","Sambucus cerulea","Plantae","FALSE","FALSE","FALSE","FALSE","https://www.inaturalist.org/observations/5540988"
"404","Sambucus cerulea","Plantae","FALSE","FALSE","FALSE","FALSE","http://www.inaturalist.org/observations/3262159"
"405","Sambucus cerulea","Plantae","FALSE","FALSE","FALSE","FALSE","http://www.inaturalist.org/observations/3263248"
"406","Sambucus cerulea","Plantae","FALSE","FALSE","FALSE","FALSE","http://www.inaturalist.org/observations/3251190"
"407","Schinus molle","Plantae","TRUE","FALSE","FALSE","FALSE","http://www.inaturalist.org/observations/3344885"
"408","Schinus molle","Plantae","TRUE","FALSE","FALSE","FALSE","http://www.inaturalist.org/observations/3335678"
"409","Sidalcea sparsifolia","Plantae","TRUE","FALSE","FALSE","TRUE","http://www.inaturalist.org/observations/3219208"
"410","Silene laciniata","Plantae","TRUE","FALSE","FALSE","FALSE","http://www.inaturalist.org/observations/3693852"
"411","Silene laciniata","Plantae","TRUE","FALSE","FALSE","FALSE","http://www.inaturalist.org/observations/3276005"
"412","Silene laciniata","Plantae","TRUE","FALSE","FALSE","FALSE","http://www.inaturalist.org/observations/3265881"
"413","Silene laciniata","Plantae","TRUE","FALSE","FALSE","FALSE","http://www.inaturalist.org/observations/3262373"
"414","Silene laciniata","Plantae","TRUE","FALSE","FALSE","FALSE","http://www.inaturalist.org/observations/3249729"
"415","Silybum marianum","Plantae","TRUE","FALSE","FALSE","TRUE","http://www.inaturalist.org/observations/3712528"
"416","Sisyrinchium bellum","Plantae","TRUE","FALSE","FALSE","TRUE","http://www.inaturalist.org/observations/3202115"
"417","Solanum douglasii","Plantae","TRUE","FALSE","FALSE","TRUE","http://www.inaturalist.org/observations/3265669"
"418","Solanum xanti","Plantae","TRUE","TRUE","FALSE","TRUE","http://www.inaturalist.org/observations/3713000"
"419","Solanum xanti","Plantae","TRUE","TRUE","FALSE","TRUE","http://www.inaturalist.org/observations/3337189"
"420","Solanum xanti","Plantae","TRUE","TRUE","FALSE","TRUE","http://www.inaturalist.org/observations/3283620"
"421","Spartium junceum","Plantae","TRUE","FALSE","FALSE","FALSE","http://www.inaturalist.org/observations/3701759"
"422","Spartium junceum","Plantae","TRUE","FALSE","FALSE","FALSE","http://www.inaturalist.org/observations/3264554"
"423","Stephanomeria cichoriacea","Plantae","TRUE","FALSE","FALSE","FALSE","http://www.inaturalist.org/observations/3337085"
"424","Toxicodendron diversilobum","Plantae","TRUE","FALSE","FALSE","TRUE","http://www.inaturalist.org/observations/3718373"
"425","Toxicodendron diversilobum","Plantae","TRUE","FALSE","FALSE","TRUE","http://www.inaturalist.org/observations/3336108"
"426","Toxicodendron diversilobum","Plantae","TRUE","FALSE","FALSE","TRUE","http://www.inaturalist.org/observations/3275888"
"427","Toxicodendron diversilobum","Plantae","TRUE","FALSE","FALSE","TRUE","http://www.inaturalist.org/observations/3262306"
"428","Toxicodendron diversilobum","Plantae","TRUE","FALSE","FALSE","TRUE","http://www.inaturalist.org/observations/3264176"
"429","Toxicodendron diversilobum","Plantae","TRUE","FALSE","FALSE","TRUE","http://www.inaturalist.org/observations/3256460"
"430","Toxicodendron diversilobum","Plantae","TRUE","FALSE","FALSE","TRUE","http://www.inaturalist.org/observations/3252583"
"431","Toxicodendron diversilobum","Plantae","TRUE","FALSE","FALSE","TRUE","http://www.inaturalist.org/observations/3208789"
"432","Toxicodendron diversilobum","Plantae","TRUE","FALSE","FALSE","TRUE","http://www.inaturalist.org/observations/3202171"
"433","Tragopogon porrifolius","Plantae","TRUE","FALSE","FALSE","FALSE","http://www.inaturalist.org/observations/3232025"
"434","Trichostema lanatum","Plantae","TRUE","FALSE","FALSE","FALSE","http://www.inaturalist.org/observations/3343231"
"435","Trichostema lanatum","Plantae","TRUE","FALSE","FALSE","FALSE","http://www.inaturalist.org/observations/3286040"
"436","Trichostema lanatum","Plantae","TRUE","FALSE","FALSE","FALSE","http://www.inaturalist.org/observations/3265907"
"437","Trichostema lanatum","Plantae","TRUE","FALSE","FALSE","FALSE","http://www.inaturalist.org/observations/3249810"
"438","Trichostema lanatum","Plantae","TRUE","FALSE","FALSE","FALSE","http://www.inaturalist.org/observations/3208760"
"439","Trichostema lanatum","Plantae","TRUE","FALSE","FALSE","FALSE","http://www.inaturalist.org/observations/3208887"
"440","Trichostema lanatum","Plantae","TRUE","FALSE","FALSE","FALSE","http://www.inaturalist.org/observations/3216869"
"441","Trichostema lanatum","Plantae","TRUE","FALSE","FALSE","FALSE","http://www.inaturalist.org/observations/3202178"
"442","Umbellularia californica","Plantae","TRUE","TRUE","FALSE","FALSE","http://www.inaturalist.org/observations/3335649"
"443","Uropappus lindleyi","Plantae","TRUE","FALSE","FALSE","TRUE","http://www.inaturalist.org/observations/3261888"
"444","Uropappus lindleyi","Plantae","TRUE","FALSE","FALSE","TRUE","http://www.inaturalist.org/observations/3208764"
"445","Venegasia carpesioides","Plantae","TRUE","FALSE","FALSE","FALSE","http://www.inaturalist.org/observations/3336818"
"446","Venegasia carpesioides","Plantae","TRUE","FALSE","FALSE","FALSE","http://www.inaturalist.org/observations/3336382"
"447","Venegasia carpesioides","Plantae","TRUE","FALSE","FALSE","FALSE","http://www.inaturalist.org/observations/3272373"
"448","Verbascum virgatum","Plantae","TRUE","FALSE","FALSE","FALSE","http://www.inaturalist.org/observations/3209010"
"449","Verbena lasiostachys","Plantae","TRUE","FALSE","FALSE","FALSE","http://www.inaturalist.org/observations/3695776"
"450","Verbena lasiostachys","Plantae","TRUE","FALSE","FALSE","FALSE","http://www.inaturalist.org/observations/3258674"
"451","Vicia villosa","Plantae","TRUE","FALSE","FALSE","FALSE","http://www.inaturalist.org/observations/3292186"
"452","Woodwardia fimbriata","Plantae","TRUE","FALSE","FALSE","TRUE","http://www.inaturalist.org/observations/3234748"
"453","Aspidoscelis tigris","Reptilia","FALSE","FALSE","FALSE","FALSE","http://www.inaturalist.org/observations/3343634"
"454","Aspidoscelis tigris","Reptilia","FALSE","FALSE","FALSE","FALSE","http://www.inaturalist.org/observations/3283281"
"455","Aspidoscelis tigris","Reptilia","FALSE","FALSE","FALSE","FALSE","http://www.inaturalist.org/observations/3265534"
"456","Aspidoscelis tigris","Reptilia","FALSE","FALSE","FALSE","FALSE","http://www.inaturalist.org/observations/3265855"
"457","Aspidoscelis tigris","Reptilia","FALSE","FALSE","FALSE","FALSE","http://www.inaturalist.org/observations/3264545"
"458","Aspidoscelis tigris","Reptilia","FALSE","FALSE","FALSE","FALSE","http://www.inaturalist.org/observations/3258242"
"459","Aspidoscelis tigris","Reptilia","FALSE","FALSE","FALSE","FALSE","http://www.inaturalist.org/observations/3257642"
"460","Aspidoscelis tigris","Reptilia","FALSE","FALSE","FALSE","FALSE","http://www.inaturalist.org/observations/3209099"
"461","Aspidoscelis tigris","Reptilia","FALSE","FALSE","FALSE","FALSE","http://www.inaturalist.org/observations/3201801"
"462","Crotalus oreganus","Reptilia","FALSE","FALSE","FALSE","FALSE","http://www.inaturalist.org/observations/3217252"
"463","Elgaria multicarinata","Reptilia","TRUE","FALSE","FALSE","FALSE","http://www.inaturalist.org/observations/3265180"
"464","Elgaria multicarinata","Reptilia","TRUE","FALSE","FALSE","FALSE","http://www.inaturalist.org/observations/3233027"
"465","Elgaria multicarinata","Reptilia","TRUE","FALSE","FALSE","FALSE","http://www.inaturalist.org/observations/3206889"
"466","Lampropeltis multifasciata","Reptilia","FALSE","FALSE","FALSE","FALSE","http://www.inaturalist.org/observations/3197883"
"467","Phrynosoma blainvillii","Reptilia","FALSE","FALSE","FALSE","TRUE","http://www.inaturalist.org/observations/3233125"
"468","Pituophis catenifer","Reptilia","TRUE","FALSE","FALSE","FALSE","http://www.inaturalist.org/observations/3290922"
"469","Pituophis catenifer","Reptilia","TRUE","FALSE","FALSE","FALSE","http://www.inaturalist.org/observations/3299573"
"470","Pituophis catenifer","Reptilia","TRUE","FALSE","FALSE","FALSE","http://www.inaturalist.org/observations/3273614"
"471","Pituophis catenifer","Reptilia","TRUE","FALSE","FALSE","FALSE","http://www.inaturalist.org/observations/3259193"
"472","Pituophis catenifer","Reptilia","TRUE","FALSE","FALSE","FALSE","http://www.inaturalist.org/observations/3236690"
"473","Pituophis catenifer","Reptilia","TRUE","FALSE","FALSE","FALSE","http://www.inaturalist.org/observations/3188349"
"474","Sceloporus occidentalis","Reptilia","TRUE","FALSE","FALSE","FALSE","http://www.inaturalist.org/observations/3701992"
"475","Sceloporus occidentalis","Reptilia","TRUE","FALSE","FALSE","FALSE","http://www.inaturalist.org/observations/3702065"
"476","Sceloporus occidentalis","Reptilia","TRUE","FALSE","FALSE","FALSE","http://www.inaturalist.org/observations/3343208"
"477","Sceloporus occidentalis","Reptilia","TRUE","FALSE","FALSE","FALSE","http://www.inaturalist.org/observations/3284103"
"478","Sceloporus occidentalis","Reptilia","TRUE","FALSE","FALSE","FALSE","http://www.inaturalist.org/observations/3283209"
"479","Sceloporus occidentalis","Reptilia","TRUE","FALSE","FALSE","FALSE","http://www.inaturalist.org/observations/3283210"
"480","Sceloporus occidentalis","Reptilia","TRUE","FALSE","FALSE","FALSE","http://www.inaturalist.org/observations/3283271"
"481","Sceloporus occidentalis","Reptilia","TRUE","FALSE","FALSE","FALSE","http://www.inaturalist.org/observations/3283752"
"482","Sceloporus occidentalis","Reptilia","TRUE","FALSE","FALSE","FALSE","http://www.inaturalist.org/observations/3283758"
"483","Sceloporus occidentalis","Reptilia","TRUE","FALSE","FALSE","FALSE","http://www.inaturalist.org/observations/3283898"
"484","Sceloporus occidentalis","Reptilia","TRUE","FALSE","FALSE","FALSE","http://www.inaturalist.org/observations/3275864"
"485","Sceloporus occidentalis","Reptilia","TRUE","FALSE","FALSE","FALSE","http://www.inaturalist.org/observations/3265668"
"486","Sceloporus occidentalis","Reptilia","TRUE","FALSE","FALSE","FALSE","http://www.inaturalist.org/observations/3265673"
"487","Sceloporus occidentalis","Reptilia","TRUE","FALSE","FALSE","FALSE","http://www.inaturalist.org/observations/3265376"
"488","Sceloporus occidentalis","Reptilia","TRUE","FALSE","FALSE","FALSE","http://www.inaturalist.org/observations/3257312"
"489","Sceloporus occidentalis","Reptilia","TRUE","FALSE","FALSE","FALSE","http://www.inaturalist.org/observations/3257800"
"490","Sceloporus occidentalis","Reptilia","TRUE","FALSE","FALSE","FALSE","http://www.inaturalist.org/observations/3258435"
"491","Sceloporus occidentalis","Reptilia","TRUE","FALSE","FALSE","FALSE","http://www.inaturalist.org/observations/3259698"
"492","Sceloporus occidentalis","Reptilia","TRUE","FALSE","FALSE","FALSE","http://www.inaturalist.org/observations/3260257"
"493","Sceloporus occidentalis","Reptilia","TRUE","FALSE","FALSE","FALSE","http://www.inaturalist.org/observations/3254598"
"494","Sceloporus occidentalis","Reptilia","TRUE","FALSE","FALSE","FALSE","http://www.inaturalist.org/observations/3254767"
"495","Sceloporus occidentalis","Reptilia","TRUE","FALSE","FALSE","FALSE","http://www.inaturalist.org/observations/3209093"
"496","Sceloporus occidentalis","Reptilia","TRUE","FALSE","FALSE","FALSE","http://www.inaturalist.org/observations/3209878"
"497","Sceloporus occidentalis","Reptilia","TRUE","FALSE","FALSE","FALSE","http://www.inaturalist.org/observations/3209885"
"498","Sceloporus occidentalis","Reptilia","TRUE","FALSE","FALSE","FALSE","http://www.inaturalist.org/observations/3209888"
"499","Sceloporus occidentalis","Reptilia","TRUE","FALSE","FALSE","FALSE","http://www.inaturalist.org/observations/3208115"
"500","Sceloporus occidentalis","Reptilia","TRUE","FALSE","FALSE","FALSE","http://www.inaturalist.org/observations/3208488"
"501","Sceloporus occidentalis","Reptilia","TRUE","FALSE","FALSE","FALSE","http://www.inaturalist.org/observations/3201756"
"502","Thamnophis hammondii","Reptilia","TRUE","FALSE","FALSE","TRUE","http://www.inaturalist.org/observations/3344359"
"503","Thamnophis hammondii","Reptilia","TRUE","FALSE","FALSE","TRUE","http://www.inaturalist.org/observations/3344364"
"504","Thamnophis hammondii","Reptilia","TRUE","FALSE","FALSE","TRUE","http://www.inaturalist.org/observations/3217155"
"505","Uta stansburiana","Reptilia","TRUE","FALSE","FALSE","FALSE","http://www.inaturalist.org/observations/3718084"
"506","Uta stansburiana","Reptilia","TRUE","FALSE","FALSE","FALSE","http://www.inaturalist.org/observations/3343869"
"507","Uta stansburiana","Reptilia","TRUE","FALSE","FALSE","FALSE","http://www.inaturalist.org/observations/3344698"
"508","Uta stansburiana","Reptilia","TRUE","FALSE","FALSE","FALSE","http://www.inaturalist.org/observations/3344723"
"509","Uta stansburiana","Reptilia","TRUE","FALSE","FALSE","FALSE","http://www.inaturalist.org/observations/3276028"
"510","Uta stansburiana","Reptilia","TRUE","FALSE","FALSE","FALSE","http://www.inaturalist.org/observations/3283194"
"511","Uta stansburiana","Reptilia","TRUE","FALSE","FALSE","FALSE","http://www.inaturalist.org/observations/3283249"
"512","Uta stansburiana","Reptilia","TRUE","FALSE","FALSE","FALSE","http://www.inaturalist.org/observations/3283828"
"513","Uta stansburiana","Reptilia","TRUE","FALSE","FALSE","FALSE","http://www.inaturalist.org/observations/3265355"
"514","Uta stansburiana","Reptilia","TRUE","FALSE","FALSE","FALSE","http://www.inaturalist.org/observations/3258212"
"515","Uta stansburiana","Reptilia","TRUE","FALSE","FALSE","FALSE","http://www.inaturalist.org/observations/3257775"
"516","Uta stansburiana","Reptilia","TRUE","FALSE","FALSE","FALSE","http://www.inaturalist.org/observations/3259416"
"517","Uta stansburiana","Reptilia","TRUE","FALSE","FALSE","FALSE","http://www.inaturalist.org/observations/3258863"
"518","Uta stansburiana","Reptilia","TRUE","FALSE","FALSE","FALSE","http://www.inaturalist.org/observations/3259399"
"519","Uta stansburiana","Reptilia","TRUE","FALSE","FALSE","FALSE","http://www.inaturalist.org/observations/3259550"
"520","Uta stansburiana","Reptilia","TRUE","FALSE","FALSE","FALSE","http://www.inaturalist.org/observations/3237339"
"521","Uta stansburiana","Reptilia","TRUE","FALSE","FALSE","FALSE","http://www.inaturalist.org/observations/3208880"
"522","Uta stansburiana","Reptilia","TRUE","FALSE","FALSE","FALSE","http://www.inaturalist.org/observations/3216497"
"523","Uta stansburiana","Reptilia","TRUE","FALSE","FALSE","FALSE","http://www.inaturalist.org/observations/3201831"
