"","Iconic_taxa","Scientific_name","Occurences in BISON","Invasive.Record"
"1","Amphibia","Pseudacris hypochondriaca","CA 924; AZ 8; UT 7; NV 46","No"
"2","Plantae","Acmispon glaber","CA 2254","No"
"3","Plantae","Acrosorium ciliolatum","CA 7","No"
"4","Plantae","Diplacus brevipes","MA 1; CA 492","No"
"5","Plantae","Diplacus longiflorus","CA 617","No"
"6","Plantae","Erythranthe guttata","OR 202; WY 1; BC CAN 61; CA 738; WA 3; YT CAN 3; UT 1; NB CAN 2; CO 2; CT 4; AK 6; AB CAN 2; AZ 17; NV 3","No"
"7","Plantae","Lysimachia arvensis","NC 1; RI 24; NY 2; ME 29; TN 1; HI 21; CA 95; FL 11; DE 1; NJ 1; PA 2; WV 1; ON CAN 1; MS 1; MA 67; CT 35; NH 10; MO 2; LA 2; MD 1","No"
"8","Plantae","Rhinotropis cornuta","CA 12","No"
"9","Plantae","Sambucus cerulea","OR 54; DC 3; MT 24; WY 1; BC CAN 6; HI 1; CA 1021; UT 103; WA 94; NM 12; CO 5; TX 1; ID 97; AZ 46; NV 75","No"
"10","Reptilia","Aspidoscelis tigris","OR 30; NM 1070; TX 867; CO 94; OK 1; CA 7332; AZ 6374; UT 1017; ID 223; WA 2; NV 2195","No"
"11","Reptilia","Crotalus oreganus","OR 40; NM 3; WY 2; CO 4; BC CAN 39; CA 2338; WA 684; UT 123; ID 118; AZ 39; NV 87","No"
"12","Reptilia","Lampropeltis multifasciata","CA 76","No"
