"","Iconic.taxon.name","Scientific.name","Common.name"
"1","Actinopterygii","Cyprinus carpio","European Carp"
"2","Actinopterygii","Micropterus salmoides","Largemouth Bass"
"3","Animalia","Acromegalomma coloratum",""
"4","Animalia","Alpheus clamator","twistclaw pistol shrimp"
"5","Animalia","Ampithoe plumulosa",""
"6","Animalia","Anthopleura sola","Sunburst Anemone"
"7","Animalia","Anthopleura xanthogrammica","Giant Green Anemone"
"8","Animalia","Aplidium californicum","Pacific Sea Pork"
"9","Animalia","Arabella semimaculata",""
"10","Animalia","Armadillidium vulgare","Common Pill Woodlouse"
"11","Animalia","Caprella californica",""
"12","Animalia","Halosydna brevisetosa","Eighteen-scaled Worm"
"13","Animalia","Halosydna johnsoni",""
"14","Animalia","Heptacarpus sitchensis","Red-banded Transparent Shrimp"
"15","Animalia","Megabalanus californicus","California Barnacle"
"16","Animalia","Muricea californica","California Golden Gorgonian"
"17","Animalia","Odontosyllis phosphorea",""
"18","Animalia","Ophiothrix spiculata","Western Spiny Brittle Star"
"19","Animalia","Oxydromus pugettensis","Bat star worm"
"20","Animalia","Patiria miniata","Bat Star"
"21","Animalia","Phyllodoce medipapillata",""
"22","Animalia","Pilumnus spinohirsutus","Retiring Hairy Crab"
"23","Animalia","Pisaster ochraceus","Ochre Sea Star"
"24","Animalia","Platynereis bicanaliculata",""
"25","Animalia","Procambarus clarkii","Red Swamp Crayfish"
"26","Animalia","Stylochus",""
"27","Arachnida","Dysdera crocata","Woodlouse Spider"
"28","Arachnida","Latrodectus geometricus","Brown Widow"
"29","Chromista","Colpomenia sinuosa",""
"30","Chromista","Sargassum muticum","Japanese Wireweed"
"31","Fungi","Battarrea phalloides","Sandy Stilt-puffball"
"32","Fungi","Xanthomendoza hasseana","Poplar Sunburst Lichen"
"33","Insecta","Abedus indentatus",""
"34","Insecta","Adelpha californica","California Sister"
"35","Insecta","Agraulis vanillae","Gulf Fritillary"
"36","Insecta","Allograpta",""
"37","Insecta","Anthocharis sara","Sara Orangetip"
"38","Insecta","Apis mellifera","Western Honey Bee"
"39","Insecta","Apodemia virgulti","Behr's Metalmark"
"40","Insecta","Arphia ramona","California Orange-winged Grasshopper"
"41","Insecta","Bagrada hilaris","Bagrada Bug"
"42","Insecta","Bombus","Bumble Bees"
"43","Insecta","Brephidium exilis","Western Pygmy-Blue"
"44","Insecta","Callophrys augustinus","Brown Elfin"
"45","Insecta","Chimarocephala pacifica","Painted Meadow Grasshopper"
"46","Insecta","Chloealtis gracilis","Graceful Grasshopper"
"47","Insecta","Chlosyne gabbii","Gabb's Checkerspot"
"48","Insecta","Chrysochus cobaltinus","Cobalt Milkweed Beetle"
"49","Insecta","Coccinella septempunctata","Seven-spotted Lady Beetle"
"50","Insecta","Coelopa vanduzeei",""
"51","Insecta","Coenonympha tullia california","California Ringlet"
"52","Insecta","Colias eurytheme","Orange Sulphur"
"53","Insecta","Cryptolaemus montrouzieri","Mealybug Destroyer"
"54","Insecta","Cycloneda sanguinea","Spotless Lady Beetle"
"55","Insecta","Danaus gilippus","Queen"
"56","Insecta","Danaus plexippus","Monarch"
"57","Insecta","Dasymutilla aureola pacifica","Pacific Velvet Ant"
"58","Insecta","Decticita balli","Ball's Little Shieldback"
"59","Insecta","Dracotettix monstrosus","Gray Dragon Lubber"
"60","Insecta","Eleodes osculans","Woolly Darkling Beetle"
"61","Insecta","Erynnis funeralis","Funereal Duskywing"
"62","Insecta","Erynnis tristis","Mournful Duskywing"
"63","Insecta","Euphilotes bernardino","Bernardino Blue"
"64","Insecta","Euphydryas chalcedona","Variable Checkerspot"
"65","Insecta","Forficula auricularia","European Earwig"
"66","Insecta","Harmonia axyridis","Asian Lady Beetle"
"67","Insecta","Hippodamia convergens","Convergent Lady Beetle"
"68","Insecta","Homalodisca vitripennis","Glassy-winged Sharpshooter"
"69","Insecta","Hordnia atropunctata","Blue-green Sharpshooter"
"70","Insecta","Hylephila phyleus","Fiery Skipper"
"71","Insecta","Hyles lineata","White-lined Sphinx"
"72","Insecta","Icaricia acmon","Acmon Blue"
"73","Insecta","Idiostatus aequalis","Uniform shieldback"
"74","Insecta","Judolia sexspilota",""
"75","Insecta","Junonia coenia","Common Buckeye"
"76","Insecta","Largus californicus","California Bordered Plant Bug"
"77","Insecta","Leprus intermedius","Saussure's Blue-winged Grasshopper"
"78","Insecta","Leptotes marina","Marine Blue"
"79","Insecta","Limenitis lorquini","Lorquin's Admiral"
"80","Insecta","Linepithema humile","Argentine Ant"
"81","Insecta","Liorhyssus hyalinus","Hyaline Grass Bug"
"82","Insecta","Lygaeus kalmii","Small Milkweed Bug"
"83","Insecta","Nezara viridula","Southern Green Stink Bug"
"84","Insecta","Nymphalis antiopa","Mourning Cloak"
"85","Insecta","Ochlodes agricola","Rural Skipper"
"86","Insecta","Oncopeltus fasciatus","Large Milkweed Bug"
"87","Insecta","Ophion",""
"88","Insecta","Papilio eurymedon","Pale Swallowtail"
"89","Insecta","Papilio zelicaon","Anise Swallowtail"
"90","Insecta","Paragus haemorrhous","Black-backed Grass Skimmer"
"91","Insecta","Pepsis mildei","Milde's Tarantula-hawk Wasp"
"92","Insecta","Phyciodes mylitta","Mylitta Crescent"
"93","Insecta","Pieris rapae","Cabbage White"
"94","Insecta","Platylyra californica","California Chaparral Katydid"
"95","Insecta","Platypedia laticapitata",""
"96","Insecta","Poanes melane","Umber Skipper"
"97","Insecta","Pogonomyrmex californicus","California Harvester Ant"
"98","Insecta","Pontia beckerii","Becker's White"
"99","Insecta","Pontia protodice","Checkered White"
"100","Insecta","Psyllobora vigintimaculata","Twenty-spotted Lady Beetle"
"101","Insecta","Pyrgus albescens","White Checkered-Skipper"
"102","Insecta","Satyrium saepium","Hedgerow Hairstreak"
"103","Insecta","Satyrium tetra","Mountain Mahogany Hairstreak"
"104","Insecta","Scantius aegyptius","Mediterranean red bug"
"105","Insecta","Scudderia mexicana","Mexican Bush Katydid"
"106","Insecta","Sympetrum illotum","Cardinal Meadowhawk"
"107","Insecta","Trachymela sloanei","Australian Tortoise Beetle"
"108","Insecta","Trichodes ornatus","Ornate Checkered Beetle"
"109","Insecta","Trimerotropis pallidipennis","Pallid-winged Grasshopper"
"110","Insecta","Triodoclytus lanifer",""
"111","Insecta","Uresiphita reversalis","Genista Broom Moth"
"112","Insecta","Vanessa atalanta","Red Admiral"
"113","Insecta","Vanessa virginiensis","American Lady"
"114","Insecta","Xylocopa varipuncta","Valley Carpenter Bee"
"115","Insecta","Zarhipis integripennis","Western Banded Glowworm"
"116","Mollusca","Aplysia californica","California Seahare"
"117","Mollusca","Cornu aspersum","Garden Snail"
"118","Mollusca","Doriopsilla albopunctata","White-spotted Sea Goddess"
"119","Mollusca","Doto amyra","Hammerhead Doto"
"120","Mollusca","Megastraea undosa","Wavy Turban"
"121","Mollusca","Mytilus galloprovincialis","Mediterranean Mussel"
"122","Mollusca","Potamopyrgus antipodarum","New Zealand Mudsnail"
"123","Mollusca","Tegula gallina","Speckled Tegula"
"124","Mollusca","Thylacodes squamigerus","Scaled Worm Snail"
