"","Iconic_taxa","iNat_entry","NPSpecies_name","Accepted_TSN","NPS_entry_TSN"
"1","Amphibia","Lithobates catesbeianus","Rana catesbeiana","775084","173441"
"2","Amphibia","Rana draytonii","Rana aurora draytonii","207009","207008"
"3","Plantae","Erythranthe cardinalis","Mimulus cardinalis","565308","513216"
"4","Plantae","Marah macrocarpa","Marah macrocarpus","847534","22394"
"5","Plantae","Pseudognaphalium biolettii","Gnaphalium bicolor","780489","36698"
"6","Reptilia","Phrynosoma blainvillii","Phrynosoma coronatum blainvillii","208819","208818"
