"","Scientific_name","Iconic_taxa","Match NPSpecies","iNaturalist_Entry_count"
"1","Batrachoseps nigriventris","Amphibia","Match","2"
"2","Ensatina eschscholtzii","Amphibia","Match","1"
"3","Lithobates catesbeianus","Amphibia","ITIS Match","1"
"4","Pseudacris cadaverina","Amphibia","NPSpecies synonym match","1"
"5","Pseudacris hypochondriaca","Amphibia","No Match","2"
"6","Rana draytonii","Amphibia","ITIS Match","1"
"7","Taricha torosa","Amphibia","Match","5"
"8","Aphelocoma californica","Aves","Match","6"
"9","Ardea alba","Aves","Match","1"
"10","Ardea herodias","Aves","Match","1"
"11","Buteo jamaicensis","Aves","Match","1"
"12","Calypte anna","Aves","Match","1"
"13","Cathartes aura","Aves","Match","2"
"14","Columba livia","Aves","Match","1"
"15","Corvus brachyrhynchos","Aves","Match","1"
"16","Corvus corax","Aves","Match","1"
"17","Himantopus mexicanus","Aves","Match","2"
"18","Melanerpes formicivorus","Aves","Match","1"
"19","Mergus serrator","Aves","Match","1"
"20","Mimus polyglottos","Aves","Match","1"
"21","Myiarchus cinerascens","Aves","Match","1"
"22","Passerina cyanea","Aves","Match","1"
"23","Phainopepla nitens","Aves","Match","1"
"24","Phalacrocorax auritus","Aves","Match","1"
"25","Pheucticus melanocephalus","Aves","Match","1"
"26","Pipilo maculatus","Aves","Match","2"
"27","Sayornis nigricans","Aves","Match","1"
"28","Spinus psaltria","Aves","Match","1"
"29","Toxostoma redivivum","Aves","Match","1"
"30","Tyrannus vociferans","Aves","Match","1"
"31","Zenaida macroura","Aves","Match","1"
"32","Lynx rufus","Mammalia","NPSpecies synonym match","1"
"33","Mephitis mephitis","Mammalia","Match","1"
"34","Odocoileus hemionus","Mammalia","Match","1"
"35","Procyon lotor","Mammalia","Match","1"
"36","Puma concolor","Mammalia","Match","1"
"37","Sciurus niger","Mammalia","Match","1"
"38","Sorex ornatus","Mammalia","Match","1"
"39","Thomomys bottae","Mammalia","Match","1"
"40","Urocyon cinereoargenteus","Mammalia","Match","1"
"41","Achillea millefolium","Plantae","Match","1"
"42","Acmispon glaber","Plantae","No Match","6"
"43","Acmispon maritimus","Plantae","Match","1"
"44","Acourtia microcephala","Plantae","Match","2"
"45","Acrosorium ciliolatum","Plantae","No Match","1"
"46","Adenostoma fasciculatum","Plantae","Match","4"
"47","Adenostoma sparsifolium","Plantae","Match","1"
"48","Adiantum jordanii","Plantae","Match","2"
"49","Ailanthus altissima","Plantae","Match","1"
"50","Ambrosia acanthicarpa","Plantae","Match","1"
"51","Ambrosia psilostachya","Plantae","Match","2"
"52","Apiastrum angustifolium","Plantae","Match","1"
"53","Arctostaphylos glandulosa","Plantae","Match","1"
"54","Arctostaphylos glauca","Plantae","Match","2"
"55","Artemisia californica","Plantae","Match","2"
"56","Artemisia douglasiana","Plantae","Match","3"
"57","Asclepias californica","Plantae","Match","1"
"58","Asclepias eriocarpa","Plantae","Match","1"
"59","Asclepias fascicularis","Plantae","Match","2"
"60","Astragalus trichopodus","Plantae","Match","1"
"61","Azolla filiculoides","Plantae","Match","1"
"62","Baccharis pilularis","Plantae","Match","2"
"63","Baccharis salicifolia","Plantae","Match","2"
"64","Bloomeria crocea","Plantae","Match","4"
"65","Brassica nigra","Plantae","Match","1"
"66","Bromus diandrus","Plantae","Match","1"
"67","Cakile maritima","Plantae","Match","1"
"68","Calochortus albus","Plantae","Match","1"
"69","Calochortus catalinae","Plantae","Match","4"
"70","Calochortus clavatus","Plantae","Match","4"
"71","Calystegia macrostegia","Plantae","Match","3"
"72","Carduus pycnocephalus","Plantae","Match","2"
"73","Castilleja affinis","Plantae","Match","1"
"74","Castilleja exserta","Plantae","Match","1"
"75","Ceanothus crassifolius","Plantae","Match","1"
"76","Ceanothus megacarpus","Plantae","Match","1"
"77","Centaurea melitensis","Plantae","Match","2"
"78","Centaurea solstitialis","Plantae","Match","1"
"79","Cercocarpus betuloides","Plantae","Match","1"
"80","Chaenactis artemisiifolia","Plantae","Match","2"
"81","Chlorogalum pomeridianum","Plantae","Match","1"
"82","Chorizanthe staticoides","Plantae","Match","1"
"83","Cirsium occidentale","Plantae","Match","2"
"84","Clarkia bottae","Plantae","Match","7"
"85","Clarkia cylindrica","Plantae","Match","1"
"86","Clarkia unguiculata","Plantae","Match","5"
"87","Claytonia perfoliata","Plantae","Match","2"
"88","Clematis lasiantha","Plantae","Match","1"
"89","Collinsia heterophylla","Plantae","Match","1"
"90","Conium maculatum","Plantae","Match","3"
"91","Corethrogyne filaginifolia","Plantae","Match","1"
"92","Datura wrightii","Plantae","Match","1"
"93","Deinandra fasciculata","Plantae","Match","6"
"94","Delphinium cardinale","Plantae","Match","1"
"95","Diplacus brevipes","Plantae","No Match","2"
"96","Diplacus longiflorus","Plantae","No Match","8"
"97","Distichlis spicata","Plantae","Match","1"
"98","Drymocallis glandulosa","Plantae","Match","2"
"99","Dryopteris arguta","Plantae","Match","4"
"100","Dudleya blochmaniae","Plantae","Match","1"
"101","Dudleya cymosa","Plantae","Match","1"
"102","Dudleya lanceolata","Plantae","Match","5"
"103","Dudleya pulverulenta","Plantae","Match","3"
"104","Ehrendorferia ochroleuca","Plantae","Match","1"
"105","Emmenanthe penduliflora","Plantae","Match","1"
"106","Encelia californica","Plantae","Match","3"
"107","Epilobium canum","Plantae","Match","1"
"108","Epipactis gigantea","Plantae","Match","2"
"109","Eriogonum cinereum","Plantae","Match","2"
"110","Eriogonum fasciculatum","Plantae","Match","13"
"111","Eriogonum parvifolium","Plantae","Match","1"
"112","Eriophyllum confertiflorum","Plantae","Match","10"
"113","Erodium botrys","Plantae","Match","1"
"114","Erodium cicutarium","Plantae","Match","1"
"115","Erythranthe cardinalis","Plantae","ITIS Match","1"
"116","Erythranthe guttata","Plantae","No Match","1"
"117","Eschscholzia californica","Plantae","Match","5"
"118","Eucrypta chrysanthemifolia","Plantae","Match","3"
"119","Euphorbia polycarpa","Plantae","Match","1"
"120","Euphorbia serpens","Plantae","Match","1"
"121","Euphorbia terracina","Plantae","Match","1"
"122","Foeniculum vulgare","Plantae","Match","4"
"123","Frangula californica","Plantae","Match","1"
"124","Frankenia salina","Plantae","Match","1"
"125","Fraxinus velutina","Plantae","Match","1"
"126","Galium angustifolium","Plantae","Match","3"
"127","Grindelia camporum","Plantae","Match","3"
"128","Grindelia hirsutula","Plantae","NPSpecies synonym match","2"
"129","Hazardia squarrosa","Plantae","Match","2"
"130","Heliotropium curassavicum","Plantae","Match","1"
"131","Hesperolinon micranthum","Plantae","Match","1"
"132","Hesperoyucca whipplei","Plantae","Match","14"
"133","Heteromeles arbutifolia","Plantae","Match","2"
"134","Hirschfeldia incana","Plantae","Match","3"
"135","Juglans californica","Plantae","Match","5"
"136","Keckiella cordifolia","Plantae","Match","7"
"137","Lamarckia aurea","Plantae","Match","1"
"138","Lepechinia fragrans","Plantae","Match","2"
"139","Lepidium latifolium","Plantae","Match","1"
"140","Leymus condensatus","Plantae","NPSpecies synonym match","1"
"141","Lilium humboldtii","Plantae","Match","2"
"142","Lonicera subspicata","Plantae","Match","1"
"143","Lupinus hirsutissimus","Plantae","Match","1"
"144","Lupinus longifolius","Plantae","Match","1"
"145","Lysimachia arvensis","Plantae","No Match","1"
"146","Malacothamnus fasciculatus","Plantae","Match","4"
"147","Malacothrix saxatilis","Plantae","Match","10"
"148","Malosma laurina","Plantae","Match","5"
"149","Malva parviflora","Plantae","Match","2"
"150","Marah macrocarpa","Plantae","ITIS Match","3"
"151","Marrubium vulgare","Plantae","Match","1"
"152","Medicago polymorpha","Plantae","Match","1"
"153","Mentzelia micrantha","Plantae","Match","1"
"154","Nasturtium officinale","Plantae","Match","1"
"155","Nerium oleander","Plantae","Match","1"
"156","Opuntia littoralis","Plantae","Match","2"
"157","Pellaea andromedifolia","Plantae","Match","3"
"158","Pellaea mucronata","Plantae","Match","1"
"159","Penstemon heterophyllus","Plantae","Match","3"
"160","Pentagramma triangularis","Plantae","Match","1"
"161","Peritoma arborea","Plantae","Match","2"
"162","Phacelia cicutaria","Plantae","Match","4"
"163","Phacelia grandiflora","Plantae","Match","2"
"164","Phacelia imbricata","Plantae","Match","1"
"165","Phacelia parryi","Plantae","Match","1"
"166","Phacelia ramosissima","Plantae","Match","1"
"167","Phacelia viscida","Plantae","Match","4"
"168","Platanus racemosa","Plantae","Match","7"
"169","Polygonum aviculare","Plantae","Match","1"
"170","Prunus ilicifolia","Plantae","Match","1"
"171","Pseudognaphalium biolettii","Plantae","ITIS Match","1"
"172","Pseudognaphalium californicum","Plantae","Match","2"
"173","Pterostegia drymarioides","Plantae","Match","1"
"174","Quercus agrifolia","Plantae","Match","7"
"175","Quercus lobata","Plantae","Match","2"
"176","Rafinesquia californica","Plantae","Match","1"
"177","Rhamnus crocea","Plantae","Match","1"
"178","Rhamnus ilicifolia","Plantae","Match","1"
"179","Rhinotropis cornuta","Plantae","No Match","3"
"180","Rhus aromatica","Plantae","Match","1"
"181","Rhus integrifolia","Plantae","Match","2"
"182","Rhus ovata","Plantae","Match","2"
"183","Ribes californicum","Plantae","Match","1"
"184","Ricinus communis","Plantae","Match","2"
"185","Sairocarpus multiflorus","Plantae","Match","1"
"186","Salvia leucophylla","Plantae","Match","5"
"187","Salvia mellifera","Plantae","Match","6"
"188","Salvia spathacea","Plantae","Match","3"
"189","Sambucus cerulea","Plantae","No Match","5"
"190","Schinus molle","Plantae","Match","2"
"191","Sidalcea sparsifolia","Plantae","Match","1"
"192","Silene laciniata","Plantae","Match","5"
"193","Silybum marianum","Plantae","Match","1"
"194","Sisyrinchium bellum","Plantae","Match","1"
"195","Solanum douglasii","Plantae","Match","1"
"196","Solanum xanti","Plantae","Match","3"
"197","Spartium junceum","Plantae","Match","2"
"198","Stephanomeria cichoriacea","Plantae","Match","1"
"199","Toxicodendron diversilobum","Plantae","Match","9"
"200","Tragopogon porrifolius","Plantae","Match","1"
"201","Trichostema lanatum","Plantae","Match","8"
"202","Umbellularia californica","Plantae","Match","1"
"203","Uropappus lindleyi","Plantae","Match","2"
"204","Venegasia carpesioides","Plantae","Match","3"
"205","Verbascum virgatum","Plantae","Match","1"
"206","Verbena lasiostachys","Plantae","Match","2"
"207","Vicia villosa","Plantae","Match","1"
"208","Woodwardia fimbriata","Plantae","Match","1"
"209","Aspidoscelis tigris","Reptilia","No Match","9"
"210","Crotalus oreganus","Reptilia","No Match","1"
"211","Elgaria multicarinata","Reptilia","Match","3"
"212","Lampropeltis multifasciata","Reptilia","No Match","1"
"213","Phrynosoma blainvillii","Reptilia","ITIS Match","1"
"214","Pituophis catenifer","Reptilia","Match","6"
"215","Sceloporus occidentalis","Reptilia","Match","28"
"216","Thamnophis hammondii","Reptilia","Match","3"
"217","Uta stansburiana","Reptilia","Match","19"
"218","Apis mellifera","Insecta","Table 4","41"
"219","Danaus gilippus","Insecta","Table 4","1"
"220","Cornu aspersum","Mollusca","Table 4","2"
"221","Liorhyssus hyalinus","Insecta","Table 4","1"
"222","Vanessa virginiensis","Insecta","Table 4","2"
"223","Arphia ramona","Insecta","Table 4","3"
"224","Dracotettix monstrosus","Insecta","Table 4","2"
"225","Pogonomyrmex californicus","Insecta","Table 4","2"
"226","Tegula gallina","Mollusca","Table 4","1"
"227","Megastraea undosa","Mollusca","Table 4","1"
"228","Battarrea phalloides","Fungi","Table 4","1"
"229","Anthopleura xanthogrammica","Animalia","Table 4","1"
"230","Anthocharis sara","Insecta","Table 4","3"
"231","Satyrium saepium","Insecta","Table 4","4"
"232","Euphydryas chalcedona","Insecta","Table 4","2"
"233","Chlosyne gabbii","Insecta","Table 4","2"
"234","Armadillidium vulgare","Animalia","Table 4","15"
"235","Danaus plexippus","Insecta","Table 4","4"
"236","Erynnis funeralis","Insecta","Table 4","4"
"237","Nymphalis antiopa","Insecta","Table 4","2"
"238","Hyles lineata","Insecta","Table 4","2"
"239","Bagrada hilaris","Insecta","Table 4","2"
"240","Pepsis mildei","Insecta","Table 4","1"
"241","Hylephila phyleus","Insecta","Table 4","3"
"242","Cyprinus carpio","Actinopterygii","Table 4","1"
"243","Chloealtis gracilis","Insecta","Table 4","1"
"244","Brephidium exilis","Insecta","Table 4","2"
"245","Pyrgus albescens","Insecta","Table 4","2"
"246","Scantius aegyptius","Insecta","Table 4","2"
"247","Phyciodes mylitta","Insecta","Table 4","1"
"248","Papilio zelicaon","Insecta","Table 4","5"
"249","Leptotes marina","Insecta","Table 4","4"
"250","Oncopeltus fasciatus","Insecta","Table 4","1"
"251","Dasymutilla aureola pacifica","Insecta","Table 4","1"
"252","Pontia protodice","Insecta","Table 4","2"
"253","Judolia sexspilota","Insecta","Table 4","2"
"254","Pieris rapae","Insecta","Table 4","3"
"255","Hippodamia convergens","Insecta","Table 4","10"
"256","Sympetrum illotum","Insecta","Table 4","1"
"257","Poanes melane","Insecta","Table 4","1"
"258","Pontia beckerii","Insecta","Table 4","2"
"259","Coccinella septempunctata","Insecta","Table 4","6"
"260","Junonia coenia","Insecta","Table 4","2"
"261","Scudderia mexicana","Insecta","Table 4","1"
"262","Xylocopa varipuncta","Insecta","Table 4","1"
"263","Cycloneda sanguinea","Insecta","Table 4","8"
"264","Agraulis vanillae","Insecta","Table 4","1"
"265","Linepithema humile","Insecta","Table 4","1"
"266","Psyllobora vigintimaculata","Insecta","Table 4","1"
"267","Hordnia atropunctata","Insecta","Table 4","2"
"268","Latrodectus geometricus","Arachnida","Table 4","1"
"269","Harmonia axyridis","Insecta","Table 4","2"
"270","Dysdera crocata","Arachnida","Table 4","1"
"271","Vanessa atalanta","Insecta","Table 4","3"
"272","Largus californicus","Insecta","Table 4","3"
"273","Trimerotropis pallidipennis","Insecta","Table 4","6"
"274","Limenitis lorquini","Insecta","Table 4","3"
"275","Papilio eurymedon","Insecta","Table 4","3"
"276","Paragus haemorrhous","Insecta","Table 4","6"
"277","Homalodisca vitripennis","Insecta","Table 4","1"
"278","Allograpta","Insecta","Table 4","2"
"279","Adelpha californica","Insecta","Table 4","2"
"280","Trichodes ornatus","Insecta","Table 4","2"
"281","Ochlodes agricola","Insecta","Table 4","4"
"282","Triodoclytus lanifer","Insecta","Table 4","3"
"283","Satyrium tetra","Insecta","Table 4","2"
"284","Callophrys augustinus","Insecta","Table 4","1"
"285","Xanthomendoza hasseana","Fungi","Table 4","1"
"286","Procambarus clarkii","Animalia","Table 4","1"
"287","Icaricia acmon","Insecta","Table 4","1"
"288","Euphilotes bernardino","Insecta","Table 4","4"
"289","Uresiphita reversalis","Insecta","Table 4","2"
"290","Erynnis tristis","Insecta","Table 4","1"
"291","Idiostatus aequalis","Insecta","Table 4","2"
"292","Colias eurytheme","Insecta","Table 4","1"
"293","Lygaeus kalmii","Insecta","Table 4","2"
"294","Coenonympha tullia california","Insecta","Table 4","1"
"295","Cryptolaemus montrouzieri","Insecta","Table 4","2"
"296","Platylyra californica","Insecta","Table 4","1"
"297","Apodemia virgulti","Insecta","Table 4","1"
"298","Nezara viridula","Insecta","Table 4","2"
"299","Platypedia laticapitata","Insecta","Table 4","2"
"300","Micropterus salmoides","Actinopterygii","Table 4","2"
"301","Abedus indentatus","Insecta","Table 4","2"
"302","Chimarocephala pacifica","Insecta","Table 4","1"
"303","Chrysochus cobaltinus","Insecta","Table 4","1"
"304","Forficula auricularia","Insecta","Table 4","1"
"305","Potamopyrgus antipodarum","Mollusca","Table 4","1"
"306","Zarhipis integripennis","Insecta","Table 4","1"
"307","Decticita balli","Insecta","Table 4","1"
"308","Ophion","Insecta","Table 4","1"
"309","Ophiothrix spiculata","Animalia","Table 4","1"
"310","Coelopa vanduzeei","Insecta","Table 4","2"
"311","Pisaster ochraceus","Animalia","Table 4","1"
"312","Alpheus clamator","Animalia","Table 4","1"
"313","Doriopsilla albopunctata","Mollusca","Table 4","1"
"314","Heptacarpus sitchensis","Animalia","Table 4","1"
"315","Phyllodoce medipapillata","Animalia","Table 4","2"
"316","Aplidium californicum","Animalia","Table 4","2"
"317","Mytilus galloprovincialis","Mollusca","Table 4","1"
"318","Oxydromus pugettensis","Animalia","Table 4","2"
"319","Stylochus","Animalia","Table 4","2"
"320","Acromegalomma coloratum","Animalia","Table 4","2"
"321","Muricea californica","Animalia","Table 4","2"
"322","Caprella californica","Animalia","Table 4","2"
"323","Thylacodes squamigerus","Mollusca","Table 4","2"
"324","Odontosyllis phosphorea","Animalia","Table 4","2"
"325","Doto amyra","Mollusca","Table 4","1"
"326","Halosydna brevisetosa","Animalia","Table 4","1"
"327","Halosydna johnsoni","Animalia","Table 4","2"
"328","Ampithoe plumulosa","Animalia","Table 4","2"
"329","Platynereis bicanaliculata","Animalia","Table 4","2"
"330","Pilumnus spinohirsutus","Animalia","Table 4","4"
"331","Arabella semimaculata","Animalia","Table 4","4"
"332","Megabalanus californicus","Animalia","Table 4","1"
"333","Eleodes osculans","Insecta","Table 4","1"
"334","Bombus","Insecta","Table 4","1"
"335","Leprus intermedius","Insecta","Table 4","1"
"336","Patiria miniata","Animalia","Table 4","1"
"337","Anthopleura sola","Animalia","Table 4","1"
"338","Sargassum muticum","Chromista","Table 4","1"
"339","Colpomenia sinuosa","Chromista","Table 4","2"
"340","Trachymela sloanei","Insecta","Table 4","1"
"341","Aplysia californica","Mollusca","Table 4","1"
