"","Scientific_name","Iconic_taxa","iNat_NPS_matches","iNat_NPSsynonym_matches","iNat_ITIS_synonym_matches","iNat_ITIS_nonsyn_matches","iNaturalist_URL"
"1","Plethodon albagula","Amphibia","TRUE","FALSE","FALSE","TRUE","http://www.inaturalist.org/observations/3243850"
"2","Plethodon albagula","Amphibia","TRUE","FALSE","FALSE","TRUE","http://www.inaturalist.org/observations/3242668"
"3","Plethodon albagula","Amphibia","TRUE","FALSE","FALSE","TRUE","http://www.inaturalist.org/observations/3242709"
"4","Plethodon albagula","Amphibia","TRUE","FALSE","FALSE","TRUE","http://www.inaturalist.org/observations/3242895"
"5","Plethodon albagula","Amphibia","TRUE","FALSE","FALSE","TRUE","http://www.inaturalist.org/observations/3243153"
"6","Coluber constrictor","Reptilia","TRUE","FALSE","FALSE","FALSE","http://www.inaturalist.org/observations/3256429"
"7","Nerodia sipedon","Reptilia","TRUE","FALSE","FALSE","FALSE","http://www.inaturalist.org/observations/3251523"
"8","Nerodia sipedon","Reptilia","TRUE","FALSE","FALSE","FALSE","http://www.inaturalist.org/observations/3256020"
"9","Nerodia sipedon","Reptilia","TRUE","FALSE","FALSE","FALSE","http://www.inaturalist.org/observations/3257371"
"10","Nerodia sipedon","Reptilia","TRUE","FALSE","FALSE","FALSE","http://www.inaturalist.org/observations/3257276"
"11","Nerodia sipedon","Reptilia","TRUE","FALSE","FALSE","FALSE","http://www.inaturalist.org/observations/3257256"
"12","Nerodia sipedon","Reptilia","TRUE","FALSE","FALSE","FALSE","http://www.inaturalist.org/observations/3250793"
"13","Plestiodon fasciatus","Reptilia","FALSE","FALSE","FALSE","FALSE","http://www.inaturalist.org/observations/3242972"
"14","Sceloporus consobrinus","Reptilia","FALSE","FALSE","FALSE","FALSE","http://www.inaturalist.org/observations/3255371"
"15","Sceloporus consobrinus","Reptilia","FALSE","FALSE","FALSE","FALSE","http://www.inaturalist.org/observations/3243360"
"16","Terrapene carolina","Reptilia","TRUE","FALSE","FALSE","FALSE","http://www.inaturalist.org/observations/3246463"
