"","Iconic.taxon.name","Scientific.name","Common.name"
"1","Fungi","Agaricus silvicola","Wood Mushroom"
"2","Fungi","Allodus podophylli","Mayapple Rust"
"3","Fungi","Amanita flavoconia","Yellow Patches"
"4","Fungi","Bjerkandera adusta","Smoky polypore"
"5","Fungi","Bolbitius titubans","yellow fieldcap"
"6","Fungi","Calocera cornea","club-like tuning fork"
"7","Fungi","Crucibulum laeve","common bird's nest fungus"
"8","Fungi","Dacrymyces chrysospermus","Orange Jelly Spot"
"9","Fungi","Exidia glandulosa","Black Witches' Butter"
"10","Fungi","Exidia nigricans",""
"11","Fungi","Fomes fasciatus",""
"12","Fungi","Fuscoporia gilva","Mustard Yellow Polypore"
"13","Fungi","Galiella rufa","hairy rubber cup"
"14","Fungi","Ganoderma lobatum",""
"15","Fungi","Gloeoporus dichrous","bicoloured bracket"
"16","Fungi","Humaria hemisphaerica","Brown-haired White Cup"
"17","Fungi","Hygrocybe cantharellus","Goblet Waxcap"
"18","Fungi","Hymenopellis incognita",""
"19","Fungi","Infundibulicybe gibba","Common Funnel"
"20","Fungi","Irpex lacteus","Milk-white Toothed Polypore"
"21","Fungi","Laccaria amethystina","Amethyst Deceiver"
"22","Fungi","Laccaria laccata","deceiver"
"23","Fungi","Lactarius imperceptus",""
"24","Fungi","Lactarius quietus","Oakbug Milkcap"
"25","Fungi","Mycorrhaphium adustum",""
"26","Fungi","Oudemansiella furfuracea",""
"27","Fungi","Panus conchatus","Lilac oysterling"
"28","Fungi","Panus neostrigosus",""
"29","Fungi","Phellinus pomaceus","Cushion Bracket"
"30","Fungi","Pluteus cervinus","deer mushroom"
"31","Fungi","Pluteus flavofuligineus",""
"32","Fungi","Polyporus radicatus",""
"33","Fungi","Rickenella fibula","Orange Moss Agaric"
"34","Fungi","Sarcoscypha occidentalis","stalked scarlet cup"
"35","Fungi","Schizophyllum commune","splitgill mushroom"
"36","Fungi","Stereum complicatum","crowded parchment"
"37","Fungi","Stereum ostrea","false turkey-tail"
"38","Fungi","Trametes aesculi",""
"39","Fungi","Trametes betulina","Gilled Polypore"
"40","Fungi","Trametes conchifer","little nest polypore"
"41","Fungi","Trametes cubensis",""
"42","Fungi","Trametes versicolor","turkey-tail"
"43","Fungi","Trichaptum abietinum","Purplepore Bracket"
"44","Fungi","Trichaptum biforme","violet-toothed polypore"
"45","Fungi","Xylaria hypoxylon","Candlesnuff Fungus"
"46","Fungi","Xylaria liquidambaris",""
"47","Fungi","Xylobolus frustulatus","ceramic parchment"
"48","Fungi","Xylocoremium flabelliforme",""
"49","Fungi","Xylodon paradoxus",""
"50","Protozoa","Fuligo septica","Dog Vomit Slime Mold"
