"","Scientific_name","Iconic_taxa","Match NPSpecies","iNaturalist_Entry_count"
"1","Plethodon albagula","Amphibia","Match","5"
"2","Coluber constrictor","Reptilia","Match","1"
"3","Nerodia sipedon","Reptilia","Match","6"
"4","Plestiodon fasciatus","Reptilia","No Match","1"
"5","Sceloporus consobrinus","Reptilia","No Match","2"
"6","Terrapene carolina","Reptilia","Match","1"
"7","Hygrocybe cantharellus","Fungi","Table 4","2"
"8","Dacrymyces chrysospermus","Fungi","Table 4","2"
"9","Humaria hemisphaerica","Fungi","Table 4","2"
"10","Laccaria laccata","Fungi","Table 4","2"
"11","Sarcoscypha occidentalis","Fungi","Table 4","6"
"12","Pluteus flavofuligineus","Fungi","Table 4","3"
"13","Exidia nigricans","Fungi","Table 4","3"
"14","Trichaptum biforme","Fungi","Table 4","8"
"15","Xylaria liquidambaris","Fungi","Table 4","3"
"16","Crucibulum laeve","Fungi","Table 4","3"
"17","Bolbitius titubans","Fungi","Table 4","2"
"18","Rickenella fibula","Fungi","Table 4","2"
"19","Trametes aesculi","Fungi","Table 4","3"
"20","Amanita flavoconia","Fungi","Table 4","3"
"21","Panus neostrigosus","Fungi","Table 4","3"
"22","Schizophyllum commune","Fungi","Table 4","6"
"23","Galiella rufa","Fungi","Table 4","2"
"24","Infundibulicybe gibba","Fungi","Table 4","6"
"25","Polyporus radicatus","Fungi","Table 4","5"
"26","Hymenopellis incognita","Fungi","Table 4","3"
"27","Allodus podophylli","Fungi","Table 4","2"
"28","Trametes cubensis","Fungi","Table 4","9"
"29","Agaricus silvicola","Fungi","Table 4","1"
"30","Lactarius imperceptus","Fungi","Table 4","3"
"31","Trametes versicolor","Fungi","Table 4","2"
"32","Trametes betulina","Fungi","Table 4","3"
"33","Trametes conchifer","Fungi","Table 4","2"
"34","Oudemansiella furfuracea","Fungi","Table 4","3"
"35","Fuscoporia gilva","Fungi","Table 4","6"
"36","Xylobolus frustulatus","Fungi","Table 4","2"
"37","Xylaria hypoxylon","Fungi","Table 4","3"
"38","Panus conchatus","Fungi","Table 4","3"
"39","Xylocoremium flabelliforme","Fungi","Table 4","3"
"40","Phellinus pomaceus","Fungi","Table 4","2"
"41","Stereum complicatum","Fungi","Table 4","2"
"42","Calocera cornea","Fungi","Table 4","3"
"43","Irpex lacteus","Fungi","Table 4","2"
"44","Ganoderma lobatum","Fungi","Table 4","3"
"45","Lactarius quietus","Fungi","Table 4","2"
"46","Mycorrhaphium adustum","Fungi","Table 4","3"
"47","Stereum ostrea","Fungi","Table 4","2"
"48","Fomes fasciatus","Fungi","Table 4","3"
"49","Laccaria amethystina","Fungi","Table 4","2"
"50","Gloeoporus dichrous","Fungi","Table 4","3"
"51","Fuligo septica","Protozoa","Table 4","2"
"52","Bjerkandera adusta","Fungi","Table 4","2"
"53","Pluteus cervinus","Fungi","Table 4","2"
"54","Exidia glandulosa","Fungi","Table 4","1"
"55","Trichaptum abietinum","Fungi","Table 4","2"
"56","Xylodon paradoxus","Fungi","Table 4","3"
