"","Iconic_taxa","Scientific_name","Occurences in BISON","Invasive.Record"
"1","Amphibia","Eurycea longicauda","NC 147; IN 203; OK 421; TN 301; AL 207; AR 269; SC 44; WA 1; WV 105; MO 370; NY 51; KY 322; KS 139; FL 125; DE 9; NJ 95; PA 194; MS 215; IL 354; TX 1; LA 275; OH 390; GA 139; VA 157; MD 78","No"
"2","Amphibia","Notophthalmus viridescens","NC 1656; VT 774; IN 174; WY 1; OK 846; TN 453; ME 89; PE CAN 3; AL 171; AR 225; SC 318; ON CAN 811; WV 375; MA 1234; MO 308; QC CAN 277; WI 179; AZ 1; NY 2336; RI 115; DC 2; KY 539; MN 174; KS 72; FL 1796; DE 6; NJ 409; PA 876; MI 679; NB CAN 162; MS 238; IA 58; TX 821; IL 340; NS CAN 73; CT 979; NH 462; LA 855; OH 695; GA 436; VA 1818; MD 427","No"
"3","Plantae","Antennaria parlinii","NC 62; VT 48; IN 81; OK 37; ME 27; TN 2; AL 1; AR 50; SC 18; NE 13; WV 37; ON CAN 15; MA 34; MO 94; ND 17; WI 79; NY 58; DC 5; RI 2; KY 55; SD 7; MN 5; KS 30; DE 6; NJ 17; MI 265; PA 62; IA 4; MS 4; IL 57; TX 42; NS CAN 2; CT 55; NH 14; LA 28; OH 57; GA 3; VA 36; MD 8","No"
"4","Plantae","Arctium lappa","VT 242; NC 6; OR 5; WY 3; ME 21; BC CAN 8; AL 1; WA 13; UT 3; SC 1; ON CAN 81; WV 2; MB CAN 15; MA 55; CO 42; QC CAN 23; MO 2; AB CAN 2; WI 14; AZ 9; NV 7; NY 74; RI 12; DC 7; MT 19; HI 21; SD 5; MN 14; CA 49; NJ 27; PA 35; NB CAN 7; MI 6; IA 1; IL 36; CT 52; NH 22; OH 46; VA 4; MD 2; ID 2","Yes"
"5","Plantae","Elaeagnus umbellata","NC 195; VT 46; OR 16; IN 58; TN 53; ME 22; BC CAN 5; AL 33; AR 19; SC 62; WA 5; NE 1; WV 160; ON CAN 84; MA 153; MO 154; WI 56; NY 1229; RI 22; DC 16; KY 50; HI 10; SD 1; KS 34; FL 16; DE 7; NJ 210; MI 128; PA 97; MS 42; IA 7; IL 149; NS CAN 8; TX 1; CT 230; NH 29; LA 9; OH 115; GA 31; VA 228; MD 73","Yes"
"6","Plantae","Euonymus fortunei","NC 49; VT 1; IN 14; TN 31; OK 3; BC CAN 8; AL 1; AR 7; SC 9; UT 1; WA 1; NE 1; ON CAN 33; WV 4; MA 42; CO 1; MO 53; WI 5; NY 91; DC 27; RI 3; KY 95; MN 1; KS 37; DE 2; FL 1; NJ 53; PA 20; MI 13; MS 11; IL 32; TX 2; NS CAN 1; CT 18; NH 1; OH 70; GA 8; MD 69; VA 42","Yes"
"7","Plantae","Krigia virginica","NC 191; VT 4; IN 41; TN 38; ME 8; OK 2; AL 34; AR 61; SC 150; WA 1; WV 14; ON CAN 1; MA 54; MO 159; WI 13; NY 72; DC 27; RI 11; KY 24; FL 165; DE 7; NJ 58; MI 106; PA 37; MS 16; IA 9; IL 45; TX 42; CT 111; NH 10; LA 52; OH 61; GA 73; VA 160; MD 40","No"
"8","Plantae","Lonicera maackii","NC 15; OR 7; VT 4; IN 42; TN 99; OK 12; ME 1; AL 6; AR 7; SC 7; WA 1; NE 3; ON CAN 20; WV 12; MA 33; MO 111; WI 22; NY 224; DC 49; KY 112; KS 54; CA 3; DE 3; FL 2; NJ 137; MI 75; PA 74; MS 7; IA 5; IL 125; TX 49; CT 43; NH 3; OH 175; GA 12; MD 116; VA 66","Yes"
"9","Plantae","Matricaria discoidea","NC 9; IN 65; WY 25; BC CAN 26; SK CAN 3; PE CAN 7; YT CAN 30; UT 16; AB CAN 9; AZ 51; MT 50; KY 25; CA 2313; KS 62; DE 2; PA 56; IA 17; MS 1; IL 121; NS CAN 67; TX 1; CT 51; GA 1; VA 44; MD 16; ID 32; OR 101; VT 101; ME 107; TN 10; OK 5; AR 12; WA 75; NE 5; ON CAN 66; WV 12; MB CAN 13; MA 77; CO 70; MO 159; QC CAN 22; AK 5337; ND 36; WI 96; NV 7; NY 132; RI 18; DC 10; SD 23; MN 103; NL CAN 5; NJ 49; MI 98; NB CAN 15; NM 5; NH 38; LA 7; OH 68; NT CAN 78","Yes"
"10","Plantae","Medicago lupulina","NC 69; IN 142; WY 67; BC CAN 57; SK CAN 5; PE CAN 4; UT 115; YT CAN 5; AB CAN 23; AZ 250; MT 196; KY 48; CA 1140; KS 320; FL 242; DE 4; PA 127; IA 37; MS 11; TX 417; IL 252; NS CAN 63; CT 84; GA 23; VA 146; MD 75; ID 139; OR 195; VT 102; TN 55; OK 35; ME 27; AL 27; AR 48; WA 201; SC 53; NE 87; WV 145; ON CAN 129; MB CAN 25; CO 274; MA 73; MO 244; QC CAN 104; AK 97; ND 60; WI 147; NV 42; NY 249; DC 41; RI 9; HI 65; SD 46; MN 91; NJ 140; MI 231; NB CAN 17; NM 191; NH 10; LA 121; OH 146; NT CAN 3","Yes"
"11","Plantae","Penstemon hirsutus","VT 28; IN 89; TN 12; ME 2; BC CAN 1; AL 1; ON CAN 129; WV 42; MA 25; QC CAN 6; WI 36; NY 116; DC 6; RI 6; KY 27; MN 2; DE 2; NJ 34; MI 123; PA 81; MS 1; IL 42; NS CAN 37; CT 59; NH 1; OH 80; VA 23; MD 20","No"
"12","Plantae","Phacelia dubia","NC 48; DC 7; NY 1; TN 26; OK 1; KY 1; AL 36; DE 1; AR 7; SC 13; PA 14; WV 31; MS 10; LA 1; OH 2; GA 38; VA 125; MD 34","No"
"13","Plantae","Philadelphus coronarius","VT 4; NC 2; IN 7; TN 3; ME 2; OK 2; BC CAN 3; PE CAN 1; SC 2; NE 1; ON CAN 2; WV 1; MA 16; CO 3; MO 9; QC CAN 7; WI 1; NY 34; RI 1; KY 7; HI 1; MN 4; KS 9; CA 6; FL 5; NJ 18; PA 22; MI 7; MS 2; IL 4; CT 12; NH 1; LA 1; OH 21; VA 8; MD 5","No"
"14","Plantae","Polypodium virginianum","NC 151; VT 130; OR 2; IN 52; ME 55; TN 41; BC CAN 3; PE CAN 2; AL 42; AR 28; SC 51; WA 2; WV 216; ON CAN 212; MB CAN 49; MA 119; CO 1; QC CAN 180; MO 104; AK 6; AB CAN 2; WI 246; NY 169; RI 14; DC 13; MT 1; KY 58; SD 7; MN 255; NL CAN 7; CA 3; KS 1; DE 11; NJ 37; PA 133; MI 83; NB CAN 30; IA 6; MS 1; NS CAN 92; IL 83; CT 201; NH 40; OH 97; GA 32; NT CAN 11; VA 227; MD 68","No"
"15","Plantae","Potentilla indica","NC 221; OR 3; VT 2; IN 8; TN 68; OK 14; AL 28; AR 10; SC 32; WA 1; NE 3; WV 23; ON CAN 15; MA 6; CO 1; MO 24; WI 4; NY 67; DC 55; KY 22; MN 1; CA 106; KS 4; DE 13; FL 8; NJ 134; PA 56; MI 11; MS 9; TX 120; IL 63; CT 9; LA 47; OH 76; GA 18; MD 217; VA 158","Yes"
"16","Plantae","Rumex crispus","NC 115; IN 94; WY 57; BC CAN 26; SK CAN 1; PE CAN 5; UT 107; YT CAN 3; AB CAN 16; AZ 277; MT 176; KY 68; CA 2367; KS 388; FL 54; DE 6; PA 101; MS 92; IA 40; TX 429; IL 243; NS CAN 94; CT 105; GA 26; VA 194; MD 53; ID 104; OR 188; VT 93; PR 4; ME 75; TN 61; OK 46; AL 28; AR 70; WA 137; SC 94; NE 72; ON CAN 98; WV 61; MB CAN 10; CO 359; MA 185; MO 235; QC CAN 121; AK 851; ND 41; WI 133; NV 122; NY 191; DC 34; RI 16; SD 79; HI 12; MN 72; NL CAN 2; NJ 136; MI 173; NB CAN 7; NM 159; NH 47; LA 158; OH 99","Yes"
"17","Plantae","Smilax glauca","NC 2632; IN 27; WY 1; TN 352; AL 250; AR 87; SC 667; WA 3; WV 540; MA 36; MO 67; NY 47; DC 27; RI 9; KY 138; KS 5; FL 241; DE 3; NJ 46; PA 62; MS 94; IA 1; TX 103; IL 19; CT 39; LA 101; OH 44; GA 410; VA 930; MD 178","No"
"18","Plantae","Taraxacum officinale","NC 291; IN 91; WY 95; BC CAN 95; SK CAN 6; PE CAN 6; UT 365; YT CAN 35; AB CAN 99; AZ 266; MT 1849; KY 90; CA 1433; KS 343; FL 80; DE 13; PA 217; MS 41; IA 37; TX 538; IL 312; NS CAN 72; CT 103; GA 35; VA 434; MD 210; ID 142; VT 268; OR 235; TN 109; ME 96; OK 43; AL 61; AR 72; WA 306; SC 68; NE 97; ON CAN 207; WV 135; MB CAN 27; CO 1534; MA 719; MO 258; QC CAN 131; AK 24710; ND 102; WI 166; NV 127; NY 522; DC 79; RI 7; SD 64; HI 49; MN 161; NL CAN 3; NJ 514; MI 187; NB CAN 11; NU CAN 1; NM 209; NH 59; LA 111; OH 240; NT CAN 107","Yes"
"19","Plantae","Trifolium repens","NC 365; IN 84; WY 49; BC CAN 58; SK CAN 4; PE CAN 10; UT 83; YT CAN 16; AB CAN 39; AZ 102; MT 311; KY 112; CA 966; KS 225; FL 177; DE 19; PA 178; MS 77; IA 24; TX 510; IL 314; NS CAN 73; CT 119; GA 46; VA 330; MD 323; ID 65; OR 247; VT 149; TN 159; ME 92; OK 50; AL 87; AR 82; WA 184; SC 113; NE 64; ON CAN 144; WV 99; MB CAN 24; CO 426; MA 220; MO 273; QC CAN 87; AK 8845; ND 27; WI 161; NV 51; NY 637; DC 79; RI 23; HI 49; SD 21; MN 116; NL CAN 8; NJ 342; MI 191; NB CAN 12; NM 138; NH 63; LA 226; OH 211; NT CAN 5","Yes"
"20","Plantae","Typha latifolia","NC 155; IN 103; WY 63; BC CAN 52; SK CAN 18; PE CAN 9; UT 76; YT CAN 7; AB CAN 51; AZ 80; MT 70; KY 101; CA 948; KS 357; FL 198; DE 11; PA 120; IA 66; MS 37; IL 291; TX 104; NS CAN 99; CT 65; GA 30; VA 211; MD 45; ID 67; VT 235; OR 123; TN 53; ME 48; OK 31; AL 113; AR 51; WA 195; SC 102; NE 65; ON CAN 226; WV 119; MB CAN 61; CO 176; MA 121; MO 127; QC CAN 101; AK 58; ND 62; WI 136; NV 57; NY 156; DC 23; RI 6; HI 165; SD 56; MN 132; NL CAN 3; NJ 134; MI 157; NB CAN 23; NU CAN 9; NM 78; NH 29; LA 127; OH 117; NT CAN 18","Yes"
"21","Plantae","Verbascum thapsus","NC 150; IN 124; WY 42; BC CAN 29; PE CAN 2; UT 123; AB CAN 17; AZ 2973; MT 247; KY 71; CA 783; KS 232; FL 23; DE 10; PA 146; MS 47; IA 40; TX 313; IL 277; NS CAN 46; CT 129; GA 30; VA 296; MD 110; ID 253; OR 407; VT 264; TN 86; ME 78; OK 46; AL 31; AR 86; WA 309; SC 76; NE 41; ON CAN 305; WV 110; MB CAN 3; CO 760; MA 265; MO 261; QC CAN 100; AK 5; ND 7; WI 280; NV 106; NY 1133; RI 24; DC 17; SD 251; HI 122; MN 168; NJ 271; MI 264; NB CAN 17; NM 253; NH 62; LA 69; OH 170","Yes"
"22","Plantae","Viburnum plicatum","OR 6; NC 4; NY 37; DC 28; TN 1; KY 5; BC CAN 4; CA 1; KS 1; NJ 10; SC 3; WA 2; PA 23; MI 8; ON CAN 3; WV 1; MA 6; IL 4; CO 1; CT 16; MO 6; OH 13; MD 13; VA 9","Yes"
"23","Plantae","Viburnum sieboldii","NY 34; DC 4; IN 1; KY 2; BC CAN 2; NJ 12; PA 15; MA 8; CO 1; CT 21; OH 7; MD 8; VA 2","Yes"
"24","Plantae","Wisteria sinensis","NC 62; OR 1; TN 11; BC CAN 2; AL 54; AR 17; SC 81; UT 1; ON CAN 2; WV 1; MA 5; CO 1; MO 6; NY 193; DC 17; RI 2; KY 6; HI 1; CA 10; KS 4; FL 59; DE 1; NJ 23; PA 9; MI 2; MS 128; TX 36; IL 4; CT 10; LA 62; OH 1; GA 21; VA 44; MD 15","Yes"
"25","Reptilia","Plestiodon fasciatus","NC 116; VT 6; IN 46; OK 687; TN 202; AL 75; AR 563; SC 59; NE 4; ON CAN 104; WV 20; MA 1; MO 395; WI 6; AZ 2; DC 60; NY 28; KY 162; SD 1; MN 83; KS 881; FL 97; DE 14; NJ 40; MI 28; PA 20; MS 97; IA 16; NM 2; TX 684; IL 98; CT 11; LA 1078; OH 61; GA 172; VA 553; MD 303","No"
"26","Reptilia","Trachemys scripta","NC 319; OR 1; VT 1; PR 2; IN 49; OK 578; TN 181; BC CAN 13; AL 239; AR 245; SC 156; WA 16; UT 5; NE 4; ON CAN 18; WV 11; MA 12; CO 6; MO 144; QC CAN 1; AZ 57; WI 5; NV 6; NY 29; DC 13; CNMI 1; MT 1; KY 43; HI 9; CA 291; KS 254; FL 2809; DE 1; NJ 12; PA 15; MI 8; MS 134; IA 11; NM 82; TX 2170; IL 426; CT 7; LA 1159; OH 35; GA 208; VA 400; MD 43; ID 1","No"
