"","Scientific_name","Iconic_taxa","iNat_NPS_matches","iNat_NPSsynonym_matches","iNat_ITIS_synonym_matches","iNat_ITIS_nonsyn_matches","iNaturalist_URL"
"1","Eurycea bislineata","Amphibia","TRUE","TRUE","FALSE","TRUE","http://www.inaturalist.org/observations/3230849"
"2","Eurycea longicauda","Amphibia","FALSE","FALSE","FALSE","FALSE","http://www.inaturalist.org/observations/3271309"
"3","Lithobates catesbeianus","Amphibia","TRUE","FALSE","FALSE","TRUE","http://www.inaturalist.org/observations/3236178"
"4","Lithobates clamitans","Amphibia","TRUE","FALSE","FALSE","FALSE","http://www.inaturalist.org/observations/3232981"
"5","Notophthalmus viridescens","Amphibia","FALSE","FALSE","FALSE","FALSE","http://www.inaturalist.org/observations/3227206"
"6","Plethodon cinereus","Amphibia","TRUE","TRUE","FALSE","TRUE","http://www.inaturalist.org/observations/3271057"
"7","Agelaius phoeniceus","Aves","TRUE","TRUE","FALSE","FALSE","http://www.inaturalist.org/observations/3224618"
"8","Anas platyrhynchos","Aves","TRUE","TRUE","FALSE","TRUE","http://www.inaturalist.org/observations/3244024"
"9","Anas platyrhynchos","Aves","TRUE","TRUE","FALSE","TRUE","http://www.inaturalist.org/observations/3242841"
"10","Anas platyrhynchos","Aves","TRUE","TRUE","FALSE","TRUE","http://www.inaturalist.org/observations/3225061"
"11","Anas platyrhynchos","Aves","TRUE","TRUE","FALSE","TRUE","http://www.inaturalist.org/observations/3224236"
"12","Anas platyrhynchos","Aves","TRUE","TRUE","FALSE","TRUE","http://www.inaturalist.org/observations/3221633"
"13","Anas platyrhynchos","Aves","TRUE","TRUE","FALSE","TRUE","http://www.inaturalist.org/observations/3221901"
"14","Anas platyrhynchos","Aves","TRUE","TRUE","FALSE","TRUE","http://www.inaturalist.org/observations/3224030"
"15","Anas platyrhynchos","Aves","TRUE","TRUE","FALSE","TRUE","http://www.inaturalist.org/observations/3223766"
"16","Ardea herodias","Aves","TRUE","TRUE","FALSE","FALSE","http://www.inaturalist.org/observations/3223726"
"17","Ardea herodias","Aves","TRUE","TRUE","FALSE","FALSE","http://www.inaturalist.org/observations/3224058"
"18","Ardea herodias","Aves","TRUE","TRUE","FALSE","FALSE","http://www.inaturalist.org/observations/3221254"
"19","Baeolophus bicolor","Aves","TRUE","FALSE","FALSE","TRUE","http://www.inaturalist.org/observations/3223950"
"20","Baeolophus bicolor","Aves","TRUE","FALSE","FALSE","TRUE","http://www.inaturalist.org/observations/3223907"
"21","Branta canadensis","Aves","TRUE","TRUE","FALSE","TRUE","http://www.inaturalist.org/observations/3242854"
"22","Branta canadensis","Aves","TRUE","TRUE","FALSE","TRUE","http://www.inaturalist.org/observations/3243719"
"23","Branta canadensis","Aves","TRUE","TRUE","FALSE","TRUE","http://www.inaturalist.org/observations/3221723"
"24","Branta canadensis","Aves","TRUE","TRUE","FALSE","TRUE","http://www.inaturalist.org/observations/3223710"
"25","Branta canadensis","Aves","TRUE","TRUE","FALSE","TRUE","http://www.inaturalist.org/observations/3223361"
"26","Cardinalis cardinalis","Aves","TRUE","FALSE","FALSE","FALSE","http://www.inaturalist.org/observations/3256029"
"27","Cardinalis cardinalis","Aves","TRUE","FALSE","FALSE","FALSE","http://www.inaturalist.org/observations/3244028"
"28","Cardinalis cardinalis","Aves","TRUE","FALSE","FALSE","FALSE","http://www.inaturalist.org/observations/3243702"
"29","Cathartes aura","Aves","TRUE","TRUE","FALSE","FALSE","http://www.inaturalist.org/observations/3225060"
"30","Cathartes aura","Aves","TRUE","TRUE","FALSE","FALSE","http://www.inaturalist.org/observations/3223802"
"31","Cathartes aura","Aves","TRUE","TRUE","FALSE","FALSE","http://www.inaturalist.org/observations/3221772"
"32","Columba livia","Aves","TRUE","FALSE","FALSE","FALSE","http://www.inaturalist.org/observations/3243991"
"33","Columba livia","Aves","TRUE","FALSE","FALSE","FALSE","http://www.inaturalist.org/observations/3243643"
"34","Corvus brachyrhynchos","Aves","TRUE","TRUE","FALSE","FALSE","http://www.inaturalist.org/observations/3243987"
"35","Corvus ossifragus","Aves","TRUE","FALSE","FALSE","FALSE","http://www.inaturalist.org/observations/3243981"
"36","Corvus ossifragus","Aves","TRUE","FALSE","FALSE","FALSE","http://www.inaturalist.org/observations/3224507"
"37","Cyanocitta cristata","Aves","TRUE","TRUE","FALSE","FALSE","http://www.inaturalist.org/observations/3224536"
"38","Dryobates villosus","Aves","FALSE","TRUE","FALSE","FALSE","http://www.inaturalist.org/observations/3243837"
"39","Dumetella carolinensis","Aves","TRUE","FALSE","FALSE","FALSE","http://www.inaturalist.org/observations/3243671"
"40","Haemorhous mexicanus","Aves","FALSE","FALSE","FALSE","TRUE","http://www.inaturalist.org/observations/3243820"
"41","Icterus galbula","Aves","TRUE","FALSE","FALSE","TRUE","http://www.inaturalist.org/observations/3256005"
"42","Icterus galbula","Aves","TRUE","FALSE","FALSE","TRUE","http://www.inaturalist.org/observations/3224647"
"43","Icterus galbula","Aves","TRUE","FALSE","FALSE","TRUE","http://www.inaturalist.org/observations/3223252"
"44","Icterus spurius","Aves","TRUE","FALSE","FALSE","FALSE","http://www.inaturalist.org/observations/3225053"
"45","Molothrus ater","Aves","TRUE","TRUE","FALSE","FALSE","http://www.inaturalist.org/observations/3243806"
"46","Molothrus ater","Aves","TRUE","TRUE","FALSE","FALSE","http://www.inaturalist.org/observations/3243849"
"47","Myiarchus crinitus","Aves","TRUE","TRUE","FALSE","TRUE","http://www.inaturalist.org/observations/3225057"
"48","Parkesia motacilla","Aves","TRUE","FALSE","FALSE","TRUE","http://www.inaturalist.org/observations/3224125"
"49","Passerina cyanea","Aves","TRUE","FALSE","FALSE","TRUE","http://www.inaturalist.org/observations/3243922"
"50","Passerina cyanea","Aves","TRUE","FALSE","FALSE","TRUE","http://www.inaturalist.org/observations/3242852"
"51","Passerina cyanea","Aves","TRUE","FALSE","FALSE","TRUE","http://www.inaturalist.org/observations/3243789"
"52","Passerina cyanea","Aves","TRUE","FALSE","FALSE","TRUE","http://www.inaturalist.org/observations/3243761"
"53","Passerina cyanea","Aves","TRUE","FALSE","FALSE","TRUE","http://www.inaturalist.org/observations/3225062"
"54","Passerina cyanea","Aves","TRUE","FALSE","FALSE","TRUE","http://www.inaturalist.org/observations/3224227"
"55","Petrochelidon pyrrhonota","Aves","TRUE","TRUE","FALSE","TRUE","http://www.inaturalist.org/observations/3243654"
"56","Phalacrocorax auritus","Aves","TRUE","TRUE","FALSE","FALSE","http://www.inaturalist.org/observations/3221365"
"57","Phalacrocorax auritus","Aves","TRUE","TRUE","FALSE","FALSE","http://www.inaturalist.org/observations/3224190"
"58","Poecile carolinensis","Aves","FALSE","FALSE","FALSE","TRUE","http://www.inaturalist.org/observations/3243776"
"59","Polioptila caerulea","Aves","TRUE","TRUE","FALSE","FALSE","http://www.inaturalist.org/observations/3243816"
"60","Quiscalus quiscula","Aves","TRUE","TRUE","FALSE","FALSE","http://www.inaturalist.org/observations/3224658"
"61","Sayornis phoebe","Aves","TRUE","FALSE","FALSE","FALSE","http://www.inaturalist.org/observations/3243767"
"62","Sayornis phoebe","Aves","TRUE","FALSE","FALSE","FALSE","http://www.inaturalist.org/observations/3221543"
"63","Sialia sialis","Aves","TRUE","TRUE","FALSE","FALSE","http://www.inaturalist.org/observations/3243856"
"64","Spinus tristis","Aves","FALSE","TRUE","FALSE","TRUE","http://www.inaturalist.org/observations/3243549"
"65","Stelgidopteryx serripennis","Aves","TRUE","FALSE","FALSE","FALSE","http://www.inaturalist.org/observations/3223824"
"66","Stelgidopteryx serripennis","Aves","TRUE","FALSE","FALSE","FALSE","http://www.inaturalist.org/observations/3223745"
"67","Tachycineta bicolor","Aves","TRUE","FALSE","FALSE","TRUE","http://www.inaturalist.org/observations/3243565"
"68","Turdus migratorius","Aves","TRUE","TRUE","FALSE","FALSE","http://www.inaturalist.org/observations/3256663"
"69","Turdus migratorius","Aves","TRUE","TRUE","FALSE","FALSE","http://www.inaturalist.org/observations/3243862"
"70","Turdus migratorius","Aves","TRUE","TRUE","FALSE","FALSE","http://www.inaturalist.org/observations/3224267"
"71","Vireo olivaceus","Aves","TRUE","FALSE","FALSE","FALSE","http://www.inaturalist.org/observations/3224459"
"72","Sciurus carolinensis","Mammalia","TRUE","TRUE","FALSE","FALSE","http://www.inaturalist.org/observations/3256612"
"73","Sylvilagus floridanus","Mammalia","TRUE","TRUE","FALSE","TRUE","http://www.inaturalist.org/observations/3243883"
"74","Acer negundo","Plantae","TRUE","FALSE","FALSE","FALSE","http://www.inaturalist.org/observations/3255953"
"75","Acer negundo","Plantae","TRUE","FALSE","FALSE","FALSE","http://www.inaturalist.org/observations/3249636"
"76","Acer negundo","Plantae","TRUE","FALSE","FALSE","FALSE","http://www.inaturalist.org/observations/3236091"
"77","Acer negundo","Plantae","TRUE","FALSE","FALSE","FALSE","http://www.inaturalist.org/observations/3227608"
"78","Acer negundo","Plantae","TRUE","FALSE","FALSE","FALSE","http://www.inaturalist.org/observations/3220916"
"79","Acer negundo","Plantae","TRUE","FALSE","FALSE","FALSE","http://www.inaturalist.org/observations/3220931"
"80","Acer negundo","Plantae","TRUE","FALSE","FALSE","FALSE","http://www.inaturalist.org/observations/3221251"
"81","Acer platanoides","Plantae","TRUE","FALSE","FALSE","TRUE","http://www.inaturalist.org/observations/3255726"
"82","Acer platanoides","Plantae","TRUE","FALSE","FALSE","TRUE","http://www.inaturalist.org/observations/3248168"
"83","Acer rubrum","Plantae","TRUE","FALSE","FALSE","FALSE","http://www.inaturalist.org/observations/3227993"
"84","Acer rubrum","Plantae","TRUE","FALSE","FALSE","FALSE","http://www.inaturalist.org/observations/3227609"
"85","Acer saccharinum","Plantae","TRUE","FALSE","FALSE","TRUE","http://www.inaturalist.org/observations/3255895"
"86","Acer saccharinum","Plantae","TRUE","FALSE","FALSE","TRUE","http://www.inaturalist.org/observations/3245470"
"87","Achillea millefolium","Plantae","TRUE","FALSE","FALSE","TRUE","http://www.inaturalist.org/observations/3227616"
"88","Ailanthus altissima","Plantae","TRUE","FALSE","FALSE","TRUE","http://www.inaturalist.org/observations/3248126"
"89","Ailanthus altissima","Plantae","TRUE","FALSE","FALSE","TRUE","http://www.inaturalist.org/observations/3255445"
"90","Alliaria petiolata","Plantae","TRUE","FALSE","FALSE","TRUE","http://www.inaturalist.org/observations/3255937"
"91","Alliaria petiolata","Plantae","TRUE","FALSE","FALSE","TRUE","http://www.inaturalist.org/observations/3248247"
"92","Alliaria petiolata","Plantae","TRUE","FALSE","FALSE","TRUE","http://www.inaturalist.org/observations/3249651"
"93","Alliaria petiolata","Plantae","TRUE","FALSE","FALSE","TRUE","http://www.inaturalist.org/observations/3236186"
"94","Alliaria petiolata","Plantae","TRUE","FALSE","FALSE","TRUE","http://www.inaturalist.org/observations/3242845"
"95","Alliaria petiolata","Plantae","TRUE","FALSE","FALSE","TRUE","http://www.inaturalist.org/observations/3228083"
"96","Antennaria parlinii","Plantae","FALSE","FALSE","FALSE","FALSE","http://www.inaturalist.org/observations/3678334"
"97","Arabidopsis lyrata","Plantae","TRUE","FALSE","FALSE","FALSE","http://www.inaturalist.org/observations/3678336"
"98","Arctium lappa","Plantae","FALSE","FALSE","FALSE","FALSE","http://www.inaturalist.org/observations/3255919"
"99","Arisaema dracontium","Plantae","TRUE","FALSE","FALSE","TRUE","http://www.inaturalist.org/observations/3236412"
"100","Asarum canadense","Plantae","TRUE","FALSE","FALSE","TRUE","http://www.inaturalist.org/observations/3255802"
"101","Asarum canadense","Plantae","TRUE","FALSE","FALSE","TRUE","http://www.inaturalist.org/observations/3248144"
"102","Asimina triloba","Plantae","TRUE","FALSE","FALSE","TRUE","http://www.inaturalist.org/observations/3255834"
"103","Asimina triloba","Plantae","TRUE","FALSE","FALSE","TRUE","http://www.inaturalist.org/observations/3250931"
"104","Asimina triloba","Plantae","TRUE","FALSE","FALSE","TRUE","http://www.inaturalist.org/observations/3236115"
"105","Asplenium platyneuron","Plantae","TRUE","FALSE","FALSE","TRUE","http://www.inaturalist.org/observations/3678324"
"106","Asplenium platyneuron","Plantae","TRUE","FALSE","FALSE","TRUE","http://www.inaturalist.org/observations/3228030"
"107","Berberis thunbergii","Plantae","TRUE","FALSE","FALSE","TRUE","http://www.inaturalist.org/observations/3255764"
"108","Berberis thunbergii","Plantae","TRUE","FALSE","FALSE","TRUE","http://www.inaturalist.org/observations/3228059"
"109","Betula nigra","Plantae","TRUE","FALSE","FALSE","FALSE","http://www.inaturalist.org/observations/3255948"
"110","Campsis radicans","Plantae","TRUE","FALSE","FALSE","TRUE","http://www.inaturalist.org/observations/3227988"
"111","Carpinus caroliniana","Plantae","TRUE","FALSE","FALSE","TRUE","http://www.inaturalist.org/observations/3228003"
"112","Carya cordiformis","Plantae","TRUE","FALSE","FALSE","TRUE","http://www.inaturalist.org/observations/3236166"
"113","Celastrus orbiculatus","Plantae","TRUE","FALSE","FALSE","FALSE","http://www.inaturalist.org/observations/3255719"
"114","Celastrus orbiculatus","Plantae","TRUE","FALSE","FALSE","FALSE","http://www.inaturalist.org/observations/3236111"
"115","Celastrus orbiculatus","Plantae","TRUE","FALSE","FALSE","FALSE","http://www.inaturalist.org/observations/3228095"
"116","Celtis occidentalis","Plantae","TRUE","FALSE","FALSE","TRUE","http://www.inaturalist.org/observations/3255887"
"117","Celtis occidentalis","Plantae","TRUE","FALSE","FALSE","TRUE","http://www.inaturalist.org/observations/3246931"
"118","Celtis occidentalis","Plantae","TRUE","FALSE","FALSE","TRUE","http://www.inaturalist.org/observations/3248124"
"119","Cerastium arvense","Plantae","TRUE","FALSE","FALSE","FALSE","http://www.inaturalist.org/observations/3678327"
"120","Cercis canadensis","Plantae","TRUE","FALSE","FALSE","FALSE","http://www.inaturalist.org/observations/3227814"
"121","Cercis canadensis","Plantae","TRUE","FALSE","FALSE","FALSE","http://www.inaturalist.org/observations/3227981"
"122","Chelidonium majus","Plantae","TRUE","FALSE","FALSE","TRUE","http://www.inaturalist.org/observations/3245371"
"123","Chelidonium majus","Plantae","TRUE","FALSE","FALSE","TRUE","http://www.inaturalist.org/observations/3245373"
"124","Conium maculatum","Plantae","TRUE","FALSE","FALSE","FALSE","http://www.inaturalist.org/observations/3255890"
"125","Conium maculatum","Plantae","TRUE","FALSE","FALSE","FALSE","http://www.inaturalist.org/observations/3248151"
"126","Cornus florida","Plantae","TRUE","FALSE","FALSE","TRUE","http://www.inaturalist.org/observations/3257187"
"127","Dactylis glomerata","Plantae","TRUE","FALSE","FALSE","TRUE","http://www.inaturalist.org/observations/3255715"
"128","Dactylis glomerata","Plantae","TRUE","FALSE","FALSE","TRUE","http://www.inaturalist.org/observations/3228396"
"129","Elaeagnus umbellata","Plantae","FALSE","FALSE","FALSE","FALSE","http://www.inaturalist.org/observations/3255851"
"130","Equisetum arvense","Plantae","TRUE","FALSE","FALSE","TRUE","http://www.inaturalist.org/observations/3678346"
"131","Erigeron philadelphicus","Plantae","TRUE","FALSE","FALSE","FALSE","http://www.inaturalist.org/observations/3248141"
"132","Euonymus fortunei","Plantae","FALSE","FALSE","FALSE","FALSE","http://www.inaturalist.org/observations/3255706"
"133","Fraxinus pennsylvanica","Plantae","TRUE","TRUE","FALSE","TRUE","http://www.inaturalist.org/observations/3255815"
"134","Fraxinus pennsylvanica","Plantae","TRUE","TRUE","FALSE","TRUE","http://www.inaturalist.org/observations/3255857"
"135","Galium aparine","Plantae","TRUE","FALSE","FALSE","TRUE","http://www.inaturalist.org/observations/3253311"
"136","Galium aparine","Plantae","TRUE","FALSE","FALSE","TRUE","http://www.inaturalist.org/observations/3236190"
"137","Glechoma hederacea","Plantae","TRUE","FALSE","FALSE","TRUE","http://www.inaturalist.org/observations/3255943"
"138","Glechoma hederacea","Plantae","TRUE","FALSE","FALSE","TRUE","http://www.inaturalist.org/observations/3255421"
"139","Glechoma hederacea","Plantae","TRUE","FALSE","FALSE","TRUE","http://www.inaturalist.org/observations/3228208"
"140","Glechoma hederacea","Plantae","TRUE","FALSE","FALSE","TRUE","http://www.inaturalist.org/observations/3242847"
"141","Glechoma hederacea","Plantae","TRUE","FALSE","FALSE","TRUE","http://www.inaturalist.org/observations/3221334"
"142","Hedera helix","Plantae","TRUE","FALSE","FALSE","TRUE","http://www.inaturalist.org/observations/3249013"
"143","Hesperis matronalis","Plantae","TRUE","FALSE","FALSE","TRUE","http://www.inaturalist.org/observations/3255758"
"144","Hesperis matronalis","Plantae","TRUE","FALSE","FALSE","TRUE","http://www.inaturalist.org/observations/4433796"
"145","Hesperis matronalis","Plantae","TRUE","FALSE","FALSE","TRUE","http://www.inaturalist.org/observations/3248157"
"146","Heuchera americana","Plantae","TRUE","FALSE","FALSE","FALSE","http://www.inaturalist.org/observations/3228595"
"147","Hieracium venosum","Plantae","TRUE","FALSE","FALSE","TRUE","http://www.inaturalist.org/observations/3678344"
"148","Humulus japonicus","Plantae","TRUE","FALSE","FALSE","TRUE","http://www.inaturalist.org/observations/3243845"
"149","Humulus japonicus","Plantae","TRUE","FALSE","FALSE","TRUE","http://www.inaturalist.org/observations/3242941"
"150","Impatiens capensis","Plantae","TRUE","FALSE","FALSE","TRUE","http://www.inaturalist.org/observations/3248120"
"151","Impatiens capensis","Plantae","TRUE","FALSE","FALSE","TRUE","http://www.inaturalist.org/observations/3245228"
"152","Juglans nigra","Plantae","TRUE","FALSE","FALSE","TRUE","http://www.inaturalist.org/observations/3255900"
"153","Juglans nigra","Plantae","TRUE","FALSE","FALSE","TRUE","http://www.inaturalist.org/observations/3245875"
"154","Juglans nigra","Plantae","TRUE","FALSE","FALSE","TRUE","http://www.inaturalist.org/observations/3242851"
"155","Juglans nigra","Plantae","TRUE","FALSE","FALSE","TRUE","http://www.inaturalist.org/observations/3236181"
"156","Juglans nigra","Plantae","TRUE","FALSE","FALSE","TRUE","http://www.inaturalist.org/observations/3228060"
"157","Juniperus virginiana","Plantae","TRUE","FALSE","FALSE","FALSE","http://www.inaturalist.org/observations/3236081"
"158","Krigia virginica","Plantae","FALSE","FALSE","FALSE","FALSE","http://www.inaturalist.org/observations/3678335"
"159","Lindera benzoin","Plantae","TRUE","FALSE","FALSE","TRUE","http://www.inaturalist.org/observations/3255810"
"160","Lindera benzoin","Plantae","TRUE","FALSE","FALSE","TRUE","http://www.inaturalist.org/observations/3249641"
"161","Lindera benzoin","Plantae","TRUE","FALSE","FALSE","TRUE","http://www.inaturalist.org/observations/3228039"
"162","Liriodendron tulipifera","Plantae","TRUE","FALSE","FALSE","FALSE","http://www.inaturalist.org/observations/3255711"
"163","Lonicera japonica","Plantae","TRUE","FALSE","FALSE","TRUE","http://www.inaturalist.org/observations/3255934"
"164","Lonicera japonica","Plantae","TRUE","FALSE","FALSE","TRUE","http://www.inaturalist.org/observations/3236128"
"165","Lonicera maackii","Plantae","FALSE","FALSE","FALSE","FALSE","http://www.inaturalist.org/observations/3257118"
"166","Lonicera maackii","Plantae","FALSE","FALSE","FALSE","FALSE","http://www.inaturalist.org/observations/3228128"
"167","Lonicera maackii","Plantae","FALSE","FALSE","FALSE","FALSE","http://www.inaturalist.org/observations/3227621"
"168","Maianthemum racemosum","Plantae","TRUE","FALSE","FALSE","FALSE","http://www.inaturalist.org/observations/3245803"
"169","Matricaria discoidea","Plantae","FALSE","FALSE","FALSE","FALSE","http://www.inaturalist.org/observations/3255972"
"170","Medicago lupulina","Plantae","FALSE","FALSE","FALSE","FALSE","http://www.inaturalist.org/observations/3228079"
"171","Microstegium vimineum","Plantae","TRUE","FALSE","FALSE","TRUE","http://www.inaturalist.org/observations/3255431"
"172","Ornithogalum umbellatum","Plantae","TRUE","FALSE","FALSE","FALSE","http://www.inaturalist.org/observations/3226905"
"173","Osmorhiza longistylis","Plantae","TRUE","TRUE","FALSE","TRUE","http://www.inaturalist.org/observations/3228027"
"174","Oxalis stricta","Plantae","TRUE","FALSE","FALSE","TRUE","http://www.inaturalist.org/observations/3236122"
"175","Oxalis stricta","Plantae","TRUE","FALSE","FALSE","TRUE","http://www.inaturalist.org/observations/3236254"
"176","Parthenocissus quinquefolia","Plantae","TRUE","FALSE","FALSE","TRUE","http://www.inaturalist.org/observations/3255862"
"177","Parthenocissus quinquefolia","Plantae","TRUE","FALSE","FALSE","TRUE","http://www.inaturalist.org/observations/3255428"
"178","Parthenocissus quinquefolia","Plantae","TRUE","FALSE","FALSE","TRUE","http://www.inaturalist.org/observations/3236078"
"179","Parthenocissus quinquefolia","Plantae","TRUE","FALSE","FALSE","TRUE","http://www.inaturalist.org/observations/3227617"
"180","Passiflora lutea","Plantae","TRUE","FALSE","FALSE","TRUE","http://www.inaturalist.org/observations/3236160"
"181","Passiflora lutea","Plantae","TRUE","FALSE","FALSE","TRUE","http://www.inaturalist.org/observations/3233387"
"182","Passiflora lutea","Plantae","TRUE","FALSE","FALSE","TRUE","http://www.inaturalist.org/observations/3224264"
"183","Peltandra virginica","Plantae","TRUE","FALSE","FALSE","TRUE","http://www.inaturalist.org/observations/3255696"
"184","Peltandra virginica","Plantae","TRUE","FALSE","FALSE","TRUE","http://www.inaturalist.org/observations/3530956"
"185","Peltandra virginica","Plantae","TRUE","FALSE","FALSE","TRUE","http://www.inaturalist.org/observations/3236170"
"186","Penstemon hirsutus","Plantae","FALSE","FALSE","FALSE","FALSE","http://www.inaturalist.org/observations/3678340"
"187","Phacelia dubia","Plantae","FALSE","FALSE","FALSE","FALSE","http://www.inaturalist.org/observations/3678329"
"188","Phalaris arundinacea","Plantae","TRUE","FALSE","FALSE","TRUE","http://www.inaturalist.org/observations/3255457"
"189","Philadelphus coronarius","Plantae","FALSE","FALSE","FALSE","FALSE","http://www.inaturalist.org/observations/3275046"
"190","Philadelphus coronarius","Plantae","FALSE","FALSE","FALSE","FALSE","http://www.inaturalist.org/observations/3247406"
"191","Phlox divaricata","Plantae","TRUE","FALSE","FALSE","FALSE","http://www.inaturalist.org/observations/3227631"
"192","Physocarpus opulifolius","Plantae","TRUE","FALSE","FALSE","TRUE","http://www.inaturalist.org/observations/3249381"
"193","Physocarpus opulifolius","Plantae","TRUE","FALSE","FALSE","TRUE","http://www.inaturalist.org/observations/3236237"
"194","Physocarpus opulifolius","Plantae","TRUE","FALSE","FALSE","TRUE","http://www.inaturalist.org/observations/3228100"
"195","Phytolacca americana","Plantae","TRUE","FALSE","FALSE","FALSE","http://www.inaturalist.org/observations/3255914"
"196","Phytolacca americana","Plantae","TRUE","FALSE","FALSE","FALSE","http://www.inaturalist.org/observations/3245827"
"197","Pinus strobus","Plantae","TRUE","FALSE","FALSE","TRUE","http://www.inaturalist.org/observations/3255745"
"198","Pinus strobus","Plantae","TRUE","FALSE","FALSE","TRUE","http://www.inaturalist.org/observations/3245928"
"199","Plantago major","Plantae","TRUE","FALSE","FALSE","TRUE","http://www.inaturalist.org/observations/3255437"
"200","Platanus occidentalis","Plantae","TRUE","FALSE","FALSE","TRUE","http://www.inaturalist.org/observations/3257104"
"201","Platanus occidentalis","Plantae","TRUE","FALSE","FALSE","TRUE","http://www.inaturalist.org/observations/3246351"
"202","Platanus occidentalis","Plantae","TRUE","FALSE","FALSE","TRUE","http://www.inaturalist.org/observations/3228063"
"203","Podophyllum peltatum","Plantae","TRUE","FALSE","FALSE","FALSE","http://www.inaturalist.org/observations/3246392"
"204","Polygonatum biflorum","Plantae","TRUE","FALSE","FALSE","TRUE","http://www.inaturalist.org/observations/3678338"
"205","Polypodium virginianum","Plantae","FALSE","FALSE","FALSE","FALSE","http://www.inaturalist.org/observations/3678332"
"206","Polystichum acrostichoides","Plantae","TRUE","FALSE","FALSE","TRUE","http://www.inaturalist.org/observations/3678323"
"207","Potentilla indica","Plantae","FALSE","FALSE","FALSE","FALSE","http://www.inaturalist.org/observations/3242857"
"208","Potentilla simplex","Plantae","TRUE","TRUE","FALSE","TRUE","http://www.inaturalist.org/observations/3228073"
"209","Prunus serotina","Plantae","TRUE","FALSE","FALSE","FALSE","http://www.inaturalist.org/observations/3255716"
"210","Quercus bicolor","Plantae","TRUE","FALSE","FALSE","FALSE","http://www.inaturalist.org/observations/3247804"
"211","Quercus rubra","Plantae","TRUE","FALSE","FALSE","TRUE","http://www.inaturalist.org/observations/3235107"
"212","Quercus velutina","Plantae","TRUE","FALSE","FALSE","TRUE","http://www.inaturalist.org/observations/3247745"
"213","Robinia pseudoacacia","Plantae","TRUE","FALSE","FALSE","TRUE","http://www.inaturalist.org/observations/3255907"
"214","Robinia pseudoacacia","Plantae","TRUE","FALSE","FALSE","TRUE","http://www.inaturalist.org/observations/3243441"
"215","Robinia pseudoacacia","Plantae","TRUE","FALSE","FALSE","TRUE","http://www.inaturalist.org/observations/3227612"
"216","Rosa multiflora","Plantae","TRUE","FALSE","FALSE","TRUE","http://www.inaturalist.org/observations/3255940"
"217","Rosa multiflora","Plantae","TRUE","FALSE","FALSE","TRUE","http://www.inaturalist.org/observations/3228006"
"218","Rubus phoenicolasius","Plantae","TRUE","FALSE","FALSE","FALSE","http://www.inaturalist.org/observations/3247460"
"219","Rubus phoenicolasius","Plantae","TRUE","FALSE","FALSE","FALSE","http://www.inaturalist.org/observations/3236125"
"220","Rudbeckia laciniata","Plantae","TRUE","FALSE","FALSE","FALSE","http://www.inaturalist.org/observations/3243071"
"221","Rumex crispus","Plantae","FALSE","FALSE","FALSE","FALSE","http://www.inaturalist.org/observations/3257083"
"222","Salvia lyrata","Plantae","TRUE","FALSE","FALSE","FALSE","http://www.inaturalist.org/observations/3233126"
"223","Sambucus canadensis","Plantae","FALSE","TRUE","TRUE","FALSE","http://www.inaturalist.org/observations/3255822"
"224","Sanicula odorata","Plantae","TRUE","FALSE","FALSE","TRUE","http://www.inaturalist.org/observations/3255752"
"225","Sassafras albidum","Plantae","TRUE","FALSE","FALSE","TRUE","http://www.inaturalist.org/observations/3227996"
"226","Smilax glauca","Plantae","FALSE","FALSE","FALSE","FALSE","http://www.inaturalist.org/observations/3236072"
"227","Smilax glauca","Plantae","FALSE","FALSE","FALSE","FALSE","http://www.inaturalist.org/observations/3228000"
"228","Smilax glauca","Plantae","FALSE","FALSE","FALSE","FALSE","http://www.inaturalist.org/observations/3227619"
"229","Smilax rotundifolia","Plantae","TRUE","FALSE","FALSE","TRUE","http://www.inaturalist.org/observations/3236135"
"230","Smilax rotundifolia","Plantae","TRUE","FALSE","FALSE","TRUE","http://www.inaturalist.org/observations/3227626"
"231","Smilax rotundifolia","Plantae","TRUE","FALSE","FALSE","TRUE","http://www.inaturalist.org/observations/3228055"
"232","Staphylea trifolia","Plantae","TRUE","FALSE","FALSE","FALSE","http://www.inaturalist.org/observations/3255838"
"233","Staphylea trifolia","Plantae","TRUE","FALSE","FALSE","FALSE","http://www.inaturalist.org/observations/3248135"
"234","Stellaria media","Plantae","TRUE","FALSE","FALSE","TRUE","http://www.inaturalist.org/observations/3228035"
"235","Taraxacum officinale","Plantae","FALSE","FALSE","FALSE","FALSE","http://www.inaturalist.org/observations/3245132"
"236","Tilia americana","Plantae","TRUE","FALSE","FALSE","FALSE","http://www.inaturalist.org/observations/3228088"
"237","Toxicodendron radicans","Plantae","TRUE","FALSE","FALSE","FALSE","http://www.inaturalist.org/observations/3249633"
"238","Toxicodendron radicans","Plantae","TRUE","FALSE","FALSE","FALSE","http://www.inaturalist.org/observations/3245273"
"239","Toxicodendron radicans","Plantae","TRUE","FALSE","FALSE","FALSE","http://www.inaturalist.org/observations/3228325"
"240","Toxicodendron radicans","Plantae","TRUE","FALSE","FALSE","FALSE","http://www.inaturalist.org/observations/3242219"
"241","Toxicodendron radicans","Plantae","TRUE","FALSE","FALSE","FALSE","http://www.inaturalist.org/observations/3227603"
"242","Toxicodendron radicans","Plantae","TRUE","FALSE","FALSE","FALSE","http://www.inaturalist.org/observations/3223853"
"243","Tradescantia virginiana","Plantae","TRUE","FALSE","FALSE","TRUE","http://www.inaturalist.org/observations/3257193"
"244","Tradescantia virginiana","Plantae","TRUE","FALSE","FALSE","TRUE","http://www.inaturalist.org/observations/3224244"
"245","Tradescantia virginiana","Plantae","TRUE","FALSE","FALSE","TRUE","http://www.inaturalist.org/observations/3225064"
"246","Trifolium repens","Plantae","FALSE","FALSE","FALSE","FALSE","http://www.inaturalist.org/observations/3255971"
"247","Typha latifolia","Plantae","FALSE","FALSE","FALSE","FALSE","http://www.inaturalist.org/observations/3236150"
"248","Ulmus americana","Plantae","TRUE","FALSE","FALSE","TRUE","http://www.inaturalist.org/observations/3255874"
"249","Ulmus americana","Plantae","TRUE","FALSE","FALSE","TRUE","http://www.inaturalist.org/observations/3246138"
"250","Ulmus americana","Plantae","TRUE","FALSE","FALSE","TRUE","http://www.inaturalist.org/observations/3228021"
"251","Urtica dioica","Plantae","TRUE","FALSE","FALSE","FALSE","http://www.inaturalist.org/observations/3246097"
"252","Urtica dioica","Plantae","TRUE","FALSE","FALSE","FALSE","http://www.inaturalist.org/observations/3224252"
"253","Urtica dioica","Plantae","TRUE","FALSE","FALSE","FALSE","http://www.inaturalist.org/observations/3220943"
"254","Verbascum thapsus","Plantae","FALSE","FALSE","FALSE","FALSE","http://www.inaturalist.org/observations/3257123"
"255","Verbesina alternifolia","Plantae","TRUE","FALSE","FALSE","TRUE","http://www.inaturalist.org/observations/3227984"
"256","Viburnum plicatum","Plantae","FALSE","FALSE","FALSE","FALSE","http://www.inaturalist.org/observations/3224634"
"257","Viburnum sieboldii","Plantae","FALSE","FALSE","FALSE","FALSE","http://www.inaturalist.org/observations/3248250"
"258","Viola striata","Plantae","TRUE","FALSE","FALSE","FALSE","http://www.inaturalist.org/observations/3678343"
"259","Viola striata","Plantae","TRUE","FALSE","FALSE","FALSE","http://www.inaturalist.org/observations/3245614"
"260","Wisteria sinensis","Plantae","FALSE","FALSE","FALSE","FALSE","http://www.inaturalist.org/observations/3235106"
"261","Woodsia obtusa","Plantae","TRUE","FALSE","FALSE","FALSE","http://www.inaturalist.org/observations/3678337"
"262","Chelydra serpentina","Reptilia","TRUE","TRUE","FALSE","TRUE","http://www.inaturalist.org/observations/3230763"
"263","Chelydra serpentina","Reptilia","TRUE","TRUE","FALSE","TRUE","http://www.inaturalist.org/observations/3236108"
"264","Chrysemys picta","Reptilia","TRUE","TRUE","FALSE","FALSE","http://www.inaturalist.org/observations/3270999"
"265","Clemmys guttata","Reptilia","TRUE","FALSE","FALSE","TRUE","http://www.inaturalist.org/observations/3270929"
"266","Coluber constrictor","Reptilia","TRUE","TRUE","FALSE","FALSE","http://www.inaturalist.org/observations/3236198"
"267","Nerodia sipedon","Reptilia","TRUE","FALSE","FALSE","FALSE","http://www.inaturalist.org/observations/3271095"
"268","Nerodia sipedon","Reptilia","TRUE","FALSE","FALSE","FALSE","http://www.inaturalist.org/observations/3224152"
"269","Pantherophis alleghaniensis","Reptilia","FALSE","FALSE","FALSE","TRUE","http://www.inaturalist.org/observations/3243592"
"270","Pantherophis alleghaniensis","Reptilia","FALSE","FALSE","FALSE","TRUE","http://www.inaturalist.org/observations/3227632"
"271","Plestiodon fasciatus","Reptilia","FALSE","FALSE","FALSE","FALSE","http://www.inaturalist.org/observations/3236422"
"272","Plestiodon fasciatus","Reptilia","FALSE","FALSE","FALSE","FALSE","http://www.inaturalist.org/observations/3224215"
"273","Pseudemys rubriventris","Reptilia","TRUE","TRUE","FALSE","TRUE","http://www.inaturalist.org/observations/3223842"
"274","Terrapene carolina","Reptilia","TRUE","TRUE","FALSE","FALSE","http://www.inaturalist.org/observations/3242469"
"275","Trachemys scripta","Reptilia","FALSE","FALSE","FALSE","FALSE","http://www.inaturalist.org/observations/3271013"
