"","Scientific_name","Iconic_taxa","Match NPSpecies","iNaturalist_Entry_count"
"1","Eurycea bislineata","Amphibia","Match","1"
"2","Eurycea longicauda","Amphibia","No Match","1"
"3","Lithobates catesbeianus","Amphibia","Match","1"
"4","Lithobates clamitans","Amphibia","Match","1"
"5","Notophthalmus viridescens","Amphibia","No Match","1"
"6","Plethodon cinereus","Amphibia","Match","1"
"7","Agelaius phoeniceus","Aves","Match","1"
"8","Anas platyrhynchos","Aves","Match","8"
"9","Ardea herodias","Aves","Match","3"
"10","Baeolophus bicolor","Aves","Match","2"
"11","Branta canadensis","Aves","Match","5"
"12","Cardinalis cardinalis","Aves","Match","3"
"13","Cathartes aura","Aves","Match","3"
"14","Columba livia","Aves","Match","2"
"15","Corvus brachyrhynchos","Aves","Match","1"
"16","Corvus ossifragus","Aves","Match","2"
"17","Cyanocitta cristata","Aves","Match","1"
"18","Dryobates villosus","Aves","NPSpecies synonym match","1"
"19","Dumetella carolinensis","Aves","Match","1"
"20","Haemorhous mexicanus","Aves","ITIS Match","1"
"21","Icterus galbula","Aves","Match","3"
"22","Icterus spurius","Aves","Match","1"
"23","Molothrus ater","Aves","Match","2"
"24","Myiarchus crinitus","Aves","Match","1"
"25","Parkesia motacilla","Aves","Match","1"
"26","Passerina cyanea","Aves","Match","6"
"27","Petrochelidon pyrrhonota","Aves","Match","1"
"28","Phalacrocorax auritus","Aves","Match","2"
"29","Poecile carolinensis","Aves","ITIS Match","1"
"30","Polioptila caerulea","Aves","Match","1"
"31","Quiscalus quiscula","Aves","Match","1"
"32","Sayornis phoebe","Aves","Match","2"
"33","Sialia sialis","Aves","Match","1"
"34","Spinus tristis","Aves","NPSpecies synonym match","1"
"35","Stelgidopteryx serripennis","Aves","Match","2"
"36","Tachycineta bicolor","Aves","Match","1"
"37","Turdus migratorius","Aves","Match","3"
"38","Vireo olivaceus","Aves","Match","1"
"39","Sciurus carolinensis","Mammalia","Match","1"
"40","Sylvilagus floridanus","Mammalia","Match","1"
"41","Acer negundo","Plantae","Match","7"
"42","Acer platanoides","Plantae","Match","2"
"43","Acer rubrum","Plantae","Match","2"
"44","Acer saccharinum","Plantae","Match","2"
"45","Achillea millefolium","Plantae","Match","1"
"46","Ailanthus altissima","Plantae","Match","2"
"47","Alliaria petiolata","Plantae","Match","6"
"48","Antennaria parlinii","Plantae","No Match","1"
"49","Arabidopsis lyrata","Plantae","Match","1"
"50","Arctium lappa","Plantae","No Match","1"
"51","Arisaema dracontium","Plantae","Match","1"
"52","Asarum canadense","Plantae","Match","2"
"53","Asimina triloba","Plantae","Match","3"
"54","Asplenium platyneuron","Plantae","Match","2"
"55","Berberis thunbergii","Plantae","Match","2"
"56","Betula nigra","Plantae","Match","1"
"57","Campsis radicans","Plantae","Match","1"
"58","Carpinus caroliniana","Plantae","Match","1"
"59","Carya cordiformis","Plantae","Match","1"
"60","Celastrus orbiculatus","Plantae","Match","3"
"61","Celtis occidentalis","Plantae","Match","3"
"62","Cerastium arvense","Plantae","Match","1"
"63","Cercis canadensis","Plantae","Match","2"
"64","Chelidonium majus","Plantae","Match","2"
"65","Conium maculatum","Plantae","Match","2"
"66","Cornus florida","Plantae","Match","1"
"67","Dactylis glomerata","Plantae","Match","2"
"68","Elaeagnus umbellata","Plantae","No Match","1"
"69","Equisetum arvense","Plantae","Match","1"
"70","Erigeron philadelphicus","Plantae","Match","1"
"71","Euonymus fortunei","Plantae","No Match","1"
"72","Fraxinus pennsylvanica","Plantae","Match","2"
"73","Galium aparine","Plantae","Match","2"
"74","Glechoma hederacea","Plantae","Match","5"
"75","Hedera helix","Plantae","Match","1"
"76","Hesperis matronalis","Plantae","Match","3"
"77","Heuchera americana","Plantae","Match","1"
"78","Hieracium venosum","Plantae","Match","1"
"79","Humulus japonicus","Plantae","Match","2"
"80","Impatiens capensis","Plantae","Match","2"
"81","Juglans nigra","Plantae","Match","5"
"82","Juniperus virginiana","Plantae","Match","1"
"83","Krigia virginica","Plantae","No Match","1"
"84","Lindera benzoin","Plantae","Match","3"
"85","Liriodendron tulipifera","Plantae","Match","1"
"86","Lonicera japonica","Plantae","Match","2"
"87","Lonicera maackii","Plantae","No Match","3"
"88","Maianthemum racemosum","Plantae","Match","1"
"89","Matricaria discoidea","Plantae","No Match","1"
"90","Medicago lupulina","Plantae","No Match","1"
"91","Microstegium vimineum","Plantae","Match","1"
"92","Ornithogalum umbellatum","Plantae","Match","1"
"93","Osmorhiza longistylis","Plantae","Match","1"
"94","Oxalis stricta","Plantae","Match","2"
"95","Parthenocissus quinquefolia","Plantae","Match","4"
"96","Passiflora lutea","Plantae","Match","3"
"97","Peltandra virginica","Plantae","Match","3"
"98","Penstemon hirsutus","Plantae","No Match","1"
"99","Phacelia dubia","Plantae","No Match","1"
"100","Phalaris arundinacea","Plantae","Match","1"
"101","Philadelphus coronarius","Plantae","No Match","2"
"102","Phlox divaricata","Plantae","Match","1"
"103","Physocarpus opulifolius","Plantae","Match","3"
"104","Phytolacca americana","Plantae","Match","2"
"105","Pinus strobus","Plantae","Match","2"
"106","Plantago major","Plantae","Match","1"
"107","Platanus occidentalis","Plantae","Match","3"
"108","Podophyllum peltatum","Plantae","Match","1"
"109","Polygonatum biflorum","Plantae","Match","1"
"110","Polypodium virginianum","Plantae","No Match","1"
"111","Polystichum acrostichoides","Plantae","Match","1"
"112","Potentilla indica","Plantae","No Match","1"
"113","Potentilla simplex","Plantae","Match","1"
"114","Prunus serotina","Plantae","Match","1"
"115","Quercus bicolor","Plantae","Match","1"
"116","Quercus rubra","Plantae","Match","1"
"117","Quercus velutina","Plantae","Match","1"
"118","Robinia pseudoacacia","Plantae","Match","3"
"119","Rosa multiflora","Plantae","Match","2"
"120","Rubus phoenicolasius","Plantae","Match","2"
"121","Rudbeckia laciniata","Plantae","Match","1"
"122","Rumex crispus","Plantae","No Match","1"
"123","Salvia lyrata","Plantae","Match","1"
"124","Sambucus canadensis","Plantae","NPSpecies synonym match","1"
"125","Sanicula odorata","Plantae","Match","1"
"126","Sassafras albidum","Plantae","Match","1"
"127","Smilax glauca","Plantae","No Match","3"
"128","Smilax rotundifolia","Plantae","Match","3"
"129","Staphylea trifolia","Plantae","Match","2"
"130","Stellaria media","Plantae","Match","1"
"131","Taraxacum officinale","Plantae","No Match","1"
"132","Tilia americana","Plantae","Match","1"
"133","Toxicodendron radicans","Plantae","Match","6"
"134","Tradescantia virginiana","Plantae","Match","3"
"135","Trifolium repens","Plantae","No Match","1"
"136","Typha latifolia","Plantae","No Match","1"
"137","Ulmus americana","Plantae","Match","3"
"138","Urtica dioica","Plantae","Match","3"
"139","Verbascum thapsus","Plantae","No Match","1"
"140","Verbesina alternifolia","Plantae","Match","1"
"141","Viburnum plicatum","Plantae","No Match","1"
"142","Viburnum sieboldii","Plantae","No Match","1"
"143","Viola striata","Plantae","Match","2"
"144","Wisteria sinensis","Plantae","No Match","1"
"145","Woodsia obtusa","Plantae","Match","1"
"146","Chelydra serpentina","Reptilia","Match","2"
"147","Chrysemys picta","Reptilia","Match","1"
"148","Clemmys guttata","Reptilia","Match","1"
"149","Coluber constrictor","Reptilia","Match","1"
"150","Nerodia sipedon","Reptilia","Match","2"
"151","Pantherophis alleghaniensis","Reptilia","ITIS Match","2"
"152","Plestiodon fasciatus","Reptilia","No Match","2"
"153","Pseudemys rubriventris","Reptilia","Match","1"
"154","Terrapene carolina","Reptilia","Match","1"
"155","Trachemys scripta","Reptilia","No Match","1"
"156","Papilio troilus","Insecta","Table 4","2"
"157","Cerioporus squamosus","Fungi","Table 4","1"
"158","Phanogomphus exilis","Insecta","Table 4","1"
"159","Corydalus cornutus","Insecta","Table 4","1"
"160","Cicindela sexguttata","Insecta","Table 4","1"
"161","Campaea perlata","Insecta","Table 4","1"
"162","Poanes zabulon","Insecta","Table 4","1"
"163","Malacosoma disstria","Insecta","Table 4","1"
"164","Eurytides marcellus","Insecta","Table 4","1"
