"","Iconic.taxon.name","Scientific.name","Common.name"
"1","Fungi","Cerioporus squamosus","Dryad's Saddle"
"2","Insecta","Campaea perlata","Pale Beauty"
"3","Insecta","Cicindela sexguttata","Six-spotted Tiger Beetle"
"4","Insecta","Corydalus cornutus","Eastern Dobsonfly"
"5","Insecta","Eurytides marcellus","Zebra Swallowtail"
"6","Insecta","Malacosoma disstria","Forest Tent Caterpillar Moth"
"7","Insecta","Papilio troilus","Spicebush Swallowtail"
"8","Insecta","Phanogomphus exilis","Lancet Clubtail"
"9","Insecta","Poanes zabulon","Zabulon Skipper"
