"","Iconic_taxa","Scientific_name","Occurences in BISON","Invasive.Record"
"1","Amphibia","Anaxyrus americanus","VT 485; NC 282; IN 179; OK 1251; TN 213; ME 93; PE CAN 16; AL 48; AR 660; SC 36; NE 13; ON CAN 2641; WV 129; MB CAN 173; MA 227; CO 2; QC CAN 870; MO 497; ND 19; WI 327; NY 790; RI 67; DC 28; KY 384; SD 45; MN 313; KS 735; NL CAN 36; DE 24; FL 2; NJ 94; MI 527; NB CAN 412; PA 332; MS 169; IA 152; NU CAN 2; IL 320; NS CAN 139; TX 83; CT 294; NH 126; LA 39; OH 553; GA 189; NT CAN 1; VA 821; MD 366","No"
"2","Plantae","Asclepias syriaca","VT 447; NC 177; OR 1; IN 204; ME 91; TN 85; OK 18; PE CAN 2; AL 3; AR 9; SC 3; NE 211; ON CAN 593; WV 108; MB CAN 37; MA 260; CO 1; QC CAN 347; MO 270; ND 32; WI 544; NY 541; DC 52; RI 14; MT 21; KY 98; SD 65; MN 283; KS 299; CA 1; DE 22; FL 4; NJ 234; MI 491; PA 258; NB CAN 26; IA 239; MS 2; IL 576; NS CAN 18; CT 149; NH 46; LA 6; OH 429; GA 2; VA 307; MD 242","No"
"3","Plantae","Asimina triloba","NC 612; IN 956; TN 400; OK 24; ME 1; BC CAN 11; AL 124; AR 312; SC 398; WA 1; NE 24; WV 969; ON CAN 31; MA 3; CO 2; MO 877; WI 1; NY 71; DC 59; MT 6; KY 731; KS 221; CA 2; FL 33; DE 9; NJ 24; PA 134; MI 96; MS 156; IA 27; IL 600; TX 43; CT 5; LA 134; OH 755; GA 101; VA 1168; MD 608","No"
"4","Plantae","Baptisia australis","NC 19; VT 12; IN 34; OK 83; TN 29; ME 1; BC CAN 2; AL 5; AR 12; SC 11; WA 1; NE 1; WV 52; MA 7; MO 33; WI 14; NY 22; DC 15; KY 30; MN 2; KS 141; FL 1; NJ 5; PA 73; MI 1; IA 7; TX 48; IL 30; CT 5; NH 3; OH 30; GA 4; VA 38; MD 31","No"
"5","Plantae","Centaurea cyanus","NC 108; IN 6; WY 2; BC CAN 24; PE CAN 1; UT 10; AB CAN 1; AZ 5; MT 6; KY 11; CA 331; KS 61; FL 8; DE 1; PA 21; MS 5; IA 2; TX 45; IL 27; NS CAN 3; CT 11; GA 11; VA 72; MD 13; ID 23; OR 152; VT 6; TN 31; ME 11; OK 7; AL 11; AR 31; SC 75; WA 69; NE 7; WV 12; ON CAN 2; MA 23; CO 20; MO 52; QC CAN 14; AK 9; ND 2; WI 12; NV 9; NY 42; DC 7; RI 3; SD 8; HI 4; MN 6; NJ 19; MI 22; NB CAN 1; NM 3; NH 2; LA 36; OH 15","Yes"
"6","Plantae","Dryopteris marginalis","NC 443; VT 167; OR 1; IN 93; TN 207; ME 53; OK 20; BC CAN 3; AL 84; AR 99; SC 57; WV 431; ON CAN 239; MA 187; QC CAN 377; MO 212; WI 105; NY 280; RI 18; DC 17; MT 2; KY 92; MN 3; KS 77; DE 16; NJ 72; PA 165; MI 60; NB CAN 18; IA 18; MS 1; IL 97; NS CAN 83; TX 1; CT 230; NH 47; OH 127; GA 81; VA 531; MD 102","No"
"7","Plantae","Elaeagnus umbellata","NC 195; VT 46; OR 16; IN 58; TN 53; ME 22; BC CAN 5; AL 33; AR 19; SC 62; WA 5; NE 1; WV 160; ON CAN 84; MA 153; MO 154; WI 56; NY 1229; RI 22; DC 16; KY 50; HI 10; SD 1; KS 34; FL 16; DE 7; NJ 210; MI 128; PA 97; MS 42; IA 7; IL 149; NS CAN 8; TX 1; CT 230; NH 29; LA 9; OH 115; GA 31; VA 228; MD 73","Yes"
"8","Plantae","Ilex glabra","NC 739; OR 1; VT 1; ME 4; TN 3; OK 1; AL 68; SC 364; WA 1; MA 47; CO 1; NY 45; RI 21; FL 902; DE 6; NJ 154; PA 12; MS 60; NS CAN 52; TX 7; CT 25; NH 2; LA 106; GA 129; VA 68; MD 21","No"
"9","Plantae","Juglans nigra","NC 1657; IN 6058; WY 2; BC CAN 6; UT 10; MT 4; KY 3704; KS 6064; CA 416; DE 54; FL 41; PA 2015; IA 2679; MS 251; IL 4098; TX 439; CT 47; GA 576; VA 3743; MD 466; ID 8; VT 30; OR 13; TN 3352; OK 645; ME 1; AL 610; AR 1403; SC 561; WA 34; NE 417; WV 2279; ON CAN 120; MA 39; CO 4; MO 9649; QC CAN 1; ND 2; WI 2367; NY 725; DC 51; RI 9; SD 35; MN 990; NJ 446; MI 1188; NM 3; NH 3; LA 97; OH 3314","No"
"10","Plantae","Liquidambar styraciflua","NC 97965; OR 1; IN 3140; TN 17875; OK 2170; BC CAN 20; AL 91503; AR 52448; SC 115144; WA 4; WV 189; ON CAN 4; MA 25; MO 751; NY 6615; DC 58; RI 4; MT 4; KY 4697; HI 2; CA 1948; KS 18; FL 22298; DE 2428; NJ 2050; PA 124; MI 6; MS 64797; IA 2; TX 52755; IL 2212; CT 52; LA 39935; OH 274; GA 128652; VA 53025; MD 6772","No"
"11","Plantae","Magnolia virginiana","NC 15777; IN 1; TN 109; BC CAN 2; AL 15388; AR 866; SC 8005; MA 28; CO 1; MO 11; NY 36; DC 25; RI 2; KY 10; KS 3; FL 30729; DE 176; NJ 351; PA 43; MI 2; MS 9320; TX 2246; IL 3; NS CAN 1; CT 14; LA 2180; OH 5; GA 19827; VA 1735; MD 392","No"
"12","Plantae","Parathelypteris noveboracensis","NC 775; VT 143; IN 5; TN 161; ME 45; PE CAN 1; AL 25; SC 101; WV 52; ON CAN 37; MA 105; QC CAN 6; AK 1; WI 1; NY 55; DC 23; RI 16; KY 17; CA 1; NL CAN 1; DE 5; NJ 26; PA 62; MI 21; NB CAN 8; IA 1; MS 1; NS CAN 17; CT 81; NH 33; OH 61; GA 129; VA 324; MD 116","No"
"13","Plantae","Rudbeckia laciniata","NC 290; IN 102; WY 14; BC CAN 2; PE CAN 2; UT 3; AZ 92; MT 28; KY 60; KS 94; CA 2; FL 32; DE 2; PA 123; IA 22; MS 10; IL 133; TX 3; NS CAN 1; CT 100; GA 42; VA 244; MD 70; ID 1; VT 41; OR 1; TN 83; ME 23; OK 4; AL 30; AR 27; SC 68; WA 2; NE 26; WV 195; ON CAN 24; MB CAN 9; CO 376; MA 66; MO 106; QC CAN 20; ND 31; WI 149; NY 98; DC 22; SD 12; HI 1; MN 78; NJ 25; MI 127; NB CAN 1; NM 131; NH 36; LA 21; OH 123","No"
"14","Plantae","Stellaria pubera","NC 821; VT 1; IN 79; TN 280; AL 63; SC 98; NE 1; WV 405; ON CAN 1; MA 1; MO 1; DC 50; NY 9; KY 100; MN 1; KS 1; FL 3; NJ 10; PA 65; MS 29; IL 6; CT 8; LA 1; OH 35; GA 82; VA 745; MD 201","No"
"15","Plantae","Tiarella cordifolia","NC 572; VT 368; OR 1; TN 236; ME 33; AL 55; SC 101; WA 1; WV 248; ON CAN 149; MA 31; QC CAN 115; MO 1; AB CAN 1; WI 9; NY 176; DC 2; KY 54; MN 2; DE 3; FL 1; NJ 10; PA 135; MI 67; NB CAN 28; MS 38; NS CAN 4; IL 1; CT 80; NH 40; OH 107; GA 96; VA 110; MD 10","No"
"16","Plantae","Tradescantia virginiana","NC 44; VT 7; IN 102; TN 39; ME 5; OK 3; AL 41; AR 5; SC 28; WA 2; NE 1; WV 51; ON CAN 4; MA 40; CO 2; MO 115; WI 3; NY 36; DC 15; RI 5; KY 57; SD 1; MN 2; KS 4; CA 1; FL 5; DE 2; NJ 26; PA 43; MI 17; IA 35; MS 23; IL 110; TX 7; NS CAN 2; CT 24; NH 4; LA 4; OH 44; GA 14; VA 100; MD 46","No"
"17","Plantae","Zizia aurea","VT 213; NC 100; IN 120; ME 56; TN 40; OK 29; AL 49; AR 66; SC 39; NE 11; WV 78; ON CAN 37; MB CAN 23; MA 213; MO 334; QC CAN 297; ND 15; WI 251; NY 117; RI 24; DC 10; MT 2; KY 28; SD 14; MN 154; KS 162; FL 26; DE 11; NJ 28; PA 103; MI 66; NB CAN 22; IA 60; MS 17; IL 364; TX 37; NS CAN 1; CT 183; NH 69; LA 33; OH 88; GA 18; VA 85; MD 44; ID 1","No"
"18","Reptilia","Plestiodon fasciatus","NC 116; VT 6; IN 46; OK 687; TN 202; AL 75; AR 563; SC 59; NE 4; ON CAN 104; WV 20; MA 1; MO 395; WI 6; AZ 2; DC 60; NY 28; KY 162; SD 1; MN 83; KS 881; FL 97; DE 14; NJ 40; MI 28; PA 20; MS 97; IA 16; NM 2; TX 684; IL 98; CT 11; LA 1078; OH 61; GA 172; VA 553; MD 303","No"
