"","Scientific_name","Iconic_taxa","Match NPSpecies","iNaturalist_Entry_count"
"1","Anaxyrus americanus","Amphibia","No Match","3"
"2","Eurycea bislineata","Amphibia","Match","1"
"3","Cathartes aura","Aves","Match","1"
"4","Spizella passerina","Aves","Match","1"
"5","Acer rubrum","Plantae","Match","2"
"6","Albizia julibrissin","Plantae","Match","1"
"7","Alliaria petiolata","Plantae","Match","2"
"8","Amphicarpaea bracteata","Plantae","Match","1"
"9","Arisaema triphyllum","Plantae","Match","1"
"10","Artemisia vulgaris","Plantae","Match","1"
"11","Asclepias syriaca","Plantae","No Match","4"
"12","Asimina triloba","Plantae","No Match","1"
"13","Baptisia australis","Plantae","No Match","1"
"14","Berberis thunbergii","Plantae","Match","4"
"15","Carpinus caroliniana","Plantae","Match","1"
"16","Centaurea cyanus","Plantae","No Match","1"
"17","Chionanthus virginicus","Plantae","Match","1"
"18","Cornus florida","Plantae","Match","2"
"19","Dioscorea villosa","Plantae","Match","1"
"20","Dryopteris marginalis","Plantae","No Match","1"
"21","Elaeagnus umbellata","Plantae","No Match","1"
"22","Eubotrys racemosa","Plantae","ITIS Match","1"
"23","Euonymus americanus","Plantae","ITIS Match","1"
"24","Ilex glabra","Plantae","No Match","1"
"25","Ilex opaca","Plantae","Match","1"
"26","Impatiens capensis","Plantae","Match","1"
"27","Juglans nigra","Plantae","No Match","1"
"28","Kalmia latifolia","Plantae","Match","10"
"29","Lindera benzoin","Plantae","Match","3"
"30","Liquidambar styraciflua","Plantae","No Match","1"
"31","Liriodendron tulipifera","Plantae","Match","3"
"32","Lonicera japonica","Plantae","Match","2"
"33","Magnolia virginiana","Plantae","No Match","1"
"34","Maianthemum racemosum","Plantae","Match","2"
"35","Medeola virginiana","Plantae","Match","3"
"36","Microstegium vimineum","Plantae","Match","1"
"37","Mitchella repens","Plantae","Match","1"
"38","Nyssa sylvatica","Plantae","Match","1"
"39","Onoclea sensibilis","Plantae","Match","4"
"40","Osmunda regalis","Plantae","Match","2"
"41","Osmundastrum cinnamomeum","Plantae","ITIS Match","4"
"42","Parathelypteris noveboracensis","Plantae","No Match","2"
"43","Parthenocissus quinquefolia","Plantae","Match","4"
"44","Platanus occidentalis","Plantae","Match","2"
"45","Podophyllum peltatum","Plantae","Match","4"
"46","Polystichum acrostichoides","Plantae","Match","1"
"47","Quercus alba","Plantae","Match","4"
"48","Rosa multiflora","Plantae","Match","1"
"49","Rudbeckia laciniata","Plantae","No Match","1"
"50","Sassafras albidum","Plantae","Match","3"
"51","Stellaria pubera","Plantae","No Match","1"
"52","Symplocarpus foetidus","Plantae","Match","1"
"53","Tiarella cordifolia","Plantae","No Match","1"
"54","Toxicodendron radicans","Plantae","Match","1"
"55","Tradescantia virginiana","Plantae","No Match","1"
"56","Trifolium repens","Plantae","Match","1"
"57","Viburnum acerifolium","Plantae","Match","1"
"58","Zizia aurea","Plantae","No Match","1"
"59","Plestiodon fasciatus","Reptilia","No Match","1"
"60","Terrapene carolina","Reptilia","Match","2"
"61","Bombus bimaculatus","Insecta","Table 4","4"
"62","Crambus laqueatellus","Insecta","Table 4","1"
"63","Bombus perplexus","Insecta","Table 4","3"
"64","Apis mellifera","Insecta","Table 4","1"
"65","Xylocopa virginica","Insecta","Table 4","1"
"66","Vanessa virginiensis","Insecta","Table 4","1"
"67","Poanes zabulon","Insecta","Table 4","2"
"68","Phyciodes tharos","Insecta","Table 4","1"
"69","Allograpta obliqua","Insecta","Table 4","1"
"70","Lygaeus turcicus","Insecta","Table 4","1"
"71","Epargyreus clarus","Insecta","Table 4","1"
"72","Vanessa atalanta rubria","Insecta","Table 4","1"
"73","Bombus fervidus","Insecta","Table 4","1"
"74","Chrysopilus thoracicus","Insecta","Table 4","1"
"75","Malacosoma americana","Insecta","Table 4","2"
"76","Trichaptum biforme","Fungi","Table 4","4"
"77","Apiosporina morbosa","Fungi","Table 4","5"
"78","Daedaleopsis confragosa","Fungi","Table 4","1"
"79","Megapallifera mutabilis","Mollusca","Table 4","1"
"80","Amphibolips confluenta","Insecta","Table 4","2"
"81","Dacrymyces chrysospermus","Fungi","Table 4","2"
"82","Etheostoma olmstedi","Actinopterygii","Table 4","1"
