"","Scientific_name","Iconic_taxa","iNat_NPS_matches","iNat_NPSsynonym_matches","iNat_ITIS_synonym_matches","iNat_ITIS_nonsyn_matches","iNaturalist_URL"
"1","Anaxyrus americanus","Amphibia","FALSE","FALSE","FALSE","FALSE","http://www.inaturalist.org/observations/3253091"
"2","Anaxyrus americanus","Amphibia","FALSE","FALSE","FALSE","FALSE","http://www.inaturalist.org/observations/3244725"
"3","Anaxyrus americanus","Amphibia","FALSE","FALSE","FALSE","FALSE","http://www.inaturalist.org/observations/3244805"
"4","Eurycea bislineata","Amphibia","TRUE","FALSE","FALSE","TRUE","http://www.inaturalist.org/observations/3250456"
"5","Cathartes aura","Aves","TRUE","FALSE","FALSE","FALSE","http://www.inaturalist.org/observations/3280955"
"6","Spizella passerina","Aves","TRUE","FALSE","FALSE","FALSE","http://www.inaturalist.org/observations/3280730"
"7","Acer rubrum","Plantae","TRUE","FALSE","FALSE","FALSE","http://www.inaturalist.org/observations/3245847"
"8","Acer rubrum","Plantae","TRUE","FALSE","FALSE","FALSE","http://www.inaturalist.org/observations/3245885"
"9","Albizia julibrissin","Plantae","TRUE","FALSE","FALSE","FALSE","http://www.inaturalist.org/observations/3253078"
"10","Alliaria petiolata","Plantae","TRUE","FALSE","FALSE","TRUE","http://www.inaturalist.org/observations/3262864"
"11","Alliaria petiolata","Plantae","TRUE","FALSE","FALSE","TRUE","http://www.inaturalist.org/observations/3245141"
"12","Amphicarpaea bracteata","Plantae","TRUE","FALSE","FALSE","TRUE","http://www.inaturalist.org/observations/3247563"
"13","Arisaema triphyllum","Plantae","TRUE","FALSE","FALSE","TRUE","http://www.inaturalist.org/observations/3246228"
"14","Artemisia vulgaris","Plantae","TRUE","FALSE","FALSE","TRUE","http://www.inaturalist.org/observations/3244600"
"15","Asclepias syriaca","Plantae","FALSE","FALSE","FALSE","FALSE","http://www.inaturalist.org/observations/3247590"
"16","Asclepias syriaca","Plantae","FALSE","FALSE","FALSE","FALSE","http://www.inaturalist.org/observations/3251215"
"17","Asclepias syriaca","Plantae","FALSE","FALSE","FALSE","FALSE","http://www.inaturalist.org/observations/3252303"
"18","Asclepias syriaca","Plantae","FALSE","FALSE","FALSE","FALSE","http://www.inaturalist.org/observations/3247038"
"19","Asimina triloba","Plantae","FALSE","FALSE","FALSE","FALSE","http://www.inaturalist.org/observations/3253108"
"20","Baptisia australis","Plantae","FALSE","FALSE","FALSE","FALSE","http://www.inaturalist.org/observations/3251182"
"21","Berberis thunbergii","Plantae","TRUE","FALSE","FALSE","TRUE","http://www.inaturalist.org/observations/3255820"
"22","Berberis thunbergii","Plantae","TRUE","FALSE","FALSE","TRUE","http://www.inaturalist.org/observations/3247573"
"23","Berberis thunbergii","Plantae","TRUE","FALSE","FALSE","TRUE","http://www.inaturalist.org/observations/3244553"
"24","Berberis thunbergii","Plantae","TRUE","FALSE","FALSE","TRUE","http://www.inaturalist.org/observations/3244555"
"25","Carpinus caroliniana","Plantae","TRUE","FALSE","FALSE","TRUE","http://www.inaturalist.org/observations/3247551"
"26","Centaurea cyanus","Plantae","FALSE","FALSE","FALSE","FALSE","http://www.inaturalist.org/observations/3259104"
"27","Chionanthus virginicus","Plantae","TRUE","FALSE","FALSE","TRUE","http://www.inaturalist.org/observations/3252789"
"28","Cornus florida","Plantae","TRUE","FALSE","FALSE","TRUE","http://www.inaturalist.org/observations/3245922"
"29","Cornus florida","Plantae","TRUE","FALSE","FALSE","TRUE","http://www.inaturalist.org/observations/3245932"
"30","Dioscorea villosa","Plantae","TRUE","FALSE","FALSE","TRUE","http://www.inaturalist.org/observations/3253062"
"31","Dryopteris marginalis","Plantae","FALSE","FALSE","FALSE","FALSE","http://www.inaturalist.org/observations/3252606"
"32","Elaeagnus umbellata","Plantae","FALSE","FALSE","FALSE","FALSE","http://www.inaturalist.org/observations/3253074"
"33","Eubotrys racemosa","Plantae","FALSE","FALSE","FALSE","TRUE","http://www.inaturalist.org/observations/3244243"
"34","Euonymus americanus","Plantae","FALSE","FALSE","FALSE","TRUE","http://www.inaturalist.org/observations/3251474"
"35","Ilex glabra","Plantae","FALSE","FALSE","FALSE","FALSE","http://www.inaturalist.org/observations/3251344"
"36","Ilex opaca","Plantae","TRUE","FALSE","FALSE","FALSE","http://www.inaturalist.org/observations/3247580"
"37","Impatiens capensis","Plantae","TRUE","FALSE","FALSE","TRUE","http://www.inaturalist.org/observations/3252420"
"38","Juglans nigra","Plantae","FALSE","FALSE","FALSE","FALSE","http://www.inaturalist.org/observations/3253041"
"39","Kalmia latifolia","Plantae","TRUE","FALSE","FALSE","TRUE","http://www.inaturalist.org/observations/3263166"
"40","Kalmia latifolia","Plantae","TRUE","FALSE","FALSE","TRUE","http://www.inaturalist.org/observations/3247589"
"41","Kalmia latifolia","Plantae","TRUE","FALSE","FALSE","TRUE","http://www.inaturalist.org/observations/3250657"
"42","Kalmia latifolia","Plantae","TRUE","FALSE","FALSE","TRUE","http://www.inaturalist.org/observations/3250697"
"43","Kalmia latifolia","Plantae","TRUE","FALSE","FALSE","TRUE","http://www.inaturalist.org/observations/3252093"
"44","Kalmia latifolia","Plantae","TRUE","FALSE","FALSE","TRUE","http://www.inaturalist.org/observations/3245479"
"45","Kalmia latifolia","Plantae","TRUE","FALSE","FALSE","TRUE","http://www.inaturalist.org/observations/3246648"
"46","Kalmia latifolia","Plantae","TRUE","FALSE","FALSE","TRUE","http://www.inaturalist.org/observations/3246710"
"47","Kalmia latifolia","Plantae","TRUE","FALSE","FALSE","TRUE","http://www.inaturalist.org/observations/3245164"
"48","Kalmia latifolia","Plantae","TRUE","FALSE","FALSE","TRUE","http://www.inaturalist.org/observations/3245352"
"49","Lindera benzoin","Plantae","TRUE","FALSE","FALSE","TRUE","http://www.inaturalist.org/observations/3247581"
"50","Lindera benzoin","Plantae","TRUE","FALSE","FALSE","TRUE","http://www.inaturalist.org/observations/3245772"
"51","Lindera benzoin","Plantae","TRUE","FALSE","FALSE","TRUE","http://www.inaturalist.org/observations/3245840"
"52","Liquidambar styraciflua","Plantae","FALSE","FALSE","FALSE","FALSE","http://www.inaturalist.org/observations/3243502"
"53","Liriodendron tulipifera","Plantae","TRUE","FALSE","FALSE","FALSE","http://www.inaturalist.org/observations/3255012"
"54","Liriodendron tulipifera","Plantae","TRUE","FALSE","FALSE","FALSE","http://www.inaturalist.org/observations/3247555"
"55","Liriodendron tulipifera","Plantae","TRUE","FALSE","FALSE","FALSE","http://www.inaturalist.org/observations/3246914"
"56","Lonicera japonica","Plantae","TRUE","FALSE","FALSE","TRUE","http://www.inaturalist.org/observations/3255372"
"57","Lonicera japonica","Plantae","TRUE","FALSE","FALSE","TRUE","http://www.inaturalist.org/observations/3247559"
"58","Magnolia virginiana","Plantae","FALSE","FALSE","FALSE","FALSE","http://www.inaturalist.org/observations/3250908"
"59","Maianthemum racemosum","Plantae","TRUE","FALSE","FALSE","FALSE","http://www.inaturalist.org/observations/3253068"
"60","Maianthemum racemosum","Plantae","TRUE","FALSE","FALSE","FALSE","http://www.inaturalist.org/observations/3246816"
"61","Medeola virginiana","Plantae","TRUE","FALSE","FALSE","FALSE","http://www.inaturalist.org/observations/3253063"
"62","Medeola virginiana","Plantae","TRUE","FALSE","FALSE","FALSE","http://www.inaturalist.org/observations/3246859"
"63","Medeola virginiana","Plantae","TRUE","FALSE","FALSE","FALSE","http://www.inaturalist.org/observations/3245087"
"64","Microstegium vimineum","Plantae","TRUE","FALSE","FALSE","TRUE","http://www.inaturalist.org/observations/3262863"
"65","Mitchella repens","Plantae","TRUE","FALSE","FALSE","FALSE","http://www.inaturalist.org/observations/3253065"
"66","Nyssa sylvatica","Plantae","TRUE","FALSE","FALSE","TRUE","http://www.inaturalist.org/observations/3253052"
"67","Onoclea sensibilis","Plantae","TRUE","FALSE","FALSE","FALSE","http://www.inaturalist.org/observations/3247562"
"68","Onoclea sensibilis","Plantae","TRUE","FALSE","FALSE","FALSE","http://www.inaturalist.org/observations/3246239"
"69","Onoclea sensibilis","Plantae","TRUE","FALSE","FALSE","FALSE","http://www.inaturalist.org/observations/3243942"
"70","Onoclea sensibilis","Plantae","TRUE","FALSE","FALSE","FALSE","http://www.inaturalist.org/observations/3243729"
"71","Osmunda regalis","Plantae","TRUE","FALSE","FALSE","FALSE","http://www.inaturalist.org/observations/3246252"
"72","Osmunda regalis","Plantae","TRUE","FALSE","FALSE","FALSE","http://www.inaturalist.org/observations/3246297"
"73","Osmundastrum cinnamomeum","Plantae","FALSE","FALSE","FALSE","TRUE","http://www.inaturalist.org/observations/3263099"
"74","Osmundastrum cinnamomeum","Plantae","FALSE","FALSE","FALSE","TRUE","http://www.inaturalist.org/observations/3247578"
"75","Osmundastrum cinnamomeum","Plantae","FALSE","FALSE","FALSE","TRUE","http://www.inaturalist.org/observations/3245364"
"76","Osmundastrum cinnamomeum","Plantae","FALSE","FALSE","FALSE","TRUE","http://www.inaturalist.org/observations/3246720"
"77","Parathelypteris noveboracensis","Plantae","FALSE","FALSE","FALSE","FALSE","http://www.inaturalist.org/observations/3255749"
"78","Parathelypteris noveboracensis","Plantae","FALSE","FALSE","FALSE","FALSE","http://www.inaturalist.org/observations/3244447"
"79","Parthenocissus quinquefolia","Plantae","TRUE","FALSE","FALSE","TRUE","http://www.inaturalist.org/observations/3247587"
"80","Parthenocissus quinquefolia","Plantae","TRUE","FALSE","FALSE","TRUE","http://www.inaturalist.org/observations/3246255"
"81","Parthenocissus quinquefolia","Plantae","TRUE","FALSE","FALSE","TRUE","http://www.inaturalist.org/observations/3246263"
"82","Parthenocissus quinquefolia","Plantae","TRUE","FALSE","FALSE","TRUE","http://www.inaturalist.org/observations/3243358"
"83","Platanus occidentalis","Plantae","TRUE","FALSE","FALSE","TRUE","http://www.inaturalist.org/observations/3247585"
"84","Platanus occidentalis","Plantae","TRUE","FALSE","FALSE","TRUE","http://www.inaturalist.org/observations/3246122"
"85","Podophyllum peltatum","Plantae","TRUE","FALSE","FALSE","FALSE","http://www.inaturalist.org/observations/3255859"
"86","Podophyllum peltatum","Plantae","TRUE","FALSE","FALSE","FALSE","http://www.inaturalist.org/observations/3247566"
"87","Podophyllum peltatum","Plantae","TRUE","FALSE","FALSE","FALSE","http://www.inaturalist.org/observations/3243881"
"88","Podophyllum peltatum","Plantae","TRUE","FALSE","FALSE","FALSE","http://www.inaturalist.org/observations/3244394"
"89","Polystichum acrostichoides","Plantae","TRUE","FALSE","FALSE","TRUE","http://www.inaturalist.org/observations/3245641"
"90","Quercus alba","Plantae","TRUE","FALSE","FALSE","TRUE","http://www.inaturalist.org/observations/3247568"
"91","Quercus alba","Plantae","TRUE","FALSE","FALSE","TRUE","http://www.inaturalist.org/observations/3251306"
"92","Quercus alba","Plantae","TRUE","FALSE","FALSE","TRUE","http://www.inaturalist.org/observations/3246183"
"93","Quercus alba","Plantae","TRUE","FALSE","FALSE","TRUE","http://www.inaturalist.org/observations/3243543"
"94","Rosa multiflora","Plantae","TRUE","FALSE","FALSE","TRUE","http://www.inaturalist.org/observations/3243784"
"95","Rudbeckia laciniata","Plantae","FALSE","FALSE","FALSE","FALSE","http://www.inaturalist.org/observations/3253071"
"96","Sassafras albidum","Plantae","TRUE","FALSE","FALSE","TRUE","http://www.inaturalist.org/observations/3247308"
"97","Sassafras albidum","Plantae","TRUE","FALSE","FALSE","TRUE","http://www.inaturalist.org/observations/3245307"
"98","Sassafras albidum","Plantae","TRUE","FALSE","FALSE","TRUE","http://www.inaturalist.org/observations/3245343"
"99","Stellaria pubera","Plantae","FALSE","FALSE","FALSE","FALSE","http://www.inaturalist.org/observations/3245695"
"100","Symplocarpus foetidus","Plantae","TRUE","FALSE","TRUE","TRUE","http://www.inaturalist.org/observations/3263052"
"101","Tiarella cordifolia","Plantae","FALSE","FALSE","FALSE","FALSE","http://www.inaturalist.org/observations/3252586"
"102","Toxicodendron radicans","Plantae","TRUE","FALSE","FALSE","FALSE","http://www.inaturalist.org/observations/3247557"
"103","Tradescantia virginiana","Plantae","FALSE","FALSE","FALSE","FALSE","http://www.inaturalist.org/observations/3251244"
"104","Trifolium repens","Plantae","TRUE","FALSE","FALSE","TRUE","http://www.inaturalist.org/observations/3252513"
"105","Viburnum acerifolium","Plantae","TRUE","FALSE","FALSE","TRUE","http://www.inaturalist.org/observations/3253061"
"106","Zizia aurea","Plantae","FALSE","FALSE","FALSE","FALSE","http://www.inaturalist.org/observations/3251980"
"107","Plestiodon fasciatus","Reptilia","FALSE","FALSE","FALSE","FALSE","http://www.inaturalist.org/observations/3280780"
"108","Terrapene carolina","Reptilia","TRUE","FALSE","FALSE","FALSE","http://www.inaturalist.org/observations/3246331"
"109","Terrapene carolina","Reptilia","TRUE","FALSE","FALSE","FALSE","http://www.inaturalist.org/observations/3246335"
