"","Iconic.taxon.name","Scientific.name","Common.name"
"1","Actinopterygii","Etheostoma olmstedi","Tessellated Darter"
"2","Fungi","Apiosporina morbosa","black knot"
"3","Fungi","Dacrymyces chrysospermus","Orange Jelly Spot"
"4","Fungi","Daedaleopsis confragosa","Thin-walled Maze Polypore"
"5","Fungi","Trichaptum biforme","violet-toothed polypore"
"6","Insecta","Allograpta obliqua","Oblique Streaktail"
"7","Insecta","Amphibolips confluenta","Spongy Oak Apple Gall Wasp"
"8","Insecta","Apis mellifera","Western Honey Bee"
"9","Insecta","Bombus bimaculatus","Two-spotted Bumble Bee"
"10","Insecta","Bombus fervidus","Golden Northern Bumble Bee"
"11","Insecta","Bombus perplexus","Perplexing Bumble Bee"
"12","Insecta","Chrysopilus thoracicus","Golden-backed Snipe Fly"
"13","Insecta","Crambus laqueatellus","Eastern Grass-veneer"
"14","Insecta","Epargyreus clarus","Silver-spotted Skipper"
"15","Insecta","Lygaeus turcicus","False Milkweed Bug"
"16","Insecta","Malacosoma americana","Eastern Tent Caterpillar Moth"
"17","Insecta","Phyciodes tharos","Pearl Crescent"
"18","Insecta","Poanes zabulon","Zabulon Skipper"
"19","Insecta","Vanessa atalanta rubria","American Red Admiral"
"20","Insecta","Vanessa virginiensis","American Lady"
"21","Insecta","Xylocopa virginica","Eastern Carpenter Bee"
"22","Mollusca","Megapallifera mutabilis","Changeable Mantleslug"
