"","Scientific_name","Iconic_taxa","iNat_NPS_matches","iNat_NPSsynonym_matches","iNat_ITIS_synonym_matches","iNat_ITIS_nonsyn_matches","iNaturalist_URL"
"1","Gavia immer","Aves","TRUE","FALSE","FALSE","FALSE","http://www.inaturalist.org/observations/3301456"
"2","Gavia immer","Aves","TRUE","FALSE","FALSE","FALSE","http://www.inaturalist.org/observations/3301618"
"3","Ixoreus naevius","Aves","TRUE","FALSE","FALSE","TRUE","https://www.inaturalist.org/observations/18659658"
"4","Parkesia noveboracensis","Aves","FALSE","FALSE","FALSE","TRUE","https://www.inaturalist.org/observations/18659653"
"5","Piranga ludoviciana","Aves","TRUE","FALSE","FALSE","FALSE","https://www.inaturalist.org/observations/18659657"
"6","Tachycineta thalassina","Aves","TRUE","FALSE","FALSE","FALSE","http://www.inaturalist.org/observations/3306643"
"7","Clematis occidentalis","Plantae","TRUE","FALSE","FALSE","FALSE","http://www.inaturalist.org/observations/3456897"
"8","Corydalis aurea","Plantae","TRUE","FALSE","FALSE","TRUE","http://www.inaturalist.org/observations/3322492"
"9","Thamnophis sirtalis","Reptilia","TRUE","FALSE","FALSE","TRUE","http://www.inaturalist.org/observations/3301291"
