"","Scientific_name","Iconic_taxa","Match NPSpecies","iNaturalist_Entry_count"
"1","Gavia immer","Aves","Match","2"
"2","Ixoreus naevius","Aves","Match","1"
"3","Parkesia noveboracensis","Aves","ITIS Match","1"
"4","Piranga ludoviciana","Aves","Match","1"
"5","Tachycineta thalassina","Aves","Match","1"
"6","Clematis occidentalis","Plantae","Match","1"
"7","Corydalis aurea","Plantae","Match","1"
"8","Thamnophis sirtalis","Reptilia","Match","1"
"9","Malacosoma californica","Insecta","Table 4","2"
