"","Iconic_taxa","iNat_entry","NPSpecies_name","Accepted_TSN","NPS_entry_TSN"
"1","Aves","Cardellina pusilla","Wilsonia pusilla","950080","178973"
"2","Aves","Haemorhous purpureus","Carpodacus purpureus","997803","179186"
"3","Aves","Mareca americana","Anas americana","175094","175095"
"4","Aves","Setophaga coronata","Dendroica coronata hooveri","950046","178893"
"5","Aves","Spinus tristis","Carduelis tristis","179249","179236"
"6","Plantae","Carex leptopoda","Carex deweyana var. leptopoda","39671","532980"
"7","Plantae","Hedera hibernica","Hedera helix var. hibernica","822338","822376"
"8","Plantae","Prosartes smithii","Disporum smithii","810228","42922"
"9","Plantae","Struthiopteris spicant","Blechnum spicant","17866","522103"
"10","Plantae","Tanacetum bipinnatum","Tanacetum camphoratum","36324","36325"
"11","Plantae","Trifolium wormskioldii","Trifolium wormskjoldii","505586","26207"
