"","Iconic.taxon.name","Scientific.name","Common.name"
"1","Actinopterygii","Cottus asper","Prickly Sculpin"
"2","Actinopterygii","Fundulus diaphanus","banded killifish"
"3","Actinopterygii","Gasterosteus aculeatus","Three-spined Stickleback"
"4","Actinopterygii","Leptocottus armatus","Pacific Staghorn Sculpin"
"5","Actinopterygii","Mylocheilus caurinus","Peamouth"
"6","Actinopterygii","Trichodon trichodon","Pacific Sandfish"
"7","Animalia","Balanus glandula","Pacific Acorn Barnacle"
"8","Animalia","Porcellio scaber","Common Rough Woodlouse"
"9","Arachnida","Misumena vatia","Goldenrod Crab Spider"
"10","Arachnida","Salticus scenicus","Zebra Jumping Spider"
"11","Fungi","Amanita muscaria","Fly Agaric"
"12","Fungi","Boletus edulis","King Bolete"
"13","Fungi","Cladonia bellidiflora","Toy Soldiers"
"14","Fungi","Cladonia botrytes","Wooden Soldiers Lichen"
"15","Fungi","Dacrymyces chrysospermus","Orange Jelly Spot"
"16","Fungi","Lobaria anthraspis",""
"17","Fungi","Menegazzia terebrata","Treeflute Lichen"
"18","Fungi","Panus conchatus","Lilac oysterling"
"19","Fungi","Ramalina farinacea","Farinose Cartilage Lichen"
"20","Fungi","Trametes versicolor","turkey-tail"
"21","Insecta","Acronicta dactylina","Fingered Dagger"
"22","Insecta","Aeshna palmata","Paddle-tailed Darner"
"23","Insecta","Anania tertialis","Guenée's Pearl"
"24","Insecta","Anax junius","Common Green Darner"
"25","Insecta","Anthonomus haematopus",""
"26","Insecta","Apis mellifera","Western Honey Bee"
"27","Insecta","Arctia virginalis","Ranchman's Tiger Moth"
"28","Insecta","Autographa californica","Alfalfa Looper"
"29","Insecta","Autographa corusca",""
"30","Insecta","Bombus californicus","California Bumble Bee"
"31","Insecta","Bombus caliginosus","Fog-belt Bumble Bee"
"32","Insecta","Bombus flavifrons","Yellow-Fronted Bumble Bee"
"33","Insecta","Bombus melanopygus","Black-tailed Bumble Bee"
"34","Insecta","Bombus mixtus","Fuzzy-Horned Bumble Bee"
"35","Insecta","Bombus vosnesenskii","Yellow-faced Bumble Bee"
"36","Insecta","Calligrapha multipunctata","Common Willow Calligrapher Beetle"
"37","Insecta","Calligrapha philadelphica","Dogwood Leaf Beetle"
"38","Insecta","Caradrina morpheus","Mottled Rustic"
"39","Insecta","Celastrina echo","Echo Azure"
"40","Insecta","Chionodes mediofuscella","Black-smudged Chionodes Moth"
"41","Insecta","Chrysoteuchia topiarius","Topiary Grass-veneer"
"42","Insecta","Coccinella septempunctata","Seven-spotted Lady Beetle"
"43","Insecta","Coenonympha tullia insulana","Vancouver Ringlet"
"44","Insecta","Colias eurytheme","Orange Sulphur"
"45","Insecta","Ctenucha rubroscapus","White-tipped Ctenucha"
"46","Insecta","Cycloneda polita","Western Polished Lady Beetle"
"47","Insecta","Diabrotica undecimpunctata","Spotted Cucumber Beetle"
"48","Insecta","Enallagma carunculatum","Tule Bluet"
"49","Insecta","Epitheca spinigera","Spiny Baskettail"
"50","Insecta","Eristalis arbustorum","European Drone Fly"
"51","Insecta","Formica obscuripes","Western Thatching Ant"
"52","Insecta","Heterosilpha ramosa","Garden Carrion Beetle"
"53","Insecta","Idaea dimidiata","Single-dotted Wave"
"54","Insecta","Idia americalis","American Idia Moth"
"55","Insecta","Iridopsis emasculatum",""
"56","Insecta","Ischnura cervula","Pacific Forktail"
"57","Insecta","Ischnura perparva","Western Forktail"
"58","Insecta","Laphria columbica",""
"59","Insecta","Largus cinctus",""
"60","Insecta","Lepturobosca chrysocoma","Yellow Velvet Beetle"
"61","Insecta","Lestes disjunctus","Northern Spreadwing"
"62","Insecta","Libellula forensis","Eight-spotted Skimmer"
"63","Insecta","Libellula quadrimaculata","Four-spotted Chaser"
"64","Insecta","Limenitis lorquini","Lorquin's Admiral"
"65","Insecta","Lophocampa argentata","Silver-spotted Tiger Moth"
"66","Insecta","Mythimna unipuncta","White-speck Moth"
"67","Insecta","Noctua pronuba","Large Yellow Underwing"
"68","Insecta","Orgyia antiqua","Rusty Tussock Moth"
"69","Insecta","Panthea virginarius","Cascades Panthea Moth"
"70","Insecta","Papilio zelicaon","Anise Swallowtail"
"71","Insecta","Pennisetia marginata","Raspberry Crown Borer"
"72","Insecta","Perizoma curvilinea",""
"73","Insecta","Pero morrisonaria","Morrison's Pero Moth"
"74","Insecta","Phyllodesma americana","American Lappet Moth"
"75","Insecta","Pidonia scripta",""
"76","Insecta","Pieris marginalis","Margined White"
"77","Insecta","Plathemis lydia","Common Whitetail"
"78","Insecta","Polyphylla decemlineata","Ten-lined June Beetle"
"79","Insecta","Pontania californica","Willow Apple Gall Sawfly"
"80","Insecta","Probole amicaria","Friendly Probole Moth"
"81","Insecta","Protodeltote albidula","Pale Glyph"
"82","Insecta","Pyrrharctia isabella","Isabella Tiger Moth"
"83","Insecta","Rhionaeschna californica","California Darner"
"84","Insecta","Rhionaeschna multicolor","Blue-eyed Darner"
"85","Insecta","Sabulodes aegrotata","Omnivorous Looper"
"86","Insecta","Scaphinotus angusticollis",""
"87","Insecta","Smerinthus ophthalmica",""
"88","Insecta","Spilosoma virginica","Virginian Tiger Moth"
"89","Insecta","Sympetrum illotum","Cardinal Meadowhawk"
"90","Insecta","Sympetrum madidum","Red-veined Meadowhawk"
"91","Insecta","Sympetrum pallipes","Striped Meadowhawk"
"92","Insecta","Sympetrum vicinum","Autumn Meadowhawk"
"93","Insecta","Tetracis jubararia","October Thorn"
"94","Insecta","Thallophaga taylorata",""
"95","Insecta","Triphosa haesitata","Tissue Moth"
"96","Insecta","Tyria jacobaeae","Cinnabar moth"
"97","Insecta","Udea profundalis",""
"98","Insecta","Vanessa atalanta","Red Admiral"
"99","Insecta","Xanthorhoe fossaria",""
"100","Mollusca","Ariolimax columbianus","Pacific Banana Slug"
"101","Mollusca","Arion rufus","Chocolate Arion"
"102","Mollusca","Corbicula fluminea","Asian Clam"
"103","Mollusca","Cryptomastix germana","Pygmy Oregonian"
"104","Mollusca","Prophysaon andersoni","Reticulate Taildropper"
"105","Mollusca","Prophysaon foliolatum","Yellow-bordered Taildropper"
"106","Mollusca","Vespericola columbianus","Northwest Hesperian"
"107","Protozoa","Fuligo septica","Dog Vomit Slime Mold"
