"","Iconic_taxa","Scientific_name","Occurences in BISON","Invasive.Record"
"1","Aves","Anser albifrons","NC 396; IN 3480; WY 24; BC CAN 5430; SK CAN 1035; YT CAN 1295; UT 427; AB CAN 3001; AZ 2034; MT 185; KY 856; CA 48890; KS 4982; FL 376; DE 117; PA 1427; IA 1709; MS 762; TX 17987; IL 6413; NS CAN 103; CT 778; GA 578; MD 1091; VA 566; ID 1325; OR 12322; VT 199; TN 1656; OK 1326; ME 312; AL 885; AR 2087; WA 10175; SC 379; NE 4547; ON CAN 2099; WV 148; MB CAN 535; CO 2233; MA 1443; MO 6497; QC CAN 1120; AK 190265; ND 1137; WI 3083; NV 997; NY 1949; RI 107; DC 36; SD 1052; HI 95; MN 1891; NL CAN 53; NJ 1305; MI 1218; NB CAN 30; NU CAN 886; NM 911; NH 194; LA 5598; OH 1604; NT CAN 722","No"
"2","Aves","Aythya collaris","NC 17818; IN 12081; WY 2973; BC CAN 33623; SK CAN 1429; PE CAN 552; UT 10861; YT CAN 2258; AB CAN 8675; AZ 37737; MT 8184; KY 3413; CA 72339; KS 7727; FL 39716; DE 2615; PA 32252; MS 10498; IA 3709; TX 50796; IL 18047; NS CAN 3180; CT 9112; GA 15275; MD 29335; VA 17858; ID 9158; OR 37956; VT 8218; PR 362; TN 10970; ME 7050; OK 4282; AL 7095; AR 5613; WA 45533; SC 19091; NE 3690; ON CAN 33928; WV 3512; MB CAN 3406; CO 28020; MA 24247; QC CAN 32274; MO 11562; AK 5339; USVI 66; ND 2738; WI 23756; NV 5373; NY 44891; DC 1439; RI 1421; SD 2295; HI 442; MN 46963; NL CAN 1597; NJ 25985; MI 25957; NB CAN 2272; NU CAN 12; NM 11223; NH 4985; LA 14465; OH 27475; NT CAN 635","No"
"3","Aves","Branta hutchinsii","NC 297; IN 1003; WY 298; BC CAN 5686; SK CAN 770; UT 929; YT CAN 228; AB CAN 1062; AZ 324; MT 330; KY 204; CA 46791; KS 5952; DE 320; FL 26; PA 2352; IA 1206; MS 37; IL 5150; TX 4130; NS CAN 53; CT 643; GA 87; MD 3117; VA 729; ID 646; OR 39464; VT 255; OK 1685; TN 447; ME 212; AL 60; AR 319; WA 22289; SC 3; NE 2415; ON CAN 3591; WV 129; MB CAN 1381; CO 15644; MA 858; MO 2958; QC CAN 2167; AK 31255; ND 1097; WI 3816; NV 350; NY 3746; DC 197; RI 170; SD 960; HI 579; MN 1656; NL CAN 2; NJ 2149; MI 1452; NB CAN 13; NU CAN 782; NM 3212; NH 57; LA 375; OH 1319; NT CAN 31","No"
"4","Aves","Calypte anna","OR 79455; NC 23; TN 9; OK 3; BC CAN 61056; SK CAN 2; AL 20; AR 104; WA 83341; UT 1141; YT CAN 45; SC 12; NE 41; ON CAN 13; CO 57; MO 74; QC CAN 38; AK 1351; AB CAN 37; AZ 125061; WI 88; NV 5314; NY 33; MT 77; SD 30; MN 10; CA 667835; NL CAN 8; KS 3; DE 84; FL 20; PA 109; MI 26; MS 19; IA 17; NM 231; TX 2208; IL 24; LA 109; OH 16; GA 8; MD 7; ID 666","No"
"5","Aves","Dryobates pubescens","OR 2; IN 2; OK 1; TN 1; BC CAN 9; PE CAN 1; WA 18; UT 1; NE 3; ON CAN 8; WV 3; QC CAN 22; MO 1; WI 2; NY 9; DC 2; MT 2; MN 3; CA 9; KS 2; FL 22; NJ 3; PA 127; IL 6; TX 4; NS CAN 3; OH 2; VA 2; MD 1; ID 12","No"
"6","Aves","Dryobates villosus","No data available","No"
"7","Aves","Falco peregrinus","NC 2925; IN 2531; WY 692; BC CAN 11304; SK CAN 275; PE CAN 28; UT 4252; YT CAN 678; AB CAN 1370; AZ 12654; MT 1736; KY 1091; CA 71838; KS 1390; FL 14667; DE 3400; PA 10516; IA 935; MS 611; TX 27144; IL 8368; NS CAN 1551; CT 6845; GA 2392; VA 10678; MD 10603; ID 1244; OR 11811; VT 3761; PR 938; ME 5887; TN 1199; OK 508; AL 1172; AR 837; WA 17819; SC 1806; NE 477; ON CAN 12301; WV 555; MB CAN 1147; MA 17682; CO 5039; QC CAN 12278; MO 2408; AK 11156; USVI 112; ND 676; WI 9928; NV 1565; NY 28987; DC 1260; RI 1132; CNMI 3; SD 295; HI 115; MN 5477; NL CAN 363; NJ 33532; MI 6376; NB CAN 871; NU CAN 1403; NM 3260; NH 3412; LA 3406; OH 6149; NT CAN 523","No"
"8","Aves","Larus californicus","NC 76; IN 40; WY 18061; BC CAN 23008; SK CAN 2254; UT 34208; YT CAN 53; AB CAN 11651; AZ 3028; MT 26282; KY 46; CA 332202; KS 128; FL 46; PA 23; MS 25; IA 17; TX 374; IL 173; NS CAN 5; CT 97; GA 9; MD 34; VA 23; ID 12654; OR 33504; TN 35; OK 23; AL 24; AR 187; WA 49286; SC 4; NE 127; ON CAN 901; MB CAN 249; CO 26658; MA 38; MO 27; QC CAN 12; AK 2508; ND 2270; WI 148; NV 13690; NY 86; DC 3; SD 494; HI 3; MN 47; NJ 5; MI 47; NU CAN 5; NM 996; LA 121; OH 48; NT CAN 441","No"
"9","Aves","Mimus polyglottos","NC 110966; IN 17630; WY 144; BC CAN 439; SK CAN 18; PE CAN 16; UT 5516; YT CAN 1; AB CAN 80; AZ 84227; MT 77; KY 24746; CA 356369; KS 18757; FL 344665; DE 27847; PA 104494; MS 27599; IA 624; TX 549639; IL 13309; NS CAN 1036; CT 45804; GA 140010; MD 158655; VA 132198; ID 162; VT 2698; OR 1652; PR 11972; TN 83993; OK 32887; ME 10895; AL 51386; AR 35419; SC 73854; WA 446; NE 680; WV 15199; ON CAN 11298; MB CAN 48; MA 86739; CO 11389; MO 37000; QC CAN 3220; USVI 546; AK 48; ND 67; WI 713; NV 10444; NY 133228; DC 11588; RI 7144; HI 3052; SD 101; MN 296; NL CAN 142; NJ 119072; MI 2590; NB CAN 252; NU CAN 3; NM 20629; NH 8388; LA 82125; OH 36441; NT CAN 2","No"
"10","Aves","Phalaropus fulicarius","NC 326; IN 64; WY 3; BC CAN 231; SK CAN 5; PE CAN 5; YT CAN 48; UT 38; AB CAN 24; AZ 173; MT 12; KY 25; CA 19045; KS 35; FL 119; DE 43; PA 212; IA 18; MS 7; IL 247; TX 232; NS CAN 127; CT 28; GA 276; MD 407; VA 210; ID 14; OR 3333; VT 63; PR 2; ME 447; TN 76; OK 7; AL 36; AR 45; WA 2441; SC 133; NE 15; ON CAN 367; WV 18; MB CAN 81; MA 1065; CO 262; QC CAN 117; MO 22; AK 13654; ND 6; WI 188; NV 41; NY 487; RI 18; DC 14; HI 79; SD 6; MN 46; NL CAN 59; NJ 250; MI 292; NB CAN 39; NU CAN 1815; NM 79; NH 39; LA 10; OH 390; NT CAN 118","No"
"11","Aves","Pipilo maculatus","NC 1; IN 63; WY 2289; BC CAN 135258; SK CAN 962; UT 24007; YT CAN 4; AB CAN 1680; AZ 49691; MT 6244; KY 25; CA 422509; KS 3988; FL 13; PA 3; IA 119; MS 5; TX 36783; IL 125; NS CAN 2; CT 10; GA 2; MD 1; VA 1; ID 12333; OR 159928; VT 2; OK 3302; TN 30; AL 2; AR 513; WA 164255; SC 2; NE 6494; ON CAN 1622; MB CAN 37; CO 55509; MA 73; MO 481; QC CAN 107; AK 85; ND 2017; WI 77; NV 13049; NY 16; SD 4486; MN 96; NL CAN 6; NJ 75; MI 70; NM 47013; NH 141; LA 195; OH 55","No"
"12","Aves","Sayornis nigricans","OR 12722; NY 3; WY 1; OK 10; BC CAN 46; MN 2; CA 700175; KS 1; FL 1; UT 3555; WA 763; NM 21603; TX 15055; CO 1878; AK 1; AZ 84421; ID 3; NV 7305","No"
"13","Aves","Sialia mexicana","OR 65282; NY 1; MT 11491; WY 23; OK 4; BC CAN 6697; SD 1; SK CAN 2; CA 247485; WA 24973; UT 4039; NE 3; MB CAN 2; NM 27277; CO 20043; TX 3141; AB CAN 47; ND 1; AZ 44571; ID 7678; NV 3917","No"
"14","Aves","Spatula discors","NC 5369; IN 14785; WY 2367; BC CAN 9124; SK CAN 6110; PE CAN 279; UT 2586; YT CAN 708; AB CAN 17616; AZ 10690; MT 5419; KY 4266; CA 31017; KS 19290; FL 69283; DE 2239; PA 9616; IA 6596; MS 4111; TX 124581; IL 32824; NS CAN 1087; CT 1705; GA 10614; MD 8880; VA 6121; ID 1668; OR 4382; VT 2019; PR 2690; TN 9011; OK 8280; ME 3217; AL 3296; AR 4802; SC 9165; WA 6482; NE 8714; ON CAN 24808; WV 1055; MB CAN 5910; CO 23701; MA 6767; MO 18051; QC CAN 12912; AK 1194; USVI 663; ND 8001; WI 39148; NV 930; NY 17604; RI 415; DC 231; SD 5971; HI 115; MN 16899; NL CAN 189; NJ 14546; MI 20176; NB CAN 1165; NU CAN 3; NM 6974; NH 1241; LA 15193; OH 28435; NT CAN 348","No"
"15","Aves","Strix varia","NC 9544; IN 7732; WY 1; BC CAN 7933; SK CAN 75; PE CAN 104; YT CAN 229; AB CAN 589; MT 225; KY 3038; KS 7305; CA 897; FL 37127; DE 1584; PA 6266; IA 3676; MS 2211; TX 19492; IL 8274; NS CAN 1156; CT 5035; GA 11811; MD 14111; VA 10788; ID 412; VT 7140; OR 2482; TN 7048; ME 3985; OK 3328; AL 3004; AR 4508; SC 8132; WA 6791; NE 1166; ON CAN 9303; WV 2260; MB CAN 214; MA 8834; CO 8; MO 14731; QC CAN 6230; AK 264; ND 75; WI 12566; NV 2; NY 11564; DC 728; RI 579; SD 62; HI 2; MN 4685; NL CAN 8; NJ 3685; MI 8199; NB CAN 334; NM 9; NH 3838; LA 10026; OH 10944; NT CAN 23","No"
"16","Aves","Vireo gilvus","NC 673; IN 16939; WY 3485; BC CAN 33823; SK CAN 1756; PE CAN 3; UT 11902; YT CAN 1437; AB CAN 9147; AZ 19956; MT 10192; KY 3331; CA 119803; KS 12138; DE 1622; FL 136; PA 27701; IA 6533; MS 279; IL 42763; TX 13797; NS CAN 170; CT 15560; GA 121; MD 11382; VA 5716; ID 9429; OR 30600; VT 14864; PR 9; ME 5365; OK 3178; TN 2941; AL 173; AR 2490; WA 29242; SC 26; NE 7824; ON CAN 59118; WV 2165; MB CAN 2725; MA 32464; CO 23218; QC CAN 26869; MO 16029; AK 1576; ND 3554; WI 28742; NV 6035; NY 70589; RI 1832; DC 1180; SD 3835; MN 10871; NL CAN 50; NJ 18923; MI 38064; NB CAN 398; NM 8710; NH 5577; LA 1057; OH 53010; NT CAN 437","No"
"17","Aves","Xema sabini","NC 76; IN 127; WY 46; BC CAN 190; SK CAN 38; UT 364; YT CAN 95; AB CAN 139; AZ 440; MT 90; KY 43; CA 11776; KS 131; FL 100; DE 75; PA 82; IA 128; MS 3; TX 382; IL 217; NS CAN 2; CT 2; GA 39; MD 183; VA 39; ID 165; OR 2312; VT 66; PR 1; OK 50; ME 47; TN 18; AL 3; AR 182; WA 3134; SC 7; NE 75; ON CAN 448; WV 3; MB CAN 149; CO 1402; MA 239; MO 182; QC CAN 114; AK 16850; ND 80; WI 252; NV 131; NY 213; DC 4; RI 3; SD 26; MN 146; NL CAN 11; NJ 59; MI 173; NB CAN 1; NU CAN 984; NM 173; NH 35; LA 11; OH 363; NT CAN 54","No"
"18","Aves","Zenaida macroura","NC 193780; IN 163872; WY 17105; BC CAN 18697; SK CAN 8178; PE CAN 1733; UT 72382; YT CAN 7; AB CAN 8869; AZ 360381; MT 41358; KY 81214; CA 699458; KS 115846; FL 431221; DE 40561; PA 387248; IA 78554; MS 64725; TX 614337; IL 241949; NS CAN 26673; CT 138363; GA 230776; VA 264598; MD 253000; ID 52712; OR 103998; VT 72042; PR 3092; TN 158331; ME 77983; OK 72398; AL 129496; AR 72143; SC 160661; WA 86955; NE 85172; ON CAN 277936; WV 41045; MB CAN 10036; MA 262797; CO 149711; MO 168301; QC CAN 148276; AK 186; USVI 2; ND 47402; WI 239863; NV 51252; NY 484858; RI 20619; DC 14964; SD 97515; HI 1361; MN 92782; NL CAN 1515; NJ 244836; MI 254085; NB CAN 11257; NU CAN 1; NM 114950; NH 50641; LA 143675; OH 320973; NT CAN 28","No"
"19","Mammalia","Cervus canadensis","OR 144; NC 45; IN 1; WY 356; OK 54; TN 16; BC CAN 29; SK CAN 3; AR 19; WA 92; UT 47; YT CAN 11; NE 1; ON CAN 9; MB CAN 7; CO 387; MO 10; AK 1; AB CAN 99; ND 1; AZ 189; NV 12; NY 1; MT 106; KY 3; SD 7; MN 1; CA 476; KS 1; MI 66; PA 22; NM 1011; TX 19; VA 5; ID 18","No"
"20","Plantae","Abronia latifolia","OR 114; BC CAN 11; CA 946; WA 291; UT 1","No"
"21","Plantae","Aira elegans","NC 22; OR 14; TN 13; OK 3; CA 39; AL 7; AR 45; SC 59; WA 1; MS 37; TX 29; MO 15; LA 34; GA 13; VA 36","No"
"22","Plantae","Allium cernuum","OR 135; NC 85; IN 77; WY 65; TN 35; OK 1; BC CAN 312; SK CAN 2; AL 5; AR 8; WA 318; UT 58; SC 21; NE 21; WV 273; ON CAN 7; MB CAN 3; CO 442; MO 81; AB CAN 153; ND 1; AZ 97; WI 70; DC 22; NY 10; MT 1042; KY 33; SD 65; MN 115; CA 5; KS 2; NJ 6; PA 54; MI 31; IA 36; MS 1; NM 297; IL 238; TX 16; OH 68; GA 17; VA 203; MD 36; ID 41","No"
"23","Plantae","Ammophila arenaria","OR 55; NY 4; IN 1; BC CAN 9; PE CAN 1; CA 356; WA 26; NJ 2; MI 8; PA 2; NB CAN 1; MA 7; CT 1; NH 1; QC CAN 1; MD 1","Yes"
"24","Plantae","Ammophila breviligulata","NC 56; VT 12; OR 2; IN 35; ME 54; PE CAN 14; WA 7; NE 1; ON CAN 28; MA 113; QC CAN 70; WI 53; NY 101; RI 19; MN 6; CA 9; NL CAN 6; DE 13; FL 1; NJ 52; MI 80; PA 13; NB CAN 13; IL 44; NS CAN 44; CT 55; NH 35; OH 31; GA 1; VA 97; MD 34","No"
"25","Plantae","Angelica hendersonii","OR 43; CA 353; WA 14","No"
"26","Plantae","Argentina anserina","OR 14; VT 13; IN 12; WY 20; ME 15; TN 2; PE CAN 2; UT 29; WA 14; NE 11; ON CAN 2; MB CAN 1; CO 147; MA 10; QC CAN 5; AK 8; AB CAN 3; ND 45; WI 80; AZ 8; NV 18; NY 42; RI 5; MT 37; SD 12; MN 33; CA 23; NL CAN 2; NJ 1; MI 112; PA 14; NB CAN 1; IA 12; NM 76; IL 6; NS CAN 2; CT 7; NH 5; OH 46; ID 14","No"
"27","Plantae","Argentina pacifica","OR 1; AK 7","No"
"28","Plantae","Armeria maritima","OR 31; ON CAN 2; NU CAN 14; CO 2; QC CAN 5; BC CAN 6; AK 47; CA 357; NL CAN 7; NT CAN 7; WA 40; YT CAN 1","No"
"29","Plantae","Artemisia suksdorfii","OR 47; NY 3; BC CAN 16; CA 111; WA 92","No"
"30","Plantae","Baccharis pilularis","OR 49; MO 1; CA 4375; WA 2","No"
"31","Plantae","Bellardia viscosa","OR 120; TX 2; OK 1; BC CAN 4; CA 152; WA 20","No"
"32","Plantae","Brassica rapa","NC 7; IN 11; WY 4; BC CAN 26; SK CAN 6; PE CAN 3; UT 12; YT CAN 8; AB CAN 15; AZ 14; MT 24; KY 9; CA 1891; KS 32; FL 36; DE 1; PA 37; MS 2; IA 1; IL 41; TX 20; NS CAN 6; CT 41; GA 3; VA 89; MD 25; ID 26; OR 109; VT 49; ME 59; TN 53; OK 1; AL 8; AR 27; WA 74; SC 5; NE 3; WV 71; ON CAN 33; MB CAN 10; MA 68; CO 5; QC CAN 126; MO 62; AK 222; ND 1; WI 17; NV 5; NY 53; DC 14; RI 14; HI 41; SD 2; MN 14; NL CAN 6; NJ 26; MI 25; NB CAN 18; NM 2; NH 36; LA 34; OH 26; NT CAN 7","Yes"
"33","Plantae","Cakile edentula","OR 42; NC 38; IN 11; ME 35; BC CAN 23; PE CAN 13; AL 4; WA 47; SC 13; ON CAN 14; MA 38; QC CAN 51; AK 49; WI 28; NY 62; RI 15; CA 141; NL CAN 6; DE 91; FL 13; NJ 27; MI 65; PA 26; NB CAN 11; MS 4; NS CAN 72; IL 29; TX 1; CT 40; NH 5; LA 5; OH 88; GA 9; VA 51; MD 11","No"
"34","Plantae","Cakile maritima","OR 65; NC 1; NY 4; ME 1; BC CAN 15; CA 1066; FL 2; AL 1; WA 65; NJ 1; NB CAN 5; PA 2; ON CAN 1; MS 1; TX 2; MA 1; QC CAN 1; VA 8; MD 2","Yes"
"35","Plantae","Calamagrostis nutkaensis","OR 94; BC CAN 41; AK 181; CA 458; WA 22","No"
"36","Plantae","Camassia quamash","OR 132; DC 1; MT 128; WY 9; BC CAN 146; CA 276; WA 143; UT 19; AK 1; AB CAN 3; VA 1; ID 78; NV 4","No"
"37","Plantae","Capsella bursa-pastoris","NC 102; IN 117; WY 32; BC CAN 117; SK CAN 22; PE CAN 10; UT 69; YT CAN 34; AB CAN 71; AZ 124; MT 66; KY 57; CA 1793; KS 422; FL 49; DE 11; PA 78; MS 34; IA 30; TX 372; IL 196; NS CAN 55; CT 102; GA 25; VA 118; MD 44; ID 68; OR 110; VT 56; OK 79; ME 64; TN 54; AL 54; AR 73; WA 92; SC 67; NE 70; ON CAN 137; WV 33; MB CAN 40; MA 225; CO 223; MO 326; QC CAN 108; AK 1474; ND 44; WI 150; NV 30; NY 475; DC 26; RI 12; SD 45; HI 32; MN 80; NL CAN 14; NJ 87; MI 141; NB CAN 21; NM 108; NH 48; LA 98; OH 101; NT CAN 103","Yes"
"38","Plantae","Cardionema ramosissimum","OR 8; CA 20; WA 2","No"
"39","Plantae","Carex kobomugi","NC 2; OR 2; NY 7; RI 7; MA 4; DE 2; VA 17; MD 2; NJ 26; WA 6","Yes"
"40","Plantae","Carex macrocephala","OR 114; BC CAN 43; AK 82; WA 111; NJ 6","No"
"41","Plantae","Carex pansa","OR 66; MT 1; BC CAN 5; CA 165; WA 29","No"
"42","Plantae","Castilleja miniata","OR 276; MT 317; WY 61; BC CAN 114; SK CAN 9; CA 1748; WA 314; UT 193; YT CAN 4; MB CAN 17; NM 138; CO 475; QC CAN 2; AK 59; AB CAN 125; ID 297; AZ 74; WI 1; NV 142","No"
"43","Plantae","Cerastium arvense","NC 1; IN 17; WY 63; BC CAN 45; SK CAN 10; PE CAN 9; UT 22; YT CAN 12; AB CAN 111; AZ 20; MT 946; KY 5; CA 541; KS 1; DE 1; PA 49; IA 4; MS 1; IL 30; NS CAN 16; CT 41; MD 30; VA 20; ID 48; OR 63; VT 6; ME 29; TN 2; AR 2; WA 172; NE 4; ON CAN 25; WV 6; MB CAN 4; CO 284; MA 25; QC CAN 78; MO 14; AK 83; ND 43; WI 25; NV 5; NY 65; DC 12; RI 2; SD 46; MN 42; NL CAN 3; NJ 36; MI 39; NB CAN 11; NU CAN 1; NM 133; NH 6; OH 24","No"
"44","Plantae","Cirsium brevistylum","OR 73; MT 38; IL 1; BC CAN 15; CA 536; WA 43; ID 12; NJ 1","No"
"45","Plantae","Claytonia perfoliata","OR 119; NC 1; MT 10; WY 4; BC CAN 59; SD 1; CA 3079; WA 94; UT 62; MI 1; NH 2; AK 2; MD 1; AZ 175; ID 47; NV 33","No"
"46","Plantae","Daphne laureola","OR 29; BC CAN 32; WA 56","Yes"
"47","Plantae","Daucus carota","NC 332; IN 202; WY 6; BC CAN 32; PE CAN 12; UT 15; AB CAN 1; AZ 9; MT 17; KY 102; CA 551; KS 143; FL 22; DE 15; PA 191; IA 45; MS 23; IL 366; TX 246; NS CAN 158; CT 184; GA 36; VA 277; MD 119; ID 18; VT 339; OR 235; ME 133; TN 99; OK 8; AL 58; AR 67; WA 199; SC 91; NE 12; ON CAN 372; WV 329; MA 295; CO 44; MO 146; QC CAN 42; AK 6; ND 6; WI 192; NV 9; NY 1132; DC 36; RI 36; SD 12; HI 6; MN 24; NJ 277; MI 276; NB CAN 7; NM 16; NH 64; LA 47; OH 300","Yes"
"48","Plantae","Epilobium ciliatum","NC 28; IN 6; WY 19; BC CAN 22; SK CAN 2; PE CAN 4; UT 55; YT CAN 6; AB CAN 25; AZ 71; MT 99; KY 4; CA 915; KS 12; DE 3; PA 55; IA 8; NS CAN 35; IL 18; TX 4; CT 43; VA 29; MD 4; ID 39; OR 77; VT 16; ME 24; TN 17; OK 1; WA 61; NE 25; ON CAN 55; WV 13; MB CAN 6; CO 315; MA 34; QC CAN 44; AK 60; ND 35; WI 64; NV 76; NY 62; RI 3; DC 1; SD 21; HI 13; MN 63; NL CAN 4; NJ 12; MI 85; NB CAN 11; NM 92; NH 48; OH 24; NT CAN 5","No"
"49","Plantae","Erythranthe dentata","OR 71; BC CAN 1; CA 6; WA 1","No"
"50","Plantae","Erythranthe guttata","OR 202; WY 1; BC CAN 61; CA 738; WA 3; YT CAN 3; UT 1; NB CAN 2; CO 2; CT 4; AK 6; AB CAN 2; AZ 17; NV 3","No"
"51","Plantae","Euphorbia peplus","OR 57; VT 11; NC 1; IN 3; ME 18; TN 1; BC CAN 9; AL 2; WA 39; UT 8; ON CAN 10; WV 1; MA 11; CO 2; QC CAN 4; MO 3; AK 1; WI 12; AZ 5; NV 8; NY 38; RI 1; MT 3; KY 1; HI 54; CA 1055; FL 2; NJ 8; PA 20; MI 15; NM 4; TX 6; IL 5; NH 4; CT 3; LA 2; OH 19; VA 3; MD 1; ID 5","Yes"
"52","Plantae","Fraxinus latifolia","OR 790; DC 1; IN 2; BC CAN 1; CA 1652; WA 371","No"
"53","Plantae","Frullania nisquallensis","OR 164; NC 1; NS CAN 1; BC CAN 102; AK 166; CA 51; WA 213","No"
"54","Plantae","Geranium dissectum","OR 97; NC 26; IN 3; TN 35; OK 5; BC CAN 24; AL 29; AR 17; WA 51; SC 12; WV 2; ON CAN 1; MA 2; MO 12; NV 4; NY 12; DC 3; KY 11; HI 12; CA 1224; KS 1; NJ 3; PA 5; MI 1; MS 25; TX 43; IL 3; CT 1; LA 90; OH 5; GA 7; VA 44; MD 3","Yes"
"55","Plantae","Geranium robertianum","OR 1846; VT 222; IN 27; ME 26; TN 10; BC CAN 96; PE CAN 12; AR 1; WA 253; ON CAN 270; WV 9; MA 49; QC CAN 60; AK 55; WI 37; NY 225; RI 5; MT 2; SD 1; MN 1; CA 189; NL CAN 7; NJ 23; MI 148; PA 61; NB CAN 3; NS CAN 82; IL 4; TX 1; CT 64; NH 11; OH 64; VA 11; MD 5; ID 1","Yes"
"56","Plantae","Holodiscus discolor","OR 240; NY 2; MT 101; BC CAN 130; CA 1803; WA 727; UT 26; NM 7; CO 16; TX 4; MA 1; NS CAN 1; ID 279; AZ 5; NV 72","No"
"57","Plantae","Hydrophyllum tenuipes","OR 199; BC CAN 6; CA 70; WA 135","No"
"58","Plantae","Hypericum androsaemum","OR 6; BC CAN 6; CA 158; WA 10; SC 1","Yes"
"59","Plantae","Juncus bufonius","NC 49; IN 42; WY 50; BC CAN 52; SK CAN 2; PE CAN 11; UT 98; YT CAN 6; AB CAN 38; AZ 170; MT 45; KY 11; CA 2435; KS 12; FL 45; DE 8; PA 62; IA 20; MS 7; TX 100; NS CAN 74; IL 32; CT 53; GA 19; VA 43; MD 13; ID 76; OR 107; VT 20; ME 55; TN 4; OK 3; AL 20; AR 23; WA 136; SC 63; NE 34; ON CAN 52; WV 8; MB CAN 63; CO 185; MA 90; QC CAN 208; MO 8; AK 113; ND 41; WI 100; NV 50; NY 123; RI 11; DC 4; HI 81; SD 13; MN 33; NL CAN 11; NJ 37; MI 111; NB CAN 17; NU CAN 3; NM 71; NH 15; LA 113; OH 19; NT CAN 18","No"
"60","Plantae","Juncus falcatus","OR 37; ON CAN 1; BC CAN 22; AK 56; CA 117; WA 27; ID 2; UT 1","No"
"61","Plantae","Juncus lesueurii","OR 37; ON CAN 1; BC CAN 1; AK 1; CA 175; KS 1; WA 20","No"
"62","Plantae","Lathyrus japonicus","OR 65; VT 4; IN 6; ME 50; BC CAN 45; PE CAN 3; WA 183; YT CAN 4; ON CAN 47; MB CAN 5; MA 47; QC CAN 84; AK 197; WI 30; NY 40; RI 14; MN 18; CA 71; NL CAN 30; NJ 15; MI 99; PA 20; NB CAN 15; NU CAN 11; NS CAN 48; IL 8; CT 72; NH 4; OH 33; NT CAN 1","No"
"63","Plantae","Lathyrus littoralis","OR 114; BC CAN 3; CA 380; WA 79","No"
"64","Plantae","Leontodon saxatilis","OR 1; VT 1; DC 3; RI 2; NM 1; MA 9; CT 5; BC CAN 1; CA 100; MD 1; WA 2","Yes"
"65","Plantae","Leymus mollis","OR 90; RI 1; MT 1; ME 15; BC CAN 40; PE CAN 1; CA 138; NL CAN 42; AL 1; WA 173; YT CAN 2; MI 28; NB CAN 13; PA 1; ON CAN 3; NU CAN 67; MB CAN 11; MA 6; NS CAN 3; QC CAN 125; NH 4; AK 553; NT CAN 11","No"
"66","Plantae","Lotus pedunculatus","OR 21; ON CAN 1; NS CAN 1; BC CAN 6; HI 3; CA 9; FL 3; WA 16; ID 1","Yes"
"67","Plantae","Marah oregana","OR 269; BC CAN 7; CA 415; WA 98; ID 1","No"
"68","Plantae","Morella californica","OR 49; BC CAN 4; CA 428; WA 12","No"
"69","Plantae","Mycelis muralis","VT 104; OR 82; NY 36; ME 4; BC CAN 80; SD 1; WA 119; MI 11; ON CAN 10; MA 10; QC CAN 27; NH 11; CT 1; AK 60; ID 1","Yes"
"70","Plantae","Phacelia nemoralis","OR 55; BC CAN 12; CA 98; WA 49","No"
"71","Plantae","Plantago coronopus","OR 28; NY 1; MA 2; BC CAN 1; MN 1; CA 748; AL 1; WA 15; PA 1","No"
"72","Plantae","Plantago maritima","OR 26; WY 1; ME 38; BC CAN 14; SK CAN 1; PE CAN 4; AL 1; WA 108; YT CAN 3; ON CAN 11; MB CAN 5; MA 10; QC CAN 72; AK 168; AB CAN 3; NY 9; RI 5; CA 268; NL CAN 12; NJ 9; NB CAN 17; NU CAN 7; NS CAN 37; CT 12; NH 2; NT CAN 1; VA 2; MD 1","No"
"73","Plantae","Poa annua","NC 124; IN 99; WY 18; BC CAN 37; SK CAN 5; PE CAN 2; UT 43; YT CAN 15; AB CAN 13; AZ 71; MT 28; KY 53; CA 1764; KS 132; FL 101; DE 10; PA 81; IA 71; MS 33; TX 230; IL 135; NS CAN 40; CT 61; GA 42; VA 153; MD 53; ID 62; OR 116; VT 38; PR 3; ME 63; TN 58; OK 25; AL 29; AR 56; WA 161; SC 96; NE 4; ON CAN 53; WV 24; MB CAN 8; MA 130; CO 103; MO 222; QC CAN 112; AK 6692; ND 19; WI 44; NV 33; NY 127; DC 42; RI 16; HI 81; SD 6; MN 35; NL CAN 7; NJ 39; MI 46; NB CAN 4; NM 53; NH 43; LA 172; OH 10; NT CAN 19","Yes"
"74","Plantae","Polygonum paronychia","OR 106; BC CAN 11; CA 623; WA 47","No"
"75","Plantae","Polypodium scouleri","OR 119; BC CAN 9; CA 522; WA 64","No"
"76","Plantae","Polypogon monspeliensis","OR 143; NC 21; WY 41; OK 27; ME 4; TN 1; BC CAN 8; AL 11; AR 5; WA 151; UT 119; SC 34; NE 54; MB CAN 1; CO 194; MA 17; MO 2; AK 2; AB CAN 3; ND 7; AZ 308; WI 2; NV 52; NY 5; MT 26; HI 41; SD 11; MN 1; CA 3775; KS 77; FL 109; DE 5; NJ 2; PA 2; MI 1; MS 5; NM 146; TX 260; NH 6; CT 2; LA 94; GA 15; VA 41; MD 11; ID 64","Yes"
"77","Plantae","Populus trichocarpa","OR 199; NY 8; MT 54; WY 1; BC CAN 208; CA 1250; WA 240; UT 4; QC CAN 2; AK 187; AB CAN 80; ND 1; ID 63; AZ 1; NV 34","No"
"78","Plantae","Raphanus raphanistrum","NC 56; IN 3; BC CAN 94; SK CAN 2; PE CAN 22; UT 2; AB CAN 2; AZ 1; MT 5; KY 2; CA 776; KS 2; FL 124; DE 1; PA 36; MS 12; NS CAN 72; IL 14; TX 8; CT 78; GA 25; VA 41; MD 6; ID 7; OR 98; VT 6; ME 25; TN 7; AL 19; AR 1; SC 88; WA 30; WV 17; ON CAN 8; MA 39; CO 4; QC CAN 69; MO 6; WI 24; NV 1; NY 83; RI 13; DC 3; HI 22; MN 3; NL CAN 4; NJ 15; NB CAN 45; MI 11; NM 2; NH 11; LA 52; OH 15; NT CAN 1","Yes"
"79","Plantae","Reynoutria ×","No data available","No"
"80","Plantae","Rhododendron menziesii","BC CAN 1; WA 2","No"
"81","Plantae","Ribes sanguineum","OR 280; CO 1; BC CAN 154; CA 794; GA 1; AB CAN 2; MD 1; WA 547; ID 28; NV 2","No"
"82","Plantae","Ricciocarpos natans","NC 4; IN 23; WY 1; BC CAN 10; UT 2; YT CAN 2; AB CAN 1; MT 4; KY 2; CA 31; KS 12; FL 22; DE 3; PA 10; IA 17; MS 1; IL 66; TX 4; CT 33; GA 1; MD 12; VA 3; ID 9; OR 36; VT 21; ME 7; TN 7; OK 1; AR 9; WA 23; SC 2; NE 21; ON CAN 35; WV 15; MB CAN 2; MA 66; MO 114; QC CAN 12; AK 12; ND 1; WI 11; NY 83; RI 6; SD 4; MN 16; NJ 13; MI 21; NH 3; LA 48; OH 25; NT CAN 8","No"
"83","Plantae","Romanzoffia tracyi","OR 24; BC CAN 3; CA 49; WA 8","No"
"84","Plantae","Rubus armeniacus","OR 12265; DC 1; KY 2; BC CAN 50; HI 5; CA 1543; AR 10; WA 191; UT 3; SC 1; PA 2; NM 3; CO 2; IL 2; MA 1; MO 14; OH 3; VA 22; MD 1; AZ 10; ID 8; NV 6","Yes"
"85","Plantae","Rumex occidentalis","OR 77; NC 1; IN 1; WY 13; ME 5; BC CAN 26; SK CAN 5; AL 1; WA 30; YT CAN 10; UT 8; ON CAN 2; MB CAN 12; CO 21; QC CAN 38; AK 45; AB CAN 28; ND 4; AZ 15; NV 2; MT 18; SD 11; CA 205; NL CAN 4; NU CAN 5; NM 8; NS CAN 1; NT CAN 16; ID 18","No"
"86","Plantae","Salix lasiandra","OR 44; MT 83; WY 7; BC CAN 46; CA 773; WA 122; UT 17; YT CAN 8; NE 1; NU CAN 2; NM 9; CO 105; AK 18; NT CAN 29; AB CAN 6; ID 20; AZ 11; NV 96","No"
"87","Plantae","Salix scouleriana","OR 364; MT 185; WY 50; BC CAN 123; SD 38; SK CAN 90; CA 2525; KS 4; WA 850; UT 78; YT CAN 39; MB CAN 8; NM 121; CO 206; AK 265; OH 1; NT CAN 41; AB CAN 61; ID 133; AZ 119; NV 31","No"
"88","Plantae","Sanicula crassicaulis","OR 148; BC CAN 55; HI 1; CA 2036; KS 1; WA 52","No"
"89","Plantae","Sedum oreganum","OR 77; NC 1; MT 1; CO 1; BC CAN 12; AK 5; CA 9; KS 1; WA 37","No"
"90","Plantae","Senecio minimus","OR 49; CA 137; WA 4","No"
"91","Plantae","Soliva sessilis","OR 31; NC 4; TN 2; BC CAN 4; HI 3; CA 872; FL 53; AL 11; AR 16; WA 25; SC 15; MS 9; TX 73; LA 92; GA 19; VA 1","Yes"
"92","Plantae","Trifolium arvense","NC 116; IN 32; BC CAN 7; PE CAN 5; AZ 2; MT 12; KY 25; CA 44; KS 4; FL 26; DE 11; PA 54; MS 15; IA 3; NS CAN 29; IL 27; TX 21; CT 144; GA 21; VA 127; MD 46; ID 12; VT 76; OR 69; ME 110; TN 13; OK 4; AL 20; AR 55; SC 91; WA 43; WV 25; ON CAN 20; MA 184; MO 46; QC CAN 27; ND 1; WI 74; NY 121; RI 23; DC 21; HI 28; MN 50; NJ 60; MI 59; NB CAN 26; NH 53; LA 23; OH 18","Yes"
"93","Plantae","Trifolium subterraneum","OR 58; BC CAN 8; HI 3; CA 360; FL 4; WA 29; SC 4; NJ 2; PA 1; MS 1; MA 2; TX 2; LA 9; GA 1","Yes"
"94","Plantae","Triteleia hyacinthina","OR 223; DC 1; BC CAN 37; CA 1870; AL 1; WA 63; ID 3; AZ 1; NV 3","No"
"95","Plantae","Veronica persica","NC 131; IN 14; WY 3; BC CAN 7; PE CAN 1; UT 39; AB CAN 1; AZ 24; MT 8; KY 13; CA 631; KS 9; DE 11; FL 10; PA 108; MS 9; IA 6; TX 287; IL 18; NS CAN 10; CT 13; GA 10; VA 206; MD 107; ID 7; OR 61; VT 12; TN 48; ME 44; OK 10; AL 25; AR 23; SC 28; WA 24; WV 22; ON CAN 8; MB CAN 1; MA 20; CO 19; MO 27; QC CAN 14; AK 3; WI 11; NV 3; NY 111; DC 70; RI 3; SD 1; MN 9; NL CAN 1; NJ 93; MI 35; NB CAN 1; NM 4; NH 12; LA 141; OH 82","Yes"
"96","Plantae","Vicia hirsuta","OR 136; NC 17; ME 2; OK 1; BC CAN 34; AL 16; AR 5; WA 212; SC 62; WV 2; MA 18; MO 2; QC CAN 2; AK 4; WI 5; NY 14; RI 6; DC 3; CA 222; FL 31; DE 3; NJ 14; PA 4; MI 3; MS 8; NS CAN 5; TX 2; CT 14; NH 1; LA 7; OH 4; GA 18; VA 46; MD 11; ID 1","Yes"
