"","Scientific_name","Iconic_taxa","iNat_NPS_matches","iNat_NPSsynonym_matches","iNat_ITIS_synonym_matches","iNat_ITIS_nonsyn_matches","iNaturalist_URL"
"1","Lithobates catesbeianus","Amphibia","TRUE","FALSE","FALSE","TRUE","http://www.inaturalist.org/observations/4212586"
"2","Plethodon dunni","Amphibia","TRUE","FALSE","FALSE","FALSE","https://www.inaturalist.org/observations/4978928"
"3","Plethodon dunni","Amphibia","TRUE","FALSE","FALSE","FALSE","http://www.inaturalist.org/observations/4516086"
"4","Plethodon dunni","Amphibia","TRUE","FALSE","FALSE","FALSE","http://www.inaturalist.org/observations/3294014"
"5","Plethodon vehiculum","Amphibia","TRUE","FALSE","FALSE","TRUE","http://www.inaturalist.org/observations/3294003"
"6","Pseudacris regilla","Amphibia","TRUE","FALSE","FALSE","TRUE","http://www.inaturalist.org/observations/3689719"
"7","Pseudacris regilla","Amphibia","TRUE","FALSE","FALSE","TRUE","http://www.inaturalist.org/observations/3391093"
"8","Pseudacris regilla","Amphibia","TRUE","FALSE","FALSE","TRUE","http://www.inaturalist.org/observations/3413933"
"9","Rana aurora","Amphibia","TRUE","TRUE","FALSE","TRUE","https://www.inaturalist.org/observations/13216116"
"10","Rana aurora","Amphibia","TRUE","TRUE","FALSE","TRUE","https://www.inaturalist.org/observations/16161012"
"11","Rana aurora","Amphibia","TRUE","TRUE","FALSE","TRUE","http://www.inaturalist.org/observations/3274391"
"12","Taricha granulosa","Amphibia","TRUE","FALSE","FALSE","TRUE","http://www.inaturalist.org/observations/4452677"
"13","Taricha granulosa","Amphibia","TRUE","FALSE","FALSE","TRUE","http://www.inaturalist.org/observations/4480125"
"14","Taricha granulosa","Amphibia","TRUE","FALSE","FALSE","TRUE","http://www.inaturalist.org/observations/3274314"
"15","Accipiter striatus","Aves","TRUE","FALSE","FALSE","FALSE","http://www.inaturalist.org/observations/4514896"
"16","Aix sponsa","Aves","TRUE","FALSE","FALSE","FALSE","http://www.inaturalist.org/observations/3368085"
"17","Anas crecca","Aves","TRUE","FALSE","FALSE","FALSE","http://www.inaturalist.org/observations/3286574"
"18","Anas platyrhynchos","Aves","TRUE","FALSE","FALSE","TRUE","http://www.inaturalist.org/observations/4429733"
"19","Anas platyrhynchos","Aves","TRUE","FALSE","FALSE","TRUE","http://www.inaturalist.org/observations/3286562"
"20","Anas platyrhynchos","Aves","TRUE","FALSE","FALSE","TRUE","http://www.inaturalist.org/observations/3264955"
"21","Anser albifrons","Aves","FALSE","FALSE","FALSE","FALSE","https://www.inaturalist.org/observations/13215899"
"22","Anser albifrons","Aves","FALSE","FALSE","FALSE","FALSE","http://www.inaturalist.org/observations/4389867"
"23","Ardea herodias","Aves","TRUE","FALSE","FALSE","FALSE","https://www.inaturalist.org/observations/4835137"
"24","Ardea herodias","Aves","TRUE","FALSE","FALSE","FALSE","http://www.inaturalist.org/observations/4595978"
"25","Ardea herodias","Aves","TRUE","FALSE","FALSE","FALSE","http://www.inaturalist.org/observations/4716510"
"26","Ardea herodias","Aves","TRUE","FALSE","FALSE","FALSE","https://www.inaturalist.org/observations/4775881"
"27","Ardea herodias","Aves","TRUE","FALSE","FALSE","FALSE","http://www.inaturalist.org/observations/4572869"
"28","Ardea herodias","Aves","TRUE","FALSE","FALSE","FALSE","http://www.inaturalist.org/observations/3252910"
"29","Ardea herodias","Aves","TRUE","FALSE","FALSE","FALSE","http://www.inaturalist.org/observations/3256307"
"30","Ardea herodias","Aves","TRUE","FALSE","FALSE","FALSE","http://www.inaturalist.org/observations/3256342"
"31","Aythya collaris","Aves","FALSE","FALSE","FALSE","FALSE","http://www.inaturalist.org/observations/4514894"
"32","Aythya marila","Aves","TRUE","FALSE","FALSE","FALSE","https://www.inaturalist.org/observations/4787868"
"33","Aythya marila","Aves","TRUE","FALSE","FALSE","FALSE","http://www.inaturalist.org/observations/4665120"
"34","Aythya marila","Aves","TRUE","FALSE","FALSE","FALSE","http://www.inaturalist.org/observations/4665121"
"35","Aythya marila","Aves","TRUE","FALSE","FALSE","FALSE","https://www.inaturalist.org/observations/4775878"
"36","Bombycilla cedrorum","Aves","TRUE","FALSE","FALSE","FALSE","http://www.inaturalist.org/observations/4422930"
"37","Branta canadensis","Aves","TRUE","FALSE","FALSE","TRUE","http://www.inaturalist.org/observations/4716511"
"38","Branta hutchinsii","Aves","FALSE","FALSE","FALSE","FALSE","https://www.inaturalist.org/observations/13215915"
"39","Branta hutchinsii","Aves","FALSE","FALSE","FALSE","FALSE","http://www.inaturalist.org/observations/4204444"
"40","Branta hutchinsii","Aves","FALSE","FALSE","FALSE","FALSE","http://www.inaturalist.org/observations/4389866"
"41","Bucephala albeola","Aves","TRUE","FALSE","FALSE","TRUE","https://www.inaturalist.org/observations/4775880"
"42","Bucephala albeola","Aves","TRUE","FALSE","FALSE","TRUE","http://www.inaturalist.org/observations/4572868"
"43","Calypte anna","Aves","FALSE","FALSE","FALSE","FALSE","https://www.inaturalist.org/observations/4863969"
"44","Calypte anna","Aves","FALSE","FALSE","FALSE","FALSE","https://www.inaturalist.org/observations/4858783"
"45","Calypte anna","Aves","FALSE","FALSE","FALSE","FALSE","http://www.inaturalist.org/observations/3274756"
"46","Cardellina pusilla","Aves","FALSE","FALSE","FALSE","TRUE","http://www.inaturalist.org/observations/3274241"
"47","Cathartes aura","Aves","TRUE","FALSE","FALSE","FALSE","http://www.inaturalist.org/observations/3293927"
"48","Catharus guttatus","Aves","TRUE","FALSE","FALSE","FALSE","https://www.inaturalist.org/observations/4787866"
"49","Catharus guttatus","Aves","TRUE","FALSE","FALSE","FALSE","https://www.inaturalist.org/observations/4871645"
"50","Catharus ustulatus","Aves","TRUE","FALSE","FALSE","FALSE","http://www.inaturalist.org/observations/3274323"
"51","Certhia americana","Aves","TRUE","FALSE","FALSE","FALSE","http://www.inaturalist.org/observations/4622562"
"52","Certhia americana","Aves","TRUE","FALSE","FALSE","FALSE","http://www.inaturalist.org/observations/3390997"
"53","Certhia americana","Aves","TRUE","FALSE","FALSE","FALSE","http://www.inaturalist.org/observations/3397629"
"54","Cistothorus palustris","Aves","TRUE","FALSE","FALSE","TRUE","https://www.inaturalist.org/observations/4839851"
"55","Cistothorus palustris","Aves","TRUE","FALSE","FALSE","TRUE","https://www.inaturalist.org/observations/4839861"
"56","Colaptes auratus","Aves","TRUE","FALSE","FALSE","FALSE","http://www.inaturalist.org/observations/4532082"
"57","Contopus cooperi","Aves","TRUE","FALSE","FALSE","TRUE","http://www.inaturalist.org/observations/3391011"
"58","Contopus cooperi","Aves","TRUE","FALSE","FALSE","TRUE","http://www.inaturalist.org/observations/3286529"
"59","Corvus corax","Aves","TRUE","FALSE","FALSE","FALSE","https://www.inaturalist.org/observations/4858787"
"60","Corvus corax","Aves","TRUE","FALSE","FALSE","FALSE","http://www.inaturalist.org/observations/4665088"
"61","Cyanocitta stelleri","Aves","TRUE","FALSE","FALSE","FALSE","https://www.inaturalist.org/observations/4784470"
"62","Cyanocitta stelleri","Aves","TRUE","FALSE","FALSE","FALSE","http://www.inaturalist.org/observations/3274333"
"63","Dryobates pubescens","Aves","FALSE","FALSE","FALSE","FALSE","https://www.inaturalist.org/observations/4839689"
"64","Dryobates pubescens","Aves","FALSE","FALSE","FALSE","FALSE","https://www.inaturalist.org/observations/4775879"
"65","Dryobates villosus","Aves","FALSE","FALSE","FALSE","FALSE","http://www.inaturalist.org/observations/3286568"
"66","Falco peregrinus","Aves","FALSE","FALSE","FALSE","FALSE","http://www.inaturalist.org/observations/4527753"
"67","Geothlypis trichas","Aves","TRUE","FALSE","FALSE","FALSE","http://www.inaturalist.org/observations/3274566"
"68","Geothlypis trichas","Aves","TRUE","FALSE","FALSE","FALSE","http://www.inaturalist.org/observations/3286640"
"69","Haemorhous purpureus","Aves","FALSE","FALSE","FALSE","TRUE","http://www.inaturalist.org/observations/3274409"
"70","Haliaeetus leucocephalus","Aves","TRUE","FALSE","FALSE","FALSE","http://www.inaturalist.org/observations/3264952"
"71","Haliaeetus leucocephalus","Aves","TRUE","FALSE","FALSE","FALSE","http://www.inaturalist.org/observations/3257130"
"72","Hirundo rustica","Aves","TRUE","FALSE","FALSE","FALSE","https://www.inaturalist.org/observations/5670875"
"73","Hirundo rustica","Aves","TRUE","FALSE","FALSE","FALSE","https://www.inaturalist.org/observations/5670876"
"74","Hirundo rustica","Aves","TRUE","FALSE","FALSE","FALSE","http://www.inaturalist.org/observations/3286664"
"75","Ixoreus naevius","Aves","TRUE","FALSE","FALSE","TRUE","https://www.inaturalist.org/observations/4858800"
"76","Junco hyemalis","Aves","TRUE","FALSE","FALSE","FALSE","http://www.inaturalist.org/observations/3274328"
"77","Larus californicus","Aves","FALSE","FALSE","FALSE","FALSE","https://www.inaturalist.org/observations/32037654"
"78","Larus occidentalis","Aves","TRUE","FALSE","FALSE","FALSE","https://www.inaturalist.org/observations/32037650"
"79","Larus occidentalis","Aves","TRUE","FALSE","FALSE","FALSE","https://www.inaturalist.org/observations/32037651"
"80","Larus occidentalis","Aves","TRUE","FALSE","FALSE","FALSE","https://www.inaturalist.org/observations/32037652"
"81","Mareca americana","Aves","FALSE","FALSE","TRUE","FALSE","https://www.inaturalist.org/observations/4835138"
"82","Mareca americana","Aves","FALSE","FALSE","TRUE","FALSE","https://www.inaturalist.org/observations/4787839"
"83","Megaceryle alcyon","Aves","TRUE","FALSE","FALSE","TRUE","https://www.inaturalist.org/observations/4787841"
"84","Megaceryle alcyon","Aves","TRUE","FALSE","FALSE","TRUE","http://www.inaturalist.org/observations/4665108"
"85","Melospiza melodia","Aves","TRUE","FALSE","FALSE","TRUE","http://www.inaturalist.org/observations/3274342"
"86","Mergus merganser","Aves","TRUE","FALSE","FALSE","FALSE","https://www.inaturalist.org/observations/4835136"
"87","Mergus merganser","Aves","TRUE","FALSE","FALSE","FALSE","http://www.inaturalist.org/observations/4665110"
"88","Mergus merganser","Aves","TRUE","FALSE","FALSE","FALSE","https://www.inaturalist.org/observations/4775877"
"89","Mergus serrator","Aves","TRUE","FALSE","FALSE","TRUE","https://www.inaturalist.org/observations/4839691"
"90","Mimus polyglottos","Aves","FALSE","FALSE","FALSE","FALSE","http://www.inaturalist.org/observations/4527755"
"91","Pandion haliaetus","Aves","TRUE","FALSE","FALSE","FALSE","https://www.inaturalist.org/observations/5670879"
"92","Pandion haliaetus","Aves","TRUE","FALSE","FALSE","FALSE","http://www.inaturalist.org/observations/3563424"
"93","Pandion haliaetus","Aves","TRUE","FALSE","FALSE","FALSE","http://www.inaturalist.org/observations/3252679"
"94","Passerculus sandwichensis","Aves","TRUE","FALSE","FALSE","TRUE","http://www.inaturalist.org/observations/4204447"
"95","Passerella iliaca","Aves","TRUE","FALSE","FALSE","TRUE","http://www.inaturalist.org/observations/4622561"
"96","Passerella iliaca","Aves","TRUE","FALSE","FALSE","TRUE","http://www.inaturalist.org/observations/4636785"
"97","Passerella iliaca","Aves","TRUE","FALSE","FALSE","TRUE","http://www.inaturalist.org/observations/4665103"
"98","Passerella iliaca","Aves","TRUE","FALSE","FALSE","TRUE","https://www.inaturalist.org/observations/4787838"
"99","Passerella iliaca","Aves","TRUE","FALSE","FALSE","TRUE","http://www.inaturalist.org/observations/4572867"
"100","Phalaropus fulicarius","Aves","FALSE","FALSE","FALSE","FALSE","http://www.inaturalist.org/observations/4588132"
"101","Pipilo maculatus","Aves","FALSE","FALSE","FALSE","FALSE","http://www.inaturalist.org/observations/3286512"
"102","Piranga ludoviciana","Aves","TRUE","FALSE","FALSE","FALSE","http://www.inaturalist.org/observations/3274259"
"103","Podilymbus podiceps","Aves","TRUE","FALSE","FALSE","FALSE","https://www.inaturalist.org/observations/4784483"
"104","Poecile atricapillus","Aves","TRUE","FALSE","FALSE","TRUE","https://www.inaturalist.org/observations/5080090"
"105","Poecile atricapillus","Aves","TRUE","FALSE","FALSE","TRUE","http://www.inaturalist.org/observations/4665119"
"106","Poecile atricapillus","Aves","TRUE","FALSE","FALSE","TRUE","http://www.inaturalist.org/observations/3422808"
"107","Poecile atricapillus","Aves","TRUE","FALSE","FALSE","TRUE","http://www.inaturalist.org/observations/3286658"
"108","Poecile rufescens","Aves","TRUE","FALSE","FALSE","TRUE","https://www.inaturalist.org/observations/4787840"
"109","Poecile rufescens","Aves","TRUE","FALSE","FALSE","TRUE","http://www.inaturalist.org/observations/4733317"
"110","Poecile rufescens","Aves","TRUE","FALSE","FALSE","TRUE","https://www.inaturalist.org/observations/4784471"
"111","Poecile rufescens","Aves","TRUE","FALSE","FALSE","TRUE","http://www.inaturalist.org/observations/3286646"
"112","Regulus calendula","Aves","TRUE","FALSE","FALSE","FALSE","http://www.inaturalist.org/observations/4429734"
"113","Sayornis nigricans","Aves","FALSE","FALSE","FALSE","FALSE","https://www.inaturalist.org/observations/4870830"
"114","Sayornis nigricans","Aves","FALSE","FALSE","FALSE","FALSE","https://www.inaturalist.org/observations/4871640"
"115","Sayornis nigricans","Aves","FALSE","FALSE","FALSE","FALSE","https://www.inaturalist.org/observations/4858781"
"116","Sayornis nigricans","Aves","FALSE","FALSE","FALSE","FALSE","http://www.inaturalist.org/observations/4590843"
"117","Sayornis nigricans","Aves","FALSE","FALSE","FALSE","FALSE","http://www.inaturalist.org/observations/4527752"
"118","Sayornis nigricans","Aves","FALSE","FALSE","FALSE","FALSE","http://www.inaturalist.org/observations/4532081"
"119","Sayornis nigricans","Aves","FALSE","FALSE","FALSE","FALSE","http://www.inaturalist.org/observations/4572861"
"120","Sayornis nigricans","Aves","FALSE","FALSE","FALSE","FALSE","http://www.inaturalist.org/observations/4397191"
"121","Selasphorus rufus","Aves","TRUE","FALSE","FALSE","FALSE","http://www.inaturalist.org/observations/3274379"
"122","Setophaga coronata","Aves","FALSE","FALSE","FALSE","TRUE","https://www.inaturalist.org/observations/4863968"
"123","Setophaga coronata","Aves","FALSE","FALSE","FALSE","TRUE","https://www.inaturalist.org/observations/4865238"
"124","Setophaga coronata","Aves","FALSE","FALSE","FALSE","TRUE","https://www.inaturalist.org/observations/4858782"
"125","Setophaga coronata","Aves","FALSE","FALSE","FALSE","TRUE","https://www.inaturalist.org/observations/4784469"
"126","Setophaga coronata","Aves","FALSE","FALSE","FALSE","TRUE","http://www.inaturalist.org/observations/4527754"
"127","Sialia mexicana","Aves","FALSE","FALSE","FALSE","FALSE","https://www.inaturalist.org/observations/4858802"
"128","Sialia mexicana","Aves","FALSE","FALSE","FALSE","FALSE","http://www.inaturalist.org/observations/4665089"
"129","Sialia mexicana","Aves","FALSE","FALSE","FALSE","FALSE","http://www.inaturalist.org/observations/4733323"
"130","Sialia mexicana","Aves","FALSE","FALSE","FALSE","FALSE","http://www.inaturalist.org/observations/4514897"
"131","Sialia mexicana","Aves","FALSE","FALSE","FALSE","FALSE","http://www.inaturalist.org/observations/4532083"
"132","Sialia mexicana","Aves","FALSE","FALSE","FALSE","FALSE","http://www.inaturalist.org/observations/4572860"
"133","Sialia mexicana","Aves","FALSE","FALSE","FALSE","FALSE","http://www.inaturalist.org/observations/3368033"
"134","Sialia mexicana","Aves","FALSE","FALSE","FALSE","FALSE","http://www.inaturalist.org/observations/3598201"
"135","Sialia mexicana","Aves","FALSE","FALSE","FALSE","FALSE","http://www.inaturalist.org/observations/3273650"
"136","Spatula discors","Aves","FALSE","FALSE","FALSE","FALSE","http://www.inaturalist.org/observations/3273610"
"137","Sphyrapicus ruber","Aves","TRUE","FALSE","FALSE","FALSE","https://www.inaturalist.org/observations/4858795"
"138","Spinus tristis","Aves","FALSE","FALSE","FALSE","TRUE","http://www.inaturalist.org/observations/3274762"
"139","Strix varia","Aves","FALSE","FALSE","FALSE","FALSE","http://www.inaturalist.org/observations/3250218"
"140","Tachycineta bicolor","Aves","TRUE","FALSE","FALSE","TRUE","http://www.inaturalist.org/observations/3274310"
"141","Tachycineta bicolor","Aves","TRUE","FALSE","FALSE","TRUE","http://www.inaturalist.org/observations/3264182"
"142","Thryomanes bewickii","Aves","TRUE","FALSE","FALSE","FALSE","http://www.inaturalist.org/observations/3397623"
"143","Thryomanes bewickii","Aves","TRUE","FALSE","FALSE","FALSE","http://www.inaturalist.org/observations/3286650"
"144","Troglodytes pacificus","Aves","TRUE","FALSE","FALSE","TRUE","https://www.inaturalist.org/observations/4787870"
"145","Troglodytes pacificus","Aves","TRUE","FALSE","FALSE","TRUE","https://www.inaturalist.org/observations/4858793"
"146","Troglodytes pacificus","Aves","TRUE","FALSE","FALSE","TRUE","https://www.inaturalist.org/observations/13216093"
"147","Troglodytes pacificus","Aves","TRUE","FALSE","FALSE","TRUE","http://www.inaturalist.org/observations/4636786"
"148","Troglodytes pacificus","Aves","TRUE","FALSE","FALSE","TRUE","https://www.inaturalist.org/observations/4784484"
"149","Turdus migratorius","Aves","TRUE","FALSE","FALSE","FALSE","http://www.inaturalist.org/observations/4622563"
"150","Vireo gilvus","Aves","FALSE","FALSE","FALSE","FALSE","http://www.inaturalist.org/observations/3274268"
"151","Xema sabini","Aves","FALSE","FALSE","FALSE","FALSE","http://www.inaturalist.org/observations/4293437"
"152","Zenaida macroura","Aves","FALSE","FALSE","FALSE","FALSE","http://www.inaturalist.org/observations/3689717"
"153","Zenaida macroura","Aves","FALSE","FALSE","FALSE","FALSE","http://www.inaturalist.org/observations/3286535"
"154","Zonotrichia atricapilla","Aves","TRUE","FALSE","FALSE","FALSE","https://www.inaturalist.org/observations/4839690"
"155","Zonotrichia atricapilla","Aves","TRUE","FALSE","FALSE","FALSE","https://www.inaturalist.org/observations/4787842"
"156","Zonotrichia atricapilla","Aves","TRUE","FALSE","FALSE","FALSE","https://www.inaturalist.org/observations/4871644"
"157","Zonotrichia leucophrys","Aves","TRUE","FALSE","FALSE","FALSE","http://www.inaturalist.org/observations/3368035"
"158","Zonotrichia leucophrys","Aves","TRUE","FALSE","FALSE","FALSE","http://www.inaturalist.org/observations/3274265"
"159","Cervus canadensis","Mammalia","FALSE","FALSE","FALSE","FALSE","https://www.inaturalist.org/observations/5670878"
"160","Cervus canadensis","Mammalia","FALSE","FALSE","FALSE","FALSE","https://www.inaturalist.org/observations/18919894"
"161","Cervus canadensis","Mammalia","FALSE","FALSE","FALSE","FALSE","https://www.inaturalist.org/observations/33880038"
"162","Cervus canadensis","Mammalia","FALSE","FALSE","FALSE","FALSE","http://www.inaturalist.org/observations/3264323"
"163","Lepus americanus","Mammalia","TRUE","FALSE","FALSE","FALSE","http://www.inaturalist.org/observations/3296089"
"164","Lontra canadensis","Mammalia","TRUE","FALSE","FALSE","TRUE","http://www.inaturalist.org/observations/4389870"
"165","Lontra canadensis","Mammalia","TRUE","FALSE","FALSE","TRUE","http://www.inaturalist.org/observations/3250735"
"166","Mustela frenata","Mammalia","TRUE","FALSE","FALSE","FALSE","http://www.inaturalist.org/observations/3712050"
"167","Neurotrichus gibbsii","Mammalia","TRUE","FALSE","FALSE","FALSE","http://www.inaturalist.org/observations/3270960"
"168","Neurotrichus gibbsii","Mammalia","TRUE","FALSE","FALSE","FALSE","http://www.inaturalist.org/observations/3264431"
"169","Odocoileus hemionus","Mammalia","TRUE","TRUE","FALSE","FALSE","https://www.inaturalist.org/observations/4863967"
"170","Odocoileus hemionus","Mammalia","TRUE","TRUE","FALSE","FALSE","https://www.inaturalist.org/observations/13215944"
"171","Odocoileus hemionus","Mammalia","TRUE","TRUE","FALSE","FALSE","http://www.inaturalist.org/observations/4676684"
"172","Odocoileus hemionus","Mammalia","TRUE","TRUE","FALSE","FALSE","http://www.inaturalist.org/observations/4525081"
"173","Odocoileus hemionus","Mammalia","TRUE","TRUE","FALSE","FALSE","http://www.inaturalist.org/observations/3286477"
"174","Ondatra zibethicus","Mammalia","TRUE","FALSE","FALSE","TRUE","http://www.inaturalist.org/observations/3374985"
"175","Tamiasciurus douglasii","Mammalia","TRUE","FALSE","FALSE","FALSE","http://www.inaturalist.org/observations/4520467"
"176","Tamiasciurus douglasii","Mammalia","TRUE","FALSE","FALSE","FALSE","http://www.inaturalist.org/observations/3274535"
"177","Abronia latifolia","Plantae","FALSE","FALSE","FALSE","FALSE","http://www.inaturalist.org/observations/4395297"
"178","Acer circinatum","Plantae","TRUE","FALSE","FALSE","FALSE","http://www.inaturalist.org/observations/4395320"
"179","Acer circinatum","Plantae","TRUE","FALSE","FALSE","FALSE","http://www.inaturalist.org/observations/3269382"
"180","Acer circinatum","Plantae","TRUE","FALSE","FALSE","FALSE","http://www.inaturalist.org/observations/3252393"
"181","Acer circinatum","Plantae","TRUE","FALSE","FALSE","FALSE","http://www.inaturalist.org/observations/3255379"
"182","Acer macrophyllum","Plantae","TRUE","FALSE","FALSE","FALSE","http://www.inaturalist.org/observations/3294246"
"183","Acer macrophyllum","Plantae","TRUE","FALSE","FALSE","FALSE","http://www.inaturalist.org/observations/3269965"
"184","Acer macrophyllum","Plantae","TRUE","FALSE","FALSE","FALSE","http://www.inaturalist.org/observations/3254670"
"185","Achillea millefolium","Plantae","TRUE","FALSE","FALSE","TRUE","https://www.inaturalist.org/observations/4871657"
"186","Achillea millefolium","Plantae","TRUE","FALSE","FALSE","TRUE","http://www.inaturalist.org/observations/4451551"
"187","Achillea millefolium","Plantae","TRUE","FALSE","FALSE","TRUE","http://www.inaturalist.org/observations/4395332"
"188","Achillea millefolium","Plantae","TRUE","FALSE","FALSE","TRUE","http://www.inaturalist.org/observations/3288028"
"189","Achillea millefolium","Plantae","TRUE","FALSE","FALSE","TRUE","http://www.inaturalist.org/observations/3271278"
"190","Achillea millefolium","Plantae","TRUE","FALSE","FALSE","TRUE","http://www.inaturalist.org/observations/3269404"
"191","Achillea millefolium","Plantae","TRUE","FALSE","FALSE","TRUE","http://www.inaturalist.org/observations/3227571"
"192","Achillea millefolium","Plantae","TRUE","FALSE","FALSE","TRUE","http://www.inaturalist.org/observations/3235075"
"193","Aira elegans","Plantae","FALSE","FALSE","FALSE","FALSE","http://www.inaturalist.org/observations/3269419"
"194","Allium cernuum","Plantae","FALSE","FALSE","FALSE","FALSE","http://www.inaturalist.org/observations/3269429"
"195","Alnus rubra","Plantae","TRUE","FALSE","FALSE","TRUE","http://www.inaturalist.org/observations/3269438"
"196","Alnus rubra","Plantae","TRUE","FALSE","FALSE","TRUE","http://www.inaturalist.org/observations/3227257"
"197","Alnus rubra","Plantae","TRUE","FALSE","FALSE","TRUE","http://www.inaturalist.org/observations/3236562"
"198","Ammophila arenaria","Plantae","FALSE","FALSE","FALSE","FALSE","http://www.inaturalist.org/observations/3294625"
"199","Ammophila breviligulata","Plantae","FALSE","FALSE","FALSE","FALSE","http://www.inaturalist.org/observations/3294632"
"200","Anaphalis margaritacea","Plantae","TRUE","FALSE","FALSE","TRUE","http://www.inaturalist.org/observations/3294637"
"201","Anaphalis margaritacea","Plantae","TRUE","FALSE","FALSE","TRUE","http://www.inaturalist.org/observations/3286323"
"202","Angelica genuflexa","Plantae","TRUE","FALSE","FALSE","FALSE","http://www.inaturalist.org/observations/3269450"
"203","Angelica hendersonii","Plantae","FALSE","FALSE","FALSE","FALSE","http://www.inaturalist.org/observations/3294645"
"204","Angelica lucida","Plantae","TRUE","FALSE","FALSE","TRUE","http://www.inaturalist.org/observations/3294650"
"205","Anthoxanthum odoratum","Plantae","TRUE","FALSE","FALSE","TRUE","http://www.inaturalist.org/observations/3269465"
"206","Arctostaphylos uva-ursi","Plantae","TRUE","FALSE","FALSE","TRUE","https://www.inaturalist.org/observations/4871647"
"207","Arctostaphylos uva-ursi","Plantae","TRUE","FALSE","FALSE","TRUE","http://www.inaturalist.org/observations/3286409"
"208","Arctostaphylos uva-ursi","Plantae","TRUE","FALSE","FALSE","TRUE","http://www.inaturalist.org/observations/3269476"
"209","Arctostaphylos uva-ursi","Plantae","TRUE","FALSE","FALSE","TRUE","http://www.inaturalist.org/observations/3230219"
"210","Argentina anserina","Plantae","FALSE","FALSE","FALSE","FALSE","http://www.inaturalist.org/observations/3270595"
"211","Argentina pacifica","Plantae","FALSE","FALSE","FALSE","FALSE","http://www.inaturalist.org/observations/3296028"
"212","Armeria maritima","Plantae","FALSE","FALSE","FALSE","FALSE","http://www.inaturalist.org/observations/3294666"
"213","Artemisia suksdorfii","Plantae","FALSE","FALSE","FALSE","FALSE","http://www.inaturalist.org/observations/3294620"
"214","Aruncus dioicus","Plantae","TRUE","FALSE","FALSE","FALSE","http://www.inaturalist.org/observations/3294672"
"215","Aruncus dioicus","Plantae","TRUE","FALSE","FALSE","FALSE","http://www.inaturalist.org/observations/3274498"
"216","Athyrium filix-femina","Plantae","TRUE","FALSE","TRUE","TRUE","http://www.inaturalist.org/observations/3269482"
"217","Baccharis pilularis","Plantae","FALSE","FALSE","FALSE","FALSE","http://www.inaturalist.org/observations/3294683"
"218","Bellardia viscosa","Plantae","FALSE","FALSE","FALSE","FALSE","http://www.inaturalist.org/observations/3274691"
"219","Bellis perennis","Plantae","TRUE","FALSE","FALSE","FALSE","http://www.inaturalist.org/observations/3295629"
"220","Bellis perennis","Plantae","TRUE","FALSE","FALSE","FALSE","http://www.inaturalist.org/observations/3269496"
"221","Brassica rapa","Plantae","FALSE","FALSE","FALSE","FALSE","http://www.inaturalist.org/observations/3270430"
"222","Bromus hordeaceus","Plantae","TRUE","FALSE","FALSE","FALSE","http://www.inaturalist.org/observations/3271250"
"223","Cakile edentula","Plantae","FALSE","FALSE","FALSE","FALSE","http://www.inaturalist.org/observations/3295685"
"224","Cakile maritima","Plantae","FALSE","FALSE","FALSE","FALSE","http://www.inaturalist.org/observations/3295689"
"225","Calamagrostis nutkaensis","Plantae","FALSE","FALSE","FALSE","FALSE","http://www.inaturalist.org/observations/3295700"
"226","Calystegia sepium","Plantae","TRUE","FALSE","FALSE","FALSE","http://www.inaturalist.org/observations/3269996"
"227","Camassia quamash","Plantae","FALSE","FALSE","FALSE","FALSE","http://www.inaturalist.org/observations/3269501"
"228","Capsella bursa-pastoris","Plantae","FALSE","FALSE","FALSE","FALSE","http://www.inaturalist.org/observations/3269509"
"229","Cardionema ramosissimum","Plantae","FALSE","FALSE","FALSE","FALSE","http://www.inaturalist.org/observations/3295706"
"230","Carex kobomugi","Plantae","FALSE","FALSE","FALSE","FALSE","http://www.inaturalist.org/observations/3295718"
"231","Carex leptopoda","Plantae","FALSE","FALSE","FALSE","TRUE","http://www.inaturalist.org/observations/3295721"
"232","Carex leptopoda","Plantae","FALSE","FALSE","FALSE","TRUE","http://www.inaturalist.org/observations/3269518"
"233","Carex lyngbyei","Plantae","TRUE","FALSE","FALSE","TRUE","http://www.inaturalist.org/observations/3295726"
"234","Carex lyngbyei","Plantae","TRUE","FALSE","FALSE","TRUE","http://www.inaturalist.org/observations/3269913"
"235","Carex macrocephala","Plantae","FALSE","FALSE","FALSE","FALSE","http://www.inaturalist.org/observations/3286472"
"236","Carex obnupta","Plantae","TRUE","FALSE","FALSE","TRUE","https://www.inaturalist.org/observations/4858784"
"237","Carex obnupta","Plantae","TRUE","FALSE","FALSE","TRUE","http://www.inaturalist.org/observations/3269905"
"238","Carex pansa","Plantae","FALSE","FALSE","FALSE","FALSE","https://www.inaturalist.org/observations/4859316"
"239","Carex pansa","Plantae","FALSE","FALSE","FALSE","FALSE","http://www.inaturalist.org/observations/3286466"
"240","Castilleja miniata","Plantae","FALSE","FALSE","FALSE","FALSE","http://www.inaturalist.org/observations/3295745"
"241","Cerastium arvense","Plantae","FALSE","FALSE","FALSE","FALSE","http://www.inaturalist.org/observations/3295730"
"242","Cicuta douglasii","Plantae","TRUE","FALSE","FALSE","TRUE","http://www.inaturalist.org/observations/3269930"
"243","Cirsium brevistylum","Plantae","FALSE","FALSE","FALSE","FALSE","http://www.inaturalist.org/observations/3295735"
"244","Cirsium vulgare","Plantae","TRUE","FALSE","FALSE","TRUE","http://www.inaturalist.org/observations/4665101"
"245","Cirsium vulgare","Plantae","TRUE","FALSE","FALSE","TRUE","http://www.inaturalist.org/observations/3295679"
"246","Claytonia perfoliata","Plantae","FALSE","FALSE","FALSE","FALSE","http://www.inaturalist.org/observations/3295930"
"247","Claytonia sibirica","Plantae","TRUE","FALSE","FALSE","TRUE","http://www.inaturalist.org/observations/3295750"
"248","Claytonia sibirica","Plantae","TRUE","FALSE","FALSE","TRUE","http://www.inaturalist.org/observations/3269938"
"249","Claytonia sibirica","Plantae","TRUE","FALSE","FALSE","TRUE","http://www.inaturalist.org/observations/3256978"
"250","Claytonia sibirica","Plantae","TRUE","FALSE","FALSE","TRUE","http://www.inaturalist.org/observations/3233988"
"251","Crepis capillaris","Plantae","TRUE","FALSE","FALSE","FALSE","http://www.inaturalist.org/observations/3269949"
"252","Cytisus scoparius","Plantae","TRUE","FALSE","FALSE","TRUE","http://www.inaturalist.org/observations/3293577"
"253","Cytisus scoparius","Plantae","TRUE","FALSE","FALSE","TRUE","http://www.inaturalist.org/observations/3269954"
"254","Dactylis glomerata","Plantae","TRUE","FALSE","FALSE","TRUE","http://www.inaturalist.org/observations/3274489"
"255","Daphne laureola","Plantae","FALSE","FALSE","FALSE","FALSE","http://www.inaturalist.org/observations/3286291"
"256","Daucus carota","Plantae","FALSE","FALSE","FALSE","FALSE","http://www.inaturalist.org/observations/3293983"
"257","Daucus carota","Plantae","FALSE","FALSE","FALSE","FALSE","http://www.inaturalist.org/observations/3295758"
"258","Digitalis purpurea","Plantae","TRUE","FALSE","FALSE","TRUE","http://www.inaturalist.org/observations/3269974"
"259","Digitalis purpurea","Plantae","TRUE","FALSE","FALSE","TRUE","http://www.inaturalist.org/observations/3254618"
"260","Digitalis purpurea","Plantae","TRUE","FALSE","FALSE","TRUE","http://www.inaturalist.org/observations/3239228"
"261","Digitalis purpurea","Plantae","TRUE","FALSE","FALSE","TRUE","http://www.inaturalist.org/observations/3258210"
"262","Epilobium ciliatum","Plantae","FALSE","FALSE","FALSE","FALSE","http://www.inaturalist.org/observations/3269986"
"263","Equisetum telmateia","Plantae","TRUE","FALSE","FALSE","FALSE","http://www.inaturalist.org/observations/3270009"
"264","Erechtites minima","Plantae","TRUE","FALSE","TRUE","FALSE","http://www.inaturalist.org/observations/3270020"
"265","Erythranthe dentata","Plantae","FALSE","FALSE","FALSE","FALSE","http://www.inaturalist.org/observations/3294127"
"266","Erythranthe guttata","Plantae","FALSE","FALSE","FALSE","FALSE","http://www.inaturalist.org/observations/3295926"
"267","Euphorbia peplus","Plantae","FALSE","FALSE","FALSE","FALSE","http://www.inaturalist.org/observations/3310884"
"268","Euphorbia peplus","Plantae","FALSE","FALSE","FALSE","FALSE","http://www.inaturalist.org/observations/3271403"
"269","Festuca rubra","Plantae","TRUE","FALSE","FALSE","TRUE","http://www.inaturalist.org/observations/3295792"
"270","Fragaria chiloensis","Plantae","TRUE","FALSE","FALSE","FALSE","http://www.inaturalist.org/observations/3293347"
"271","Fragaria chiloensis","Plantae","TRUE","FALSE","FALSE","FALSE","http://www.inaturalist.org/observations/3286431"
"272","Fragaria chiloensis","Plantae","TRUE","FALSE","FALSE","FALSE","http://www.inaturalist.org/observations/3270027"
"273","Frangula purshiana","Plantae","TRUE","FALSE","TRUE","FALSE","http://www.inaturalist.org/observations/4151541"
"274","Frangula purshiana","Plantae","TRUE","FALSE","TRUE","FALSE","http://www.inaturalist.org/observations/3274688"
"275","Frangula purshiana","Plantae","TRUE","FALSE","TRUE","FALSE","http://www.inaturalist.org/observations/3270648"
"276","Fraxinus latifolia","Plantae","FALSE","FALSE","FALSE","FALSE","http://www.inaturalist.org/observations/3295796"
"277","Frullania nisquallensis","Plantae","FALSE","FALSE","FALSE","FALSE","https://www.inaturalist.org/observations/4871641"
"278","Galium aparine","Plantae","TRUE","FALSE","FALSE","TRUE","http://www.inaturalist.org/observations/3295798"
"279","Galium aparine","Plantae","TRUE","FALSE","FALSE","TRUE","http://www.inaturalist.org/observations/3271643"
"280","Gaultheria shallon","Plantae","TRUE","FALSE","FALSE","FALSE","https://www.inaturalist.org/observations/5670874"
"281","Gaultheria shallon","Plantae","TRUE","FALSE","FALSE","FALSE","https://www.inaturalist.org/observations/4784487"
"282","Gaultheria shallon","Plantae","TRUE","FALSE","FALSE","FALSE","http://www.inaturalist.org/observations/4465174"
"283","Gaultheria shallon","Plantae","TRUE","FALSE","FALSE","FALSE","http://www.inaturalist.org/observations/4403593"
"284","Gaultheria shallon","Plantae","TRUE","FALSE","FALSE","FALSE","http://www.inaturalist.org/observations/3296071"
"285","Gaultheria shallon","Plantae","TRUE","FALSE","FALSE","FALSE","http://www.inaturalist.org/observations/3270872"
"286","Gaultheria shallon","Plantae","TRUE","FALSE","FALSE","FALSE","http://www.inaturalist.org/observations/3230221"
"287","Geranium dissectum","Plantae","FALSE","FALSE","FALSE","FALSE","http://www.inaturalist.org/observations/3295803"
"288","Geranium dissectum","Plantae","FALSE","FALSE","FALSE","FALSE","http://www.inaturalist.org/observations/3270035"
"289","Geranium robertianum","Plantae","FALSE","FALSE","FALSE","FALSE","http://www.inaturalist.org/observations/3274626"
"290","Geum macrophyllum","Plantae","TRUE","FALSE","FALSE","FALSE","http://www.inaturalist.org/observations/3270043"
"291","Goodyera oblongifolia","Plantae","TRUE","FALSE","FALSE","TRUE","https://www.inaturalist.org/observations/4858790"
"292","Goodyera oblongifolia","Plantae","TRUE","FALSE","FALSE","TRUE","https://www.inaturalist.org/observations/4781110"
"293","Goodyera oblongifolia","Plantae","TRUE","FALSE","FALSE","TRUE","http://www.inaturalist.org/observations/3286308"
"294","Hedera helix","Plantae","TRUE","FALSE","FALSE","TRUE","https://www.inaturalist.org/observations/4787869"
"295","Hedera helix","Plantae","TRUE","FALSE","FALSE","TRUE","http://www.inaturalist.org/observations/4665106"
"296","Hedera helix","Plantae","TRUE","FALSE","FALSE","TRUE","http://www.inaturalist.org/observations/4395322"
"297","Hedera hibernica","Plantae","FALSE","FALSE","FALSE","TRUE","http://www.inaturalist.org/observations/3270050"
"298","Heracleum maximum","Plantae","TRUE","FALSE","TRUE","FALSE","http://www.inaturalist.org/observations/3295819"
"299","Heracleum maximum","Plantae","TRUE","FALSE","TRUE","FALSE","http://www.inaturalist.org/observations/3270058"
"300","Heracleum maximum","Plantae","TRUE","FALSE","TRUE","FALSE","http://www.inaturalist.org/observations/3257129"
"301","Hieracium albiflorum","Plantae","TRUE","FALSE","FALSE","TRUE","http://www.inaturalist.org/observations/3274471"
"302","Holodiscus discolor","Plantae","FALSE","FALSE","FALSE","FALSE","https://www.inaturalist.org/observations/4871646"
"303","Holodiscus discolor","Plantae","FALSE","FALSE","FALSE","FALSE","http://www.inaturalist.org/observations/3288025"
"304","Holodiscus discolor","Plantae","FALSE","FALSE","FALSE","FALSE","http://www.inaturalist.org/observations/3271274"
"305","Holodiscus discolor","Plantae","FALSE","FALSE","FALSE","FALSE","http://www.inaturalist.org/observations/3270069"
"306","Holodiscus discolor","Plantae","FALSE","FALSE","FALSE","FALSE","http://www.inaturalist.org/observations/3235876"
"307","Hydrophyllum tenuipes","Plantae","FALSE","FALSE","FALSE","FALSE","http://www.inaturalist.org/observations/3274302"
"308","Hydrophyllum tenuipes","Plantae","FALSE","FALSE","FALSE","FALSE","http://www.inaturalist.org/observations/3270087"
"309","Hypericum androsaemum","Plantae","FALSE","FALSE","FALSE","FALSE","http://www.inaturalist.org/observations/3293992"
"310","Hypericum perforatum","Plantae","TRUE","FALSE","FALSE","FALSE","http://www.inaturalist.org/observations/3294169"
"311","Hypochaeris radicata","Plantae","TRUE","FALSE","FALSE","FALSE","http://www.inaturalist.org/observations/3270081"
"312","Impatiens capensis","Plantae","TRUE","FALSE","FALSE","TRUE","http://www.inaturalist.org/observations/4151540"
"313","Impatiens capensis","Plantae","TRUE","FALSE","FALSE","TRUE","http://www.inaturalist.org/observations/4153368"
"314","Iris pseudacorus","Plantae","TRUE","FALSE","FALSE","FALSE","http://www.inaturalist.org/observations/3295828"
"315","Iris pseudacorus","Plantae","TRUE","FALSE","FALSE","FALSE","http://www.inaturalist.org/observations/3286425"
"316","Juncus bufonius","Plantae","FALSE","FALSE","FALSE","FALSE","http://www.inaturalist.org/observations/3295831"
"317","Juncus effusus","Plantae","TRUE","FALSE","FALSE","FALSE","http://www.inaturalist.org/observations/3270202"
"318","Juncus falcatus","Plantae","FALSE","FALSE","FALSE","FALSE","http://www.inaturalist.org/observations/3295833"
"319","Juncus lesueurii","Plantae","FALSE","FALSE","FALSE","FALSE","http://www.inaturalist.org/observations/3296074"
"320","Lapsana communis","Plantae","TRUE","FALSE","FALSE","FALSE","http://www.inaturalist.org/observations/3270208"
"321","Lathyrus japonicus","Plantae","FALSE","FALSE","FALSE","FALSE","http://www.inaturalist.org/observations/3295854"
"322","Lathyrus latifolius","Plantae","TRUE","FALSE","FALSE","TRUE","http://www.inaturalist.org/observations/3270248"
"323","Lathyrus latifolius","Plantae","TRUE","FALSE","FALSE","TRUE","http://www.inaturalist.org/observations/3264241"
"324","Lathyrus littoralis","Plantae","FALSE","FALSE","FALSE","FALSE","http://www.inaturalist.org/observations/3295859"
"325","Leontodon saxatilis","Plantae","FALSE","FALSE","FALSE","FALSE","http://www.inaturalist.org/observations/3270254"
"326","Leucanthemum vulgare","Plantae","TRUE","FALSE","FALSE","TRUE","http://www.inaturalist.org/observations/3270261"
"327","Leymus mollis","Plantae","FALSE","FALSE","FALSE","FALSE","http://www.inaturalist.org/observations/3295860"
"328","Lolium multiflorum","Plantae","FALSE","TRUE","FALSE","TRUE","http://www.inaturalist.org/observations/3274745"
"329","Lolium perenne","Plantae","TRUE","TRUE","FALSE","TRUE","http://www.inaturalist.org/observations/3295896"
"330","Lonicera involucrata","Plantae","TRUE","FALSE","FALSE","FALSE","https://www.inaturalist.org/observations/4871649"
"331","Lonicera involucrata","Plantae","TRUE","FALSE","FALSE","FALSE","http://www.inaturalist.org/observations/3295908"
"332","Lonicera involucrata","Plantae","TRUE","FALSE","FALSE","FALSE","http://www.inaturalist.org/observations/3270303"
"333","Lonicera periclymenum","Plantae","TRUE","FALSE","FALSE","FALSE","http://www.inaturalist.org/observations/3270339"
"334","Lonicera periclymenum","Plantae","TRUE","FALSE","FALSE","FALSE","http://www.inaturalist.org/observations/3264272"
"335","Lotus pedunculatus","Plantae","FALSE","FALSE","FALSE","FALSE","http://www.inaturalist.org/observations/3270346"
"336","Lupinus littoralis","Plantae","TRUE","FALSE","FALSE","FALSE","http://www.inaturalist.org/observations/3286399"
"337","Lupinus littoralis","Plantae","TRUE","FALSE","FALSE","FALSE","http://www.inaturalist.org/observations/3270369"
"338","Lupinus rivularis","Plantae","TRUE","FALSE","FALSE","TRUE","http://www.inaturalist.org/observations/3270376"
"339","Lysichiton americanus","Plantae","TRUE","FALSE","FALSE","TRUE","https://www.inaturalist.org/observations/5670873"
"340","Lysichiton americanus","Plantae","TRUE","FALSE","FALSE","TRUE","http://www.inaturalist.org/observations/3274358"
"341","Lysichiton americanus","Plantae","TRUE","FALSE","FALSE","TRUE","http://www.inaturalist.org/observations/3270386"
"342","Maianthemum dilatatum","Plantae","TRUE","FALSE","FALSE","TRUE","http://www.inaturalist.org/observations/3295911"
"343","Maianthemum dilatatum","Plantae","TRUE","FALSE","FALSE","TRUE","http://www.inaturalist.org/observations/3274459"
"344","Malus fusca","Plantae","TRUE","FALSE","FALSE","TRUE","http://www.inaturalist.org/observations/3295914"
"345","Malus fusca","Plantae","TRUE","FALSE","FALSE","TRUE","http://www.inaturalist.org/observations/3274657"
"346","Malus fusca","Plantae","TRUE","FALSE","FALSE","TRUE","http://www.inaturalist.org/observations/3271280"
"347","Marah oregana","Plantae","FALSE","FALSE","FALSE","FALSE","http://www.inaturalist.org/observations/3257991"
"348","Matricaria discoidea","Plantae","TRUE","FALSE","FALSE","TRUE","http://www.inaturalist.org/observations/3295921"
"349","Matricaria discoidea","Plantae","TRUE","FALSE","FALSE","TRUE","http://www.inaturalist.org/observations/3274676"
"350","Morella californica","Plantae","FALSE","FALSE","FALSE","FALSE","https://www.inaturalist.org/observations/4858801"
"351","Morella californica","Plantae","FALSE","FALSE","FALSE","FALSE","http://www.inaturalist.org/observations/3286376"
"352","Mycelis muralis","Plantae","FALSE","FALSE","FALSE","FALSE","http://www.inaturalist.org/observations/3274439"
"353","Mycelis muralis","Plantae","FALSE","FALSE","FALSE","FALSE","http://www.inaturalist.org/observations/3271343"
"354","Myosotis discolor","Plantae","TRUE","FALSE","FALSE","TRUE","http://www.inaturalist.org/observations/3270447"
"355","Oemleria cerasiformis","Plantae","TRUE","FALSE","FALSE","TRUE","http://www.inaturalist.org/observations/3270476"
"356","Oenanthe sarmentosa","Plantae","TRUE","FALSE","FALSE","FALSE","http://www.inaturalist.org/observations/3295937"
"357","Oenanthe sarmentosa","Plantae","TRUE","FALSE","FALSE","FALSE","http://www.inaturalist.org/observations/3270463"
"358","Petasites frigidus","Plantae","TRUE","FALSE","FALSE","FALSE","http://www.inaturalist.org/observations/3295940"
"359","Phacelia nemoralis","Plantae","FALSE","FALSE","FALSE","FALSE","http://www.inaturalist.org/observations/3294108"
"360","Phalaris arundinacea","Plantae","TRUE","FALSE","FALSE","TRUE","http://www.inaturalist.org/observations/3270483"
"361","Physocarpus capitatus","Plantae","TRUE","FALSE","FALSE","TRUE","http://www.inaturalist.org/observations/3288013"
"362","Physocarpus capitatus","Plantae","TRUE","FALSE","FALSE","TRUE","http://www.inaturalist.org/observations/3284455"
"363","Physocarpus capitatus","Plantae","TRUE","FALSE","FALSE","TRUE","http://www.inaturalist.org/observations/3284538"
"364","Physocarpus capitatus","Plantae","TRUE","FALSE","FALSE","TRUE","http://www.inaturalist.org/observations/3270491"
"365","Physocarpus capitatus","Plantae","TRUE","FALSE","FALSE","TRUE","http://www.inaturalist.org/observations/3254702"
"366","Physocarpus capitatus","Plantae","TRUE","FALSE","FALSE","TRUE","http://www.inaturalist.org/observations/3227378"
"367","Physocarpus capitatus","Plantae","TRUE","FALSE","FALSE","TRUE","http://www.inaturalist.org/observations/3227395"
"368","Picea sitchensis","Plantae","TRUE","FALSE","FALSE","TRUE","http://www.inaturalist.org/observations/3295942"
"369","Picea sitchensis","Plantae","TRUE","FALSE","FALSE","TRUE","http://www.inaturalist.org/observations/3270501"
"370","Picea sitchensis","Plantae","TRUE","FALSE","FALSE","TRUE","http://www.inaturalist.org/observations/3230866"
"371","Pinus contorta","Plantae","TRUE","FALSE","FALSE","FALSE","https://www.inaturalist.org/observations/4858794"
"372","Pinus contorta","Plantae","TRUE","FALSE","FALSE","FALSE","http://www.inaturalist.org/observations/3293344"
"373","Pinus contorta","Plantae","TRUE","FALSE","FALSE","FALSE","http://www.inaturalist.org/observations/3286313"
"374","Plantago coronopus","Plantae","FALSE","FALSE","FALSE","FALSE","http://www.inaturalist.org/observations/3295948"
"375","Plantago lanceolata","Plantae","TRUE","FALSE","FALSE","TRUE","http://www.inaturalist.org/observations/3270504"
"376","Plantago major","Plantae","TRUE","FALSE","FALSE","TRUE","http://www.inaturalist.org/observations/3295999"
"377","Plantago major","Plantae","TRUE","FALSE","FALSE","TRUE","http://www.inaturalist.org/observations/3270516"
"378","Plantago maritima","Plantae","FALSE","FALSE","FALSE","FALSE","http://www.inaturalist.org/observations/3295952"
"379","Poa annua","Plantae","FALSE","FALSE","FALSE","FALSE","http://www.inaturalist.org/observations/3296004"
"380","Poa pratensis","Plantae","TRUE","FALSE","FALSE","TRUE","http://www.inaturalist.org/observations/3296009"
"381","Poa pratensis","Plantae","TRUE","FALSE","FALSE","TRUE","http://www.inaturalist.org/observations/3270532"
"382","Polygonum paronychia","Plantae","FALSE","FALSE","FALSE","FALSE","http://www.inaturalist.org/observations/3296021"
"383","Polypodium glycyrrhiza","Plantae","TRUE","FALSE","FALSE","TRUE","http://www.inaturalist.org/observations/3270575"
"384","Polypodium scouleri","Plantae","FALSE","FALSE","FALSE","FALSE","http://www.inaturalist.org/observations/3296024"
"385","Polypogon monspeliensis","Plantae","FALSE","FALSE","FALSE","FALSE","http://www.inaturalist.org/observations/3296148"
"386","Polystichum munitum","Plantae","TRUE","FALSE","FALSE","TRUE","https://www.inaturalist.org/observations/4858798"
"387","Polystichum munitum","Plantae","TRUE","FALSE","FALSE","TRUE","http://www.inaturalist.org/observations/3296018"
"388","Polystichum munitum","Plantae","TRUE","FALSE","FALSE","TRUE","http://www.inaturalist.org/observations/3293348"
"389","Polystichum munitum","Plantae","TRUE","FALSE","FALSE","TRUE","http://www.inaturalist.org/observations/3286274"
"390","Polystichum munitum","Plantae","TRUE","FALSE","FALSE","TRUE","http://www.inaturalist.org/observations/3270582"
"391","Populus trichocarpa","Plantae","FALSE","FALSE","FALSE","FALSE","http://www.inaturalist.org/observations/3270585"
"392","Prosartes smithii","Plantae","FALSE","FALSE","FALSE","TRUE","http://www.inaturalist.org/observations/3296031"
"393","Prunella vulgaris","Plantae","TRUE","FALSE","FALSE","FALSE","http://www.inaturalist.org/observations/3296034"
"394","Prunella vulgaris","Plantae","TRUE","FALSE","FALSE","FALSE","http://www.inaturalist.org/observations/3270604"
"395","Pseudotsuga menziesii","Plantae","TRUE","FALSE","FALSE","TRUE","http://www.inaturalist.org/observations/3294183"
"396","Pteridium aquilinum","Plantae","TRUE","FALSE","FALSE","FALSE","http://www.inaturalist.org/observations/3295637"
"397","Pteridium aquilinum","Plantae","TRUE","FALSE","FALSE","FALSE","http://www.inaturalist.org/observations/3270621"
"398","Ranunculus acris","Plantae","TRUE","FALSE","FALSE","TRUE","http://www.inaturalist.org/observations/3296155"
"399","Ranunculus repens","Plantae","TRUE","FALSE","FALSE","TRUE","http://www.inaturalist.org/observations/3296038"
"400","Ranunculus repens","Plantae","TRUE","FALSE","FALSE","TRUE","http://www.inaturalist.org/observations/3270632"
"401","Raphanus raphanistrum","Plantae","FALSE","FALSE","FALSE","FALSE","http://www.inaturalist.org/observations/3296048"
"402","Reynoutria ×","Plantae","FALSE","FALSE","FALSE","FALSE","http://www.inaturalist.org/observations/3294155"
"403","Rhododendron menziesii","Plantae","FALSE","FALSE","FALSE","FALSE","http://www.inaturalist.org/observations/3274376"
"404","Ribes bracteosum","Plantae","TRUE","FALSE","FALSE","FALSE","http://www.inaturalist.org/observations/3274339"
"405","Ribes divaricatum","Plantae","TRUE","FALSE","FALSE","FALSE","http://www.inaturalist.org/observations/3271461"
"406","Ribes laxiflorum","Plantae","TRUE","FALSE","FALSE","TRUE","http://www.inaturalist.org/observations/3271447"
"407","Ribes sanguineum","Plantae","FALSE","FALSE","FALSE","FALSE","https://www.inaturalist.org/observations/4871653"
"408","Ribes sanguineum","Plantae","FALSE","FALSE","FALSE","FALSE","http://www.inaturalist.org/observations/3270698"
"409","Ribes sanguineum","Plantae","FALSE","FALSE","FALSE","FALSE","http://www.inaturalist.org/observations/3252178"
"410","Ribes sanguineum","Plantae","FALSE","FALSE","FALSE","FALSE","http://www.inaturalist.org/observations/3252550"
"411","Ricciocarpos natans","Plantae","FALSE","FALSE","FALSE","FALSE","http://www.inaturalist.org/observations/3285650"
"412","Romanzoffia tracyi","Plantae","FALSE","FALSE","FALSE","FALSE","http://www.inaturalist.org/observations/3296061"
"413","Rosa nutkana","Plantae","TRUE","FALSE","FALSE","FALSE","https://www.inaturalist.org/observations/4871654"
"414","Rosa nutkana","Plantae","TRUE","FALSE","FALSE","FALSE","https://www.inaturalist.org/observations/4858796"
"415","Rosa nutkana","Plantae","TRUE","FALSE","FALSE","FALSE","http://www.inaturalist.org/observations/4514893"
"416","Rosa nutkana","Plantae","TRUE","FALSE","FALSE","FALSE","http://www.inaturalist.org/observations/3271276"
"417","Rosa nutkana","Plantae","TRUE","FALSE","FALSE","FALSE","http://www.inaturalist.org/observations/3270713"
"418","Rosa nutkana","Plantae","TRUE","FALSE","FALSE","FALSE","http://www.inaturalist.org/observations/3233986"
"419","Rosa nutkana","Plantae","TRUE","FALSE","FALSE","FALSE","http://www.inaturalist.org/observations/3235875"
"420","Rosa nutkana","Plantae","TRUE","FALSE","FALSE","FALSE","http://www.inaturalist.org/observations/3236671"
"421","Rubus armeniacus","Plantae","FALSE","FALSE","FALSE","FALSE","http://www.inaturalist.org/observations/3270709"
"422","Rubus laciniatus","Plantae","TRUE","FALSE","FALSE","FALSE","http://www.inaturalist.org/observations/3270720"
"423","Rubus parviflorus","Plantae","TRUE","FALSE","FALSE","TRUE","http://www.inaturalist.org/observations/3296067"
"424","Rubus parviflorus","Plantae","TRUE","FALSE","FALSE","TRUE","http://www.inaturalist.org/observations/3271273"
"425","Rubus parviflorus","Plantae","TRUE","FALSE","FALSE","TRUE","http://www.inaturalist.org/observations/3270727"
"426","Rubus parviflorus","Plantae","TRUE","FALSE","FALSE","TRUE","http://www.inaturalist.org/observations/3236585"
"427","Rubus spectabilis","Plantae","TRUE","FALSE","FALSE","TRUE","http://www.inaturalist.org/observations/3296068"
"428","Rubus spectabilis","Plantae","TRUE","FALSE","FALSE","TRUE","http://www.inaturalist.org/observations/3270733"
"429","Rubus spectabilis","Plantae","TRUE","FALSE","FALSE","TRUE","http://www.inaturalist.org/observations/3233984"
"430","Rubus spectabilis","Plantae","TRUE","FALSE","FALSE","TRUE","http://www.inaturalist.org/observations/3235878"
"431","Rubus spectabilis","Plantae","TRUE","FALSE","FALSE","TRUE","http://www.inaturalist.org/observations/3236184"
"432","Rubus ursinus","Plantae","TRUE","FALSE","FALSE","TRUE","http://www.inaturalist.org/observations/3293350"
"433","Rubus ursinus","Plantae","TRUE","FALSE","FALSE","TRUE","http://www.inaturalist.org/observations/3274707"
"434","Rumex acetosella","Plantae","TRUE","FALSE","FALSE","TRUE","http://www.inaturalist.org/observations/3270755"
"435","Rumex acetosella","Plantae","TRUE","FALSE","FALSE","TRUE","http://www.inaturalist.org/observations/3236764"
"436","Rumex crispus","Plantae","TRUE","FALSE","FALSE","TRUE","http://www.inaturalist.org/observations/3270770"
"437","Rumex occidentalis","Plantae","FALSE","FALSE","FALSE","FALSE","http://www.inaturalist.org/observations/3296198"
"438","Rumex occidentalis","Plantae","FALSE","FALSE","FALSE","FALSE","http://www.inaturalist.org/observations/3270840"
"439","Sagina procumbens","Plantae","TRUE","FALSE","FALSE","TRUE","http://www.inaturalist.org/observations/3274721"
"440","Sagittaria latifolia","Plantae","TRUE","FALSE","FALSE","TRUE","http://www.inaturalist.org/observations/3270866"
"441","Salix hookeriana","Plantae","TRUE","FALSE","FALSE","TRUE","http://www.inaturalist.org/observations/3296072"
"442","Salix hookeriana","Plantae","TRUE","FALSE","FALSE","TRUE","http://www.inaturalist.org/observations/3274734"
"443","Salix lasiandra","Plantae","FALSE","FALSE","FALSE","FALSE","http://www.inaturalist.org/observations/3270875"
"444","Salix lucida","Plantae","TRUE","FALSE","FALSE","FALSE","http://www.inaturalist.org/observations/3286341"
"445","Salix scouleriana","Plantae","FALSE","FALSE","FALSE","FALSE","http://www.inaturalist.org/observations/3293979"
"446","Sambucus racemosa","Plantae","TRUE","FALSE","FALSE","FALSE","http://www.inaturalist.org/observations/3270927"
"447","Sambucus racemosa","Plantae","TRUE","FALSE","FALSE","FALSE","http://www.inaturalist.org/observations/3257075"
"448","Sambucus racemosa","Plantae","TRUE","FALSE","FALSE","FALSE","http://www.inaturalist.org/observations/3236703"
"449","Sanicula crassicaulis","Plantae","FALSE","FALSE","FALSE","FALSE","http://www.inaturalist.org/observations/3286297"
"450","Schoenoplectus acutus","Plantae","TRUE","TRUE","FALSE","FALSE","http://www.inaturalist.org/observations/3274719"
"451","Schoenoplectus acutus","Plantae","TRUE","TRUE","FALSE","FALSE","http://www.inaturalist.org/observations/3276903"
"452","Scirpus microcarpus","Plantae","TRUE","FALSE","FALSE","TRUE","http://www.inaturalist.org/observations/3270910"
"453","Scrophularia californica","Plantae","TRUE","FALSE","FALSE","TRUE","http://www.inaturalist.org/observations/3296080"
"454","Scrophularia californica","Plantae","TRUE","FALSE","FALSE","TRUE","http://www.inaturalist.org/observations/3294181"
"455","Sedum oreganum","Plantae","FALSE","FALSE","FALSE","FALSE","http://www.inaturalist.org/observations/4057686"
"456","Sedum oreganum","Plantae","FALSE","FALSE","FALSE","FALSE","http://www.inaturalist.org/observations/3293972"
"457","Senecio minimus","Plantae","FALSE","FALSE","FALSE","FALSE","http://www.inaturalist.org/observations/3295782"
"458","Solanum dulcamara","Plantae","TRUE","FALSE","FALSE","TRUE","http://www.inaturalist.org/observations/3294119"
"459","Solidago canadensis","Plantae","TRUE","FALSE","FALSE","FALSE","http://www.inaturalist.org/observations/3270986"
"460","Soliva sessilis","Plantae","FALSE","FALSE","FALSE","FALSE","http://www.inaturalist.org/observations/3296093"
"461","Sonchus asper","Plantae","TRUE","FALSE","FALSE","TRUE","http://www.inaturalist.org/observations/3271281"
"462","Sonchus asper","Plantae","TRUE","FALSE","FALSE","TRUE","http://www.inaturalist.org/observations/3270933"
"463","Sonchus oleraceus","Plantae","TRUE","FALSE","FALSE","FALSE","http://www.inaturalist.org/observations/3271631"
"464","Spergula arvensis","Plantae","TRUE","FALSE","TRUE","TRUE","http://www.inaturalist.org/observations/3270936"
"465","Spiraea douglasii","Plantae","TRUE","FALSE","FALSE","FALSE","http://www.inaturalist.org/observations/3296095"
"466","Spiraea douglasii","Plantae","TRUE","FALSE","FALSE","FALSE","http://www.inaturalist.org/observations/3271272"
"467","Spiraea douglasii","Plantae","TRUE","FALSE","FALSE","FALSE","http://www.inaturalist.org/observations/3270940"
"468","Stachys mexicana","Plantae","TRUE","FALSE","FALSE","TRUE","http://www.inaturalist.org/observations/3296097"
"469","Stachys mexicana","Plantae","TRUE","FALSE","FALSE","TRUE","http://www.inaturalist.org/observations/3274492"
"470","Stachys mexicana","Plantae","TRUE","FALSE","FALSE","TRUE","http://www.inaturalist.org/observations/3270956"
"471","Stellaria crispa","Plantae","TRUE","FALSE","FALSE","TRUE","http://www.inaturalist.org/observations/3270991"
"472","Stellaria media","Plantae","TRUE","FALSE","FALSE","TRUE","http://www.inaturalist.org/observations/3271009"
"473","Struthiopteris spicant","Plantae","FALSE","FALSE","TRUE","FALSE","http://www.inaturalist.org/observations/4665107"
"474","Struthiopteris spicant","Plantae","FALSE","FALSE","TRUE","FALSE","https://www.inaturalist.org/observations/4784485"
"475","Struthiopteris spicant","Plantae","FALSE","FALSE","TRUE","FALSE","http://www.inaturalist.org/observations/3274549"
"476","Tanacetum bipinnatum","Plantae","FALSE","FALSE","FALSE","TRUE","https://www.inaturalist.org/observations/4858799"
"477","Tanacetum bipinnatum","Plantae","FALSE","FALSE","FALSE","TRUE","http://www.inaturalist.org/observations/3286436"
"478","Taraxacum officinale","Plantae","TRUE","FALSE","FALSE","TRUE","http://www.inaturalist.org/observations/3296101"
"479","Taraxacum officinale","Plantae","TRUE","FALSE","FALSE","TRUE","http://www.inaturalist.org/observations/3271700"
"480","Tellima grandiflora","Plantae","TRUE","FALSE","FALSE","TRUE","http://www.inaturalist.org/observations/3271014"
"481","Tellima grandiflora","Plantae","TRUE","FALSE","FALSE","TRUE","http://www.inaturalist.org/observations/3257905"
"482","Thuja plicata","Plantae","TRUE","FALSE","FALSE","FALSE","https://www.inaturalist.org/observations/4871655"
"483","Thuja plicata","Plantae","TRUE","FALSE","FALSE","FALSE","http://www.inaturalist.org/observations/3271042"
"484","Thuja plicata","Plantae","TRUE","FALSE","FALSE","FALSE","http://www.inaturalist.org/observations/3235898"
"485","Tiarella trifoliata","Plantae","TRUE","FALSE","FALSE","FALSE","http://www.inaturalist.org/observations/3274508"
"486","Tolmiea menziesii","Plantae","TRUE","FALSE","FALSE","TRUE","http://www.inaturalist.org/observations/3257587"
"487","Trifolium arvense","Plantae","FALSE","FALSE","FALSE","FALSE","http://www.inaturalist.org/observations/3271134"
"488","Trifolium dubium","Plantae","TRUE","FALSE","FALSE","FALSE","http://www.inaturalist.org/observations/3271069"
"489","Trifolium pratense","Plantae","TRUE","FALSE","FALSE","TRUE","http://www.inaturalist.org/observations/3271098"
"490","Trifolium repens","Plantae","TRUE","FALSE","FALSE","TRUE","http://www.inaturalist.org/observations/3271091"
"491","Trifolium subterraneum","Plantae","FALSE","FALSE","FALSE","FALSE","http://www.inaturalist.org/observations/3271107"
"492","Trifolium wormskioldii","Plantae","FALSE","FALSE","FALSE","TRUE","http://www.inaturalist.org/observations/3296121"
"493","Triphysaria pusilla","Plantae","TRUE","FALSE","FALSE","TRUE","http://www.inaturalist.org/observations/3293967"
"494","Triteleia hyacinthina","Plantae","FALSE","FALSE","FALSE","FALSE","http://www.inaturalist.org/observations/3271150"
"495","Tsuga heterophylla","Plantae","TRUE","FALSE","FALSE","TRUE","http://www.inaturalist.org/observations/4395331"
"496","Tsuga heterophylla","Plantae","TRUE","FALSE","FALSE","TRUE","http://www.inaturalist.org/observations/3295216"
"497","Tsuga heterophylla","Plantae","TRUE","FALSE","FALSE","TRUE","http://www.inaturalist.org/observations/3271168"
"498","Typha latifolia","Plantae","TRUE","FALSE","FALSE","FALSE","http://www.inaturalist.org/observations/3271179"
"499","Urtica dioica","Plantae","TRUE","FALSE","FALSE","FALSE","http://www.inaturalist.org/observations/3271185"
"500","Urtica dioica","Plantae","TRUE","FALSE","FALSE","FALSE","http://www.inaturalist.org/observations/3258079"
"501","Vaccinium ovatum","Plantae","TRUE","FALSE","FALSE","TRUE","https://www.inaturalist.org/observations/4858788"
"502","Vaccinium ovatum","Plantae","TRUE","FALSE","FALSE","TRUE","https://www.inaturalist.org/observations/4784488"
"503","Vaccinium ovatum","Plantae","TRUE","FALSE","FALSE","TRUE","http://www.inaturalist.org/observations/4395318"
"504","Vaccinium ovatum","Plantae","TRUE","FALSE","FALSE","TRUE","http://www.inaturalist.org/observations/3293349"
"505","Vaccinium ovatum","Plantae","TRUE","FALSE","FALSE","TRUE","http://www.inaturalist.org/observations/3271199"
"506","Vaccinium ovatum","Plantae","TRUE","FALSE","FALSE","TRUE","http://www.inaturalist.org/observations/3235874"
"507","Vaccinium parvifolium","Plantae","TRUE","FALSE","FALSE","FALSE","https://www.inaturalist.org/observations/4793011"
"508","Veronica persica","Plantae","FALSE","FALSE","FALSE","FALSE","http://www.inaturalist.org/observations/3310911"
"509","Vicia gigantea","Plantae","FALSE","TRUE","FALSE","FALSE","http://www.inaturalist.org/observations/3296123"
"510","Vicia gigantea","Plantae","FALSE","TRUE","FALSE","FALSE","http://www.inaturalist.org/observations/3271207"
"511","Vicia gigantea","Plantae","FALSE","TRUE","FALSE","FALSE","http://www.inaturalist.org/observations/3251632"
"512","Vicia gigantea","Plantae","FALSE","TRUE","FALSE","FALSE","http://www.inaturalist.org/observations/3252320"
"513","Vicia hirsuta","Plantae","FALSE","FALSE","FALSE","FALSE","http://www.inaturalist.org/observations/3274758"
"514","Vicia sativa","Plantae","TRUE","TRUE","FALSE","FALSE","http://www.inaturalist.org/observations/3296129"
"515","Vicia sativa","Plantae","TRUE","TRUE","FALSE","FALSE","http://www.inaturalist.org/observations/3271214"
"516","Thamnophis ordinoides","Reptilia","TRUE","FALSE","FALSE","TRUE","http://www.inaturalist.org/observations/3230847"
"517","Thamnophis sirtalis","Reptilia","TRUE","TRUE","FALSE","FALSE","https://www.inaturalist.org/observations/4845556"
"518","Thamnophis sirtalis","Reptilia","TRUE","TRUE","FALSE","FALSE","https://www.inaturalist.org/observations/13216022"
"519","Thamnophis sirtalis","Reptilia","TRUE","TRUE","FALSE","FALSE","https://www.inaturalist.org/observations/13216162"
"520","Thamnophis sirtalis","Reptilia","TRUE","TRUE","FALSE","FALSE","http://www.inaturalist.org/observations/3482632"
"521","Thamnophis sirtalis","Reptilia","TRUE","TRUE","FALSE","FALSE","http://www.inaturalist.org/observations/3235006"
