"","Scientific_name","Iconic_taxa","Match NPSpecies","iNaturalist_Entry_count"
"1","Lithobates catesbeianus","Amphibia","Match","1"
"2","Plethodon dunni","Amphibia","Match","3"
"3","Plethodon vehiculum","Amphibia","Match","1"
"4","Pseudacris regilla","Amphibia","Match","3"
"5","Rana aurora","Amphibia","Match","3"
"6","Taricha granulosa","Amphibia","Match","3"
"7","Accipiter striatus","Aves","Match","1"
"8","Aix sponsa","Aves","Match","1"
"9","Anas crecca","Aves","Match","1"
"10","Anas platyrhynchos","Aves","Match","3"
"11","Anser albifrons","Aves","No Match","2"
"12","Ardea herodias","Aves","Match","8"
"13","Aythya collaris","Aves","No Match","1"
"14","Aythya marila","Aves","Match","4"
"15","Bombycilla cedrorum","Aves","Match","1"
"16","Branta canadensis","Aves","Match","1"
"17","Branta hutchinsii","Aves","No Match","3"
"18","Bucephala albeola","Aves","Match","2"
"19","Calypte anna","Aves","No Match","3"
"20","Cardellina pusilla","Aves","ITIS Match","1"
"21","Cathartes aura","Aves","Match","1"
"22","Catharus guttatus","Aves","Match","2"
"23","Catharus ustulatus","Aves","Match","1"
"24","Certhia americana","Aves","Match","3"
"25","Cistothorus palustris","Aves","Match","2"
"26","Colaptes auratus","Aves","Match","1"
"27","Contopus cooperi","Aves","Match","2"
"28","Corvus corax","Aves","Match","2"
"29","Cyanocitta stelleri","Aves","Match","2"
"30","Dryobates pubescens","Aves","No Match","2"
"31","Dryobates villosus","Aves","No Match","1"
"32","Falco peregrinus","Aves","No Match","1"
"33","Geothlypis trichas","Aves","Match","2"
"34","Haemorhous purpureus","Aves","ITIS Match","1"
"35","Haliaeetus leucocephalus","Aves","Match","2"
"36","Hirundo rustica","Aves","Match","3"
"37","Ixoreus naevius","Aves","Match","1"
"38","Junco hyemalis","Aves","Match","1"
"39","Larus californicus","Aves","No Match","1"
"40","Larus occidentalis","Aves","Match","3"
"41","Mareca americana","Aves","ITIS Match","2"
"42","Megaceryle alcyon","Aves","Match","2"
"43","Melospiza melodia","Aves","Match","1"
"44","Mergus merganser","Aves","Match","3"
"45","Mergus serrator","Aves","Match","1"
"46","Mimus polyglottos","Aves","No Match","1"
"47","Pandion haliaetus","Aves","Match","3"
"48","Passerculus sandwichensis","Aves","Match","1"
"49","Passerella iliaca","Aves","Match","5"
"50","Phalaropus fulicarius","Aves","No Match","1"
"51","Pipilo maculatus","Aves","No Match","1"
"52","Piranga ludoviciana","Aves","Match","1"
"53","Podilymbus podiceps","Aves","Match","1"
"54","Poecile atricapillus","Aves","Match","4"
"55","Poecile rufescens","Aves","Match","4"
"56","Regulus calendula","Aves","Match","1"
"57","Sayornis nigricans","Aves","No Match","8"
"58","Selasphorus rufus","Aves","Match","1"
"59","Setophaga coronata","Aves","ITIS Match","5"
"60","Sialia mexicana","Aves","No Match","9"
"61","Spatula discors","Aves","No Match","1"
"62","Sphyrapicus ruber","Aves","Match","1"
"63","Spinus tristis","Aves","ITIS Match","1"
"64","Strix varia","Aves","No Match","1"
"65","Tachycineta bicolor","Aves","Match","2"
"66","Thryomanes bewickii","Aves","Match","2"
"67","Troglodytes pacificus","Aves","Match","5"
"68","Turdus migratorius","Aves","Match","1"
"69","Vireo gilvus","Aves","No Match","1"
"70","Xema sabini","Aves","No Match","1"
"71","Zenaida macroura","Aves","No Match","2"
"72","Zonotrichia atricapilla","Aves","Match","3"
"73","Zonotrichia leucophrys","Aves","Match","2"
"74","Cervus canadensis","Mammalia","No Match","4"
"75","Lepus americanus","Mammalia","Match","1"
"76","Lontra canadensis","Mammalia","Match","2"
"77","Mustela frenata","Mammalia","Match","1"
"78","Neurotrichus gibbsii","Mammalia","Match","2"
"79","Odocoileus hemionus","Mammalia","Match","5"
"80","Ondatra zibethicus","Mammalia","Match","1"
"81","Tamiasciurus douglasii","Mammalia","Match","2"
"82","Abronia latifolia","Plantae","No Match","1"
"83","Acer circinatum","Plantae","Match","4"
"84","Acer macrophyllum","Plantae","Match","3"
"85","Achillea millefolium","Plantae","Match","8"
"86","Aira elegans","Plantae","No Match","1"
"87","Allium cernuum","Plantae","No Match","1"
"88","Alnus rubra","Plantae","Match","3"
"89","Ammophila arenaria","Plantae","No Match","1"
"90","Ammophila breviligulata","Plantae","No Match","1"
"91","Anaphalis margaritacea","Plantae","Match","2"
"92","Angelica genuflexa","Plantae","Match","1"
"93","Angelica hendersonii","Plantae","No Match","1"
"94","Angelica lucida","Plantae","Match","1"
"95","Anthoxanthum odoratum","Plantae","Match","1"
"96","Arctostaphylos uva-ursi","Plantae","Match","4"
"97","Argentina anserina","Plantae","No Match","1"
"98","Argentina pacifica","Plantae","No Match","1"
"99","Armeria maritima","Plantae","No Match","1"
"100","Artemisia suksdorfii","Plantae","No Match","1"
"101","Aruncus dioicus","Plantae","Match","2"
"102","Athyrium filix-femina","Plantae","Match","1"
"103","Baccharis pilularis","Plantae","No Match","1"
"104","Bellardia viscosa","Plantae","No Match","1"
"105","Bellis perennis","Plantae","Match","2"
"106","Brassica rapa","Plantae","No Match","1"
"107","Bromus hordeaceus","Plantae","Match","1"
"108","Cakile edentula","Plantae","No Match","1"
"109","Cakile maritima","Plantae","No Match","1"
"110","Calamagrostis nutkaensis","Plantae","No Match","1"
"111","Calystegia sepium","Plantae","Match","1"
"112","Camassia quamash","Plantae","No Match","1"
"113","Capsella bursa-pastoris","Plantae","No Match","1"
"114","Cardionema ramosissimum","Plantae","No Match","1"
"115","Carex kobomugi","Plantae","No Match","1"
"116","Carex leptopoda","Plantae","ITIS Match","2"
"117","Carex lyngbyei","Plantae","Match","2"
"118","Carex macrocephala","Plantae","No Match","1"
"119","Carex obnupta","Plantae","Match","2"
"120","Carex pansa","Plantae","No Match","2"
"121","Castilleja miniata","Plantae","No Match","1"
"122","Cerastium arvense","Plantae","No Match","1"
"123","Cicuta douglasii","Plantae","Match","1"
"124","Cirsium brevistylum","Plantae","No Match","1"
"125","Cirsium vulgare","Plantae","Match","2"
"126","Claytonia perfoliata","Plantae","No Match","1"
"127","Claytonia sibirica","Plantae","Match","4"
"128","Crepis capillaris","Plantae","Match","1"
"129","Cytisus scoparius","Plantae","Match","2"
"130","Dactylis glomerata","Plantae","Match","1"
"131","Daphne laureola","Plantae","No Match","1"
"132","Daucus carota","Plantae","No Match","2"
"133","Digitalis purpurea","Plantae","Match","4"
"134","Epilobium ciliatum","Plantae","No Match","1"
"135","Equisetum telmateia","Plantae","Match","1"
"136","Erechtites minima","Plantae","Match","1"
"137","Erythranthe dentata","Plantae","No Match","1"
"138","Erythranthe guttata","Plantae","No Match","1"
"139","Euphorbia peplus","Plantae","No Match","2"
"140","Festuca rubra","Plantae","Match","1"
"141","Fragaria chiloensis","Plantae","Match","3"
"142","Frangula purshiana","Plantae","Match","3"
"143","Fraxinus latifolia","Plantae","No Match","1"
"144","Frullania nisquallensis","Plantae","No Match","1"
"145","Galium aparine","Plantae","Match","2"
"146","Gaultheria shallon","Plantae","Match","7"
"147","Geranium dissectum","Plantae","No Match","2"
"148","Geranium robertianum","Plantae","No Match","1"
"149","Geum macrophyllum","Plantae","Match","1"
"150","Goodyera oblongifolia","Plantae","Match","3"
"151","Hedera helix","Plantae","Match","3"
"152","Hedera hibernica","Plantae","ITIS Match","1"
"153","Heracleum maximum","Plantae","Match","3"
"154","Hieracium albiflorum","Plantae","Match","1"
"155","Holodiscus discolor","Plantae","No Match","5"
"156","Hydrophyllum tenuipes","Plantae","No Match","2"
"157","Hypericum androsaemum","Plantae","No Match","1"
"158","Hypericum perforatum","Plantae","Match","1"
"159","Hypochaeris radicata","Plantae","Match","1"
"160","Impatiens capensis","Plantae","Match","2"
"161","Iris pseudacorus","Plantae","Match","2"
"162","Juncus bufonius","Plantae","No Match","1"
"163","Juncus effusus","Plantae","Match","1"
"164","Juncus falcatus","Plantae","No Match","1"
"165","Juncus lesueurii","Plantae","No Match","1"
"166","Lapsana communis","Plantae","Match","1"
"167","Lathyrus japonicus","Plantae","No Match","1"
"168","Lathyrus latifolius","Plantae","Match","2"
"169","Lathyrus littoralis","Plantae","No Match","1"
"170","Leontodon saxatilis","Plantae","No Match","1"
"171","Leucanthemum vulgare","Plantae","Match","1"
"172","Leymus mollis","Plantae","No Match","1"
"173","Lolium multiflorum","Plantae","NPSpecies synonym match","1"
"174","Lolium perenne","Plantae","Match","1"
"175","Lonicera involucrata","Plantae","Match","3"
"176","Lonicera periclymenum","Plantae","Match","2"
"177","Lotus pedunculatus","Plantae","No Match","1"
"178","Lupinus littoralis","Plantae","Match","2"
"179","Lupinus rivularis","Plantae","Match","1"
"180","Lysichiton americanus","Plantae","Match","3"
"181","Maianthemum dilatatum","Plantae","Match","2"
"182","Malus fusca","Plantae","Match","3"
"183","Marah oregana","Plantae","No Match","1"
"184","Matricaria discoidea","Plantae","Match","2"
"185","Morella californica","Plantae","No Match","2"
"186","Mycelis muralis","Plantae","No Match","2"
"187","Myosotis discolor","Plantae","Match","1"
"188","Oemleria cerasiformis","Plantae","Match","1"
"189","Oenanthe sarmentosa","Plantae","Match","2"
"190","Petasites frigidus","Plantae","Match","1"
"191","Phacelia nemoralis","Plantae","No Match","1"
"192","Phalaris arundinacea","Plantae","Match","1"
"193","Physocarpus capitatus","Plantae","Match","7"
"194","Picea sitchensis","Plantae","Match","3"
"195","Pinus contorta","Plantae","Match","3"
"196","Plantago coronopus","Plantae","No Match","1"
"197","Plantago lanceolata","Plantae","Match","1"
"198","Plantago major","Plantae","Match","2"
"199","Plantago maritima","Plantae","No Match","1"
"200","Poa annua","Plantae","No Match","1"
"201","Poa pratensis","Plantae","Match","2"
"202","Polygonum paronychia","Plantae","No Match","1"
"203","Polypodium glycyrrhiza","Plantae","Match","1"
"204","Polypodium scouleri","Plantae","No Match","1"
"205","Polypogon monspeliensis","Plantae","No Match","1"
"206","Polystichum munitum","Plantae","Match","5"
"207","Populus trichocarpa","Plantae","No Match","1"
"208","Prosartes smithii","Plantae","ITIS Match","1"
"209","Prunella vulgaris","Plantae","Match","2"
"210","Pseudotsuga menziesii","Plantae","Match","1"
"211","Pteridium aquilinum","Plantae","Match","2"
"212","Ranunculus acris","Plantae","Match","1"
"213","Ranunculus repens","Plantae","Match","2"
"214","Raphanus raphanistrum","Plantae","No Match","1"
"215","Reynoutria ×","Plantae","No Match","1"
"216","Rhododendron menziesii","Plantae","No Match","1"
"217","Ribes bracteosum","Plantae","Match","1"
"218","Ribes divaricatum","Plantae","Match","1"
"219","Ribes laxiflorum","Plantae","Match","1"
"220","Ribes sanguineum","Plantae","No Match","4"
"221","Ricciocarpos natans","Plantae","No Match","1"
"222","Romanzoffia tracyi","Plantae","No Match","1"
"223","Rosa nutkana","Plantae","Match","8"
"224","Rubus armeniacus","Plantae","No Match","1"
"225","Rubus laciniatus","Plantae","Match","1"
"226","Rubus parviflorus","Plantae","Match","4"
"227","Rubus spectabilis","Plantae","Match","5"
"228","Rubus ursinus","Plantae","Match","2"
"229","Rumex acetosella","Plantae","Match","2"
"230","Rumex crispus","Plantae","Match","1"
"231","Rumex occidentalis","Plantae","No Match","2"
"232","Sagina procumbens","Plantae","Match","1"
"233","Sagittaria latifolia","Plantae","Match","1"
"234","Salix hookeriana","Plantae","Match","2"
"235","Salix lasiandra","Plantae","No Match","1"
"236","Salix lucida","Plantae","Match","1"
"237","Salix scouleriana","Plantae","No Match","1"
"238","Sambucus racemosa","Plantae","Match","3"
"239","Sanicula crassicaulis","Plantae","No Match","1"
"240","Schoenoplectus acutus","Plantae","Match","2"
"241","Scirpus microcarpus","Plantae","Match","1"
"242","Scrophularia californica","Plantae","Match","2"
"243","Sedum oreganum","Plantae","No Match","2"
"244","Senecio minimus","Plantae","No Match","1"
"245","Solanum dulcamara","Plantae","Match","1"
"246","Solidago canadensis","Plantae","Match","1"
"247","Soliva sessilis","Plantae","No Match","1"
"248","Sonchus asper","Plantae","Match","2"
"249","Sonchus oleraceus","Plantae","Match","1"
"250","Spergula arvensis","Plantae","Match","1"
"251","Spiraea douglasii","Plantae","Match","3"
"252","Stachys mexicana","Plantae","Match","3"
"253","Stellaria crispa","Plantae","Match","1"
"254","Stellaria media","Plantae","Match","1"
"255","Struthiopteris spicant","Plantae","ITIS Match","3"
"256","Tanacetum bipinnatum","Plantae","ITIS Match","2"
"257","Taraxacum officinale","Plantae","Match","2"
"258","Tellima grandiflora","Plantae","Match","2"
"259","Thuja plicata","Plantae","Match","3"
"260","Tiarella trifoliata","Plantae","Match","1"
"261","Tolmiea menziesii","Plantae","Match","1"
"262","Trifolium arvense","Plantae","No Match","1"
"263","Trifolium dubium","Plantae","Match","1"
"264","Trifolium pratense","Plantae","Match","1"
"265","Trifolium repens","Plantae","Match","1"
"266","Trifolium subterraneum","Plantae","No Match","1"
"267","Trifolium wormskioldii","Plantae","ITIS Match","1"
"268","Triphysaria pusilla","Plantae","Match","1"
"269","Triteleia hyacinthina","Plantae","No Match","1"
"270","Tsuga heterophylla","Plantae","Match","3"
"271","Typha latifolia","Plantae","Match","1"
"272","Urtica dioica","Plantae","Match","2"
"273","Vaccinium ovatum","Plantae","Match","6"
"274","Vaccinium parvifolium","Plantae","Match","1"
"275","Veronica persica","Plantae","No Match","1"
"276","Vicia gigantea","Plantae","NPSpecies synonym match","4"
"277","Vicia hirsuta","Plantae","No Match","1"
"278","Vicia sativa","Plantae","Match","2"
"279","Thamnophis ordinoides","Reptilia","Match","1"
"280","Thamnophis sirtalis","Reptilia","Match","5"
"281","Trichodon trichodon","Actinopterygii","Table 4","1"
"282","Cottus asper","Actinopterygii","Table 4","2"
"283","Vespericola columbianus","Mollusca","Table 4","3"
"284","Corbicula fluminea","Mollusca","Table 4","1"
"285","Mylocheilus caurinus","Actinopterygii","Table 4","2"
"286","Fundulus diaphanus","Actinopterygii","Table 4","2"
"287","Dacrymyces chrysospermus","Fungi","Table 4","2"
"288","Cladonia botrytes","Fungi","Table 4","2"
"289","Cladonia bellidiflora","Fungi","Table 4","2"
"290","Menegazzia terebrata","Fungi","Table 4","2"
"291","Ramalina farinacea","Fungi","Table 4","2"
"292","Lobaria anthraspis","Fungi","Table 4","2"
"293","Formica obscuripes","Insecta","Table 4","4"
"294","Ariolimax columbianus","Mollusca","Table 4","5"
"295","Orgyia antiqua","Insecta","Table 4","2"
"296","Amanita muscaria","Fungi","Table 4","6"
"297","Boletus edulis","Fungi","Table 4","1"
"298","Pyrrharctia isabella","Insecta","Table 4","4"
"299","Papilio zelicaon","Insecta","Table 4","2"
"300","Sympetrum vicinum","Insecta","Table 4","2"
"301","Colias eurytheme","Insecta","Table 4","1"
"302","Prophysaon andersoni","Mollusca","Table 4","2"
"303","Trametes versicolor","Fungi","Table 4","1"
"304","Misumena vatia","Arachnida","Table 4","3"
"305","Sympetrum pallipes","Insecta","Table 4","9"
"306","Fuligo septica","Protozoa","Table 4","1"
"307","Plathemis lydia","Insecta","Table 4","3"
"308","Libellula quadrimaculata","Insecta","Table 4","5"
"309","Ctenucha rubroscapus","Insecta","Table 4","3"
"310","Laphria columbica","Insecta","Table 4","4"
"311","Sympetrum madidum","Insecta","Table 4","7"
"312","Polyphylla decemlineata","Insecta","Table 4","1"
"313","Ischnura cervula","Insecta","Table 4","9"
"314","Rhionaeschna multicolor","Insecta","Table 4","4"
"315","Aeshna palmata","Insecta","Table 4","2"
"316","Calligrapha multipunctata","Insecta","Table 4","1"
"317","Diabrotica undecimpunctata","Insecta","Table 4","2"
"318","Cryptomastix germana","Mollusca","Table 4","1"
"319","Pennisetia marginata","Insecta","Table 4","2"
"320","Salticus scenicus","Arachnida","Table 4","2"
"321","Enallagma carunculatum","Insecta","Table 4","6"
"322","Spilosoma virginica","Insecta","Table 4","3"
"323","Acronicta dactylina","Insecta","Table 4","1"
"324","Prophysaon foliolatum","Mollusca","Table 4","2"
"325","Scaphinotus angusticollis","Insecta","Table 4","4"
"326","Autographa californica","Insecta","Table 4","2"
"327","Udea profundalis","Insecta","Table 4","2"
"328","Mythimna unipuncta","Insecta","Table 4","1"
"329","Tetracis jubararia","Insecta","Table 4","2"
"330","Sabulodes aegrotata","Insecta","Table 4","1"
"331","Idia americalis","Insecta","Table 4","1"
"332","Triphosa haesitata","Insecta","Table 4","2"
"333","Xanthorhoe fossaria","Insecta","Table 4","2"
"334","Limenitis lorquini","Insecta","Table 4","1"
"335","Rhionaeschna californica","Insecta","Table 4","7"
"336","Lestes disjunctus","Insecta","Table 4","2"
"337","Panus conchatus","Fungi","Table 4","2"
"338","Celastrina echo","Insecta","Table 4","1"
"339","Phyllodesma americana","Insecta","Table 4","1"
"340","Tyria jacobaeae","Insecta","Table 4","2"
"341","Chrysoteuchia topiarius","Insecta","Table 4","1"
"342","Idaea dimidiata","Insecta","Table 4","2"
"343","Iridopsis emasculatum","Insecta","Table 4","2"
"344","Panthea virginarius","Insecta","Table 4","2"
"345","Autographa corusca","Insecta","Table 4","2"
"346","Anania tertialis","Insecta","Table 4","2"
"347","Pero morrisonaria","Insecta","Table 4","2"
"348","Protodeltote albidula","Insecta","Table 4","3"
"349","Anax junius","Insecta","Table 4","2"
"350","Sympetrum illotum","Insecta","Table 4","4"
"351","Libellula forensis","Insecta","Table 4","2"
"352","Cycloneda polita","Insecta","Table 4","3"
"353","Bombus vosnesenskii","Insecta","Table 4","5"
"354","Noctua pronuba","Insecta","Table 4","3"
"355","Largus cinctus","Insecta","Table 4","4"
"356","Calligrapha philadelphica","Insecta","Table 4","1"
"357","Bombus mixtus","Insecta","Table 4","5"
"358","Balanus glandula","Animalia","Table 4","1"
"359","Vanessa atalanta","Insecta","Table 4","1"
"360","Thallophaga taylorata","Insecta","Table 4","2"
"361","Epitheca spinigera","Insecta","Table 4","2"
"362","Apis mellifera","Insecta","Table 4","4"
"363","Bombus melanopygus","Insecta","Table 4","3"
"364","Pidonia scripta","Insecta","Table 4","2"
"365","Lepturobosca chrysocoma","Insecta","Table 4","1"
"366","Heterosilpha ramosa","Insecta","Table 4","3"
"367","Coenonympha tullia insulana","Insecta","Table 4","1"
"368","Arion rufus","Mollusca","Table 4","3"
"369","Lophocampa argentata","Insecta","Table 4","3"
"370","Pontania californica","Insecta","Table 4","1"
"371","Coccinella septempunctata","Insecta","Table 4","3"
"372","Chionodes mediofuscella","Insecta","Table 4","1"
"373","Perizoma curvilinea","Insecta","Table 4","2"
"374","Probole amicaria","Insecta","Table 4","1"
"375","Caradrina morpheus","Insecta","Table 4","1"
"376","Arctia virginalis","Insecta","Table 4","3"
"377","Ischnura perparva","Insecta","Table 4","2"
"378","Bombus flavifrons","Insecta","Table 4","2"
"379","Bombus californicus","Insecta","Table 4","1"
"380","Bombus caliginosus","Insecta","Table 4","2"
"381","Leptocottus armatus","Actinopterygii","Table 4","1"
"382","Gasterosteus aculeatus","Actinopterygii","Table 4","1"
"383","Anthonomus haematopus","Insecta","Table 4","2"
"384","Porcellio scaber","Animalia","Table 4","1"
"385","Eristalis arbustorum","Insecta","Table 4","1"
"386","Pieris marginalis","Insecta","Table 4","1"
"387","Smerinthus ophthalmica","Insecta","Table 4","2"
