"","Iconic_taxa","Scientific_name","Occurences in BISON","Invasive.Record"
"1","Amphibia","Anaxyrus americanus","VT 485; NC 282; IN 179; OK 1251; TN 213; ME 93; PE CAN 16; AL 48; AR 660; SC 36; NE 13; ON CAN 2641; WV 129; MB CAN 173; MA 227; CO 2; QC CAN 870; MO 497; ND 19; WI 327; NY 790; RI 67; DC 28; KY 384; SD 45; MN 313; KS 735; NL CAN 36; DE 24; FL 2; NJ 94; MI 527; NB CAN 412; PA 332; MS 169; IA 152; NU CAN 2; IL 320; NS CAN 139; TX 83; CT 294; NH 126; LA 39; OH 553; GA 189; NT CAN 1; VA 821; MD 366","No"
"2","Mammalia","Ondatra zibethicus","NC 89; IN 22; WY 167; BC CAN 101; SK CAN 12; PE CAN 1; UT 364; YT CAN 39; AB CAN 60; AZ 25; MT 61; KY 14; CA 196; KS 61; FL 1067; DE 8; PA 55; IA 320; MS 11; IL 172; TX 32; NS CAN 27; CT 393; GA 9; VA 127; MD 84; ID 237; OR 284; VT 93; ME 99; TN 70; OK 40; AL 16; AR 26; WA 413; SC 3; NE 149; ON CAN 430; WV 25; MB CAN 21; CO 202; MA 132; MO 34; QC CAN 26; AK 1258; ND 10; WI 46; NV 29; NY 589; DC 11; RI 7; SD 17; MN 98; NL CAN 8; NJ 102; MI 192; NB CAN 15; NU CAN 1; NM 133; NH 8; LA 275; OH 200; NT CAN 21","No"
"3","Plantae","Toxicodendron radicans","NC 702; IN 159; BC CAN 1; PE CAN 1; UT 7; AZ 36; MT 1; KY 186; KS 115; CA 2; FL 416; DE 31; PA 267; MS 139; IA 52; TX 1518; IL 296; NS CAN 23; CT 94; GA 169; VA 2209; MD 690; ID 8; VT 153; OR 1; TN 258; OK 54; ME 37; AL 321; AR 139; SC 250; WA 2; NE 28; WV 1146; ON CAN 214; MA 331; CO 15; MO 180; QC CAN 13; ND 1; WI 74; NV 1; NY 590; DC 132; RI 47; SD 8; MN 54; NJ 712; MI 228; NB CAN 3; NM 5; NH 32; LA 181; OH 355","Yes"
"4","Plantae","Viburnum plicatum","OR 6; NC 4; NY 37; DC 28; TN 1; KY 5; BC CAN 4; CA 1; KS 1; NJ 10; SC 3; WA 2; PA 23; MI 8; ON CAN 3; WV 1; MA 6; IL 4; CO 1; CT 16; MO 6; OH 13; MD 13; VA 9","Yes"
"5","Reptilia","Plestiodon fasciatus","NC 116; VT 6; IN 46; OK 687; TN 202; AL 75; AR 563; SC 59; NE 4; ON CAN 104; WV 20; MA 1; MO 395; WI 6; AZ 2; DC 60; NY 28; KY 162; SD 1; MN 83; KS 881; FL 97; DE 14; NJ 40; MI 28; PA 20; MS 97; IA 16; NM 2; TX 684; IL 98; CT 11; LA 1078; OH 61; GA 172; VA 553; MD 303","No"
