"","Scientific_name","Iconic_taxa","Match NPSpecies","iNaturalist_Entry_count"
"1","Anaxyrus americanus","Amphibia","No Match","4"
"2","Eurycea bislineata","Amphibia","Match","1"
"3","Lithobates palustris","Amphibia","ITIS Match","4"
"4","Notophthalmus viridescens","Amphibia","Match","7"
"5","Plethodon cinereus","Amphibia","Match","6"
"6","Plethodon cylindraceus","Amphibia","Match","5"
"7","Ondatra zibethicus","Mammalia","No Match","1"
"8","Sciurus carolinensis","Mammalia","Match","1"
"9","Acer rubrum","Plantae","Match","2"
"10","Achillea millefolium","Plantae","Match","1"
"11","Adiantum pedatum","Plantae","Match","1"
"12","Amphicarpaea bracteata","Plantae","ITIS Match","1"
"13","Apocynum cannabinum","Plantae","Match","2"
"14","Aquilegia canadensis","Plantae","Match","1"
"15","Arisaema triphyllum","Plantae","Match","1"
"16","Asarum canadense","Plantae","Match","1"
"17","Asimina triloba","Plantae","Match","1"
"18","Berberis thunbergii","Plantae","Match","1"
"19","Carex crinita","Plantae","Match","1"
"20","Cercis canadensis","Plantae","Match","1"
"21","Chimaphila maculata","Plantae","Match","1"
"22","Chionanthus virginicus","Plantae","Match","1"
"23","Dichanthelium clandestinum","Plantae","Match","1"
"24","Diphasiastrum digitatum","Plantae","ITIS Match","1"
"25","Fagus grandifolia","Plantae","Match","4"
"26","Goodyera pubescens","Plantae","Match","1"
"27","Hepatica americana","Plantae","Match","1"
"28","Hieracium venosum","Plantae","Match","2"
"29","Houstonia caerulea","Plantae","Match","1"
"30","Hypoxis hirsuta","Plantae","Match","1"
"31","Ilex opaca","Plantae","Match","2"
"32","Kalmia latifolia","Plantae","Match","6"
"33","Krigia dandelion","Plantae","Match","1"
"34","Liparis liliifolia","Plantae","Match","2"
"35","Liriodendron tulipifera","Plantae","Match","3"
"36","Maianthemum racemosum","Plantae","Match","1"
"37","Medeola virginiana","Plantae","Match","1"
"38","Monotropa uniflora","Plantae","Match","2"
"39","Oxalis violacea","Plantae","Match","2"
"40","Packera aurea","Plantae","Match","1"
"41","Podophyllum peltatum","Plantae","Match","1"
"42","Polystichum acrostichoides","Plantae","Match","3"
"43","Quercus alba","Plantae","Match","1"
"44","Salvia lyrata","Plantae","Match","2"
"45","Sanguinaria canadensis","Plantae","Match","1"
"46","Symplocarpus foetidus","Plantae","Match","1"
"47","Thalictrum thalictroides","Plantae","Match","2"
"48","Tipularia discolor","Plantae","Match","1"
"49","Toxicodendron radicans","Plantae","No Match","1"
"50","Typha latifolia","Plantae","Match","1"
"51","Viburnum plicatum","Plantae","No Match","1"
"52","Carphophis amoenus","Reptilia","Match","4"
"53","Chrysemys picta","Reptilia","Match","2"
"54","Diadophis punctatus","Reptilia","Match","9"
"55","Nerodia sipedon","Reptilia","Match","9"
"56","Pantherophis alleghaniensis","Reptilia","ITIS Match","2"
"57","Plestiodon fasciatus","Reptilia","No Match","4"
"58","Terrapene carolina","Reptilia","Match","4"
"59","Thamnophis sirtalis","Reptilia","Match","6"
"60","Limax maximus","Mollusca","Table 4","1"
"61","Odontotaenius disjunctus","Insecta","Table 4","1"
"62","Lithobates palustris","Animalia","Table 4","4"
"63","Gliophorus psittacinus","Fungi","Table 4","1"
"64","Hygrocybe flavescens","Fungi","Table 4","2"
"65","Chalybion californicum","Insecta","Table 4","1"
"66","Cicindela sexguttata","Insecta","Table 4","1"
