"","Scientific_name","Iconic_taxa","iNat_NPS_matches","iNat_NPSsynonym_matches","iNat_ITIS_synonym_matches","iNat_ITIS_nonsyn_matches","iNaturalist_URL"
"1","Anaxyrus americanus","Amphibia","FALSE","FALSE","FALSE","FALSE","http://www.inaturalist.org/observations/3246069"
"2","Anaxyrus americanus","Amphibia","FALSE","FALSE","FALSE","FALSE","http://www.inaturalist.org/observations/3227402"
"3","Anaxyrus americanus","Amphibia","FALSE","FALSE","FALSE","FALSE","http://www.inaturalist.org/observations/3226561"
"4","Anaxyrus americanus","Amphibia","FALSE","FALSE","FALSE","FALSE","http://www.inaturalist.org/observations/3228948"
"5","Eurycea bislineata","Amphibia","TRUE","FALSE","FALSE","TRUE","http://www.inaturalist.org/observations/3248485"
"6","Lithobates palustris","Amphibia","FALSE","FALSE","FALSE","TRUE","http://www.inaturalist.org/observations/3247005"
"7","Lithobates palustris","Amphibia","FALSE","FALSE","FALSE","TRUE","http://www.inaturalist.org/observations/3241860"
"8","Lithobates palustris","Amphibia","FALSE","FALSE","FALSE","TRUE","http://www.inaturalist.org/observations/3241861"
"9","Lithobates palustris","Amphibia","FALSE","FALSE","FALSE","TRUE","http://www.inaturalist.org/observations/3228067"
"10","Notophthalmus viridescens","Amphibia","TRUE","FALSE","FALSE","FALSE","http://www.inaturalist.org/observations/3246115"
"11","Notophthalmus viridescens","Amphibia","TRUE","FALSE","FALSE","FALSE","http://www.inaturalist.org/observations/3248313"
"12","Notophthalmus viridescens","Amphibia","TRUE","FALSE","FALSE","FALSE","http://www.inaturalist.org/observations/3248604"
"13","Notophthalmus viridescens","Amphibia","TRUE","FALSE","FALSE","FALSE","http://www.inaturalist.org/observations/3248606"
"14","Notophthalmus viridescens","Amphibia","TRUE","FALSE","FALSE","FALSE","http://www.inaturalist.org/observations/3254388"
"15","Notophthalmus viridescens","Amphibia","TRUE","FALSE","FALSE","FALSE","http://www.inaturalist.org/observations/3256355"
"16","Notophthalmus viridescens","Amphibia","TRUE","FALSE","FALSE","FALSE","http://www.inaturalist.org/observations/3256463"
"17","Plethodon cinereus","Amphibia","TRUE","TRUE","FALSE","TRUE","http://www.inaturalist.org/observations/3245800"
"18","Plethodon cinereus","Amphibia","TRUE","TRUE","FALSE","TRUE","http://www.inaturalist.org/observations/3245999"
"19","Plethodon cinereus","Amphibia","TRUE","TRUE","FALSE","TRUE","http://www.inaturalist.org/observations/3246425"
"20","Plethodon cinereus","Amphibia","TRUE","TRUE","FALSE","TRUE","http://www.inaturalist.org/observations/3252552"
"21","Plethodon cinereus","Amphibia","TRUE","TRUE","FALSE","TRUE","http://www.inaturalist.org/observations/3256339"
"22","Plethodon cinereus","Amphibia","TRUE","TRUE","FALSE","TRUE","http://www.inaturalist.org/observations/3229010"
"23","Plethodon cylindraceus","Amphibia","TRUE","FALSE","FALSE","TRUE","http://www.inaturalist.org/observations/3246601"
"24","Plethodon cylindraceus","Amphibia","TRUE","FALSE","FALSE","TRUE","http://www.inaturalist.org/observations/3246551"
"25","Plethodon cylindraceus","Amphibia","TRUE","FALSE","FALSE","TRUE","http://www.inaturalist.org/observations/3241865"
"26","Plethodon cylindraceus","Amphibia","TRUE","FALSE","FALSE","TRUE","http://www.inaturalist.org/observations/3241867"
"27","Plethodon cylindraceus","Amphibia","TRUE","FALSE","FALSE","TRUE","http://www.inaturalist.org/observations/3227292"
"28","Ondatra zibethicus","Mammalia","FALSE","FALSE","FALSE","FALSE","http://www.inaturalist.org/observations/3257997"
"29","Sciurus carolinensis","Mammalia","TRUE","FALSE","FALSE","FALSE","http://www.inaturalist.org/observations/3233129"
"30","Acer rubrum","Plantae","TRUE","FALSE","FALSE","FALSE","http://www.inaturalist.org/observations/3257438"
"31","Acer rubrum","Plantae","TRUE","FALSE","FALSE","FALSE","http://www.inaturalist.org/observations/3248440"
"32","Achillea millefolium","Plantae","TRUE","FALSE","FALSE","TRUE","http://www.inaturalist.org/observations/3226228"
"33","Adiantum pedatum","Plantae","TRUE","FALSE","FALSE","FALSE","http://www.inaturalist.org/observations/3229099"
"34","Amphicarpaea bracteata","Plantae","FALSE","FALSE","FALSE","TRUE","http://www.inaturalist.org/observations/3222504"
"35","Apocynum cannabinum","Plantae","TRUE","FALSE","FALSE","TRUE","http://www.inaturalist.org/observations/3222684"
"36","Apocynum cannabinum","Plantae","TRUE","FALSE","FALSE","TRUE","http://www.inaturalist.org/observations/3222747"
"37","Aquilegia canadensis","Plantae","TRUE","FALSE","FALSE","TRUE","http://www.inaturalist.org/observations/3232131"
"38","Arisaema triphyllum","Plantae","TRUE","FALSE","FALSE","TRUE","http://www.inaturalist.org/observations/3232073"
"39","Asarum canadense","Plantae","TRUE","FALSE","FALSE","TRUE","http://www.inaturalist.org/observations/3232026"
"40","Asimina triloba","Plantae","TRUE","FALSE","FALSE","TRUE","http://www.inaturalist.org/observations/3229047"
"41","Berberis thunbergii","Plantae","TRUE","FALSE","FALSE","TRUE","http://www.inaturalist.org/observations/3228573"
"42","Carex crinita","Plantae","TRUE","FALSE","FALSE","FALSE","http://www.inaturalist.org/observations/3238003"
"43","Cercis canadensis","Plantae","TRUE","FALSE","FALSE","FALSE","http://www.inaturalist.org/observations/3220599"
"44","Chimaphila maculata","Plantae","TRUE","FALSE","FALSE","TRUE","http://www.inaturalist.org/observations/3228659"
"45","Chionanthus virginicus","Plantae","TRUE","FALSE","FALSE","TRUE","http://www.inaturalist.org/observations/3228012"
"46","Dichanthelium clandestinum","Plantae","TRUE","FALSE","FALSE","TRUE","http://www.inaturalist.org/observations/3238022"
"47","Diphasiastrum digitatum","Plantae","FALSE","FALSE","TRUE","FALSE","http://www.inaturalist.org/observations/3228930"
"48","Fagus grandifolia","Plantae","TRUE","FALSE","FALSE","TRUE","http://www.inaturalist.org/observations/3248404"
"49","Fagus grandifolia","Plantae","TRUE","FALSE","FALSE","TRUE","http://www.inaturalist.org/observations/3254567"
"50","Fagus grandifolia","Plantae","TRUE","FALSE","FALSE","TRUE","http://www.inaturalist.org/observations/3224297"
"51","Fagus grandifolia","Plantae","TRUE","FALSE","FALSE","TRUE","http://www.inaturalist.org/observations/3224925"
"52","Goodyera pubescens","Plantae","TRUE","FALSE","FALSE","TRUE","http://www.inaturalist.org/observations/3227386"
"53","Hepatica americana","Plantae","TRUE","FALSE","TRUE","FALSE","http://www.inaturalist.org/observations/3227362"
"54","Hieracium venosum","Plantae","TRUE","FALSE","FALSE","TRUE","http://www.inaturalist.org/observations/3225579"
"55","Hieracium venosum","Plantae","TRUE","FALSE","FALSE","TRUE","http://www.inaturalist.org/observations/3223316"
"56","Houstonia caerulea","Plantae","TRUE","FALSE","FALSE","TRUE","http://www.inaturalist.org/observations/3224165"
"57","Hypoxis hirsuta","Plantae","TRUE","FALSE","FALSE","TRUE","http://www.inaturalist.org/observations/3229860"
"58","Ilex opaca","Plantae","TRUE","FALSE","FALSE","FALSE","http://www.inaturalist.org/observations/3258023"
"59","Ilex opaca","Plantae","TRUE","FALSE","FALSE","FALSE","http://www.inaturalist.org/observations/3248389"
"60","Kalmia latifolia","Plantae","TRUE","FALSE","FALSE","TRUE","http://www.inaturalist.org/observations/3238018"
"61","Kalmia latifolia","Plantae","TRUE","FALSE","FALSE","TRUE","http://www.inaturalist.org/observations/3225454"
"62","Kalmia latifolia","Plantae","TRUE","FALSE","FALSE","TRUE","http://www.inaturalist.org/observations/3225708"
"63","Kalmia latifolia","Plantae","TRUE","FALSE","FALSE","TRUE","http://www.inaturalist.org/observations/3225740"
"64","Kalmia latifolia","Plantae","TRUE","FALSE","FALSE","TRUE","http://www.inaturalist.org/observations/3231471"
"65","Kalmia latifolia","Plantae","TRUE","FALSE","FALSE","TRUE","http://www.inaturalist.org/observations/3220786"
"66","Krigia dandelion","Plantae","TRUE","FALSE","FALSE","TRUE","http://www.inaturalist.org/observations/3232171"
"67","Liparis liliifolia","Plantae","TRUE","FALSE","FALSE","FALSE","http://www.inaturalist.org/observations/3227241"
"68","Liparis liliifolia","Plantae","TRUE","FALSE","FALSE","FALSE","http://www.inaturalist.org/observations/3234065"
"69","Liriodendron tulipifera","Plantae","TRUE","FALSE","FALSE","FALSE","http://www.inaturalist.org/observations/3245686"
"70","Liriodendron tulipifera","Plantae","TRUE","FALSE","FALSE","FALSE","http://www.inaturalist.org/observations/3248507"
"71","Liriodendron tulipifera","Plantae","TRUE","FALSE","FALSE","FALSE","http://www.inaturalist.org/observations/3258224"
"72","Maianthemum racemosum","Plantae","TRUE","FALSE","FALSE","FALSE","http://www.inaturalist.org/observations/3232067"
"73","Medeola virginiana","Plantae","TRUE","FALSE","FALSE","FALSE","http://www.inaturalist.org/observations/3232144"
"74","Monotropa uniflora","Plantae","TRUE","FALSE","FALSE","TRUE","http://www.inaturalist.org/observations/3232146"
"75","Monotropa uniflora","Plantae","TRUE","FALSE","FALSE","TRUE","http://www.inaturalist.org/observations/3232212"
"76","Oxalis violacea","Plantae","TRUE","FALSE","FALSE","TRUE","http://www.inaturalist.org/observations/3232220"
"77","Oxalis violacea","Plantae","TRUE","FALSE","FALSE","TRUE","http://www.inaturalist.org/observations/3232150"
"78","Packera aurea","Plantae","TRUE","FALSE","FALSE","TRUE","http://www.inaturalist.org/observations/3228308"
"79","Podophyllum peltatum","Plantae","TRUE","FALSE","FALSE","FALSE","http://www.inaturalist.org/observations/3228525"
"80","Polystichum acrostichoides","Plantae","TRUE","FALSE","FALSE","TRUE","http://www.inaturalist.org/observations/3258061"
"81","Polystichum acrostichoides","Plantae","TRUE","FALSE","FALSE","TRUE","http://www.inaturalist.org/observations/3227382"
"82","Polystichum acrostichoides","Plantae","TRUE","FALSE","FALSE","TRUE","http://www.inaturalist.org/observations/3238005"
"83","Quercus alba","Plantae","TRUE","FALSE","FALSE","TRUE","http://www.inaturalist.org/observations/3248469"
"84","Salvia lyrata","Plantae","TRUE","FALSE","FALSE","FALSE","http://www.inaturalist.org/observations/3225357"
"85","Salvia lyrata","Plantae","TRUE","FALSE","FALSE","FALSE","http://www.inaturalist.org/observations/3229895"
"86","Sanguinaria canadensis","Plantae","TRUE","FALSE","FALSE","TRUE","http://www.inaturalist.org/observations/3228541"
"87","Symplocarpus foetidus","Plantae","TRUE","FALSE","TRUE","TRUE","http://www.inaturalist.org/observations/3226900"
"88","Thalictrum thalictroides","Plantae","TRUE","FALSE","FALSE","TRUE","http://www.inaturalist.org/observations/3225655"
"89","Thalictrum thalictroides","Plantae","TRUE","FALSE","FALSE","TRUE","http://www.inaturalist.org/observations/3228630"
"90","Tipularia discolor","Plantae","TRUE","FALSE","FALSE","TRUE","http://www.inaturalist.org/observations/3232138"
"91","Toxicodendron radicans","Plantae","FALSE","FALSE","FALSE","FALSE","http://www.inaturalist.org/observations/3258083"
"92","Typha latifolia","Plantae","TRUE","FALSE","FALSE","FALSE","http://www.inaturalist.org/observations/3226841"
"93","Viburnum plicatum","Plantae","FALSE","FALSE","FALSE","FALSE","http://www.inaturalist.org/observations/3220677"
"94","Carphophis amoenus","Reptilia","TRUE","TRUE","FALSE","FALSE","http://www.inaturalist.org/observations/3245457"
"95","Carphophis amoenus","Reptilia","TRUE","TRUE","FALSE","FALSE","http://www.inaturalist.org/observations/3245454"
"96","Carphophis amoenus","Reptilia","TRUE","TRUE","FALSE","FALSE","http://www.inaturalist.org/observations/3248328"
"97","Carphophis amoenus","Reptilia","TRUE","TRUE","FALSE","FALSE","http://www.inaturalist.org/observations/3244886"
"98","Chrysemys picta","Reptilia","TRUE","TRUE","FALSE","FALSE","http://www.inaturalist.org/observations/3232089"
"99","Chrysemys picta","Reptilia","TRUE","TRUE","FALSE","FALSE","http://www.inaturalist.org/observations/3232119"
"100","Diadophis punctatus","Reptilia","TRUE","TRUE","FALSE","FALSE","http://www.inaturalist.org/observations/3245015"
"101","Diadophis punctatus","Reptilia","TRUE","TRUE","FALSE","FALSE","http://www.inaturalist.org/observations/3254444"
"102","Diadophis punctatus","Reptilia","TRUE","TRUE","FALSE","FALSE","http://www.inaturalist.org/observations/3241846"
"103","Diadophis punctatus","Reptilia","TRUE","TRUE","FALSE","FALSE","http://www.inaturalist.org/observations/3241848"
"104","Diadophis punctatus","Reptilia","TRUE","TRUE","FALSE","FALSE","http://www.inaturalist.org/observations/3241849"
"105","Diadophis punctatus","Reptilia","TRUE","TRUE","FALSE","FALSE","http://www.inaturalist.org/observations/3241850"
"106","Diadophis punctatus","Reptilia","TRUE","TRUE","FALSE","FALSE","http://www.inaturalist.org/observations/3241851"
"107","Diadophis punctatus","Reptilia","TRUE","TRUE","FALSE","FALSE","http://www.inaturalist.org/observations/3241852"
"108","Diadophis punctatus","Reptilia","TRUE","TRUE","FALSE","FALSE","http://www.inaturalist.org/observations/3228192"
"109","Nerodia sipedon","Reptilia","TRUE","FALSE","FALSE","FALSE","http://www.inaturalist.org/observations/3241837"
"110","Nerodia sipedon","Reptilia","TRUE","FALSE","FALSE","FALSE","http://www.inaturalist.org/observations/3241838"
"111","Nerodia sipedon","Reptilia","TRUE","FALSE","FALSE","FALSE","http://www.inaturalist.org/observations/3241839"
"112","Nerodia sipedon","Reptilia","TRUE","FALSE","FALSE","FALSE","http://www.inaturalist.org/observations/3241840"
"113","Nerodia sipedon","Reptilia","TRUE","FALSE","FALSE","FALSE","http://www.inaturalist.org/observations/3241854"
"114","Nerodia sipedon","Reptilia","TRUE","FALSE","FALSE","FALSE","http://www.inaturalist.org/observations/3241856"
"115","Nerodia sipedon","Reptilia","TRUE","FALSE","FALSE","FALSE","http://www.inaturalist.org/observations/3241857"
"116","Nerodia sipedon","Reptilia","TRUE","FALSE","FALSE","FALSE","http://www.inaturalist.org/observations/3228285"
"117","Nerodia sipedon","Reptilia","TRUE","FALSE","FALSE","FALSE","http://www.inaturalist.org/observations/3228112"
"118","Pantherophis alleghaniensis","Reptilia","FALSE","FALSE","FALSE","TRUE","http://www.inaturalist.org/observations/3248459"
"119","Pantherophis alleghaniensis","Reptilia","FALSE","FALSE","FALSE","TRUE","http://www.inaturalist.org/observations/3241855"
"120","Plestiodon fasciatus","Reptilia","FALSE","FALSE","FALSE","FALSE","http://www.inaturalist.org/observations/3286401"
"121","Plestiodon fasciatus","Reptilia","FALSE","FALSE","FALSE","FALSE","http://www.inaturalist.org/observations/3227260"
"122","Plestiodon fasciatus","Reptilia","FALSE","FALSE","FALSE","FALSE","http://www.inaturalist.org/observations/3229117"
"123","Plestiodon fasciatus","Reptilia","FALSE","FALSE","FALSE","FALSE","http://www.inaturalist.org/observations/3224194"
"124","Terrapene carolina","Reptilia","TRUE","TRUE","FALSE","FALSE","http://www.inaturalist.org/observations/3248339"
"125","Terrapene carolina","Reptilia","TRUE","TRUE","FALSE","FALSE","http://www.inaturalist.org/observations/3252528"
"126","Terrapene carolina","Reptilia","TRUE","TRUE","FALSE","FALSE","http://www.inaturalist.org/observations/3241835"
"127","Terrapene carolina","Reptilia","TRUE","TRUE","FALSE","FALSE","http://www.inaturalist.org/observations/3244433"
"128","Thamnophis sirtalis","Reptilia","TRUE","TRUE","FALSE","FALSE","http://www.inaturalist.org/observations/3241870"
"129","Thamnophis sirtalis","Reptilia","TRUE","TRUE","FALSE","FALSE","http://www.inaturalist.org/observations/3241872"
"130","Thamnophis sirtalis","Reptilia","TRUE","TRUE","FALSE","FALSE","http://www.inaturalist.org/observations/3241873"
"131","Thamnophis sirtalis","Reptilia","TRUE","TRUE","FALSE","FALSE","http://www.inaturalist.org/observations/3241871"
"132","Thamnophis sirtalis","Reptilia","TRUE","TRUE","FALSE","FALSE","http://www.inaturalist.org/observations/3227418"
"133","Thamnophis sirtalis","Reptilia","TRUE","TRUE","FALSE","FALSE","http://www.inaturalist.org/observations/3227266"
