"","Iconic.taxon.name","Scientific.name","Common.name"
"1","Animalia","Armadillidium vulgare","Common Pill Woodlouse"
"2","Insecta","Apis mellifera","Western Honey Bee"
"3","Insecta","Chrysolina bankii",""
"4","Insecta","Closterotomus norwegicus","Potato Mirid"
"5","Insecta","Coccinella californica","California Lady Beetle"
"6","Insecta","Coccinella septempunctata","Seven-spotted Lady Beetle"
"7","Insecta","Coccinella trifasciata subversa","Pacific Three-banded Lady Beetle"
"8","Insecta","Dasymutilla aureola",""
"9","Insecta","Diabrotica undecimpunctata","Spotted Cucumber Beetle"
"10","Insecta","Gastrophysa cyanea","Green Dock Beetle"
"11","Insecta","Hippodamia convergens","Convergent Lady Beetle"
"12","Insecta","Hippodamia sinuata","Sinuate Lady Beetle"
"13","Insecta","Icaricia icarioides","Boisduval's Blue"
"14","Insecta","Limenitis lorquini","Lorquin's Admiral"
"15","Insecta","Mantis religiosa","European Mantis"
"16","Insecta","Rhinocyllus conicus","Nodding Thistle Receptacle Weevil"
"17","Insecta","Tessellana tessellata","Brown-spotted Bush-cricket"
"18","Insecta","Trimerotropis pallidipennis","Pallid-winged Grasshopper"
"19","Insecta","Zoniagrion exclamationis","Exclamation Damsel"
"20","Mollusca","Cornu aspersum","Garden Snail"
