"","Scientific_name","Iconic_taxa","Match NPSpecies","iNaturalist_Entry_count"
"1","Pseudacris sierra","Amphibia","No Match","1"
"2","Agelaius phoeniceus","Aves","Match","1"
"3","Diabrotica undecimpunctata","Insecta","Table 4","3"
"4","Cornu aspersum","Mollusca","Table 4","3"
"5","Hippodamia sinuata","Insecta","Table 4","1"
"6","Tessellana tessellata","Insecta","Table 4","1"
"7","Hippodamia convergens","Insecta","Table 4","3"
"8","Coccinella septempunctata","Insecta","Table 4","3"
"9","Rhinocyllus conicus","Insecta","Table 4","1"
"10","Dasymutilla aureola","Insecta","Table 4","1"
"11","Chrysolina bankii","Insecta","Table 4","2"
"12","Zoniagrion exclamationis","Insecta","Table 4","1"
"13","Armadillidium vulgare","Animalia","Table 4","1"
"14","Apis mellifera","Insecta","Table 4","1"
"15","Gastrophysa cyanea","Insecta","Table 4","2"
"16","Mantis religiosa","Insecta","Table 4","1"
"17","Limenitis lorquini","Insecta","Table 4","1"
"18","Closterotomus norwegicus","Insecta","Table 4","1"
"19","Coccinella californica","Insecta","Table 4","1"
"20","Trimerotropis pallidipennis","Insecta","Table 4","1"
"21","Coccinella trifasciata subversa","Insecta","Table 4","1"
"22","Icaricia icarioides","Insecta","Table 4","1"
