"","Iconic_taxa","iNat_entry","NPSpecies_name","Accepted_TSN","NPS_entry_TSN"
"1","Amphibia","Anaxyrus cognatus","Bufo cognatus","773516","173484"
"2","Amphibia","Anaxyrus punctatus","Bufo punctatus","773527","173491"
"3","Aves","Haemorhous mexicanus","Carpodacus mexicanus","997805","179191"
"4","Plantae","Aphyllon cooperi","Orobanche cooperi ssp. cooperi","524380","508954"
"5","Plantae","Cylindropuntia whipplei","Opuntia whipplei","511922","19745"
"6","Reptilia","Aspidoscelis velox","Cnemidophorus velox","208948","914101"
"7","Reptilia","Lampropeltis californiae","Lampropeltis getula californiae","1082675","209248"
"8","Reptilia","Sceloporus tristichus","Sceloporus undulatus tristichus","208738","208737"
