"","Iconic_taxa","Scientific_name","Occurences in BISON","Invasive.Record"
"1","Amphibia","Anaxyrus woodhousii","NC 62; OR 16; IN 16; WY 64; OK 2112; TN 7; AL 28; AR 88; UT 490; WA 104; SC 4; NE 310; CO 325; MA 21; MO 344; ND 74; AZ 593; NV 368; NY 21; MT 184; KY 166; SD 127; KS 1436; CA 163; FL 2; NJ 80; MI 14; MS 27; IA 21; NM 443; TX 1582; IL 9; CT 7; LA 162; OH 28; GA 12; VA 5; MD 2; ID 42","No"
"2","Aves","Actitis macularius","NC 20; IN 175; WY 303; BC CAN 7; UT 251; AZ 18; MT 311; KY 11; CA 507; KS 357; FL 22; DE 21; PA 1093; IA 231; MS 13; IL 354; TX 222; CT 270; GA 1; MD 304; VA 186; ID 332; VT 512; OR 354; PR 19; ME 551; OK 12; TN 7; AL 2; AR 11; WA 932; SC 49; NE 76; ON CAN 2251; WV 102; CO 1005; MA 915; MO 62; QC CAN 27; AK 3296; USVI 4; ND 166; WI 723; NV 48; NY 3252; RI 34; DC 6; SD 97; MN 1356; NJ 182; MI 1635; NB CAN 2; NM 29; NH 152; LA 7; OH 593","No"
"3","Aves","Streptopelia decaocto","NC 2316; IN 1158; WY 9767; BC CAN 30844; SK CAN 584; UT 35148; YT CAN 30; AB CAN 2805; AZ 74518; MT 20260; KY 720; CA 199848; KS 17833; FL 105997; DE 55; PA 368; MS 4948; IA 2181; TX 121213; IL 7555; NS CAN 1; CT 23; GA 14331; VA 1886; MD 183; ID 17456; OR 48622; VT 18; PR 1655; OK 15981; TN 3671; ME 8; AL 8170; AR 8309; WA 42956; SC 5122; NE 16048; ON CAN 522; WV 31; MB CAN 186; CO 97023; MA 7; MO 7586; QC CAN 293; AK 2292; USVI 20; ND 3285; WI 1227; NV 11109; NY 265; SD 5139; MN 1934; NJ 1195; MI 232; NB CAN 2; NM 36189; NH 9; LA 20592; OH 476; NT CAN 3","No"
"4","Aves","Tyto alba","NC 408; IN 434; WY 36; BC CAN 1674; SK CAN 6; UT 6623; AB CAN 5; AZ 2889; MT 60; KY 325; CA 53300; KS 1705; FL 3243; DE 1677; PA 2973; MS 314; IA 245; TX 8174; IL 460; NS CAN 3; CT 279; GA 776; VA 3365; MD 3125; ID 2910; OR 5350; VT 18; PR 11; OK 7591; TN 785; ME 2; AS 14; AL 239; AR 550; WA 7909; SC 618; NE 699; WV 182; ON CAN 88; MB CAN 1; CO 2617; MA 1135; MO 606; QC CAN 25; AK 1; ND 6; WI 138; NV 1272; NY 2111; RI 269; DC 23; HI 644; SD 132; MN 21; NJ 6719; MI 132; NB CAN 2; NM 1815; NH 9; LA 1403; OH 5308","No"
"5","Plantae","Purshia stansburyana","CA 1","No"
"6","Reptilia","Hypsiglena jani","NM 31; TX 303; OK 4; CO 1; KS 39; AZ 35","No"
