"","Scientific_name","Iconic_taxa","Match NPSpecies","iNaturalist_Entry_count"
"1","Anaxyrus cognatus","Amphibia","ITIS Match","28"
"2","Anaxyrus punctatus","Amphibia","ITIS Match","9"
"3","Anaxyrus woodhousii","Amphibia","No Match","2"
"4","Scaphiopus couchii","Amphibia","Match","12"
"5","Spea bombifrons","Amphibia","Match","5"
"6","Spea multiplicata","Amphibia","Match","21"
"7","Actitis macularius","Aves","No Match","1"
"8","Callipepla squamata","Aves","Match","1"
"9","Chordeiles minor","Aves","Match","1"
"10","Corvus corax","Aves","Match","1"
"11","Geococcyx californianus","Aves","Match","1"
"12","Haemorhous mexicanus","Aves","ITIS Match","1"
"13","Passer domesticus","Aves","Match","1"
"14","Passerina amoena","Aves","Match","1"
"15","Phalaropus tricolor","Aves","Match","1"
"16","Pheucticus melanocephalus","Aves","Match","4"
"17","Recurvirostra americana","Aves","Match","1"
"18","Selasphorus rufus","Aves","Match","2"
"19","Streptopelia decaocto","Aves","No Match","1"
"20","Tringa melanoleuca","Aves","Match","1"
"21","Tyto alba","Aves","No Match","1"
"22","Ammospermophilus leucurus","Mammalia","Match","1"
"23","Canis latrans","Mammalia","Match","1"
"24","Dipodomys ordii","Mammalia","Match","1"
"25","Lepus californicus","Mammalia","Match","2"
"26","Odocoileus hemionus","Mammalia","Match","1"
"27","Reithrodontomys megalotis","Mammalia","Match","1"
"28","Sylvilagus audubonii","Mammalia","Match","7"
"29","Achnatherum hymenoides","Plantae","Match","3"
"30","Aphyllon cooperi","Plantae","ITIS Match","1"
"31","Artemisia bigelovii","Plantae","Match","1"
"32","Asclepias subverticillata","Plantae","Match","1"
"33","Atriplex canescens","Plantae","Match","1"
"34","Bouteloua curtipendula","Plantae","Match","1"
"35","Bouteloua eriopoda","Plantae","Match","1"
"36","Bromus tectorum","Plantae","Match","1"
"37","Cylindropuntia whipplei","Plantae","ITIS Match","1"
"38","Ericameria nauseosa","Plantae","Match","1"
"39","Gutierrezia sarothrae","Plantae","Match","2"
"40","Hilaria jamesii","Plantae","NPSpecies synonym match","1"
"41","Opuntia polyacantha","Plantae","Match","4"
"42","Purshia stansburyana","Plantae","No Match","1"
"43","Solanum elaeagnifolium","Plantae","Match","1"
"44","Yucca baccata","Plantae","Match","2"
"45","Arizona elegans","Reptilia","Match","3"
"46","Aspidoscelis velox","Reptilia","ITIS Match","17"
"47","Crotalus viridis","Reptilia","Match","7"
"48","Crotaphytus collaris","Reptilia","Match","1"
"49","Holbrookia maculata","Reptilia","Match","24"
"50","Hypsiglena jani","Reptilia","No Match","6"
"51","Lampropeltis californiae","Reptilia","ITIS Match","2"
"52","Masticophis taeniatus","Reptilia","Match","2"
"53","Phrynosoma hernandesi","Reptilia","Match","22"
"54","Pituophis catenifer","Reptilia","Match","8"
"55","Sceloporus graciosus","Reptilia","Match","5"
"56","Sceloporus tristichus","Reptilia","ITIS Match","13"
"57","Uta stansburiana","Reptilia","Match","3"
"58","Dactylotum bicolor","Insecta","Table 4","1"
"59","Aphonopelma chalcodes","Arachnida","Table 4","1"
"60","Anax junius","Insecta","Table 4","1"
"61","Libellula saturata","Insecta","Table 4","1"
"62","Scolopendra polymorpha","Animalia","Table 4","1"
"63","Trimerotropis pallidipennis","Insecta","Table 4","1"
"64","Eusattus reticulatus","Insecta","Table 4","2"
"65","Pogonomyrmex rugosus","Insecta","Table 4","3"
"66","Hyles lineata","Insecta","Table 4","1"
"67","Schistocerca shoshone","Insecta","Table 4","1"
"68","Hesperotettix viridis","Insecta","Table 4","1"
"69","Amblycheila picolominii","Insecta","Table 4","1"
"70","Pyrota palpalis","Insecta","Table 4","1"
"71","Danaus plexippus","Insecta","Table 4","1"
"72","Ectypia clio","Insecta","Table 4","2"
"73","Paruroctonus boreus","Arachnida","Table 4","1"
"74","Ummidia","Arachnida","Table 4","2"
"75","Agrilus aureus","Insecta","Table 4","2"
"76","Papilio indra","Insecta","Table 4","1"
"77","Armadillidium vulgare","Animalia","Table 4","2"
