"","Scientific_name","Iconic_taxa","iNat_NPS_matches","iNat_NPSsynonym_matches","iNat_ITIS_synonym_matches","iNat_ITIS_nonsyn_matches","iNaturalist_URL"
"1","Anaxyrus cognatus","Amphibia","FALSE","FALSE","FALSE","TRUE","http://www.inaturalist.org/observations/3909534"
"2","Anaxyrus cognatus","Amphibia","FALSE","FALSE","FALSE","TRUE","http://www.inaturalist.org/observations/3909535"
"3","Anaxyrus cognatus","Amphibia","FALSE","FALSE","FALSE","TRUE","http://www.inaturalist.org/observations/3956099"
"4","Anaxyrus cognatus","Amphibia","FALSE","FALSE","FALSE","TRUE","http://www.inaturalist.org/observations/3987414"
"5","Anaxyrus cognatus","Amphibia","FALSE","FALSE","FALSE","TRUE","http://www.inaturalist.org/observations/3988026"
"6","Anaxyrus cognatus","Amphibia","FALSE","FALSE","FALSE","TRUE","http://www.inaturalist.org/observations/3988367"
"7","Anaxyrus cognatus","Amphibia","FALSE","FALSE","FALSE","TRUE","http://www.inaturalist.org/observations/3988337"
"8","Anaxyrus cognatus","Amphibia","FALSE","FALSE","FALSE","TRUE","http://www.inaturalist.org/observations/3988355"
"9","Anaxyrus cognatus","Amphibia","FALSE","FALSE","FALSE","TRUE","http://www.inaturalist.org/observations/3988289"
"10","Anaxyrus cognatus","Amphibia","FALSE","FALSE","FALSE","TRUE","http://www.inaturalist.org/observations/3988382"
"11","Anaxyrus cognatus","Amphibia","FALSE","FALSE","FALSE","TRUE","http://www.inaturalist.org/observations/3988376"
"12","Anaxyrus cognatus","Amphibia","FALSE","FALSE","FALSE","TRUE","http://www.inaturalist.org/observations/3899951"
"13","Anaxyrus cognatus","Amphibia","FALSE","FALSE","FALSE","TRUE","http://www.inaturalist.org/observations/3900087"
"14","Anaxyrus cognatus","Amphibia","FALSE","FALSE","FALSE","TRUE","http://www.inaturalist.org/observations/3902856"
"15","Anaxyrus cognatus","Amphibia","FALSE","FALSE","FALSE","TRUE","http://www.inaturalist.org/observations/3903108"
"16","Anaxyrus cognatus","Amphibia","FALSE","FALSE","FALSE","TRUE","http://www.inaturalist.org/observations/3903090"
"17","Anaxyrus cognatus","Amphibia","FALSE","FALSE","FALSE","TRUE","http://www.inaturalist.org/observations/3903134"
"18","Anaxyrus cognatus","Amphibia","FALSE","FALSE","FALSE","TRUE","http://www.inaturalist.org/observations/3909384"
"19","Anaxyrus cognatus","Amphibia","FALSE","FALSE","FALSE","TRUE","http://www.inaturalist.org/observations/3872348"
"20","Anaxyrus cognatus","Amphibia","FALSE","FALSE","FALSE","TRUE","http://www.inaturalist.org/observations/3896384"
"21","Anaxyrus cognatus","Amphibia","FALSE","FALSE","FALSE","TRUE","http://www.inaturalist.org/observations/3897196"
"22","Anaxyrus cognatus","Amphibia","FALSE","FALSE","FALSE","TRUE","http://www.inaturalist.org/observations/3872146"
"23","Anaxyrus cognatus","Amphibia","FALSE","FALSE","FALSE","TRUE","http://www.inaturalist.org/observations/3865943"
"24","Anaxyrus cognatus","Amphibia","FALSE","FALSE","FALSE","TRUE","http://www.inaturalist.org/observations/3856907"
"25","Anaxyrus cognatus","Amphibia","FALSE","FALSE","FALSE","TRUE","http://www.inaturalist.org/observations/3857031"
"26","Anaxyrus cognatus","Amphibia","FALSE","FALSE","FALSE","TRUE","http://www.inaturalist.org/observations/3857597"
"27","Anaxyrus cognatus","Amphibia","FALSE","FALSE","FALSE","TRUE","http://www.inaturalist.org/observations/3857467"
"28","Anaxyrus cognatus","Amphibia","FALSE","FALSE","FALSE","TRUE","http://www.inaturalist.org/observations/3857507"
"29","Anaxyrus punctatus","Amphibia","FALSE","FALSE","FALSE","TRUE","http://www.inaturalist.org/observations/3956519"
"30","Anaxyrus punctatus","Amphibia","FALSE","FALSE","FALSE","TRUE","http://www.inaturalist.org/observations/3872290"
"31","Anaxyrus punctatus","Amphibia","FALSE","FALSE","FALSE","TRUE","http://www.inaturalist.org/observations/3882809"
"32","Anaxyrus punctatus","Amphibia","FALSE","FALSE","FALSE","TRUE","http://www.inaturalist.org/observations/3898957"
"33","Anaxyrus punctatus","Amphibia","FALSE","FALSE","FALSE","TRUE","http://www.inaturalist.org/observations/3863625"
"34","Anaxyrus punctatus","Amphibia","FALSE","FALSE","FALSE","TRUE","http://www.inaturalist.org/observations/3865437"
"35","Anaxyrus punctatus","Amphibia","FALSE","FALSE","FALSE","TRUE","http://www.inaturalist.org/observations/3872171"
"36","Anaxyrus punctatus","Amphibia","FALSE","FALSE","FALSE","TRUE","http://www.inaturalist.org/observations/3872237"
"37","Anaxyrus punctatus","Amphibia","FALSE","FALSE","FALSE","TRUE","http://www.inaturalist.org/observations/3857546"
"38","Anaxyrus woodhousii","Amphibia","FALSE","FALSE","FALSE","FALSE","http://www.inaturalist.org/observations/3865205"
"39","Anaxyrus woodhousii","Amphibia","FALSE","FALSE","FALSE","FALSE","http://www.inaturalist.org/observations/3856955"
"40","Scaphiopus couchii","Amphibia","TRUE","FALSE","FALSE","FALSE","http://www.inaturalist.org/observations/3988386"
"41","Scaphiopus couchii","Amphibia","TRUE","FALSE","FALSE","FALSE","http://www.inaturalist.org/observations/3987904"
"42","Scaphiopus couchii","Amphibia","TRUE","FALSE","FALSE","FALSE","http://www.inaturalist.org/observations/3988147"
"43","Scaphiopus couchii","Amphibia","TRUE","FALSE","FALSE","FALSE","http://www.inaturalist.org/observations/3988336"
"44","Scaphiopus couchii","Amphibia","TRUE","FALSE","FALSE","FALSE","http://www.inaturalist.org/observations/3903023"
"45","Scaphiopus couchii","Amphibia","TRUE","FALSE","FALSE","FALSE","http://www.inaturalist.org/observations/3903020"
"46","Scaphiopus couchii","Amphibia","TRUE","FALSE","FALSE","FALSE","http://www.inaturalist.org/observations/3903185"
"47","Scaphiopus couchii","Amphibia","TRUE","FALSE","FALSE","FALSE","http://www.inaturalist.org/observations/3896368"
"48","Scaphiopus couchii","Amphibia","TRUE","FALSE","FALSE","FALSE","http://www.inaturalist.org/observations/3865415"
"49","Scaphiopus couchii","Amphibia","TRUE","FALSE","FALSE","FALSE","http://www.inaturalist.org/observations/3865530"
"50","Scaphiopus couchii","Amphibia","TRUE","FALSE","FALSE","FALSE","http://www.inaturalist.org/observations/3865994"
"51","Scaphiopus couchii","Amphibia","TRUE","FALSE","FALSE","FALSE","http://www.inaturalist.org/observations/3857656"
"52","Spea bombifrons","Amphibia","TRUE","FALSE","FALSE","TRUE","http://www.inaturalist.org/observations/3903151"
"53","Spea bombifrons","Amphibia","TRUE","FALSE","FALSE","TRUE","http://www.inaturalist.org/observations/3872362"
"54","Spea bombifrons","Amphibia","TRUE","FALSE","FALSE","TRUE","http://www.inaturalist.org/observations/3865523"
"55","Spea bombifrons","Amphibia","TRUE","FALSE","FALSE","TRUE","http://www.inaturalist.org/observations/3857173"
"56","Spea bombifrons","Amphibia","TRUE","FALSE","FALSE","TRUE","http://www.inaturalist.org/observations/3857999"
"57","Spea multiplicata","Amphibia","TRUE","FALSE","FALSE","TRUE","http://www.inaturalist.org/observations/3910028"
"58","Spea multiplicata","Amphibia","TRUE","FALSE","FALSE","TRUE","http://www.inaturalist.org/observations/3949705"
"59","Spea multiplicata","Amphibia","TRUE","FALSE","FALSE","TRUE","http://www.inaturalist.org/observations/3987371"
"60","Spea multiplicata","Amphibia","TRUE","FALSE","FALSE","TRUE","http://www.inaturalist.org/observations/3988197"
"61","Spea multiplicata","Amphibia","TRUE","FALSE","FALSE","TRUE","http://www.inaturalist.org/observations/3956672"
"62","Spea multiplicata","Amphibia","TRUE","FALSE","FALSE","TRUE","http://www.inaturalist.org/observations/3902879"
"63","Spea multiplicata","Amphibia","TRUE","FALSE","FALSE","TRUE","http://www.inaturalist.org/observations/3902796"
"64","Spea multiplicata","Amphibia","TRUE","FALSE","FALSE","TRUE","http://www.inaturalist.org/observations/3902913"
"65","Spea multiplicata","Amphibia","TRUE","FALSE","FALSE","TRUE","http://www.inaturalist.org/observations/3903155"
"66","Spea multiplicata","Amphibia","TRUE","FALSE","FALSE","TRUE","http://www.inaturalist.org/observations/3903599"
"67","Spea multiplicata","Amphibia","TRUE","FALSE","FALSE","TRUE","http://www.inaturalist.org/observations/3908052"
"68","Spea multiplicata","Amphibia","TRUE","FALSE","FALSE","TRUE","http://www.inaturalist.org/observations/3908058"
"69","Spea multiplicata","Amphibia","TRUE","FALSE","FALSE","TRUE","http://www.inaturalist.org/observations/3908063"
"70","Spea multiplicata","Amphibia","TRUE","FALSE","FALSE","TRUE","http://www.inaturalist.org/observations/3889237"
"71","Spea multiplicata","Amphibia","TRUE","FALSE","FALSE","TRUE","http://www.inaturalist.org/observations/3872731"
"72","Spea multiplicata","Amphibia","TRUE","FALSE","FALSE","TRUE","http://www.inaturalist.org/observations/3872092"
"73","Spea multiplicata","Amphibia","TRUE","FALSE","FALSE","TRUE","http://www.inaturalist.org/observations/3872260"
"74","Spea multiplicata","Amphibia","TRUE","FALSE","FALSE","TRUE","http://www.inaturalist.org/observations/3857147"
"75","Spea multiplicata","Amphibia","TRUE","FALSE","FALSE","TRUE","http://www.inaturalist.org/observations/3857532"
"76","Spea multiplicata","Amphibia","TRUE","FALSE","FALSE","TRUE","http://www.inaturalist.org/observations/3857583"
"77","Spea multiplicata","Amphibia","TRUE","FALSE","FALSE","TRUE","http://www.inaturalist.org/observations/3857591"
"78","Actitis macularius","Aves","FALSE","FALSE","FALSE","FALSE","http://www.inaturalist.org/observations/3854051"
"79","Callipepla squamata","Aves","TRUE","FALSE","FALSE","FALSE","http://www.inaturalist.org/observations/3899778"
"80","Chordeiles minor","Aves","TRUE","FALSE","FALSE","TRUE","http://www.inaturalist.org/observations/3899678"
"81","Corvus corax","Aves","TRUE","FALSE","FALSE","FALSE","http://www.inaturalist.org/observations/3908906"
"82","Geococcyx californianus","Aves","TRUE","FALSE","FALSE","FALSE","http://www.inaturalist.org/observations/3892114"
"83","Haemorhous mexicanus","Aves","FALSE","FALSE","FALSE","TRUE","http://www.inaturalist.org/observations/3854062"
"84","Passer domesticus","Aves","TRUE","FALSE","FALSE","FALSE","http://www.inaturalist.org/observations/3854060"
"85","Passerina amoena","Aves","TRUE","FALSE","FALSE","FALSE","http://www.inaturalist.org/observations/3899758"
"86","Phalaropus tricolor","Aves","TRUE","FALSE","FALSE","TRUE","http://www.inaturalist.org/observations/3854076"
"87","Pheucticus melanocephalus","Aves","TRUE","FALSE","FALSE","FALSE","http://www.inaturalist.org/observations/3914222"
"88","Pheucticus melanocephalus","Aves","TRUE","FALSE","FALSE","FALSE","http://www.inaturalist.org/observations/3905952"
"89","Pheucticus melanocephalus","Aves","TRUE","FALSE","FALSE","FALSE","http://www.inaturalist.org/observations/3898665"
"90","Pheucticus melanocephalus","Aves","TRUE","FALSE","FALSE","FALSE","http://www.inaturalist.org/observations/3854056"
"91","Recurvirostra americana","Aves","TRUE","FALSE","FALSE","FALSE","http://www.inaturalist.org/observations/3854071"
"92","Selasphorus rufus","Aves","TRUE","FALSE","FALSE","FALSE","http://www.inaturalist.org/observations/3854068"
"93","Selasphorus rufus","Aves","TRUE","FALSE","FALSE","FALSE","http://www.inaturalist.org/observations/3855985"
"94","Streptopelia decaocto","Aves","FALSE","FALSE","FALSE","FALSE","http://www.inaturalist.org/observations/3854066"
"95","Tringa melanoleuca","Aves","TRUE","FALSE","FALSE","FALSE","http://www.inaturalist.org/observations/3854052"
"96","Tyto alba","Aves","FALSE","FALSE","FALSE","FALSE","http://www.inaturalist.org/observations/3872609"
"97","Ammospermophilus leucurus","Mammalia","TRUE","FALSE","FALSE","FALSE","http://www.inaturalist.org/observations/3854059"
"98","Canis latrans","Mammalia","TRUE","FALSE","FALSE","FALSE","http://www.inaturalist.org/observations/3899647"
"99","Dipodomys ordii","Mammalia","TRUE","FALSE","FALSE","FALSE","http://www.inaturalist.org/observations/3862208"
"100","Lepus californicus","Mammalia","TRUE","FALSE","FALSE","FALSE","http://www.inaturalist.org/observations/3897202"
"101","Lepus californicus","Mammalia","TRUE","FALSE","FALSE","FALSE","http://www.inaturalist.org/observations/3854054"
"102","Odocoileus hemionus","Mammalia","TRUE","FALSE","FALSE","FALSE","http://www.inaturalist.org/observations/3899777"
"103","Reithrodontomys megalotis","Mammalia","TRUE","FALSE","FALSE","TRUE","http://www.inaturalist.org/observations/3872564"
"104","Sylvilagus audubonii","Mammalia","TRUE","FALSE","FALSE","FALSE","http://www.inaturalist.org/observations/3902908"
"105","Sylvilagus audubonii","Mammalia","TRUE","FALSE","FALSE","FALSE","http://www.inaturalist.org/observations/3908776"
"106","Sylvilagus audubonii","Mammalia","TRUE","FALSE","FALSE","FALSE","http://www.inaturalist.org/observations/3896746"
"107","Sylvilagus audubonii","Mammalia","TRUE","FALSE","FALSE","FALSE","http://www.inaturalist.org/observations/3899775"
"108","Sylvilagus audubonii","Mammalia","TRUE","FALSE","FALSE","FALSE","http://www.inaturalist.org/observations/3899776"
"109","Sylvilagus audubonii","Mammalia","TRUE","FALSE","FALSE","FALSE","http://www.inaturalist.org/observations/3870999"
"110","Sylvilagus audubonii","Mammalia","TRUE","FALSE","FALSE","FALSE","http://www.inaturalist.org/observations/3857926"
"111","Achnatherum hymenoides","Plantae","TRUE","FALSE","FALSE","TRUE","http://www.inaturalist.org/observations/3988032"
"112","Achnatherum hymenoides","Plantae","TRUE","FALSE","FALSE","TRUE","http://www.inaturalist.org/observations/3900567"
"113","Achnatherum hymenoides","Plantae","TRUE","FALSE","FALSE","TRUE","http://www.inaturalist.org/observations/3871591"
"114","Aphyllon cooperi","Plantae","FALSE","FALSE","TRUE","FALSE","http://www.inaturalist.org/observations/3871580"
"115","Artemisia bigelovii","Plantae","TRUE","FALSE","FALSE","FALSE","http://www.inaturalist.org/observations/3871566"
"116","Asclepias subverticillata","Plantae","TRUE","FALSE","FALSE","TRUE","http://www.inaturalist.org/observations/3897037"
"117","Atriplex canescens","Plantae","TRUE","FALSE","FALSE","FALSE","http://www.inaturalist.org/observations/3856909"
"118","Bouteloua curtipendula","Plantae","TRUE","FALSE","FALSE","TRUE","http://www.inaturalist.org/observations/3988068"
"119","Bouteloua eriopoda","Plantae","TRUE","FALSE","FALSE","TRUE","http://www.inaturalist.org/observations/3988188"
"120","Bromus tectorum","Plantae","TRUE","FALSE","FALSE","TRUE","http://www.inaturalist.org/observations/3988057"
"121","Cylindropuntia whipplei","Plantae","FALSE","FALSE","FALSE","TRUE","http://www.inaturalist.org/observations/3867636"
"122","Ericameria nauseosa","Plantae","TRUE","FALSE","FALSE","FALSE","http://www.inaturalist.org/observations/3903600"
"123","Gutierrezia sarothrae","Plantae","TRUE","FALSE","FALSE","TRUE","http://www.inaturalist.org/observations/3919163"
"124","Gutierrezia sarothrae","Plantae","TRUE","FALSE","FALSE","TRUE","http://www.inaturalist.org/observations/3896740"
"125","Hilaria jamesii","Plantae","FALSE","TRUE","FALSE","TRUE","http://www.inaturalist.org/observations/3987954"
"126","Opuntia polyacantha","Plantae","TRUE","FALSE","FALSE","FALSE","http://www.inaturalist.org/observations/3988270"
"127","Opuntia polyacantha","Plantae","TRUE","FALSE","FALSE","FALSE","http://www.inaturalist.org/observations/3900577"
"128","Opuntia polyacantha","Plantae","TRUE","FALSE","FALSE","FALSE","http://www.inaturalist.org/observations/3905935"
"129","Opuntia polyacantha","Plantae","TRUE","FALSE","FALSE","FALSE","http://www.inaturalist.org/observations/3871563"
"130","Purshia stansburyana","Plantae","FALSE","FALSE","FALSE","FALSE","http://www.inaturalist.org/observations/3871175"
"131","Solanum elaeagnifolium","Plantae","TRUE","FALSE","FALSE","FALSE","http://www.inaturalist.org/observations/3887114"
"132","Yucca baccata","Plantae","TRUE","FALSE","FALSE","FALSE","http://www.inaturalist.org/observations/3988307"
"133","Yucca baccata","Plantae","TRUE","FALSE","FALSE","FALSE","http://www.inaturalist.org/observations/3871585"
"134","Arizona elegans","Reptilia","TRUE","FALSE","FALSE","FALSE","http://www.inaturalist.org/observations/3902903"
"135","Arizona elegans","Reptilia","TRUE","FALSE","FALSE","FALSE","http://www.inaturalist.org/observations/3905927"
"136","Arizona elegans","Reptilia","TRUE","FALSE","FALSE","FALSE","http://www.inaturalist.org/observations/3861624"
"137","Aspidoscelis velox","Reptilia","FALSE","FALSE","TRUE","FALSE","http://www.inaturalist.org/observations/3909884"
"138","Aspidoscelis velox","Reptilia","FALSE","FALSE","TRUE","FALSE","http://www.inaturalist.org/observations/3950024"
"139","Aspidoscelis velox","Reptilia","FALSE","FALSE","TRUE","FALSE","http://www.inaturalist.org/observations/3899995"
"140","Aspidoscelis velox","Reptilia","FALSE","FALSE","TRUE","FALSE","http://www.inaturalist.org/observations/3901075"
"141","Aspidoscelis velox","Reptilia","FALSE","FALSE","TRUE","FALSE","http://www.inaturalist.org/observations/3872500"
"142","Aspidoscelis velox","Reptilia","FALSE","FALSE","TRUE","FALSE","http://www.inaturalist.org/observations/3872476"
"143","Aspidoscelis velox","Reptilia","FALSE","FALSE","TRUE","FALSE","http://www.inaturalist.org/observations/3872607"
"144","Aspidoscelis velox","Reptilia","FALSE","FALSE","TRUE","FALSE","http://www.inaturalist.org/observations/3872599"
"145","Aspidoscelis velox","Reptilia","FALSE","FALSE","TRUE","FALSE","http://www.inaturalist.org/observations/3889248"
"146","Aspidoscelis velox","Reptilia","FALSE","FALSE","TRUE","FALSE","http://www.inaturalist.org/observations/3898141"
"147","Aspidoscelis velox","Reptilia","FALSE","FALSE","TRUE","FALSE","http://www.inaturalist.org/observations/3898137"
"148","Aspidoscelis velox","Reptilia","FALSE","FALSE","TRUE","FALSE","http://www.inaturalist.org/observations/3862330"
"149","Aspidoscelis velox","Reptilia","FALSE","FALSE","TRUE","FALSE","http://www.inaturalist.org/observations/3867316"
"150","Aspidoscelis velox","Reptilia","FALSE","FALSE","TRUE","FALSE","http://www.inaturalist.org/observations/3867268"
"151","Aspidoscelis velox","Reptilia","FALSE","FALSE","TRUE","FALSE","http://www.inaturalist.org/observations/3857992"
"152","Aspidoscelis velox","Reptilia","FALSE","FALSE","TRUE","FALSE","http://www.inaturalist.org/observations/3857990"
"153","Aspidoscelis velox","Reptilia","FALSE","FALSE","TRUE","FALSE","http://www.inaturalist.org/observations/3860732"
"154","Crotalus viridis","Reptilia","TRUE","FALSE","FALSE","TRUE","http://www.inaturalist.org/observations/3988234"
"155","Crotalus viridis","Reptilia","TRUE","FALSE","FALSE","TRUE","http://www.inaturalist.org/observations/3988370"
"156","Crotalus viridis","Reptilia","TRUE","FALSE","FALSE","TRUE","http://www.inaturalist.org/observations/3901085"
"157","Crotalus viridis","Reptilia","TRUE","FALSE","FALSE","TRUE","http://www.inaturalist.org/observations/3902490"
"158","Crotalus viridis","Reptilia","TRUE","FALSE","FALSE","TRUE","http://www.inaturalist.org/observations/3905312"
"159","Crotalus viridis","Reptilia","TRUE","FALSE","FALSE","TRUE","http://www.inaturalist.org/observations/3909391"
"160","Crotalus viridis","Reptilia","TRUE","FALSE","FALSE","TRUE","http://www.inaturalist.org/observations/3857404"
"161","Crotaphytus collaris","Reptilia","TRUE","FALSE","FALSE","TRUE","http://www.inaturalist.org/observations/3902775"
"162","Holbrookia maculata","Reptilia","TRUE","FALSE","FALSE","FALSE","http://www.inaturalist.org/observations/3909507"
"163","Holbrookia maculata","Reptilia","TRUE","FALSE","FALSE","FALSE","http://www.inaturalist.org/observations/3909494"
"164","Holbrookia maculata","Reptilia","TRUE","FALSE","FALSE","FALSE","http://www.inaturalist.org/observations/3909542"
"165","Holbrookia maculata","Reptilia","TRUE","FALSE","FALSE","FALSE","http://www.inaturalist.org/observations/3988346"
"166","Holbrookia maculata","Reptilia","TRUE","FALSE","FALSE","FALSE","http://www.inaturalist.org/observations/3901092"
"167","Holbrookia maculata","Reptilia","TRUE","FALSE","FALSE","FALSE","http://www.inaturalist.org/observations/3902862"
"168","Holbrookia maculata","Reptilia","TRUE","FALSE","FALSE","FALSE","http://www.inaturalist.org/observations/3903098"
"169","Holbrookia maculata","Reptilia","TRUE","FALSE","FALSE","FALSE","http://www.inaturalist.org/observations/3872606"
"170","Holbrookia maculata","Reptilia","TRUE","FALSE","FALSE","FALSE","http://www.inaturalist.org/observations/3862342"
"171","Holbrookia maculata","Reptilia","TRUE","FALSE","FALSE","FALSE","http://www.inaturalist.org/observations/3862240"
"172","Holbrookia maculata","Reptilia","TRUE","FALSE","FALSE","FALSE","http://www.inaturalist.org/observations/3862260"
"173","Holbrookia maculata","Reptilia","TRUE","FALSE","FALSE","FALSE","http://www.inaturalist.org/observations/3867394"
"174","Holbrookia maculata","Reptilia","TRUE","FALSE","FALSE","FALSE","http://www.inaturalist.org/observations/3867403"
"175","Holbrookia maculata","Reptilia","TRUE","FALSE","FALSE","FALSE","http://www.inaturalist.org/observations/3871608"
"176","Holbrookia maculata","Reptilia","TRUE","FALSE","FALSE","FALSE","http://www.inaturalist.org/observations/3871902"
"177","Holbrookia maculata","Reptilia","TRUE","FALSE","FALSE","FALSE","http://www.inaturalist.org/observations/3871904"
"178","Holbrookia maculata","Reptilia","TRUE","FALSE","FALSE","FALSE","http://www.inaturalist.org/observations/3871906"
"179","Holbrookia maculata","Reptilia","TRUE","FALSE","FALSE","FALSE","http://www.inaturalist.org/observations/3872105"
"180","Holbrookia maculata","Reptilia","TRUE","FALSE","FALSE","FALSE","http://www.inaturalist.org/observations/3857423"
"181","Holbrookia maculata","Reptilia","TRUE","FALSE","FALSE","FALSE","http://www.inaturalist.org/observations/3857380"
"182","Holbrookia maculata","Reptilia","TRUE","FALSE","FALSE","FALSE","http://www.inaturalist.org/observations/3857997"
"183","Holbrookia maculata","Reptilia","TRUE","FALSE","FALSE","FALSE","http://www.inaturalist.org/observations/3857989"
"184","Holbrookia maculata","Reptilia","TRUE","FALSE","FALSE","FALSE","http://www.inaturalist.org/observations/3857983"
"185","Holbrookia maculata","Reptilia","TRUE","FALSE","FALSE","FALSE","http://www.inaturalist.org/observations/3857988"
"186","Hypsiglena jani","Reptilia","FALSE","FALSE","FALSE","FALSE","http://www.inaturalist.org/observations/3949965"
"187","Hypsiglena jani","Reptilia","FALSE","FALSE","FALSE","FALSE","http://www.inaturalist.org/observations/3909321"
"188","Hypsiglena jani","Reptilia","FALSE","FALSE","FALSE","FALSE","http://www.inaturalist.org/observations/3872384"
"189","Hypsiglena jani","Reptilia","FALSE","FALSE","FALSE","FALSE","http://www.inaturalist.org/observations/3872193"
"190","Hypsiglena jani","Reptilia","FALSE","FALSE","FALSE","FALSE","http://www.inaturalist.org/observations/3857135"
"191","Hypsiglena jani","Reptilia","FALSE","FALSE","FALSE","FALSE","http://www.inaturalist.org/observations/3857504"
"192","Lampropeltis californiae","Reptilia","FALSE","FALSE","FALSE","TRUE","http://www.inaturalist.org/observations/3908046"
"193","Lampropeltis californiae","Reptilia","FALSE","FALSE","FALSE","TRUE","http://www.inaturalist.org/observations/3863270"
"194","Masticophis taeniatus","Reptilia","TRUE","FALSE","TRUE","FALSE","http://www.inaturalist.org/observations/3896379"
"195","Masticophis taeniatus","Reptilia","TRUE","FALSE","TRUE","FALSE","http://www.inaturalist.org/observations/3881340"
"196","Phrynosoma hernandesi","Reptilia","TRUE","FALSE","FALSE","TRUE","http://www.inaturalist.org/observations/3909515"
"197","Phrynosoma hernandesi","Reptilia","TRUE","FALSE","FALSE","TRUE","http://www.inaturalist.org/observations/3909604"
"198","Phrynosoma hernandesi","Reptilia","TRUE","FALSE","FALSE","TRUE","http://www.inaturalist.org/observations/3956053"
"199","Phrynosoma hernandesi","Reptilia","TRUE","FALSE","FALSE","TRUE","http://www.inaturalist.org/observations/3988360"
"200","Phrynosoma hernandesi","Reptilia","TRUE","FALSE","FALSE","TRUE","http://www.inaturalist.org/observations/3988363"
"201","Phrynosoma hernandesi","Reptilia","TRUE","FALSE","FALSE","TRUE","http://www.inaturalist.org/observations/3900845"
"202","Phrynosoma hernandesi","Reptilia","TRUE","FALSE","FALSE","TRUE","http://www.inaturalist.org/observations/3901059"
"203","Phrynosoma hernandesi","Reptilia","TRUE","FALSE","FALSE","TRUE","http://www.inaturalist.org/observations/3901068"
"204","Phrynosoma hernandesi","Reptilia","TRUE","FALSE","FALSE","TRUE","http://www.inaturalist.org/observations/3901263"
"205","Phrynosoma hernandesi","Reptilia","TRUE","FALSE","FALSE","TRUE","http://www.inaturalist.org/observations/3903450"
"206","Phrynosoma hernandesi","Reptilia","TRUE","FALSE","FALSE","TRUE","http://www.inaturalist.org/observations/3909123"
"207","Phrynosoma hernandesi","Reptilia","TRUE","FALSE","FALSE","TRUE","http://www.inaturalist.org/observations/3909289"
"208","Phrynosoma hernandesi","Reptilia","TRUE","FALSE","FALSE","TRUE","http://www.inaturalist.org/observations/3872576"
"209","Phrynosoma hernandesi","Reptilia","TRUE","FALSE","FALSE","TRUE","http://www.inaturalist.org/observations/3872619"
"210","Phrynosoma hernandesi","Reptilia","TRUE","FALSE","FALSE","TRUE","http://www.inaturalist.org/observations/3893398"
"211","Phrynosoma hernandesi","Reptilia","TRUE","FALSE","FALSE","TRUE","http://www.inaturalist.org/observations/3886590"
"212","Phrynosoma hernandesi","Reptilia","TRUE","FALSE","FALSE","TRUE","http://www.inaturalist.org/observations/3896895"
"213","Phrynosoma hernandesi","Reptilia","TRUE","FALSE","FALSE","TRUE","http://www.inaturalist.org/observations/3861631"
"214","Phrynosoma hernandesi","Reptilia","TRUE","FALSE","FALSE","TRUE","http://www.inaturalist.org/observations/3871903"
"215","Phrynosoma hernandesi","Reptilia","TRUE","FALSE","FALSE","TRUE","http://www.inaturalist.org/observations/3857097"
"216","Phrynosoma hernandesi","Reptilia","TRUE","FALSE","FALSE","TRUE","http://www.inaturalist.org/observations/3857998"
"217","Phrynosoma hernandesi","Reptilia","TRUE","FALSE","FALSE","TRUE","http://www.inaturalist.org/observations/3857996"
"218","Pituophis catenifer","Reptilia","TRUE","FALSE","FALSE","TRUE","http://www.inaturalist.org/observations/3909608"
"219","Pituophis catenifer","Reptilia","TRUE","FALSE","FALSE","TRUE","http://www.inaturalist.org/observations/3905801"
"220","Pituophis catenifer","Reptilia","TRUE","FALSE","FALSE","TRUE","http://www.inaturalist.org/observations/3907109"
"221","Pituophis catenifer","Reptilia","TRUE","FALSE","FALSE","TRUE","http://www.inaturalist.org/observations/3872734"
"222","Pituophis catenifer","Reptilia","TRUE","FALSE","FALSE","TRUE","http://www.inaturalist.org/observations/3884639"
"223","Pituophis catenifer","Reptilia","TRUE","FALSE","FALSE","TRUE","http://www.inaturalist.org/observations/3889223"
"224","Pituophis catenifer","Reptilia","TRUE","FALSE","FALSE","TRUE","http://www.inaturalist.org/observations/3896311"
"225","Pituophis catenifer","Reptilia","TRUE","FALSE","FALSE","TRUE","http://www.inaturalist.org/observations/3856815"
"226","Sceloporus graciosus","Reptilia","TRUE","FALSE","FALSE","FALSE","http://www.inaturalist.org/observations/3988340"
"227","Sceloporus graciosus","Reptilia","TRUE","FALSE","FALSE","FALSE","http://www.inaturalist.org/observations/3901132"
"228","Sceloporus graciosus","Reptilia","TRUE","FALSE","FALSE","FALSE","http://www.inaturalist.org/observations/3901212"
"229","Sceloporus graciosus","Reptilia","TRUE","FALSE","FALSE","FALSE","http://www.inaturalist.org/observations/3901251"
"230","Sceloporus graciosus","Reptilia","TRUE","FALSE","FALSE","FALSE","http://www.inaturalist.org/observations/3857986"
"231","Sceloporus tristichus","Reptilia","FALSE","FALSE","FALSE","TRUE","http://www.inaturalist.org/observations/3909939"
"232","Sceloporus tristichus","Reptilia","FALSE","FALSE","FALSE","TRUE","http://www.inaturalist.org/observations/3914346"
"233","Sceloporus tristichus","Reptilia","FALSE","FALSE","FALSE","TRUE","http://www.inaturalist.org/observations/3935740"
"234","Sceloporus tristichus","Reptilia","FALSE","FALSE","FALSE","TRUE","http://www.inaturalist.org/observations/3872520"
"235","Sceloporus tristichus","Reptilia","FALSE","FALSE","FALSE","TRUE","http://www.inaturalist.org/observations/3889550"
"236","Sceloporus tristichus","Reptilia","FALSE","FALSE","FALSE","TRUE","http://www.inaturalist.org/observations/3893321"
"237","Sceloporus tristichus","Reptilia","FALSE","FALSE","FALSE","TRUE","http://www.inaturalist.org/observations/3895274"
"238","Sceloporus tristichus","Reptilia","FALSE","FALSE","FALSE","TRUE","http://www.inaturalist.org/observations/3899463"
"239","Sceloporus tristichus","Reptilia","FALSE","FALSE","FALSE","TRUE","http://www.inaturalist.org/observations/3896520"
"240","Sceloporus tristichus","Reptilia","FALSE","FALSE","FALSE","TRUE","http://www.inaturalist.org/observations/3865195"
"241","Sceloporus tristichus","Reptilia","FALSE","FALSE","FALSE","TRUE","http://www.inaturalist.org/observations/3865333"
"242","Sceloporus tristichus","Reptilia","FALSE","FALSE","FALSE","TRUE","http://www.inaturalist.org/observations/3854069"
"243","Sceloporus tristichus","Reptilia","FALSE","FALSE","FALSE","TRUE","http://www.inaturalist.org/observations/3860455"
"244","Uta stansburiana","Reptilia","TRUE","FALSE","FALSE","TRUE","http://www.inaturalist.org/observations/3935620"
"245","Uta stansburiana","Reptilia","TRUE","FALSE","FALSE","TRUE","http://www.inaturalist.org/observations/3907659"
"246","Uta stansburiana","Reptilia","TRUE","FALSE","FALSE","TRUE","http://www.inaturalist.org/observations/3907857"
