"","Iconic.taxon.name","Scientific.name","Common.name"
"1","Animalia","Armadillidium vulgare","Common Pill Woodlouse"
"2","Animalia","Scolopendra polymorpha","Common Desert Centipede"
"3","Arachnida","Aphonopelma chalcodes","Desert Blonde Tarantula"
"4","Arachnida","Paruroctonus boreus","Northern Scorpion"
"5","Arachnida","Ummidia",""
"6","Insecta","Agrilus aureus",""
"7","Insecta","Amblycheila picolominii","Plateau Giant Tiger Beetle"
"8","Insecta","Anax junius","Common Green Darner"
"9","Insecta","Dactylotum bicolor","Rainbow Grasshopper"
"10","Insecta","Danaus plexippus","Monarch"
"11","Insecta","Ectypia clio","Clio Tiger Moth"
"12","Insecta","Eusattus reticulatus",""
"13","Insecta","Hesperotettix viridis","Snakeweed Grasshopper"
"14","Insecta","Hyles lineata","White-lined Sphinx"
"15","Insecta","Libellula saturata","Flame Skimmer"
"16","Insecta","Papilio indra","Indra Swallowtail"
"17","Insecta","Pogonomyrmex rugosus","Rough Harvester Ant"
"18","Insecta","Pyrota palpalis","Charlie Brown Blister Beetle"
"19","Insecta","Schistocerca shoshone","Green Valley Grasshopper"
"20","Insecta","Trimerotropis pallidipennis","Pallid-winged Grasshopper"
