"","Scientific_name","Iconic_taxa","Match NPSpecies","iNaturalist_Entry_count"
"1","Aphelocoma wollweberi","Aves","No Match","1"
"2","Corvus corax","Aves","Match","1"
"3","Odocoileus virginianus","Mammalia","Match","1"
"4","Agave palmeri","Plantae","Match","1"
"5","Agave parryi","Plantae","Match","2"
"6","Apacheria chiricahuensis","Plantae","Match","1"
"7","Arctostaphylos pungens","Plantae","Match","1"
"8","Arenaria lanuginosa","Plantae","Match","1"
"9","Argemone pleiacantha","Plantae","Match","1"
"10","Astragalus thurberi","Plantae","Match","1"
"11","Bothriochloa ischaemum","Plantae","Match","1"
"12","Bouteloua gracilis","Plantae","Match","1"
"13","Castilleja tenuiflora","Plantae","Match","1"
"14","Ceanothus fendleri","Plantae","Match","1"
"15","Cenchrus spinifex","Plantae","Match","1"
"16","Cercocarpus montanus","Plantae","Match","1"
"17","Cirsium neomexicanum","Plantae","Match","1"
"18","Conopholis alpina","Plantae","Match","1"
"19","Cryptantha crassisepala","Plantae","Match","1"
"20","Cupressus arizonica","Plantae","NPSpecies synonym match","2"
"21","Cylindropuntia spinosior","Plantae","Match","1"
"22","Dasylirion wheeleri","Plantae","Match","1"
"23","Datura wrightii","Plantae","Match","1"
"24","Descurainia pinnata","Plantae","Match","1"
"25","Echinocereus santaritensis","Plantae","No Match","1"
"26","Elymus elymoides","Plantae","Match","1"
"27","Eriogonum abertianum","Plantae","Match","1"
"28","Eriogonum wrightii","Plantae","Match","1"
"29","Erysimum capitatum","Plantae","Match","1"
"30","Euphorbia albomarginata","Plantae","Match","1"
"31","Fallugia paradoxa","Plantae","Match","3"
"32","Fendlera rupicola","Plantae","Match","1"
"33","Fraxinus velutina","Plantae","Match","1"
"34","Gomphrena caespitosa","Plantae","Match","1"
"35","Heterotheca subaxillaris","Plantae","Match","1"
"36","Heterotheca viscida","Plantae","Match","1"
"37","Hordeum murinum","Plantae","Match","2"
"38","Juglans major","Plantae","Match","1"
"39","Juniperus deppeana","Plantae","Match","1"
"40","Lithospermum multiflorum","Plantae","Match","1"
"41","Lonicera albiflora","Plantae","Match","1"
"42","Marrubium vulgare","Plantae","Match","1"
"43","Matelea producta","Plantae","No Match","1"
"44","Mentzelia albicaulis","Plantae","Match","1"
"45","Mimosa aculeaticarpa","Plantae","Match","1"
"46","Nolina microcarpa","Plantae","Match","1"
"47","Packera neomexicana","Plantae","Match","1"
"48","Paxistima myrsinites","Plantae","Match","1"
"49","Penstemon pseudospectabilis","Plantae","Match","1"
"50","Pinus cembroides","Plantae","Match","1"
"51","Pinus edulis","Plantae","Match","1"
"52","Pinus engelmannii","Plantae","Match","1"
"53","Platanus wrightii","Plantae","Match","1"
"54","Populus fremontii","Plantae","Match","1"
"55","Prosopis velutina","Plantae","Match","1"
"56","Pteridium aquilinum","Plantae","Match","1"
"57","Quercus emoryi","Plantae","Match","1"
"58","Quercus hypoleucoides","Plantae","Match","1"
"59","Quercus rugosa","Plantae","Match","1"
"60","Robinia neomexicana","Plantae","Match","1"
"61","Salsola tragus","Plantae","Match","1"
"62","Sisymbrium irio","Plantae","Match","1"
"63","Solanum elaeagnifolium","Plantae","Match","1"
"64","Solanum nigrum","Plantae","No Match","1"
"65","Thalictrum fendleri","Plantae","Match","1"
"66","Verbascum thapsus","Plantae","Match","2"
"67","Verbascum virgatum","Plantae","Match","1"
"68","Vitis arizonica","Plantae","Match","1"
"69","Yucca baccata","Plantae","Match","1"
"70","Yucca madrensis","Plantae","Match","1"
"71","Sceloporus jarrovii","Reptilia","Match","1"
"72","Hermetia comstocki","Insecta","Table 4","2"
"73","Lema balteata","Insecta","Table 4","2"
"74","Polistes comanchus navajoe","Insecta","Table 4","2"
