"","Iconic_taxa","Scientific_name","Occurences in BISON","Invasive.Record"
"1","Aves","Aphelocoma wollweberi","NM 1386; TX 3828; AZ 51613","No"
"2","Plantae","Echinocereus santaritensis","NM 4; AZ 70","No"
"3","Plantae","Matelea producta","NM 31; TX 34; AZ 61","No"
"4","Plantae","Solanum nigrum","NC 14; IN 25; WY 1; BC CAN 7; SK CAN 1; UT 6; AB CAN 1; AZ 27; MT 7; KY 4; CA 580; KS 9; FL 29; DE 1; PA 11; MS 8; IA 4; TX 44; IL 12; NS CAN 12; CT 74; GA 9; VA 29; MD 25; ID 16; OR 45; VT 4; ME 22; OK 5; TN 5; AL 16; AR 21; WA 71; SC 9; NE 4; ON CAN 7; WV 3; MA 32; CO 16; MO 12; QC CAN 10; AK 7; ND 3; WI 42; NV 2; NY 152; DC 20; RI 7; HI 9; SD 3; MN 13; NJ 54; MI 10; NM 25; NH 1; LA 19; OH 17","Yes"
