"","Scientific_name","Iconic_taxa","iNat_NPS_matches","iNat_NPSsynonym_matches","iNat_ITIS_synonym_matches","iNat_ITIS_nonsyn_matches","iNaturalist_URL"
"1","Aphelocoma wollweberi","Aves","FALSE","FALSE","FALSE","FALSE","http://www.inaturalist.org/observations/3176892"
"2","Corvus corax","Aves","TRUE","FALSE","FALSE","FALSE","http://www.inaturalist.org/observations/3180745"
"3","Odocoileus virginianus","Mammalia","TRUE","FALSE","FALSE","TRUE","http://www.inaturalist.org/observations/3178142"
"4","Agave palmeri","Plantae","TRUE","FALSE","FALSE","FALSE","http://www.inaturalist.org/observations/3176894"
"5","Agave parryi","Plantae","TRUE","FALSE","FALSE","FALSE","http://www.inaturalist.org/observations/3181230"
"6","Agave parryi","Plantae","TRUE","FALSE","FALSE","FALSE","http://www.inaturalist.org/observations/3275985"
"7","Apacheria chiricahuensis","Plantae","TRUE","FALSE","FALSE","FALSE","http://www.inaturalist.org/observations/3276717"
"8","Arctostaphylos pungens","Plantae","TRUE","FALSE","FALSE","TRUE","http://www.inaturalist.org/observations/3176870"
"9","Arenaria lanuginosa","Plantae","TRUE","FALSE","FALSE","FALSE","http://www.inaturalist.org/observations/3295273"
"10","Argemone pleiacantha","Plantae","TRUE","TRUE","FALSE","FALSE","http://www.inaturalist.org/observations/3176744"
"11","Astragalus thurberi","Plantae","TRUE","FALSE","FALSE","FALSE","http://www.inaturalist.org/observations/3228719"
"12","Bothriochloa ischaemum","Plantae","TRUE","FALSE","TRUE","TRUE","http://www.inaturalist.org/observations/3236001"
"13","Bouteloua gracilis","Plantae","TRUE","FALSE","TRUE","TRUE","http://www.inaturalist.org/observations/3234069"
"14","Castilleja tenuiflora","Plantae","TRUE","FALSE","FALSE","TRUE","http://www.inaturalist.org/observations/3276226"
"15","Ceanothus fendleri","Plantae","TRUE","FALSE","FALSE","TRUE","http://www.inaturalist.org/observations/3276436"
"16","Cenchrus spinifex","Plantae","TRUE","FALSE","FALSE","FALSE","http://www.inaturalist.org/observations/3185788"
"17","Cercocarpus montanus","Plantae","TRUE","TRUE","FALSE","TRUE","http://www.inaturalist.org/observations/3235765"
"18","Cirsium neomexicanum","Plantae","TRUE","FALSE","FALSE","TRUE","http://www.inaturalist.org/observations/3180908"
"19","Conopholis alpina","Plantae","TRUE","TRUE","FALSE","FALSE","http://www.inaturalist.org/observations/3296142"
"20","Cryptantha crassisepala","Plantae","TRUE","FALSE","FALSE","FALSE","http://www.inaturalist.org/observations/3177054"
"21","Cupressus arizonica","Plantae","FALSE","TRUE","TRUE","FALSE","http://www.inaturalist.org/observations/3227540"
"22","Cupressus arizonica","Plantae","FALSE","TRUE","TRUE","FALSE","http://www.inaturalist.org/observations/3275837"
"23","Cylindropuntia spinosior","Plantae","TRUE","FALSE","FALSE","TRUE","http://www.inaturalist.org/observations/3185709"
"24","Dasylirion wheeleri","Plantae","TRUE","FALSE","FALSE","FALSE","http://www.inaturalist.org/observations/3176864"
"25","Datura wrightii","Plantae","TRUE","FALSE","FALSE","TRUE","http://www.inaturalist.org/observations/3177847"
"26","Descurainia pinnata","Plantae","TRUE","TRUE","FALSE","FALSE","http://www.inaturalist.org/observations/3176967"
"27","Echinocereus santaritensis","Plantae","FALSE","FALSE","FALSE","FALSE","http://www.inaturalist.org/observations/3180797"
"28","Elymus elymoides","Plantae","TRUE","TRUE","FALSE","TRUE","http://www.inaturalist.org/observations/3177260"
"29","Eriogonum abertianum","Plantae","TRUE","TRUE","FALSE","TRUE","http://www.inaturalist.org/observations/3230220"
"30","Eriogonum wrightii","Plantae","TRUE","TRUE","FALSE","FALSE","http://www.inaturalist.org/observations/3177126"
"31","Erysimum capitatum","Plantae","TRUE","TRUE","FALSE","FALSE","http://www.inaturalist.org/observations/3180645"
"32","Euphorbia albomarginata","Plantae","TRUE","FALSE","FALSE","TRUE","http://www.inaturalist.org/observations/3185657"
"33","Fallugia paradoxa","Plantae","TRUE","FALSE","FALSE","TRUE","http://www.inaturalist.org/observations/3177329"
"34","Fallugia paradoxa","Plantae","TRUE","FALSE","FALSE","TRUE","http://www.inaturalist.org/observations/3262476"
"35","Fallugia paradoxa","Plantae","TRUE","FALSE","FALSE","TRUE","http://www.inaturalist.org/observations/3177058"
"36","Fendlera rupicola","Plantae","TRUE","FALSE","FALSE","FALSE","http://www.inaturalist.org/observations/3276391"
"37","Fraxinus velutina","Plantae","TRUE","FALSE","FALSE","TRUE","http://www.inaturalist.org/observations/3235028"
"38","Gomphrena caespitosa","Plantae","TRUE","FALSE","FALSE","FALSE","http://www.inaturalist.org/observations/3185734"
"39","Heterotheca subaxillaris","Plantae","TRUE","FALSE","FALSE","TRUE","http://www.inaturalist.org/observations/3177030"
"40","Heterotheca viscida","Plantae","TRUE","FALSE","FALSE","TRUE","http://www.inaturalist.org/observations/3276591"
"41","Hordeum murinum","Plantae","TRUE","TRUE","FALSE","TRUE","http://www.inaturalist.org/observations/3234371"
"42","Hordeum murinum","Plantae","TRUE","TRUE","FALSE","TRUE","http://www.inaturalist.org/observations/3177038"
"43","Juglans major","Plantae","TRUE","FALSE","FALSE","FALSE","http://www.inaturalist.org/observations/3185518"
"44","Juniperus deppeana","Plantae","TRUE","TRUE","FALSE","TRUE","http://www.inaturalist.org/observations/3176807"
"45","Lithospermum multiflorum","Plantae","TRUE","FALSE","FALSE","FALSE","http://www.inaturalist.org/observations/3277413"
"46","Lonicera albiflora","Plantae","TRUE","TRUE","FALSE","TRUE","http://www.inaturalist.org/observations/3276876"
"47","Marrubium vulgare","Plantae","TRUE","FALSE","FALSE","FALSE","http://www.inaturalist.org/observations/3177202"
"48","Matelea producta","Plantae","FALSE","FALSE","FALSE","FALSE","http://www.inaturalist.org/observations/3177090"
"49","Mentzelia albicaulis","Plantae","TRUE","FALSE","FALSE","TRUE","http://www.inaturalist.org/observations/3176953"
"50","Mimosa aculeaticarpa","Plantae","TRUE","TRUE","FALSE","FALSE","http://www.inaturalist.org/observations/3185537"
"51","Nolina microcarpa","Plantae","TRUE","FALSE","FALSE","FALSE","http://www.inaturalist.org/observations/3181310"
"52","Packera neomexicana","Plantae","TRUE","FALSE","FALSE","FALSE","http://www.inaturalist.org/observations/3295987"
"53","Paxistima myrsinites","Plantae","TRUE","FALSE","FALSE","TRUE","http://www.inaturalist.org/observations/3295207"
"54","Penstemon pseudospectabilis","Plantae","TRUE","TRUE","FALSE","FALSE","http://www.inaturalist.org/observations/3180669"
"55","Pinus cembroides","Plantae","TRUE","FALSE","FALSE","TRUE","http://www.inaturalist.org/observations/3176916"
"56","Pinus edulis","Plantae","TRUE","FALSE","FALSE","TRUE","http://www.inaturalist.org/observations/3185662"
"57","Pinus engelmannii","Plantae","TRUE","FALSE","FALSE","TRUE","http://www.inaturalist.org/observations/3232547"
"58","Platanus wrightii","Plantae","TRUE","FALSE","FALSE","TRUE","http://www.inaturalist.org/observations/3185807"
"59","Populus fremontii","Plantae","TRUE","TRUE","FALSE","FALSE","http://www.inaturalist.org/observations/3181093"
"60","Prosopis velutina","Plantae","TRUE","FALSE","FALSE","TRUE","http://www.inaturalist.org/observations/3234568"
"61","Pteridium aquilinum","Plantae","TRUE","TRUE","FALSE","FALSE","http://www.inaturalist.org/observations/3276354"
"62","Quercus emoryi","Plantae","TRUE","FALSE","FALSE","FALSE","http://www.inaturalist.org/observations/3176877"
"63","Quercus hypoleucoides","Plantae","TRUE","FALSE","FALSE","FALSE","http://www.inaturalist.org/observations/3185506"
"64","Quercus rugosa","Plantae","TRUE","FALSE","FALSE","TRUE","http://www.inaturalist.org/observations/3232749"
"65","Robinia neomexicana","Plantae","TRUE","TRUE","FALSE","FALSE","http://www.inaturalist.org/observations/3181163"
"66","Salsola tragus","Plantae","TRUE","FALSE","FALSE","TRUE","http://www.inaturalist.org/observations/3177318"
"67","Sisymbrium irio","Plantae","TRUE","FALSE","FALSE","TRUE","http://www.inaturalist.org/observations/3227871"
"68","Solanum elaeagnifolium","Plantae","TRUE","FALSE","FALSE","FALSE","http://www.inaturalist.org/observations/3177777"
"69","Solanum nigrum","Plantae","FALSE","FALSE","FALSE","FALSE","http://www.inaturalist.org/observations/3295915"
"70","Thalictrum fendleri","Plantae","TRUE","TRUE","FALSE","TRUE","http://www.inaturalist.org/observations/3233040"
"71","Verbascum thapsus","Plantae","TRUE","FALSE","FALSE","FALSE","http://www.inaturalist.org/observations/3185674"
"72","Verbascum thapsus","Plantae","TRUE","FALSE","FALSE","FALSE","http://www.inaturalist.org/observations/3262477"
"73","Verbascum virgatum","Plantae","TRUE","FALSE","FALSE","FALSE","http://www.inaturalist.org/observations/3185650"
"74","Vitis arizonica","Plantae","TRUE","FALSE","FALSE","TRUE","http://www.inaturalist.org/observations/3180534"
"75","Yucca baccata","Plantae","TRUE","TRUE","FALSE","FALSE","http://www.inaturalist.org/observations/3276493"
"76","Yucca madrensis","Plantae","TRUE","FALSE","FALSE","FALSE","http://www.inaturalist.org/observations/3276067"
"77","Sceloporus jarrovii","Reptilia","TRUE","FALSE","FALSE","FALSE","http://www.inaturalist.org/observations/3277009"
