"","Scientific_name","Iconic_taxa","Match NPSpecies","iNaturalist_Entry_count"
"1","Cardinalis cardinalis","Aves","Match","1"
"2","Catharus fuscescens","Aves","No Match","1"
"3","Geothlypis formosa","Aves","ITIS Match","1"
"4","Melanerpes carolinus","Aves","Match","1"
"5","Melanerpes erythrocephalus","Aves","Match","2"
"6","Meleagris gallopavo","Aves","Match","1"
"7","Piranga rubra","Aves","Match","3"
"8","Setophaga citrina","Aves","ITIS Match","1"
"9","Spizella passerina","Aves","Match","1"
"10","Acer negundo","Plantae","Match","2"
"11","Acer rubrum","Plantae","Match","2"
"12","Arisaema triphyllum","Plantae","Match","1"
"13","Asclepias variegata","Plantae","Match","2"
"14","Asimina triloba","Plantae","Match","2"
"15","Asplenium platyneuron","Plantae","Match","1"
"16","Bignonia capreolata","Plantae","Match","1"
"17","Campsis radicans","Plantae","Match","1"
"18","Catalpa speciosa","Plantae","Match","1"
"19","Cercis canadensis","Plantae","Match","2"
"20","Chimaphila maculata","Plantae","Match","1"
"21","Commelina communis","Plantae","Match","1"
"22","Cornus florida","Plantae","Match","2"
"23","Diphasiastrum digitatum","Plantae","ITIS Match","2"
"24","Euonymus americanus","Plantae","NPSpecies synonym match","1"
"25","Eupatorium capillifolium","Plantae","Match","2"
"26","Fagus grandifolia","Plantae","Match","1"
"27","Hydrangea quercifolia","Plantae","No Match","1"
"28","Hypericum hypericoides","Plantae","Match","1"
"29","Ilex opaca","Plantae","Match","2"
"30","Juniperus virginiana","Plantae","Match","2"
"31","Kalmia latifolia","Plantae","Match","1"
"32","Lespedeza cuneata","Plantae","Match","1"
"33","Leucanthemum vulgare","Plantae","Match","1"
"34","Liquidambar styraciflua","Plantae","Match","3"
"35","Liriodendron tulipifera","Plantae","Match","3"
"36","Lonicera japonica","Plantae","Match","1"
"37","Lonicera sempervirens","Plantae","Match","1"
"38","Mimosa microphylla","Plantae","Match","1"
"39","Oxydendrum arboreum","Plantae","Match","2"
"40","Packera anonyma","Plantae","Match","1"
"41","Parthenocissus quinquefolia","Plantae","Match","1"
"42","Platanus occidentalis","Plantae","Match","1"
"43","Polystichum acrostichoides","Plantae","Match","2"
"44","Potentilla indica","Plantae","No Match","2"
"45","Pteridium aquilinum","Plantae","Match","2"
"46","Quercus alba","Plantae","Match","2"
"47","Quercus coccinea","Plantae","Match","2"
"48","Quercus falcata","Plantae","Match","1"
"49","Quercus marilandica","Plantae","Match","2"
"50","Quercus montana","Plantae","ITIS Match","4"
"51","Quercus phellos","Plantae","Match","1"
"52","Rhus copallinum","Plantae","Match","2"
"53","Rhus glabra","Plantae","Match","1"
"54","Robinia pseudoacacia","Plantae","Match","1"
"55","Sassafras albidum","Plantae","Match","2"
"56","Scutellaria integrifolia","Plantae","Match","1"
"57","Taraxacum officinale","Plantae","Match","1"
"58","Tephrosia virginiana","Plantae","Match","1"
"59","Toxicodendron radicans","Plantae","Match","1"
"60","Trifolium repens","Plantae","Match","1"
"61","Vitis rotundifolia","Plantae","Match","1"
"62","Terrapene carolina","Reptilia","Match","1"
"63","Coccinella septempunctata","Insecta","Table 4","1"
"64","Cupido comyntas","Insecta","Table 4","2"
"65","Vanessa virginiensis","Insecta","Table 4","3"
"66","Harmonia axyridis","Insecta","Table 4","1"
"67","Armadillidium nasatum","Animalia","Table 4","1"
"68","Cordulegaster obliqua","Insecta","Table 4","2"
"69","Calopteryx maculata","Insecta","Table 4","3"
"70","Narceus americanus","Animalia","Table 4","1"
"71","Asterocampa celtis","Insecta","Table 4","1"
"72","Junonia coenia","Insecta","Table 4","1"
"73","Anisomorpha buprestoides","Insecta","Table 4","2"
"74","Lethe portlandia","Insecta","Table 4","2"
"75","Speyeria cybele","Insecta","Table 4","2"
"76","Alaus oculatus","Insecta","Table 4","1"
"77","Cicindela sexguttata","Insecta","Table 4","2"
"78","Nymphalis antiopa","Insecta","Table 4","1"
