"","Iconic.taxon.name","Scientific.name","Common.name"
"1","Animalia","Armadillidium nasatum","Nosy Pill Woodlouse"
"2","Animalia","Narceus americanus","American Giant Millipede"
"3","Insecta","Alaus oculatus","Eastern Eyed Click Beetle"
"4","Insecta","Anisomorpha buprestoides","Southern Two-striped Walkingstick"
"5","Insecta","Asterocampa celtis","Hackberry Emperor"
"6","Insecta","Calopteryx maculata","Ebony Jewelwing"
"7","Insecta","Cicindela sexguttata","Six-spotted Tiger Beetle"
"8","Insecta","Coccinella septempunctata","Seven-spotted Lady Beetle"
"9","Insecta","Cordulegaster obliqua","Arrowhead Spiketail"
"10","Insecta","Cupido comyntas","Eastern Tailed-Blue"
"11","Insecta","Harmonia axyridis","Asian Lady Beetle"
"12","Insecta","Junonia coenia","Common Buckeye"
"13","Insecta","Lethe portlandia","Southern Pearly-eye"
"14","Insecta","Nymphalis antiopa","Mourning Cloak"
"15","Insecta","Speyeria cybele","Great Spangled Fritillary"
"16","Insecta","Vanessa virginiensis","American Lady"
