"","Scientific_name","Iconic_taxa","iNat_NPS_matches","iNat_NPSsynonym_matches","iNat_ITIS_synonym_matches","iNat_ITIS_nonsyn_matches","iNaturalist_URL"
"1","Cardinalis cardinalis","Aves","TRUE","FALSE","FALSE","FALSE","http://www.inaturalist.org/observations/3243508"
"2","Catharus fuscescens","Aves","FALSE","FALSE","FALSE","FALSE","http://www.inaturalist.org/observations/3220492"
"3","Geothlypis formosa","Aves","FALSE","FALSE","FALSE","TRUE","http://www.inaturalist.org/observations/3255906"
"4","Melanerpes carolinus","Aves","TRUE","FALSE","FALSE","TRUE","http://www.inaturalist.org/observations/3236862"
"5","Melanerpes erythrocephalus","Aves","TRUE","FALSE","FALSE","TRUE","http://www.inaturalist.org/observations/3242552"
"6","Melanerpes erythrocephalus","Aves","TRUE","FALSE","FALSE","TRUE","http://www.inaturalist.org/observations/3236864"
"7","Meleagris gallopavo","Aves","TRUE","FALSE","FALSE","FALSE","http://www.inaturalist.org/observations/3243249"
"8","Piranga rubra","Aves","TRUE","FALSE","FALSE","FALSE","http://www.inaturalist.org/observations/3241555"
"9","Piranga rubra","Aves","TRUE","FALSE","FALSE","FALSE","http://www.inaturalist.org/observations/3221768"
"10","Piranga rubra","Aves","TRUE","FALSE","FALSE","FALSE","http://www.inaturalist.org/observations/3220613"
"11","Setophaga citrina","Aves","FALSE","FALSE","FALSE","TRUE","http://www.inaturalist.org/observations/3236939"
"12","Spizella passerina","Aves","TRUE","FALSE","FALSE","FALSE","http://www.inaturalist.org/observations/3220566"
"13","Acer negundo","Plantae","TRUE","TRUE","FALSE","FALSE","http://www.inaturalist.org/observations/3256480"
"14","Acer negundo","Plantae","TRUE","TRUE","FALSE","FALSE","http://www.inaturalist.org/observations/3253200"
"15","Acer rubrum","Plantae","TRUE","FALSE","FALSE","FALSE","http://www.inaturalist.org/observations/3257873"
"16","Acer rubrum","Plantae","TRUE","FALSE","FALSE","FALSE","http://www.inaturalist.org/observations/3226319"
"17","Arisaema triphyllum","Plantae","TRUE","FALSE","FALSE","TRUE","http://www.inaturalist.org/observations/3246654"
"18","Asclepias variegata","Plantae","TRUE","FALSE","FALSE","TRUE","http://www.inaturalist.org/observations/3259909"
"19","Asclepias variegata","Plantae","TRUE","FALSE","FALSE","TRUE","http://www.inaturalist.org/observations/3242563"
"20","Asimina triloba","Plantae","TRUE","FALSE","FALSE","TRUE","http://www.inaturalist.org/observations/3256456"
"21","Asimina triloba","Plantae","TRUE","FALSE","FALSE","TRUE","http://www.inaturalist.org/observations/3243400"
"22","Asplenium platyneuron","Plantae","TRUE","FALSE","FALSE","TRUE","http://www.inaturalist.org/observations/3242789"
"23","Bignonia capreolata","Plantae","TRUE","FALSE","FALSE","TRUE","http://www.inaturalist.org/observations/3253913"
"24","Campsis radicans","Plantae","TRUE","FALSE","FALSE","TRUE","http://www.inaturalist.org/observations/3247442"
"25","Catalpa speciosa","Plantae","TRUE","FALSE","FALSE","FALSE","http://www.inaturalist.org/observations/3255750"
"26","Cercis canadensis","Plantae","TRUE","TRUE","FALSE","FALSE","http://www.inaturalist.org/observations/3251694"
"27","Cercis canadensis","Plantae","TRUE","TRUE","FALSE","FALSE","http://www.inaturalist.org/observations/3236885"
"28","Chimaphila maculata","Plantae","TRUE","FALSE","FALSE","TRUE","http://www.inaturalist.org/observations/3255965"
"29","Commelina communis","Plantae","TRUE","FALSE","FALSE","TRUE","http://www.inaturalist.org/observations/3256499"
"30","Cornus florida","Plantae","TRUE","FALSE","FALSE","TRUE","http://www.inaturalist.org/observations/3241620"
"31","Cornus florida","Plantae","TRUE","FALSE","FALSE","TRUE","http://www.inaturalist.org/observations/3220658"
"32","Diphasiastrum digitatum","Plantae","FALSE","FALSE","TRUE","FALSE","http://www.inaturalist.org/observations/3255713"
"33","Diphasiastrum digitatum","Plantae","FALSE","FALSE","TRUE","FALSE","http://www.inaturalist.org/observations/3247424"
"34","Euonymus americanus","Plantae","FALSE","TRUE","FALSE","TRUE","http://www.inaturalist.org/observations/3246445"
"35","Eupatorium capillifolium","Plantae","TRUE","FALSE","FALSE","FALSE","http://www.inaturalist.org/observations/3243311"
"36","Eupatorium capillifolium","Plantae","TRUE","FALSE","FALSE","FALSE","http://www.inaturalist.org/observations/3236807"
"37","Fagus grandifolia","Plantae","TRUE","FALSE","FALSE","TRUE","http://www.inaturalist.org/observations/3226728"
"38","Hydrangea quercifolia","Plantae","FALSE","FALSE","FALSE","FALSE","http://www.inaturalist.org/observations/3236942"
"39","Hypericum hypericoides","Plantae","TRUE","FALSE","FALSE","FALSE","http://www.inaturalist.org/observations/3255811"
"40","Ilex opaca","Plantae","TRUE","TRUE","FALSE","FALSE","http://www.inaturalist.org/observations/3241514"
"41","Ilex opaca","Plantae","TRUE","TRUE","FALSE","FALSE","http://www.inaturalist.org/observations/3220668"
"42","Juniperus virginiana","Plantae","TRUE","TRUE","FALSE","FALSE","http://www.inaturalist.org/observations/3256157"
"43","Juniperus virginiana","Plantae","TRUE","TRUE","FALSE","FALSE","http://www.inaturalist.org/observations/3251510"
"44","Kalmia latifolia","Plantae","TRUE","FALSE","FALSE","TRUE","http://www.inaturalist.org/observations/3234337"
"45","Lespedeza cuneata","Plantae","TRUE","FALSE","FALSE","TRUE","http://www.inaturalist.org/observations/3220865"
"46","Leucanthemum vulgare","Plantae","TRUE","FALSE","FALSE","TRUE","http://www.inaturalist.org/observations/3231296"
"47","Liquidambar styraciflua","Plantae","TRUE","FALSE","FALSE","FALSE","http://www.inaturalist.org/observations/3250985"
"48","Liquidambar styraciflua","Plantae","TRUE","FALSE","FALSE","FALSE","http://www.inaturalist.org/observations/3242588"
"49","Liquidambar styraciflua","Plantae","TRUE","FALSE","FALSE","FALSE","http://www.inaturalist.org/observations/3225958"
"50","Liriodendron tulipifera","Plantae","TRUE","FALSE","FALSE","FALSE","http://www.inaturalist.org/observations/3241521"
"51","Liriodendron tulipifera","Plantae","TRUE","FALSE","FALSE","FALSE","http://www.inaturalist.org/observations/3242549"
"52","Liriodendron tulipifera","Plantae","TRUE","FALSE","FALSE","FALSE","http://www.inaturalist.org/observations/3236799"
"53","Lonicera japonica","Plantae","TRUE","FALSE","FALSE","TRUE","http://www.inaturalist.org/observations/3236789"
"54","Lonicera sempervirens","Plantae","TRUE","FALSE","FALSE","TRUE","http://www.inaturalist.org/observations/3231332"
"55","Mimosa microphylla","Plantae","TRUE","FALSE","FALSE","TRUE","http://www.inaturalist.org/observations/3236833"
"56","Oxydendrum arboreum","Plantae","TRUE","FALSE","FALSE","TRUE","http://www.inaturalist.org/observations/3256727"
"57","Oxydendrum arboreum","Plantae","TRUE","FALSE","FALSE","TRUE","http://www.inaturalist.org/observations/3244547"
"58","Packera anonyma","Plantae","TRUE","FALSE","FALSE","TRUE","http://www.inaturalist.org/observations/3255980"
"59","Parthenocissus quinquefolia","Plantae","TRUE","FALSE","FALSE","TRUE","http://www.inaturalist.org/observations/3236896"
"60","Platanus occidentalis","Plantae","TRUE","FALSE","FALSE","TRUE","http://www.inaturalist.org/observations/3253403"
"61","Polystichum acrostichoides","Plantae","TRUE","TRUE","FALSE","TRUE","http://www.inaturalist.org/observations/3255797"
"62","Polystichum acrostichoides","Plantae","TRUE","TRUE","FALSE","TRUE","http://www.inaturalist.org/observations/3242615"
"63","Potentilla indica","Plantae","FALSE","FALSE","FALSE","FALSE","http://www.inaturalist.org/observations/3256267"
"64","Potentilla indica","Plantae","FALSE","FALSE","FALSE","FALSE","http://www.inaturalist.org/observations/3223300"
"65","Pteridium aquilinum","Plantae","TRUE","FALSE","FALSE","FALSE","http://www.inaturalist.org/observations/3256667"
"66","Pteridium aquilinum","Plantae","TRUE","FALSE","FALSE","FALSE","http://www.inaturalist.org/observations/3241930"
"67","Quercus alba","Plantae","TRUE","FALSE","FALSE","TRUE","http://www.inaturalist.org/observations/3251658"
"68","Quercus alba","Plantae","TRUE","FALSE","FALSE","TRUE","http://www.inaturalist.org/observations/3244489"
"69","Quercus coccinea","Plantae","TRUE","TRUE","FALSE","TRUE","http://www.inaturalist.org/observations/3257842"
"70","Quercus coccinea","Plantae","TRUE","TRUE","FALSE","TRUE","http://www.inaturalist.org/observations/3251677"
"71","Quercus falcata","Plantae","TRUE","FALSE","FALSE","TRUE","http://www.inaturalist.org/observations/3250591"
"72","Quercus marilandica","Plantae","TRUE","FALSE","FALSE","FALSE","http://www.inaturalist.org/observations/3256799"
"73","Quercus marilandica","Plantae","TRUE","FALSE","FALSE","FALSE","http://www.inaturalist.org/observations/3244369"
"74","Quercus montana","Plantae","FALSE","FALSE","FALSE","TRUE","http://www.inaturalist.org/observations/3258116"
"75","Quercus montana","Plantae","FALSE","FALSE","FALSE","TRUE","http://www.inaturalist.org/observations/3262739"
"76","Quercus montana","Plantae","FALSE","FALSE","FALSE","TRUE","http://www.inaturalist.org/observations/3247528"
"77","Quercus montana","Plantae","FALSE","FALSE","FALSE","TRUE","http://www.inaturalist.org/observations/3244651"
"78","Quercus phellos","Plantae","TRUE","FALSE","FALSE","FALSE","http://www.inaturalist.org/observations/3246172"
"79","Rhus copallinum","Plantae","TRUE","FALSE","FALSE","TRUE","http://www.inaturalist.org/observations/3262820"
"80","Rhus copallinum","Plantae","TRUE","FALSE","FALSE","TRUE","http://www.inaturalist.org/observations/3246073"
"81","Rhus glabra","Plantae","TRUE","FALSE","FALSE","TRUE","http://www.inaturalist.org/observations/3236894"
"82","Robinia pseudoacacia","Plantae","TRUE","FALSE","FALSE","TRUE","http://www.inaturalist.org/observations/3236804"
"83","Sassafras albidum","Plantae","TRUE","FALSE","FALSE","TRUE","http://www.inaturalist.org/observations/3256763"
"84","Sassafras albidum","Plantae","TRUE","FALSE","FALSE","TRUE","http://www.inaturalist.org/observations/3245140"
"85","Scutellaria integrifolia","Plantae","TRUE","FALSE","FALSE","TRUE","http://www.inaturalist.org/observations/3255722"
"86","Taraxacum officinale","Plantae","TRUE","TRUE","FALSE","FALSE","http://www.inaturalist.org/observations/3256364"
"87","Tephrosia virginiana","Plantae","TRUE","FALSE","FALSE","TRUE","http://www.inaturalist.org/observations/3247498"
"88","Toxicodendron radicans","Plantae","TRUE","TRUE","FALSE","FALSE","http://www.inaturalist.org/observations/3236860"
"89","Trifolium repens","Plantae","TRUE","FALSE","FALSE","TRUE","http://www.inaturalist.org/observations/3226030"
"90","Vitis rotundifolia","Plantae","TRUE","FALSE","FALSE","FALSE","http://www.inaturalist.org/observations/3226768"
"91","Terrapene carolina","Reptilia","TRUE","FALSE","FALSE","FALSE","http://www.inaturalist.org/observations/3255863"
