"","Scientific_name","Iconic_taxa","Match NPSpecies","iNaturalist_Entry_count"
"1","Anaxyrus americanus","Amphibia","Match","3"
"2","Lithobates clamitans","Amphibia","Match","1"
"3","Plethodon cinereus","Amphibia","Match","1"
"4","Aix sponsa","Aves","Match","1"
"5","Anas platyrhynchos","Aves","Match","2"
"6","Cardinalis cardinalis","Aves","Match","1"
"7","Chaetura pelagica","Aves","Match","1"
"8","Coragyps atratus","Aves","Match","1"
"9","Dryocopus pileatus","Aves","Match","1"
"10","Icterus galbula","Aves","Match","3"
"11","Icterus spurius","Aves","Match","1"
"12","Pandion haliaetus","Aves","Match","1"
"13","Protonotaria citrea","Aves","Match","1"
"14","Stelgidopteryx serripennis","Aves","Match","1"
"15","Vireo gilvus","Aves","Match","2"
"16","Zenaida macroura","Aves","Match","1"
"17","Odocoileus virginianus","Mammalia","Match","5"
"18","Procyon lotor","Mammalia","Match","2"
"19","Acer negundo","Plantae","Match","3"
"20","Acer rubrum","Plantae","Match","2"
"21","Acer saccharinum","Plantae","Match","3"
"22","Adiantum pedatum","Plantae","Match","1"
"23","Aesculus hippocastanum","Plantae","No Match","1"
"24","Ailanthus altissima","Plantae","Match","4"
"25","Alliaria petiolata","Plantae","Match","6"
"26","Amorpha fruticosa","Plantae","Match","2"
"27","Ampelopsis glandulosa","Plantae","No Match","2"
"28","Amphicarpaea bracteata","Plantae","Match","1"
"29","Arisaema triphyllum","Plantae","Match","3"
"30","Artemisia annua","Plantae","Match","1"
"31","Asarum canadense","Plantae","Match","1"
"32","Asclepias syriaca","Plantae","Match","1"
"33","Asimina triloba","Plantae","Match","5"
"34","Asplenium platyneuron","Plantae","Match","1"
"35","Boechera laevigata","Plantae","Match","1"
"36","Campsis radicans","Plantae","Match","1"
"37","Cardamine concatenata","Plantae","Match","1"
"38","Carpinus caroliniana","Plantae","Match","1"
"39","Celastrus orbiculatus","Plantae","Match","3"
"40","Cercis canadensis","Plantae","Match","1"
"41","Chelidonium majus","Plantae","Match","2"
"42","Chimaphila maculata","Plantae","Match","1"
"43","Claytonia virginica","Plantae","Match","1"
"44","Clematis terniflora","Plantae","Match","2"
"45","Conium maculatum","Plantae","Match","1"
"46","Conocephalum salebrosum","Plantae","No Match","1"
"47","Conopholis americana","Plantae","Match","2"
"48","Cornus florida","Plantae","Match","2"
"49","Crataegus phaenopyrum","Plantae","Match","1"
"50","Cryptotaenia canadensis","Plantae","Match","1"
"51","Cystopteris protrusa","Plantae","Match","2"
"52","Dioscorea villosa","Plantae","Match","2"
"53","Dryopteris carthusiana","Plantae","Match","1"
"54","Dryopteris intermedia","Plantae","Match","1"
"55","Dryopteris marginalis","Plantae","Match","1"
"56","Elaeagnus umbellata","Plantae","Match","1"
"57","Euonymus alatus","Plantae","Match","1"
"58","Eurybia divaricata","Plantae","Match","1"
"59","Fagus grandifolia","Plantae","Match","2"
"60","Ficaria verna","Plantae","No Match","2"
"61","Galium aparine","Plantae","Match","2"
"62","Glechoma hederacea","Plantae","Match","2"
"63","Gleditsia triacanthos","Plantae","Match","2"
"64","Hamamelis virginiana","Plantae","Match","1"
"65","Hedera helix","Plantae","Match","2"
"66","Hibiscus syriacus","Plantae","Match","1"
"67","Humulus japonicus","Plantae","Match","1"
"68","Hydrophyllum canadense","Plantae","Match","1"
"69","Hydrophyllum virginianum","Plantae","Match","1"
"70","Ilex opaca","Plantae","Match","3"
"71","Impatiens capensis","Plantae","Match","1"
"72","Iris pseudacorus","Plantae","Match","5"
"73","Juglans nigra","Plantae","Match","1"
"74","Kalmia latifolia","Plantae","Match","2"
"75","Ligustrum obtusifolium","Plantae","Match","1"
"76","Ligustrum vulgare","Plantae","No Match","1"
"77","Lindera benzoin","Plantae","Match","4"
"78","Liquidambar styraciflua","Plantae","Match","2"
"79","Liriodendron tulipifera","Plantae","Match","5"
"80","Lonicera maackii","Plantae","Match","3"
"81","Maianthemum racemosum","Plantae","Match","2"
"82","Matteuccia struthiopteris","Plantae","Match","2"
"83","Medeola virginiana","Plantae","Match","1"
"84","Menispermum canadense","Plantae","Match","1"
"85","Microstegium vimineum","Plantae","Match","1"
"86","Mitchella repens","Plantae","Match","1"
"87","Morus alba","Plantae","Match","2"
"88","Myrrhis odorata","Plantae","No Match","1"
"89","Onoclea sensibilis","Plantae","Match","1"
"90","Ornithogalum umbellatum","Plantae","Match","1"
"91","Parathelypteris noveboracensis","Plantae","No Match","1"
"92","Parthenocissus quinquefolia","Plantae","Match","4"
"93","Paulownia tomentosa","Plantae","Match","2"
"94","Peltandra virginica","Plantae","Match","3"
"95","Persicaria arifolia","Plantae","Match","1"
"96","Persicaria perfoliata","Plantae","Match","5"
"97","Phlox divaricata","Plantae","Match","1"
"98","Phytolacca americana","Plantae","Match","3"
"99","Platanus occidentalis","Plantae","Match","6"
"100","Podophyllum peltatum","Plantae","Match","1"
"101","Polygonatum biflorum","Plantae","Match","4"
"102","Polystichum acrostichoides","Plantae","Match","4"
"103","Potentilla indica","Plantae","No Match","6"
"104","Prunus serotina","Plantae","Match","1"
"105","Pueraria montana","Plantae","No Match","1"
"106","Quercus alba","Plantae","Match","2"
"107","Quercus montana","Plantae","ITIS Match","1"
"108","Reynoutria japonica","Plantae","No Match","1"
"109","Robinia pseudoacacia","Plantae","Match","2"
"110","Rosa multiflora","Plantae","Match","5"
"111","Rubus phoenicolasius","Plantae","Match","5"
"112","Sambucus canadensis","Plantae","NPSpecies synonym match","1"
"113","Sanguinaria canadensis","Plantae","Match","1"
"114","Sanicula odorata","Plantae","Match","2"
"115","Sassafras albidum","Plantae","Match","3"
"116","Sedum sarmentosum","Plantae","No Match","1"
"117","Smilax rotundifolia","Plantae","Match","2"
"118","Stellaria pubera","Plantae","Match","1"
"119","Taxodium distichum","Plantae","Match","2"
"120","Thuidium delicatulum","Plantae","No Match","1"
"121","Toxicodendron radicans","Plantae","Match","12"
"122","Trifolium repens","Plantae","Match","1"
"123","Typha latifolia","Plantae","Match","2"
"124","Ulmus americana","Plantae","Match","1"
"125","Urtica dioica","Plantae","Match","3"
"126","Vaccinium pallidum","Plantae","Match","1"
"127","Valeriana pauciflora","Plantae","Match","1"
"128","Verbesina alternifolia","Plantae","Match","2"
"129","Veronica hederifolia","Plantae","Match","1"
"130","Viburnum acerifolium","Plantae","Match","1"
"131","Viburnum dentatum","Plantae","Match","1"
"132","Viburnum prunifolium","Plantae","Match","1"
"133","Vicia sativa","Plantae","Match","1"
"134","Vinca major","Plantae","Match","1"
"135","Zizia aurea","Plantae","Match","1"
"136","Carphophis amoenus","Reptilia","Match","5"
"137","Chrysemys picta","Reptilia","Match","1"
"138","Nerodia sipedon","Reptilia","Match","4"
"139","Pantherophis alleghaniensis","Reptilia","ITIS Match","1"
"140","Plestiodon fasciatus","Reptilia","Match","4"
"141","Regina septemvittata","Reptilia","Match","1"
"142","Storeria dekayi","Reptilia","Match","3"
"143","Terrapene carolina","Reptilia","Match","4"
"144","Thamnophis sirtalis","Reptilia","Match","1"
"145","Leiobunum ventricosum","Arachnida","Table 4","4"
"146","Leucauge venusta","Arachnida","Table 4","12"
"147","Cicindela sexguttata","Insecta","Table 4","6"
"148","Neohelix albolabris","Mollusca","Table 4","1"
"149","Caddo agilis","Arachnida","Table 4","2"
"150","Arion intermedius","Mollusca","Table 4","1"
"151","Stereum ostrea","Fungi","Table 4","1"
"152","Ductifera pululahuana","Fungi","Table 4","2"
"153","Lycogala epidendrum","Protozoa","Table 4","1"
"154","Chrysothrix caesia","Fungi","Table 4","1"
"155","Myelochroa aurulenta","Fungi","Table 4","1"
"156","Larinioides cornutus","Arachnida","Table 4","2"
"157","Rhinoncomimus latipes","Insecta","Table 4","4"
"158","Parasteatoda tepidariorum","Arachnida","Table 4","2"
"159","Pisaurina mira","Arachnida","Table 4","1"
"160","Colonus sylvanus","Arachnida","Table 4","1"
"161","Naphrys pulex","Arachnida","Table 4","1"
"162","Platycryptus undatus","Arachnida","Table 4","2"
"163","Steatoda triangulosa","Arachnida","Table 4","1"
"164","Steatoda grossa","Arachnida","Table 4","1"
"165","Herpyllus ecclesiasticus","Arachnida","Table 4","3"
"166","Pirata piraticus","Arachnida","Table 4","2"
"167","Pisaurina dubia","Arachnida","Table 4","4"
"168","Pholcus phalangioides","Arachnida","Table 4","1"
"169","Spermophora senoculata","Arachnida","Table 4","1"
"170","Euchlaena amoenaria","Insecta","Table 4","1"
"171","Zale horrida","Insecta","Table 4","1"
"172","Sibovia occatoria","Insecta","Table 4","2"
"173","Entylia carinata","Insecta","Table 4","1"
"174","Spilosoma virginica","Insecta","Table 4","1"
"175","Emmelina monodactyla","Insecta","Table 4","2"
"176","Horisme intestinata","Insecta","Table 4","1"
"177","Aphis fabae","Insecta","Table 4","1"
"178","Mesodon thyroidus","Mollusca","Table 4","2"
"179","Limax maximus","Mollusca","Table 4","10"
"180","Anguispira fergusoni","Mollusca","Table 4","2"
"181","Trichaptum biforme","Fungi","Table 4","1"
"182","Trachelipus rathkii","Animalia","Table 4","2"
"183","Philoscia muscorum","Animalia","Table 4","8"
"184","Emblyna sublata","Arachnida","Table 4","2"
"185","Tremella mesenterica","Fungi","Table 4","1"
"186","Ventridens ligera","Mollusca","Table 4","3"
"187","Epiphragma solatrix","Insecta","Table 4","1"
"188","Agrotis ipsilon","Insecta","Table 4","1"
"189","Odontotaenius disjunctus","Insecta","Table 4","6"
"190","Xylobolus frustulatus","Fungi","Table 4","1"
"191","Vespa crabro","Insecta","Table 4","1"
"192","Fundulus heteroclitus","Actinopterygii","Table 4","1"
"193","Cipangopaludina chinensis","Mollusca","Table 4","2"
"194","Lymantria dispar","Insecta","Table 4","4"
"195","Uloma imberbis","Insecta","Table 4","2"
"196","Endothia gyrosa","Fungi","Table 4","1"
"197","Triatoma sanguisuga","Insecta","Table 4","1"
"198","Vanessa atalanta","Insecta","Table 4","2"
"199","Celastrina neglecta","Insecta","Table 4","1"
"200","Pangaeus bilineatus","Insecta","Table 4","1"
"201","Crocigrapha normani","Insecta","Table 4","1"
"202","Nymphalis antiopa","Insecta","Table 4","2"
"203","Cylisticus convexus","Animalia","Table 4","1"
"204","Banasa calva","Insecta","Table 4","2"
"205","Stenotrema hirsutum","Mollusca","Table 4","1"
"206","Punctelia rudecta","Fungi","Table 4","1"
"207","Malacosoma disstria","Insecta","Table 4","1"
"208","Leiobunum verrucosum","Arachnida","Table 4","2"
"209","Harmonia axyridis","Insecta","Table 4","5"
"210","Coccinella septempunctata","Insecta","Table 4","1"
"211","Phalaenophana pyramusalis","Insecta","Table 4","1"
"212","Phoebis sennae","Insecta","Table 4","1"
"213","Polygonia interrogationis","Insecta","Table 4","1"
"214","Dysdera crocata","Arachnida","Table 4","1"
"215","Synema parvulum","Arachnida","Table 4","2"
"216","Hesperomyces virescens","Fungi","Table 4","1"
"217","Poanes zabulon","Insecta","Table 4","1"
"218","Narceus annularis","Animalia","Table 4","2"
"219","Hypotrachyna livida","Fungi","Table 4","2"
"220","Apis mellifera","Insecta","Table 4","1"
"221","Elliptio complanata","Mollusca","Table 4","1"
"222","Hormaphis hamamelidis","Insecta","Table 4","1"
"223","Vanessa virginiensis","Insecta","Table 4","1"
"224","Vasates quadripedes","Arachnida","Table 4","1"
"225","Flavoparmelia caperata","Fungi","Table 4","1"
"226","Physcia millegrana","Fungi","Table 4","2"
"227","Phaeophyscia rubropulchra","Fungi","Table 4","1"
