"","Scientific_name","Iconic_taxa","iNat_NPS_matches","iNat_NPSsynonym_matches","iNat_ITIS_synonym_matches","iNat_ITIS_nonsyn_matches","iNaturalist_URL"
"1","Anaxyrus americanus","Amphibia","TRUE","FALSE","FALSE","FALSE","http://www.inaturalist.org/observations/3312419"
"2","Anaxyrus americanus","Amphibia","TRUE","FALSE","FALSE","FALSE","http://www.inaturalist.org/observations/3259151"
"3","Anaxyrus americanus","Amphibia","TRUE","FALSE","FALSE","FALSE","http://www.inaturalist.org/observations/3244772"
"4","Lithobates clamitans","Amphibia","TRUE","FALSE","FALSE","FALSE","http://www.inaturalist.org/observations/3229342"
"5","Plethodon cinereus","Amphibia","TRUE","TRUE","FALSE","TRUE","http://www.inaturalist.org/observations/3312349"
"6","Aix sponsa","Aves","TRUE","FALSE","FALSE","FALSE","http://www.inaturalist.org/observations/3232411"
"7","Anas platyrhynchos","Aves","TRUE","FALSE","FALSE","TRUE","http://www.inaturalist.org/observations/3233222"
"8","Anas platyrhynchos","Aves","TRUE","FALSE","FALSE","TRUE","http://www.inaturalist.org/observations/3227917"
"9","Cardinalis cardinalis","Aves","TRUE","FALSE","FALSE","FALSE","http://www.inaturalist.org/observations/3233331"
"10","Chaetura pelagica","Aves","TRUE","FALSE","FALSE","FALSE","http://www.inaturalist.org/observations/3312403"
"11","Coragyps atratus","Aves","TRUE","FALSE","FALSE","FALSE","https://www.inaturalist.org/observations/5863166"
"12","Dryocopus pileatus","Aves","TRUE","FALSE","FALSE","FALSE","http://www.inaturalist.org/observations/3232961"
"13","Icterus galbula","Aves","TRUE","FALSE","FALSE","TRUE","http://www.inaturalist.org/observations/3312260"
"14","Icterus galbula","Aves","TRUE","FALSE","FALSE","TRUE","http://www.inaturalist.org/observations/3275368"
"15","Icterus galbula","Aves","TRUE","FALSE","FALSE","TRUE","http://www.inaturalist.org/observations/3287619"
"16","Icterus spurius","Aves","TRUE","FALSE","FALSE","FALSE","http://www.inaturalist.org/observations/3287597"
"17","Pandion haliaetus","Aves","TRUE","FALSE","FALSE","FALSE","http://www.inaturalist.org/observations/3233225"
"18","Protonotaria citrea","Aves","TRUE","FALSE","FALSE","FALSE","http://www.inaturalist.org/observations/3255148"
"19","Stelgidopteryx serripennis","Aves","TRUE","FALSE","FALSE","FALSE","http://www.inaturalist.org/observations/3312402"
"20","Vireo gilvus","Aves","TRUE","FALSE","FALSE","FALSE","http://www.inaturalist.org/observations/3312392"
"21","Vireo gilvus","Aves","TRUE","FALSE","FALSE","FALSE","http://www.inaturalist.org/observations/3270185"
"22","Zenaida macroura","Aves","TRUE","FALSE","FALSE","FALSE","http://www.inaturalist.org/observations/3312391"
"23","Odocoileus virginianus","Mammalia","TRUE","TRUE","FALSE","TRUE","http://www.inaturalist.org/observations/3265836"
"24","Odocoileus virginianus","Mammalia","TRUE","TRUE","FALSE","TRUE","http://www.inaturalist.org/observations/3265998"
"25","Odocoileus virginianus","Mammalia","TRUE","TRUE","FALSE","TRUE","http://www.inaturalist.org/observations/3240868"
"26","Odocoileus virginianus","Mammalia","TRUE","TRUE","FALSE","TRUE","http://www.inaturalist.org/observations/3223960"
"27","Odocoileus virginianus","Mammalia","TRUE","TRUE","FALSE","TRUE","http://www.inaturalist.org/observations/3223511"
"28","Procyon lotor","Mammalia","TRUE","FALSE","FALSE","FALSE","http://www.inaturalist.org/observations/3240889"
"29","Procyon lotor","Mammalia","TRUE","FALSE","FALSE","FALSE","http://www.inaturalist.org/observations/3233035"
"30","Acer negundo","Plantae","TRUE","FALSE","FALSE","FALSE","http://www.inaturalist.org/observations/3243469"
"31","Acer negundo","Plantae","TRUE","FALSE","FALSE","FALSE","http://www.inaturalist.org/observations/3231891"
"32","Acer negundo","Plantae","TRUE","FALSE","FALSE","FALSE","http://www.inaturalist.org/observations/3222521"
"33","Acer rubrum","Plantae","TRUE","FALSE","FALSE","FALSE","http://www.inaturalist.org/observations/3242306"
"34","Acer rubrum","Plantae","TRUE","FALSE","FALSE","FALSE","http://www.inaturalist.org/observations/3223609"
"35","Acer saccharinum","Plantae","TRUE","FALSE","FALSE","TRUE","http://www.inaturalist.org/observations/3243973"
"36","Acer saccharinum","Plantae","TRUE","FALSE","FALSE","TRUE","http://www.inaturalist.org/observations/3227538"
"37","Acer saccharinum","Plantae","TRUE","FALSE","FALSE","TRUE","http://www.inaturalist.org/observations/3224581"
"38","Adiantum pedatum","Plantae","TRUE","FALSE","FALSE","FALSE","http://www.inaturalist.org/observations/3312361"
"39","Aesculus hippocastanum","Plantae","FALSE","FALSE","FALSE","FALSE","http://www.inaturalist.org/observations/3242292"
"40","Ailanthus altissima","Plantae","TRUE","FALSE","FALSE","TRUE","http://www.inaturalist.org/observations/3312410"
"41","Ailanthus altissima","Plantae","TRUE","FALSE","FALSE","TRUE","http://www.inaturalist.org/observations/3279066"
"42","Ailanthus altissima","Plantae","TRUE","FALSE","FALSE","TRUE","http://www.inaturalist.org/observations/3280571"
"43","Ailanthus altissima","Plantae","TRUE","FALSE","FALSE","TRUE","http://www.inaturalist.org/observations/3232692"
"44","Alliaria petiolata","Plantae","TRUE","FALSE","FALSE","TRUE","http://www.inaturalist.org/observations/3312384"
"45","Alliaria petiolata","Plantae","TRUE","FALSE","FALSE","TRUE","http://www.inaturalist.org/observations/3247081"
"46","Alliaria petiolata","Plantae","TRUE","FALSE","FALSE","TRUE","http://www.inaturalist.org/observations/3232986"
"47","Alliaria petiolata","Plantae","TRUE","FALSE","FALSE","TRUE","http://www.inaturalist.org/observations/3226958"
"48","Alliaria petiolata","Plantae","TRUE","FALSE","FALSE","TRUE","http://www.inaturalist.org/observations/3225097"
"49","Alliaria petiolata","Plantae","TRUE","FALSE","FALSE","TRUE","http://www.inaturalist.org/observations/3221201"
"50","Amorpha fruticosa","Plantae","TRUE","FALSE","FALSE","TRUE","http://www.inaturalist.org/observations/3253465"
"51","Amorpha fruticosa","Plantae","TRUE","FALSE","FALSE","TRUE","http://www.inaturalist.org/observations/3244732"
"52","Ampelopsis glandulosa","Plantae","FALSE","FALSE","FALSE","FALSE","http://www.inaturalist.org/observations/3280572"
"53","Ampelopsis glandulosa","Plantae","FALSE","FALSE","FALSE","FALSE","http://www.inaturalist.org/observations/3220249"
"54","Amphicarpaea bracteata","Plantae","TRUE","FALSE","FALSE","TRUE","http://www.inaturalist.org/observations/3280574"
"55","Arisaema triphyllum","Plantae","TRUE","FALSE","FALSE","TRUE","http://www.inaturalist.org/observations/3232711"
"56","Arisaema triphyllum","Plantae","TRUE","FALSE","FALSE","TRUE","http://www.inaturalist.org/observations/3232871"
"57","Arisaema triphyllum","Plantae","TRUE","FALSE","FALSE","TRUE","http://www.inaturalist.org/observations/3222336"
"58","Artemisia annua","Plantae","TRUE","FALSE","FALSE","FALSE","http://www.inaturalist.org/observations/3240887"
"59","Asarum canadense","Plantae","TRUE","FALSE","FALSE","TRUE","http://www.inaturalist.org/observations/3312400"
"60","Asclepias syriaca","Plantae","TRUE","FALSE","FALSE","TRUE","http://www.inaturalist.org/observations/3245704"
"61","Asimina triloba","Plantae","TRUE","FALSE","FALSE","TRUE","http://www.inaturalist.org/observations/3264959"
"62","Asimina triloba","Plantae","TRUE","FALSE","FALSE","TRUE","http://www.inaturalist.org/observations/3225996"
"63","Asimina triloba","Plantae","TRUE","FALSE","FALSE","TRUE","http://www.inaturalist.org/observations/3227548"
"64","Asimina triloba","Plantae","TRUE","FALSE","FALSE","TRUE","http://www.inaturalist.org/observations/3224644"
"65","Asimina triloba","Plantae","TRUE","FALSE","FALSE","TRUE","http://www.inaturalist.org/observations/3225245"
"66","Asplenium platyneuron","Plantae","TRUE","FALSE","FALSE","TRUE","http://www.inaturalist.org/observations/3280559"
"67","Boechera laevigata","Plantae","TRUE","FALSE","FALSE","TRUE","http://www.inaturalist.org/observations/3226446"
"68","Campsis radicans","Plantae","TRUE","FALSE","FALSE","TRUE","http://www.inaturalist.org/observations/3226221"
"69","Cardamine concatenata","Plantae","TRUE","FALSE","FALSE","TRUE","http://www.inaturalist.org/observations/3240881"
"70","Carpinus caroliniana","Plantae","TRUE","FALSE","FALSE","TRUE","http://www.inaturalist.org/observations/3226002"
"71","Celastrus orbiculatus","Plantae","TRUE","FALSE","FALSE","FALSE","http://www.inaturalist.org/observations/3280569"
"72","Celastrus orbiculatus","Plantae","TRUE","FALSE","FALSE","FALSE","http://www.inaturalist.org/observations/3223632"
"73","Celastrus orbiculatus","Plantae","TRUE","FALSE","FALSE","FALSE","http://www.inaturalist.org/observations/3223379"
"74","Cercis canadensis","Plantae","TRUE","FALSE","FALSE","FALSE","http://www.inaturalist.org/observations/3240886"
"75","Chelidonium majus","Plantae","TRUE","FALSE","FALSE","TRUE","http://www.inaturalist.org/observations/3240884"
"76","Chelidonium majus","Plantae","TRUE","FALSE","FALSE","TRUE","http://www.inaturalist.org/observations/3233291"
"77","Chimaphila maculata","Plantae","TRUE","FALSE","FALSE","TRUE","http://www.inaturalist.org/observations/3240859"
"78","Claytonia virginica","Plantae","TRUE","FALSE","FALSE","TRUE","http://www.inaturalist.org/observations/3224312"
"79","Clematis terniflora","Plantae","TRUE","FALSE","FALSE","TRUE","http://www.inaturalist.org/observations/3244265"
"80","Clematis terniflora","Plantae","TRUE","FALSE","FALSE","TRUE","http://www.inaturalist.org/observations/3224060"
"81","Conium maculatum","Plantae","TRUE","FALSE","FALSE","FALSE","http://www.inaturalist.org/observations/3224703"
"82","Conocephalum salebrosum","Plantae","FALSE","FALSE","FALSE","FALSE","http://www.inaturalist.org/observations/3233305"
"83","Conopholis americana","Plantae","TRUE","FALSE","FALSE","TRUE","http://www.inaturalist.org/observations/3249899"
"84","Conopholis americana","Plantae","TRUE","FALSE","FALSE","TRUE","http://www.inaturalist.org/observations/3240871"
"85","Cornus florida","Plantae","TRUE","FALSE","FALSE","TRUE","http://www.inaturalist.org/observations/3253379"
"86","Cornus florida","Plantae","TRUE","FALSE","FALSE","TRUE","http://www.inaturalist.org/observations/3223781"
"87","Crataegus phaenopyrum","Plantae","TRUE","FALSE","FALSE","TRUE","http://www.inaturalist.org/observations/3221222"
"88","Cryptotaenia canadensis","Plantae","TRUE","FALSE","FALSE","TRUE","http://www.inaturalist.org/observations/3222432"
"89","Cystopteris protrusa","Plantae","TRUE","FALSE","FALSE","TRUE","http://www.inaturalist.org/observations/3228311"
"90","Cystopteris protrusa","Plantae","TRUE","FALSE","FALSE","TRUE","http://www.inaturalist.org/observations/3225385"
"91","Dioscorea villosa","Plantae","TRUE","FALSE","FALSE","TRUE","http://www.inaturalist.org/observations/3266011"
"92","Dioscorea villosa","Plantae","TRUE","FALSE","FALSE","TRUE","http://www.inaturalist.org/observations/3240863"
"93","Dryopteris carthusiana","Plantae","TRUE","FALSE","FALSE","TRUE","http://www.inaturalist.org/observations/3229451"
"94","Dryopteris intermedia","Plantae","TRUE","FALSE","FALSE","TRUE","http://www.inaturalist.org/observations/3229416"
"95","Dryopteris marginalis","Plantae","TRUE","FALSE","FALSE","FALSE","http://www.inaturalist.org/observations/3228051"
"96","Elaeagnus umbellata","Plantae","TRUE","FALSE","FALSE","FALSE","http://www.inaturalist.org/observations/3226547"
"97","Euonymus alatus","Plantae","TRUE","FALSE","FALSE","TRUE","http://www.inaturalist.org/observations/3225366"
"98","Eurybia divaricata","Plantae","TRUE","FALSE","FALSE","TRUE","http://www.inaturalist.org/observations/3222591"
"99","Fagus grandifolia","Plantae","TRUE","FALSE","FALSE","TRUE","http://www.inaturalist.org/observations/3231906"
"100","Fagus grandifolia","Plantae","TRUE","FALSE","FALSE","TRUE","http://www.inaturalist.org/observations/3223304"
"101","Ficaria verna","Plantae","FALSE","FALSE","FALSE","FALSE","http://www.inaturalist.org/observations/3238501"
"102","Ficaria verna","Plantae","FALSE","FALSE","FALSE","FALSE","http://www.inaturalist.org/observations/3224147"
"103","Galium aparine","Plantae","TRUE","FALSE","FALSE","TRUE","http://www.inaturalist.org/observations/3240891"
"104","Galium aparine","Plantae","TRUE","FALSE","FALSE","TRUE","http://www.inaturalist.org/observations/3232753"
"105","Glechoma hederacea","Plantae","TRUE","FALSE","FALSE","TRUE","http://www.inaturalist.org/observations/3238379"
"106","Glechoma hederacea","Plantae","TRUE","FALSE","FALSE","TRUE","http://www.inaturalist.org/observations/3224903"
"107","Gleditsia triacanthos","Plantae","TRUE","FALSE","FALSE","TRUE","http://www.inaturalist.org/observations/3244672"
"108","Gleditsia triacanthos","Plantae","TRUE","FALSE","FALSE","TRUE","http://www.inaturalist.org/observations/3246180"
"109","Hamamelis virginiana","Plantae","TRUE","FALSE","FALSE","TRUE","http://www.inaturalist.org/observations/3222334"
"110","Hedera helix","Plantae","TRUE","FALSE","FALSE","TRUE","http://www.inaturalist.org/observations/3227138"
"111","Hedera helix","Plantae","TRUE","FALSE","FALSE","TRUE","http://www.inaturalist.org/observations/3222186"
"112","Hibiscus syriacus","Plantae","TRUE","FALSE","FALSE","FALSE","http://www.inaturalist.org/observations/3280573"
"113","Humulus japonicus","Plantae","TRUE","FALSE","FALSE","TRUE","http://www.inaturalist.org/observations/3280564"
"114","Hydrophyllum canadense","Plantae","TRUE","FALSE","FALSE","FALSE","http://www.inaturalist.org/observations/3224465"
"115","Hydrophyllum virginianum","Plantae","TRUE","FALSE","FALSE","FALSE","http://www.inaturalist.org/observations/3234542"
"116","Ilex opaca","Plantae","TRUE","FALSE","FALSE","FALSE","http://www.inaturalist.org/observations/3279065"
"117","Ilex opaca","Plantae","TRUE","FALSE","FALSE","FALSE","http://www.inaturalist.org/observations/3240866"
"118","Ilex opaca","Plantae","TRUE","FALSE","FALSE","FALSE","http://www.inaturalist.org/observations/3227606"
"119","Impatiens capensis","Plantae","TRUE","FALSE","FALSE","TRUE","http://www.inaturalist.org/observations/3243359"
"120","Iris pseudacorus","Plantae","TRUE","FALSE","FALSE","FALSE","http://www.inaturalist.org/observations/3280567"
"121","Iris pseudacorus","Plantae","TRUE","FALSE","FALSE","FALSE","http://www.inaturalist.org/observations/3247179"
"122","Iris pseudacorus","Plantae","TRUE","FALSE","FALSE","FALSE","http://www.inaturalist.org/observations/3243239"
"123","Iris pseudacorus","Plantae","TRUE","FALSE","FALSE","FALSE","http://www.inaturalist.org/observations/3224284"
"124","Iris pseudacorus","Plantae","TRUE","FALSE","FALSE","FALSE","http://www.inaturalist.org/observations/3220246"
"125","Juglans nigra","Plantae","TRUE","FALSE","FALSE","TRUE","http://www.inaturalist.org/observations/3225340"
"126","Kalmia latifolia","Plantae","TRUE","FALSE","FALSE","TRUE","http://www.inaturalist.org/observations/3240857"
"127","Kalmia latifolia","Plantae","TRUE","FALSE","FALSE","TRUE","http://www.inaturalist.org/observations/3223403"
"128","Ligustrum obtusifolium","Plantae","TRUE","FALSE","FALSE","FALSE","http://www.inaturalist.org/observations/3220285"
"129","Ligustrum vulgare","Plantae","FALSE","FALSE","FALSE","FALSE","http://www.inaturalist.org/observations/3266005"
"130","Lindera benzoin","Plantae","TRUE","FALSE","FALSE","TRUE","http://www.inaturalist.org/observations/3265961"
"131","Lindera benzoin","Plantae","TRUE","FALSE","FALSE","TRUE","http://www.inaturalist.org/observations/3244042"
"132","Lindera benzoin","Plantae","TRUE","FALSE","FALSE","TRUE","http://www.inaturalist.org/observations/3222318"
"133","Lindera benzoin","Plantae","TRUE","FALSE","FALSE","TRUE","http://www.inaturalist.org/observations/3220293"
"134","Liquidambar styraciflua","Plantae","TRUE","FALSE","FALSE","FALSE","http://www.inaturalist.org/observations/3244720"
"135","Liquidambar styraciflua","Plantae","TRUE","FALSE","FALSE","FALSE","http://www.inaturalist.org/observations/3227265"
"136","Liriodendron tulipifera","Plantae","TRUE","FALSE","FALSE","FALSE","http://www.inaturalist.org/observations/3312417"
"137","Liriodendron tulipifera","Plantae","TRUE","FALSE","FALSE","FALSE","http://www.inaturalist.org/observations/3247669"
"138","Liriodendron tulipifera","Plantae","TRUE","FALSE","FALSE","FALSE","http://www.inaturalist.org/observations/3243414"
"139","Liriodendron tulipifera","Plantae","TRUE","FALSE","FALSE","FALSE","http://www.inaturalist.org/observations/3240869"
"140","Liriodendron tulipifera","Plantae","TRUE","FALSE","FALSE","FALSE","http://www.inaturalist.org/observations/3226465"
"141","Lonicera maackii","Plantae","TRUE","FALSE","FALSE","TRUE","http://www.inaturalist.org/observations/3266000"
"142","Lonicera maackii","Plantae","TRUE","FALSE","FALSE","TRUE","http://www.inaturalist.org/observations/3266003"
"143","Lonicera maackii","Plantae","TRUE","FALSE","FALSE","TRUE","http://www.inaturalist.org/observations/3223716"
"144","Maianthemum racemosum","Plantae","TRUE","FALSE","FALSE","FALSE","http://www.inaturalist.org/observations/3312377"
"145","Maianthemum racemosum","Plantae","TRUE","FALSE","FALSE","FALSE","http://www.inaturalist.org/observations/3232909"
"146","Matteuccia struthiopteris","Plantae","TRUE","FALSE","FALSE","TRUE","http://www.inaturalist.org/observations/3233509"
"147","Matteuccia struthiopteris","Plantae","TRUE","FALSE","FALSE","TRUE","http://www.inaturalist.org/observations/3224910"
"148","Medeola virginiana","Plantae","TRUE","FALSE","FALSE","FALSE","http://www.inaturalist.org/observations/3240860"
"149","Menispermum canadense","Plantae","TRUE","FALSE","FALSE","FALSE","http://www.inaturalist.org/observations/3242920"
"150","Microstegium vimineum","Plantae","TRUE","FALSE","FALSE","TRUE","http://www.inaturalist.org/observations/3226552"
"151","Mitchella repens","Plantae","TRUE","FALSE","FALSE","FALSE","http://www.inaturalist.org/observations/3224750"
"152","Morus alba","Plantae","TRUE","FALSE","FALSE","TRUE","http://www.inaturalist.org/observations/3225003"
"153","Morus alba","Plantae","TRUE","FALSE","FALSE","TRUE","http://www.inaturalist.org/observations/3220222"
"154","Myrrhis odorata","Plantae","FALSE","FALSE","FALSE","FALSE","http://www.inaturalist.org/observations/3242867"
"155","Onoclea sensibilis","Plantae","TRUE","FALSE","FALSE","FALSE","http://www.inaturalist.org/observations/3245182"
"156","Ornithogalum umbellatum","Plantae","TRUE","FALSE","FALSE","FALSE","http://www.inaturalist.org/observations/3225320"
"157","Parathelypteris noveboracensis","Plantae","FALSE","FALSE","FALSE","FALSE","http://www.inaturalist.org/observations/3227801"
"158","Parthenocissus quinquefolia","Plantae","TRUE","FALSE","FALSE","TRUE","http://www.inaturalist.org/observations/3226781"
"159","Parthenocissus quinquefolia","Plantae","TRUE","FALSE","FALSE","TRUE","http://www.inaturalist.org/observations/3222196"
"160","Parthenocissus quinquefolia","Plantae","TRUE","FALSE","FALSE","TRUE","http://www.inaturalist.org/observations/3222410"
"161","Parthenocissus quinquefolia","Plantae","TRUE","FALSE","FALSE","TRUE","http://www.inaturalist.org/observations/3220272"
"162","Paulownia tomentosa","Plantae","TRUE","FALSE","FALSE","TRUE","http://www.inaturalist.org/observations/3225272"
"163","Paulownia tomentosa","Plantae","TRUE","FALSE","FALSE","TRUE","http://www.inaturalist.org/observations/3222537"
"164","Peltandra virginica","Plantae","TRUE","FALSE","FALSE","TRUE","http://www.inaturalist.org/observations/3244045"
"165","Peltandra virginica","Plantae","TRUE","FALSE","FALSE","TRUE","http://www.inaturalist.org/observations/3227643"
"166","Peltandra virginica","Plantae","TRUE","FALSE","FALSE","TRUE","http://www.inaturalist.org/observations/3221708"
"167","Persicaria arifolia","Plantae","TRUE","FALSE","FALSE","TRUE","http://www.inaturalist.org/observations/3253385"
"168","Persicaria perfoliata","Plantae","TRUE","FALSE","FALSE","TRUE","http://www.inaturalist.org/observations/3253587"
"169","Persicaria perfoliata","Plantae","TRUE","FALSE","FALSE","TRUE","http://www.inaturalist.org/observations/3243299"
"170","Persicaria perfoliata","Plantae","TRUE","FALSE","FALSE","TRUE","http://www.inaturalist.org/observations/3243815"
"171","Persicaria perfoliata","Plantae","TRUE","FALSE","FALSE","TRUE","http://www.inaturalist.org/observations/3232663"
"172","Persicaria perfoliata","Plantae","TRUE","FALSE","FALSE","TRUE","http://www.inaturalist.org/observations/3223914"
"173","Phlox divaricata","Plantae","TRUE","FALSE","FALSE","FALSE","http://www.inaturalist.org/observations/3240882"
"174","Phytolacca americana","Plantae","TRUE","FALSE","FALSE","FALSE","http://www.inaturalist.org/observations/3242255"
"175","Phytolacca americana","Plantae","TRUE","FALSE","FALSE","FALSE","http://www.inaturalist.org/observations/3238713"
"176","Phytolacca americana","Plantae","TRUE","FALSE","FALSE","FALSE","http://www.inaturalist.org/observations/3227166"
"177","Platanus occidentalis","Plantae","TRUE","FALSE","FALSE","TRUE","http://www.inaturalist.org/observations/3243281"
"178","Platanus occidentalis","Plantae","TRUE","FALSE","FALSE","TRUE","http://www.inaturalist.org/observations/3233233"
"179","Platanus occidentalis","Plantae","TRUE","FALSE","FALSE","TRUE","http://www.inaturalist.org/observations/3223352"
"180","Platanus occidentalis","Plantae","TRUE","FALSE","FALSE","TRUE","http://www.inaturalist.org/observations/3224640"
"181","Platanus occidentalis","Plantae","TRUE","FALSE","FALSE","TRUE","http://www.inaturalist.org/observations/3222549"
"182","Platanus occidentalis","Plantae","TRUE","FALSE","FALSE","TRUE","http://www.inaturalist.org/observations/3222560"
"183","Podophyllum peltatum","Plantae","TRUE","FALSE","FALSE","FALSE","http://www.inaturalist.org/observations/3312399"
"184","Polygonatum biflorum","Plantae","TRUE","FALSE","FALSE","TRUE","http://www.inaturalist.org/observations/3240864"
"185","Polygonatum biflorum","Plantae","TRUE","FALSE","FALSE","TRUE","http://www.inaturalist.org/observations/3240877"
"186","Polygonatum biflorum","Plantae","TRUE","FALSE","FALSE","TRUE","http://www.inaturalist.org/observations/3239061"
"187","Polygonatum biflorum","Plantae","TRUE","FALSE","FALSE","TRUE","http://www.inaturalist.org/observations/3232626"
"188","Polystichum acrostichoides","Plantae","TRUE","FALSE","FALSE","TRUE","http://www.inaturalist.org/observations/3312352"
"189","Polystichum acrostichoides","Plantae","TRUE","FALSE","FALSE","TRUE","http://www.inaturalist.org/observations/3253383"
"190","Polystichum acrostichoides","Plantae","TRUE","FALSE","FALSE","TRUE","http://www.inaturalist.org/observations/3223510"
"191","Polystichum acrostichoides","Plantae","TRUE","FALSE","FALSE","TRUE","http://www.inaturalist.org/observations/3222625"
"192","Potentilla indica","Plantae","FALSE","FALSE","FALSE","FALSE","http://www.inaturalist.org/observations/3247208"
"193","Potentilla indica","Plantae","FALSE","FALSE","FALSE","FALSE","http://www.inaturalist.org/observations/3247603"
"194","Potentilla indica","Plantae","FALSE","FALSE","FALSE","FALSE","http://www.inaturalist.org/observations/3238383"
"195","Potentilla indica","Plantae","FALSE","FALSE","FALSE","FALSE","http://www.inaturalist.org/observations/3233010"
"196","Potentilla indica","Plantae","FALSE","FALSE","FALSE","FALSE","http://www.inaturalist.org/observations/3227750"
"197","Potentilla indica","Plantae","FALSE","FALSE","FALSE","FALSE","http://www.inaturalist.org/observations/3225599"
"198","Prunus serotina","Plantae","TRUE","FALSE","FALSE","FALSE","http://www.inaturalist.org/observations/3224405"
"199","Pueraria montana","Plantae","FALSE","FALSE","FALSE","FALSE","http://www.inaturalist.org/observations/3280557"
"200","Quercus alba","Plantae","TRUE","FALSE","FALSE","TRUE","http://www.inaturalist.org/observations/3227543"
"201","Quercus alba","Plantae","TRUE","FALSE","FALSE","TRUE","http://www.inaturalist.org/observations/3224150"
"202","Quercus montana","Plantae","FALSE","FALSE","FALSE","TRUE","http://www.inaturalist.org/observations/3223093"
"203","Reynoutria japonica","Plantae","FALSE","FALSE","FALSE","FALSE","http://www.inaturalist.org/observations/3238495"
"204","Robinia pseudoacacia","Plantae","TRUE","FALSE","FALSE","TRUE","http://www.inaturalist.org/observations/3312383"
"205","Robinia pseudoacacia","Plantae","TRUE","FALSE","FALSE","TRUE","http://www.inaturalist.org/observations/3226526"
"206","Rosa multiflora","Plantae","TRUE","FALSE","FALSE","TRUE","http://www.inaturalist.org/observations/3280570"
"207","Rosa multiflora","Plantae","TRUE","FALSE","FALSE","TRUE","http://www.inaturalist.org/observations/3244669"
"208","Rosa multiflora","Plantae","TRUE","FALSE","FALSE","TRUE","http://www.inaturalist.org/observations/3226604"
"209","Rosa multiflora","Plantae","TRUE","FALSE","FALSE","TRUE","http://www.inaturalist.org/observations/3222608"
"210","Rosa multiflora","Plantae","TRUE","FALSE","FALSE","TRUE","http://www.inaturalist.org/observations/3220290"
"211","Rubus phoenicolasius","Plantae","TRUE","FALSE","FALSE","FALSE","http://www.inaturalist.org/observations/3265968"
"212","Rubus phoenicolasius","Plantae","TRUE","FALSE","FALSE","FALSE","http://www.inaturalist.org/observations/3238492"
"213","Rubus phoenicolasius","Plantae","TRUE","FALSE","FALSE","FALSE","http://www.inaturalist.org/observations/3227596"
"214","Rubus phoenicolasius","Plantae","TRUE","FALSE","FALSE","FALSE","http://www.inaturalist.org/observations/3223681"
"215","Rubus phoenicolasius","Plantae","TRUE","FALSE","FALSE","FALSE","http://www.inaturalist.org/observations/3224038"
"216","Sambucus canadensis","Plantae","FALSE","TRUE","TRUE","FALSE","http://www.inaturalist.org/observations/3253708"
"217","Sanguinaria canadensis","Plantae","TRUE","FALSE","FALSE","TRUE","http://www.inaturalist.org/observations/3240890"
"218","Sanicula odorata","Plantae","TRUE","FALSE","FALSE","TRUE","http://www.inaturalist.org/observations/3228368"
"219","Sanicula odorata","Plantae","TRUE","FALSE","FALSE","TRUE","http://www.inaturalist.org/observations/3220302"
"220","Sassafras albidum","Plantae","TRUE","FALSE","FALSE","TRUE","http://www.inaturalist.org/observations/3265967"
"221","Sassafras albidum","Plantae","TRUE","FALSE","FALSE","TRUE","http://www.inaturalist.org/observations/3240861"
"222","Sassafras albidum","Plantae","TRUE","FALSE","FALSE","TRUE","http://www.inaturalist.org/observations/3223659"
"223","Sedum sarmentosum","Plantae","FALSE","FALSE","FALSE","FALSE","http://www.inaturalist.org/observations/3233642"
"224","Smilax rotundifolia","Plantae","TRUE","FALSE","FALSE","TRUE","http://www.inaturalist.org/observations/3266014"
"225","Smilax rotundifolia","Plantae","TRUE","FALSE","FALSE","TRUE","http://www.inaturalist.org/observations/3223547"
"226","Stellaria pubera","Plantae","TRUE","FALSE","FALSE","TRUE","http://www.inaturalist.org/observations/3229091"
"227","Taxodium distichum","Plantae","TRUE","FALSE","FALSE","TRUE","http://www.inaturalist.org/observations/3220287"
"228","Taxodium distichum","Plantae","TRUE","FALSE","FALSE","TRUE","http://www.inaturalist.org/observations/3220288"
"229","Thuidium delicatulum","Plantae","FALSE","FALSE","FALSE","FALSE","http://www.inaturalist.org/observations/3312362"
"230","Toxicodendron radicans","Plantae","TRUE","FALSE","FALSE","FALSE","http://www.inaturalist.org/observations/3312401"
"231","Toxicodendron radicans","Plantae","TRUE","FALSE","FALSE","FALSE","http://www.inaturalist.org/observations/3253478"
"232","Toxicodendron radicans","Plantae","TRUE","FALSE","FALSE","FALSE","http://www.inaturalist.org/observations/3243656"
"233","Toxicodendron radicans","Plantae","TRUE","FALSE","FALSE","FALSE","http://www.inaturalist.org/observations/3239130"
"234","Toxicodendron radicans","Plantae","TRUE","FALSE","FALSE","FALSE","http://www.inaturalist.org/observations/3234549"
"235","Toxicodendron radicans","Plantae","TRUE","FALSE","FALSE","FALSE","http://www.inaturalist.org/observations/3226650"
"236","Toxicodendron radicans","Plantae","TRUE","FALSE","FALSE","FALSE","http://www.inaturalist.org/observations/3226950"
"237","Toxicodendron radicans","Plantae","TRUE","FALSE","FALSE","FALSE","http://www.inaturalist.org/observations/3222775"
"238","Toxicodendron radicans","Plantae","TRUE","FALSE","FALSE","FALSE","http://www.inaturalist.org/observations/3223458"
"239","Toxicodendron radicans","Plantae","TRUE","FALSE","FALSE","FALSE","http://www.inaturalist.org/observations/3224996"
"240","Toxicodendron radicans","Plantae","TRUE","FALSE","FALSE","FALSE","http://www.inaturalist.org/observations/3220251"
"241","Toxicodendron radicans","Plantae","TRUE","FALSE","FALSE","FALSE","http://www.inaturalist.org/observations/3220256"
"242","Trifolium repens","Plantae","TRUE","FALSE","FALSE","TRUE","http://www.inaturalist.org/observations/3227095"
"243","Typha latifolia","Plantae","TRUE","FALSE","FALSE","FALSE","http://www.inaturalist.org/observations/3243985"
"244","Typha latifolia","Plantae","TRUE","FALSE","FALSE","FALSE","http://www.inaturalist.org/observations/3220278"
"245","Ulmus americana","Plantae","TRUE","FALSE","FALSE","TRUE","http://www.inaturalist.org/observations/3245002"
"246","Urtica dioica","Plantae","TRUE","FALSE","FALSE","FALSE","http://www.inaturalist.org/observations/3232739"
"247","Urtica dioica","Plantae","TRUE","FALSE","FALSE","FALSE","http://www.inaturalist.org/observations/3233077"
"248","Urtica dioica","Plantae","TRUE","FALSE","FALSE","FALSE","http://www.inaturalist.org/observations/3225105"
"249","Vaccinium pallidum","Plantae","TRUE","FALSE","FALSE","TRUE","http://www.inaturalist.org/observations/3223354"
"250","Valeriana pauciflora","Plantae","TRUE","FALSE","FALSE","FALSE","http://www.inaturalist.org/observations/3312363"
"251","Verbesina alternifolia","Plantae","TRUE","FALSE","FALSE","TRUE","http://www.inaturalist.org/observations/3243568"
"252","Verbesina alternifolia","Plantae","TRUE","FALSE","FALSE","TRUE","http://www.inaturalist.org/observations/3238708"
"253","Veronica hederifolia","Plantae","TRUE","FALSE","FALSE","FALSE","http://www.inaturalist.org/observations/3222893"
"254","Viburnum acerifolium","Plantae","TRUE","FALSE","FALSE","TRUE","http://www.inaturalist.org/observations/3223058"
"255","Viburnum dentatum","Plantae","TRUE","TRUE","FALSE","FALSE","http://www.inaturalist.org/observations/3244168"
"256","Viburnum prunifolium","Plantae","TRUE","FALSE","FALSE","TRUE","http://www.inaturalist.org/observations/3253510"
"257","Vicia sativa","Plantae","TRUE","FALSE","FALSE","FALSE","http://www.inaturalist.org/observations/3253616"
"258","Vinca major","Plantae","TRUE","FALSE","FALSE","TRUE","http://www.inaturalist.org/observations/3226178"
"259","Zizia aurea","Plantae","TRUE","FALSE","FALSE","FALSE","http://www.inaturalist.org/observations/3233394"
"260","Carphophis amoenus","Reptilia","TRUE","TRUE","FALSE","FALSE","http://www.inaturalist.org/observations/3312247"
"261","Carphophis amoenus","Reptilia","TRUE","TRUE","FALSE","FALSE","http://www.inaturalist.org/observations/3242817"
"262","Carphophis amoenus","Reptilia","TRUE","TRUE","FALSE","FALSE","http://www.inaturalist.org/observations/3242799"
"263","Carphophis amoenus","Reptilia","TRUE","TRUE","FALSE","FALSE","http://www.inaturalist.org/observations/3234548"
"264","Carphophis amoenus","Reptilia","TRUE","TRUE","FALSE","FALSE","http://www.inaturalist.org/observations/3232970"
"265","Chrysemys picta","Reptilia","TRUE","TRUE","FALSE","FALSE","http://www.inaturalist.org/observations/3221430"
"266","Nerodia sipedon","Reptilia","TRUE","TRUE","FALSE","TRUE","http://www.inaturalist.org/observations/3228338"
"267","Nerodia sipedon","Reptilia","TRUE","TRUE","FALSE","TRUE","http://www.inaturalist.org/observations/3228339"
"268","Nerodia sipedon","Reptilia","TRUE","TRUE","FALSE","TRUE","http://www.inaturalist.org/observations/3228344"
"269","Nerodia sipedon","Reptilia","TRUE","TRUE","FALSE","TRUE","http://www.inaturalist.org/observations/3228401"
"270","Pantherophis alleghaniensis","Reptilia","FALSE","FALSE","FALSE","TRUE","http://www.inaturalist.org/observations/3239122"
"271","Plestiodon fasciatus","Reptilia","TRUE","FALSE","FALSE","FALSE","http://www.inaturalist.org/observations/3238391"
"272","Plestiodon fasciatus","Reptilia","TRUE","FALSE","FALSE","FALSE","http://www.inaturalist.org/observations/3238394"
"273","Plestiodon fasciatus","Reptilia","TRUE","FALSE","FALSE","FALSE","http://www.inaturalist.org/observations/3233106"
"274","Plestiodon fasciatus","Reptilia","TRUE","FALSE","FALSE","FALSE","http://www.inaturalist.org/observations/3231849"
"275","Regina septemvittata","Reptilia","TRUE","FALSE","FALSE","TRUE","https://www.inaturalist.org/observations/5863167"
"276","Storeria dekayi","Reptilia","TRUE","TRUE","FALSE","TRUE","http://www.inaturalist.org/observations/3246969"
"277","Storeria dekayi","Reptilia","TRUE","TRUE","FALSE","TRUE","http://www.inaturalist.org/observations/3223277"
"278","Storeria dekayi","Reptilia","TRUE","TRUE","FALSE","TRUE","http://www.inaturalist.org/observations/3221840"
"279","Terrapene carolina","Reptilia","TRUE","TRUE","FALSE","FALSE","http://www.inaturalist.org/observations/3246808"
"280","Terrapene carolina","Reptilia","TRUE","TRUE","FALSE","FALSE","http://www.inaturalist.org/observations/3247821"
"281","Terrapene carolina","Reptilia","TRUE","TRUE","FALSE","FALSE","http://www.inaturalist.org/observations/3223865"
"282","Terrapene carolina","Reptilia","TRUE","TRUE","FALSE","FALSE","http://www.inaturalist.org/observations/3223813"
"283","Thamnophis sirtalis","Reptilia","TRUE","TRUE","FALSE","FALSE","http://www.inaturalist.org/observations/3245055"
