"","Iconic.taxon.name","Scientific.name","Common.name"
"1","Actinopterygii","Fundulus heteroclitus","Mummichog"
"2","Animalia","Cylisticus convexus","Curly Woodlouse"
"3","Animalia","Narceus annularis",""
"4","Animalia","Philoscia muscorum","Common Striped Woodlouse"
"5","Animalia","Trachelipus rathkii","Rathke’s Woodlouse"
"6","Arachnida","Caddo agilis",""
"7","Arachnida","Colonus sylvanus","Sylvan Jumping Spider"
"8","Arachnida","Dysdera crocata","Woodlouse Spider"
"9","Arachnida","Emblyna sublata",""
"10","Arachnida","Herpyllus ecclesiasticus","Eastern Parson Spider"
"11","Arachnida","Larinioides cornutus","Furrow Orbweaver"
"12","Arachnida","Leiobunum ventricosum",""
"13","Arachnida","Leiobunum verrucosum",""
"14","Arachnida","Leucauge venusta","Orchard Orbweaver"
"15","Arachnida","Naphrys pulex","Flea Jumping Spider"
"16","Arachnida","Parasteatoda tepidariorum","Common House Spider"
"17","Arachnida","Pholcus phalangioides","Long-bodied Cellar Spider"
"18","Arachnida","Pirata piraticus","Pirate Otter Spider"
"19","Arachnida","Pisaurina dubia",""
"20","Arachnida","Pisaurina mira","American Nursery Web Spider"
"21","Arachnida","Platycryptus undatus","Tan Jumping Spider"
"22","Arachnida","Spermophora senoculata","shortbodied cellar spider"
"23","Arachnida","Steatoda grossa","False Black Widow"
"24","Arachnida","Steatoda triangulosa","Triangulate Combfoot"
"25","Arachnida","Synema parvulum","Black-banded Crab Spider"
"26","Arachnida","Vasates quadripedes","maple bladdergall mite"
"27","Fungi","Chrysothrix caesia","Frosted Comma Lichen"
"28","Fungi","Ductifera pululahuana","white jelly fungus"
"29","Fungi","Endothia gyrosa","orange hobnail canker"
"30","Fungi","Flavoparmelia caperata","common greenshield lichen"
"31","Fungi","Hesperomyces virescens","Green Beetle Hanger"
"32","Fungi","Hypotrachyna livida",""
"33","Fungi","Myelochroa aurulenta","Powdery Axil-bristle Lichen"
"34","Fungi","Phaeophyscia rubropulchra","Orange-cored Shadow Lichen"
"35","Fungi","Physcia millegrana","rosette lichen"
"36","Fungi","Punctelia rudecta","rough speckled shield lichen"
"37","Fungi","Stereum ostrea","false turkey-tail"
"38","Fungi","Tremella mesenterica","witch's butter"
"39","Fungi","Trichaptum biforme","violet-toothed polypore"
"40","Fungi","Xylobolus frustulatus","ceramic parchment"
"41","Insecta","Agrotis ipsilon","Ipsilon Dart Moth"
"42","Insecta","Aphis fabae","Black Bean Aphid"
"43","Insecta","Apis mellifera","Western Honey Bee"
"44","Insecta","Banasa calva",""
"45","Insecta","Celastrina neglecta","Summer Azure"
"46","Insecta","Cicindela sexguttata","Six-spotted Tiger Beetle"
"47","Insecta","Coccinella septempunctata","Seven-spotted Lady Beetle"
"48","Insecta","Crocigrapha normani","Norman's Quaker"
"49","Insecta","Emmelina monodactyla","Morning-glory Plume Moth"
"50","Insecta","Entylia carinata","Keeled Treehopper"
"51","Insecta","Epiphragma solatrix","Spectacled Crane Fly"
"52","Insecta","Euchlaena amoenaria","Deep Yellow Euchlaena Moth"
"53","Insecta","Harmonia axyridis","Asian Lady Beetle"
"54","Insecta","Horisme intestinata","Brown Bark Carpet Moth"
"55","Insecta","Hormaphis hamamelidis","Witch-hazel Cone Gall Aphid"
"56","Insecta","Lymantria dispar","Gypsy Moth"
"57","Insecta","Malacosoma disstria","Forest Tent Caterpillar Moth"
"58","Insecta","Nymphalis antiopa","Mourning Cloak"
"59","Insecta","Odontotaenius disjunctus","Horned Passalus Beetle"
"60","Insecta","Pangaeus bilineatus","Two-lined Burrowing Bug"
"61","Insecta","Phalaenophana pyramusalis","Dark-banded Owlet"
"62","Insecta","Phoebis sennae","Cloudless Sulphur"
"63","Insecta","Poanes zabulon","Zabulon Skipper"
"64","Insecta","Polygonia interrogationis","Question Mark"
"65","Insecta","Rhinoncomimus latipes","Mile-a-minute weevil"
"66","Insecta","Sibovia occatoria","Yellow-striped Leafhopper"
"67","Insecta","Spilosoma virginica","Virginian Tiger Moth"
"68","Insecta","Triatoma sanguisuga","Eastern Blood-sucking Conenose"
"69","Insecta","Uloma imberbis",""
"70","Insecta","Vanessa atalanta","Red Admiral"
"71","Insecta","Vanessa virginiensis","American Lady"
"72","Insecta","Vespa crabro","European Hornet"
"73","Insecta","Zale horrida","Horrid Zale Moth"
"74","Mollusca","Anguispira fergusoni","Coastal Plain Disk"
"75","Mollusca","Arion intermedius","Hedgehog Slug"
"76","Mollusca","Cipangopaludina chinensis","Chinese Mysterysnail"
"77","Mollusca","Elliptio complanata","Eastern Elliptio"
"78","Mollusca","Limax maximus","Leopard Slug"
"79","Mollusca","Mesodon thyroidus","Whitelip Globe"
"80","Mollusca","Neohelix albolabris","Eastern Whitelip"
"81","Mollusca","Stenotrema hirsutum","Hairy Slitmouth"
"82","Mollusca","Ventridens ligera","Globose Dome"
"83","Protozoa","Lycogala epidendrum","Wolf's Milk"
