"","Iconic_taxa","Scientific_name","Occurences in BISON","Invasive.Record"
"1","Plantae","Aesculus hippocastanum","OR 15; NC 4; VT 4; IN 11; ME 13; TN 4; OK 1; BC CAN 14; PE CAN 2; WA 68; UT 11; ON CAN 35; WV 6; MA 38; CO 2; QC CAN 10; MO 9; WI 6; NY 936; DC 20; RI 2; MT 1; KY 1; SD 1; CA 12; KS 1; NJ 26; PA 38; MI 21; NB CAN 5; IL 18; NS CAN 12; TX 1; CT 33; NH 3; OH 21; GA 1; MD 6; VA 5; ID 2","Yes"
"2","Plantae","Ampelopsis glandulosa","NC 3; NY 29; DC 6; OK 1; AL 1; NJ 8; SC 1; PA 2; MA 2; CT 1; OH 3; VA 17; MD 14","No"
"3","Plantae","Conocephalum salebrosum","NC 26; IN 118; WY 6; BC CAN 5; YT CAN 3; AZ 1; KY 6; CA 33; KS 23; FL 7; DE 3; PA 34; IA 17; IL 23; NS CAN 3; CT 14; GA 7; VA 24; MD 3; ID 5; VT 36; OR 10; PR 1; ME 32; TN 7; OK 1; AL 4; AR 6; WA 32; SC 3; NE 8; ON CAN 29; WV 3; MA 7; CO 5; MO 37; QC CAN 30; AK 25; ND 1; WI 36; NY 85; RI 3; SD 1; MN 16; NL CAN 2; NJ 15; MI 38; NB CAN 2; NM 7; NH 6; LA 1; OH 52; NT CAN 3","No"
"4","Plantae","Ficaria verna","NC 33; OR 21; VT 8; PR 1; IN 9; TN 2; BC CAN 2; AL 5; AR 1; WA 7; SC 6; ON CAN 25; WV 3; MA 59; MO 3; WI 20; NY 392; DC 65; RI 1; KY 4; NL CAN 1; DE 17; NJ 192; PA 117; MI 11; IL 101; NS CAN 1; CT 4; OH 128; GA 1; MD 178; VA 81","Yes"
"5","Plantae","Ligustrum vulgare","OR 27; NC 4; VT 3; IN 6; TN 22; ME 8; OK 1; BC CAN 3; AL 6; AR 21; WA 23; SC 6; UT 5; WV 44; ON CAN 19; MA 88; CO 3; MO 14; QC CAN 2; WI 5; AZ 1; NY 326; DC 28; RI 10; MT 3; KY 24; HI 1; KS 18; CA 15; DE 1; FL 1; NJ 35; PA 60; MI 28; MS 1; NM 1; IL 47; NS CAN 13; TX 2; CT 78; NH 5; LA 8; OH 79; GA 1; VA 26; MD 12; ID 2","Yes"
"6","Plantae","Myrrhis odorata","OR 7; NY 2; BC CAN 7; WA 5; MI 1; ON CAN 1; NS CAN 3; CO 2; IL 2; MA 1; CT 2; AK 4; MD 1","Yes"
"7","Plantae","Parathelypteris noveboracensis","NC 775; VT 143; IN 5; TN 161; ME 45; PE CAN 1; AL 25; SC 101; WV 52; ON CAN 37; MA 105; QC CAN 6; AK 1; WI 1; NY 55; DC 23; RI 16; KY 17; CA 1; NL CAN 1; DE 5; NJ 26; PA 62; MI 21; NB CAN 8; IA 1; MS 1; NS CAN 17; CT 81; NH 33; OH 61; GA 129; VA 324; MD 116","No"
"8","Plantae","Potentilla indica","NC 221; OR 3; VT 2; IN 8; TN 68; OK 14; AL 28; AR 10; SC 32; WA 1; NE 3; WV 23; ON CAN 15; MA 6; CO 1; MO 24; WI 4; NY 67; DC 55; KY 22; MN 1; CA 106; KS 4; DE 13; FL 8; NJ 134; PA 56; MI 11; MS 9; TX 120; IL 63; CT 9; LA 47; OH 76; GA 18; MD 217; VA 158","Yes"
"9","Plantae","Pueraria montana","NC 118; OR 3; IN 2; TN 191; OK 2; AL 750; AR 80; SC 51; WA 1; WV 11; MA 3; MO 10; NY 10; DC 9; KY 51; HI 6; CA 1; FL 27; NJ 5; PA 18; MS 864; TX 17; IL 11; CT 4; LA 55; OH 8; GA 260; VA 140; MD 11","Yes"
"10","Plantae","Reynoutria japonica","NC 17; OR 1; IN 1; TN 10; ME 3; SC 13; WA 3; WV 4; ON CAN 1; CO 3; MO 2; NY 36; DC 7; MT 2; KY 1; CA 1; FL 7; NJ 2; PA 4; MI 2; IL 5; CT 1; LA 5; MD 11; VA 8; ID 1","Yes"
"11","Plantae","Sedum sarmentosum","NC 15; VT 5; IN 4; TN 21; ME 2; AL 3; AR 8; SC 5; NE 1; ON CAN 12; WV 8; MA 13; MO 32; QC CAN 1; WI 12; NY 91; DC 10; RI 2; KY 9; KS 8; CA 3; FL 2; NJ 23; PA 38; MI 3; MS 1; IL 14; NS CAN 1; CT 7; NH 1; LA 8; OH 14; GA 5; VA 30; MD 11","Yes"
"12","Plantae","Thuidium delicatulum","NC 197; IN 193; PE CAN 6; YT CAN 3; AZ 5; MT 4; KY 39; KS 33; FL 179; DE 62; PA 372; MS 33; IA 22; IL 65; NS CAN 65; TX 42; CT 66; GA 76; VA 156; MD 100; VT 60; ME 150; TN 47; OK 36; AL 71; AR 130; SC 22; WA 1; NE 4; WV 527; ON CAN 75; MA 21; MO 297; QC CAN 46; AK 24; WI 60; NY 229; RI 8; DC 3; SD 15; HI 2; MN 19; NL CAN 5; NJ 51; MI 92; NB CAN 18; NH 20; LA 157; OH 52","No"
