"","Iconic_taxa","Scientific_name","Occurences in BISON","Invasive.Record"
"1","Amphibia","Lithobates clamitans","VT 397; NC 215; IN 184; OK 411; ME 182; TN 151; BC CAN 20; PE CAN 83; AL 113; AR 180; SC 82; UT 14; WA 4; ON CAN 2971; WV 102; MB CAN 6; MA 236; QC CAN 911; MO 128; WI 224; NY 1146; RI 141; DC 63; KY 192; MN 240; NL CAN 27; KS 11; FL 119; DE 41; NJ 358; NB CAN 1262; MI 532; PA 335; MS 131; IA 52; TX 434; NS CAN 266; IL 215; CT 356; NH 82; LA 404; OH 483; GA 211; VA 935; MD 518","No"
"2","Mammalia","Lasionycteris noctivagans","NC 77; IN 16; WY 179; BC CAN 55; SK CAN 6; UT 112; AB CAN 11; AZ 252; MT 97; KY 6; CA 400; KS 35; FL 2; PA 31; IA 40; MS 3; IL 157; TX 81; NS CAN 1; CT 10; GA 10; VA 32; MD 14; ID 163; OR 162; VT 14; TN 21; OK 17; ME 13; AL 9; AR 12; WA 166; SC 6; NE 19; ON CAN 83; WV 13; MB CAN 5; CO 342; MA 19; MO 52; QC CAN 4; AK 13; ND 36; WI 16; NV 108; NY 311; RI 14; DC 11; SD 85; MN 20; NJ 19; MI 82; NB CAN 1; NM 983; NH 17; LA 5; OH 31","No"
"3","Mammalia","Myotis lucifugus","NC 42; IN 272; WY 99; BC CAN 208; SK CAN 30; PE CAN 15; YT CAN 140; UT 87; AB CAN 144; AZ 63; MT 41; KY 61; CA 250; KS 20; FL 6; PA 129; IA 45; MS 5; IL 52; TX 3; NS CAN 3; CT 29; GA 14; VA 29; MD 24; ID 276; VT 586; OR 241; TN 43; ME 8; OK 3; AL 7; AR 50; WA 232; SC 10; NE 10; ON CAN 1209; WV 20; MB CAN 13; CO 396; MA 6; MO 41; QC CAN 29; AK 1307; ND 4; WI 111; NV 39; NY 701; DC 5; RI 3; SD 29; HI 1; MN 20; NL CAN 2; NJ 23; MI 69; NB CAN 10; NM 119; NH 3; LA 1; OH 221; NT CAN 1","No"
"4","Mammalia","Perimyotis subflavus","NC 23; VT 22; IN 202; WY 1; OK 131; TN 130; AL 9; AR 67; SC 3; NE 12; ON CAN 13; WV 4; CO 2; MO 7; QC CAN 2; WI 80; NY 7; DC 1; KY 61; SD 1; MN 65; KS 39; FL 1; NJ 3; PA 6; MS 22; IA 1; NM 1; TX 34; IL 2; NH 2; CT 1; LA 1; OH 22; GA 7; VA 4; MD 1","No"
"5","Plantae","Alliaria petiolata","VT 312; OR 151; NC 50; IN 66; TN 43; ME 12; OK 2; BC CAN 5; PE CAN 1; AL 2; AR 5; WA 22; UT 7; SC 1; NE 8; ON CAN 395; WV 210; MA 615; CO 11; MO 134; QC CAN 65; AK 23; ND 3; WI 608; NY 5148; DC 103; RI 6; MT 1; KY 73; SD 1; MN 67; KS 112; DE 15; NJ 555; PA 423; MI 106; NB CAN 1; IA 14; IL 249; NS CAN 12; CT 223; NH 46; OH 382; GA 3; VA 695; MD 546","Yes"
"6","Plantae","Ampelopsis glandulosa","NC 3; NY 29; DC 6; OK 1; AL 1; NJ 8; SC 1; PA 2; MA 2; CT 1; OH 3; VA 17; MD 14","No"
"7","Plantae","Athyrium filix-femina","NC 113; IN 128; WY 7; BC CAN 71; SK CAN 7; PE CAN 5; UT 15; YT CAN 5; AB CAN 64; AZ 20; MT 14; KY 80; CA 432; KS 2; FL 20; DE 9; PA 96; IA 59; MS 52; IL 120; NS CAN 49; TX 42; CT 144; GA 101; VA 137; MD 23; ID 26; OR 193; VT 113; TN 84; ME 42; OK 4; AL 202; AR 79; WA 204; SC 27; NE 2; ON CAN 217; WV 47; MB CAN 15; CO 75; MA 62; QC CAN 269; MO 97; AK 181; ND 42; WI 126; NV 7; NY 114; RI 19; DC 5; SD 12; HI 2; MN 141; NL CAN 13; NJ 39; MI 41; NB CAN 34; NM 13; NH 27; LA 60; OH 110","No"
"8","Plantae","Celtis occidentalis","NC 521; IN 4053; WY 10; BC CAN 2; UT 22; AZ 3; MT 2; KY 3264; KS 11160; CA 16; FL 135; DE 8; PA 430; IA 3160; MS 52; IL 5538; TX 794; CT 95; GA 324; VA 1232; MD 259; ID 6; VT 51; OR 2; TN 4689; OK 996; ME 1; AL 1330; AR 1724; SC 460; WA 3; NE 1495; WV 506; ON CAN 143; MB CAN 20; CO 30; MA 26; MO 8628; QC CAN 74; ND 46; WI 1144; NY 1147; DC 38; RI 17; SD 224; MN 1733; NJ 129; MI 264; NB CAN 1; NM 3; NH 33; LA 25; OH 1362","No"
"9","Plantae","Hydrophyllum virginianum","VT 102; NC 62; IN 85; TN 103; OK 2; AR 14; WA 1; NE 17; ON CAN 188; WV 136; MA 13; CO 2; MO 99; QC CAN 61; ND 13; WI 281; NY 167; DC 19; KY 30; SD 13; MN 168; KS 84; DE 10; NJ 41; PA 144; MI 96; IA 55; MS 1; IL 303; CT 78; NH 28; OH 153; GA 1; VA 297; MD 67","Yes"
"10","Plantae","Juglans nigra","NC 1657; IN 6058; WY 2; BC CAN 6; UT 10; MT 4; KY 3704; KS 6064; CA 416; DE 54; FL 41; PA 2015; IA 2679; MS 251; IL 4098; TX 439; CT 47; GA 576; VA 3743; MD 466; ID 8; VT 30; OR 13; TN 3352; OK 645; ME 1; AL 610; AR 1403; SC 561; WA 34; NE 417; WV 2279; ON CAN 120; MA 39; CO 4; MO 9649; QC CAN 1; ND 2; WI 2367; NY 725; DC 51; RI 9; SD 35; MN 990; NJ 446; MI 1188; NM 3; NH 3; LA 97; OH 3314","No"
"11","Plantae","Matricaria discoidea","NC 9; IN 65; WY 25; BC CAN 26; SK CAN 3; PE CAN 7; YT CAN 30; UT 16; AB CAN 9; AZ 51; MT 50; KY 25; CA 2313; KS 62; DE 2; PA 56; IA 17; MS 1; IL 121; NS CAN 67; TX 1; CT 51; GA 1; VA 44; MD 16; ID 32; OR 101; VT 101; ME 107; TN 10; OK 5; AR 12; WA 75; NE 5; ON CAN 66; WV 12; MB CAN 13; MA 77; CO 70; MO 159; QC CAN 22; AK 5337; ND 36; WI 96; NV 7; NY 132; RI 18; DC 10; SD 23; MN 103; NL CAN 5; NJ 49; MI 98; NB CAN 15; NM 5; NH 38; LA 7; OH 68; NT CAN 78","Yes"
"12","Plantae","Oenanthe javanica","DC 1; IL 1; MO 6; HI 3; VA 4; MD 1; WI 2; WA 1","Yes"
"13","Plantae","Potentilla indica","NC 221; OR 3; VT 2; IN 8; TN 68; OK 14; AL 28; AR 10; SC 32; WA 1; NE 3; WV 23; ON CAN 15; MA 6; CO 1; MO 24; WI 4; NY 67; DC 55; KY 22; MN 1; CA 106; KS 4; DE 13; FL 8; NJ 134; PA 56; MI 11; MS 9; TX 120; IL 63; CT 9; LA 47; OH 76; GA 18; MD 217; VA 158","Yes"
"14","Plantae","Quercus macrocarpa","VT 107; IN 543; WY 912; OK 343; TN 41; ME 23; BC CAN 5; SK CAN 3; AL 28; AR 169; SC 6; UT 1; WA 1; NE 3522; ON CAN 353; WV 16; MB CAN 133; MA 42; CO 9; MO 1719; QC CAN 73; AB CAN 3; ND 4152; WI 10469; NY 364; DC 18; RI 1; MT 12; KY 92; SD 2862; MN 37366; KS 3452; CA 34; NJ 12; MI 1142; PA 46; NB CAN 15; IA 3892; MS 31; IL 1826; TX 453; CT 35; NH 4; LA 14; OH 418; GA 1; VA 24; MD 19","No"
"15","Plantae","Quercus marilandica","NC 2864; IN 74; OK 11018; TN 1062; AL 3263; AR 7105; SC 2846; WA 1; NE 11; WV 42; MO 10955; NY 40; DC 36; RI 2; MT 1; KY 252; KS 1245; CA 3; FL 135; DE 5; NJ 253; PA 22; MS 2431; IA 6; TX 4762; IL 367; LA 782; OH 73; GA 2892; VA 575; MD 90","No"
"16","Plantae","Reynoutria japonica","NC 17; OR 1; IN 1; TN 10; ME 3; SC 13; WA 3; WV 4; ON CAN 1; CO 3; MO 2; NY 36; DC 7; MT 2; KY 1; CA 1; FL 7; NJ 2; PA 4; MI 2; IL 5; CT 1; LA 5; MD 11; VA 8; ID 1","Yes"
"17","Plantae","Rhus glabra","NC 187; IN 150; WY 8; BC CAN 33; UT 40; AB CAN 1; AZ 125; MT 7; KY 116; KS 361; CA 6; FL 15; DE 2; PA 91; MS 64; IA 39; IL 226; TX 213; CT 125; GA 47; VA 149; MD 21; ID 17; OR 38; VT 7; OK 90; TN 84; ME 15; AL 114; AR 133; SC 67; WA 65; NE 52; WV 64; ON CAN 40; MB CAN 26; MA 78; CO 69; MO 316; QC CAN 6; ND 12; WI 171; NV 5; NY 147; DC 20; RI 11; SD 35; MN 127; NJ 82; MI 80; NM 73; NH 18; LA 66; OH 145","Yes"
"18","Reptilia","Chelydra serpentina","NC 298; IN 89; WY 3; SK CAN 2; UT 2; MT 40; KY 60; KS 313; CA 14; FL 487; DE 41; PA 184; MS 76; IA 67; TX 872; IL 689; NS CAN 38; CT 221; GA 111; VA 456; MD 230; VT 194; OR 2; OK 228; TN 84; ME 69; AL 59; AR 89; SC 49; WA 2; NE 114; ON CAN 896; WV 26; MB CAN 37; MA 226; CO 65; MO 169; QC CAN 109; ND 3; WI 793; NV 2; NY 449; RI 37; DC 31; SD 20; HI 1; MN 114; NJ 147; MI 397; NB CAN 37; NU CAN 1; NM 14; NH 42; LA 466; OH 331","No"
"19","Reptilia","Plestiodon fasciatus","NC 116; VT 6; IN 46; OK 687; TN 202; AL 75; AR 563; SC 59; NE 4; ON CAN 104; WV 20; MA 1; MO 395; WI 6; AZ 2; DC 60; NY 28; KY 162; SD 1; MN 83; KS 881; FL 97; DE 14; NJ 40; MI 28; PA 20; MS 97; IA 16; NM 2; TX 684; IL 98; CT 11; LA 1078; OH 61; GA 172; VA 553; MD 303","No"
