"","Iconic.taxon.name","Scientific.name","Common.name"
"1","Actinopterygii","Channa argus","Northern Snakehead"
"2","Actinopterygii","Gambusia holbrooki","Eastern Mosquitofish"
"3","Actinopterygii","Lepomis gibbosus","Pumpkinseed"
"4","Actinopterygii","Notropis hudsonius","Spottail Shiner"
"5","Animalia","Procambarus clarkii","Red Swamp Crayfish"
"6","Arachnida","Dolomedes triton","Six-spotted Fishing Spider"
"7","Arachnida","Hentzia mitrata","White-jawed Jumping Spider"
"8","Fungi","Auricularia auricula-judae","Jelly Ear"
"9","Fungi","Lentinus arcularius","Spring Polypore"
"10","Fungi","Pycnoporus cinnabarinus","Northern Cinnabar Polypore"
"11","Fungi","Resupinatus applicatus","Smoked Oysterling"
"12","Fungi","Tremella mesenterica","witch's butter"
"13","Fungi","Trichaptum biforme","violet-toothed polypore"
"14","Insecta","Acleris schalleriana","Schaller's Acleris Moth"
"15","Insecta","Acleris semipurpurana","Oak Leaftier Moth"
"16","Insecta","Amblytylus nasutus",""
"17","Insecta","Anavitrinella pampinaria","Common Gray"
"18","Insecta","Ancylis comptana","Strawberry Leafroller Moth"
"19","Insecta","Apantesis nais","Nais Tiger Moth"
"20","Insecta","Athetis tarda","Slowpoke Moth"
"21","Insecta","Atteva aurea","Ailanthus Webworm Moth"
"22","Insecta","Bleptina caradrinalis","Bent-winged Owlet"
"23","Insecta","Boisea trivittata","Eastern Boxelder Bug"
"24","Insecta","Chilo plejadellus","Rice Stalk Borer Moth"
"25","Insecta","Choristoneura rosaceana","Oblique-banded Leafroller Moth"
"26","Insecta","Clemensia albata","Little White Lichen Moth"
"27","Insecta","Coccinella septempunctata","Seven-spotted Lady Beetle"
"28","Insecta","Coleomegilla maculata","Spotted Lady Beetle"
"29","Insecta","Costaconvexa centrostrigaria","Bent-line Carpet Moth"
"30","Insecta","Dichomeris ligulella","Palmerworm Moth"
"31","Insecta","Dichomeris setosella","Hairy Dichomeris Moth"
"32","Insecta","Dolichopus cuprinus",""
"33","Insecta","Elophila gyralis","Waterlily Borer Moth"
"34","Insecta","Eudryas unio","Pearly Wood-nymph"
"35","Insecta","Forficula auricularia","European Earwig"
"36","Insecta","Glyptobaris lecontei",""
"37","Insecta","Harmonia axyridis","Asian Lady Beetle"
"38","Insecta","Hemitaxonus dubitatus",""
"39","Insecta","Homophoberia apicosa","Black Wedge-spot"
"40","Insecta","Horisme intestinata","Brown Bark Carpet Moth"
"41","Insecta","Idia americalis","American Idia Moth"
"42","Insecta","Ischnura posita","Fragile Forktail"
"43","Insecta","Ischnura verticalis","Eastern Forktail"
"44","Insecta","Lacinipolia renigera","Bristly Cutworm Moth"
"45","Insecta","Leptopterna dolabrata","Meadow Plant Bug"
"46","Insecta","Leptysma marginicollis","Cattail Toothpick Grasshopper"
"47","Insecta","Leucania linita","Linen Wainscot Moth"
"48","Insecta","Leucania ursula","Ursula Wainscot"
"49","Insecta","Loxocera cylindrica",""
"50","Insecta","Malacosoma americana","Eastern Tent Caterpillar Moth"
"51","Insecta","Melanolestes picipes","Black Corsair"
"52","Insecta","Mormidea lugens",""
"53","Insecta","Nascia acutellus","Streaked Orange Moth"
"54","Insecta","Nepa apiculata",""
"55","Insecta","Noctua pronuba","Large Yellow Underwing"
"56","Insecta","Notocelia rosaecolana","Doubleday's Notocelia Moth"
"57","Insecta","Odontotaenius disjunctus","Horned Passalus Beetle"
"58","Insecta","Orthodes cynica","Cynical Quaker"
"59","Insecta","Oulema melanopus","Cereal Leaf Beetle"
"60","Insecta","Oxyporus lateralis",""
"61","Insecta","Pachydiplax longipennis","Blue Dasher"
"62","Insecta","Palthis asopialis","Faint-spotted Palthis Moth"
"63","Insecta","Pandemis limitata","Three-lined Leafroller Moth"
"64","Insecta","Paratrea plebeja","Trumpet Vine Sphinx"
"65","Insecta","Phaecasiophora confixana","Macrame Moth"
"66","Insecta","Placopterus thoracicus",""
"67","Insecta","Plathemis lydia","Common Whitetail"
"68","Insecta","Poecilocapsus lineatus","Four-lined Plant Bug"
"69","Insecta","Polistes fuscatus","Dark Paper Wasp"
"70","Insecta","Renia adspergillus","Speckled Renia Moth"
"71","Insecta","Spilosoma virginica","Virginian Tiger Moth"
"72","Insecta","Sumitrosis inaequalis",""
"73","Insecta","Toxomerus marginatus","Margined Calligrapher"
"74","Insecta","Udea rubigalis","Celery Leaftier Moth"
"75","Insecta","Vanessa atalanta","Red Admiral"
"76","Insecta","Xylocopa virginica virginica",""
"77","Mollusca","Planorbella trivolvis","Marsh Ramshorn"
"78","Mollusca","Pyganodon cataracta","Eastern Floater Mussel"
