"","Scientific_name","Iconic_taxa","Match NPSpecies","iNaturalist_Entry_count"
"1","Anaxyrus fowleri","Amphibia","Match","7"
"2","Lithobates catesbeianus","Amphibia","ITIS Match","5"
"3","Lithobates clamitans","Amphibia","No Match","8"
"4","Lithobates palustris","Amphibia","ITIS Match","3"
"5","Anas platyrhynchos","Aves","Match","6"
"6","Bombycilla cedrorum","Aves","Match","1"
"7","Branta canadensis","Aves","Match","14"
"8","Chordeiles minor","Aves","Match","1"
"9","Dryocopus pileatus","Aves","Match","1"
"10","Haliaeetus leucocephalus","Aves","Match","1"
"11","Pandion haliaetus","Aves","Match","1"
"12","Setophaga ruticilla","Aves","Match","1"
"13","Setophaga striata","Aves","Match","1"
"14","Spinus tristis","Aves","Match","1"
"15","Vireo gilvus","Aves","Match","1"
"16","Eptesicus fuscus","Mammalia","Match","2"
"17","Lasionycteris noctivagans","Mammalia","No Match","2"
"18","Lasiurus borealis","Mammalia","Match","2"
"19","Myotis lucifugus","Mammalia","No Match","2"
"20","Odocoileus virginianus","Mammalia","Match","1"
"21","Perimyotis subflavus","Mammalia","No Match","2"
"22","Procyon lotor","Mammalia","Match","1"
"23","Acer negundo","Plantae","Match","2"
"24","Acer rubrum","Plantae","Match","1"
"25","Acer saccharinum","Plantae","Match","3"
"26","Alliaria petiolata","Plantae","No Match","2"
"27","Alnus serrulata","Plantae","Match","1"
"28","Ampelopsis glandulosa","Plantae","No Match","1"
"29","Asclepias syriaca","Plantae","Match","1"
"30","Asimina triloba","Plantae","Match","1"
"31","Athyrium filix-femina","Plantae","No Match","2"
"32","Betula nigra","Plantae","Match","2"
"33","Campsis radicans","Plantae","Match","1"
"34","Celtis occidentalis","Plantae","No Match","1"
"35","Cephalanthus occidentalis","Plantae","Match","1"
"36","Cercis canadensis","Plantae","Match","3"
"37","Chionanthus virginicus","Plantae","Match","1"
"38","Clematis terniflora","Plantae","Match","1"
"39","Cornus amomum","Plantae","Match","2"
"40","Dichanthelium clandestinum","Plantae","Match","2"
"41","Dioscorea villosa","Plantae","Match","2"
"42","Fraxinus pennsylvanica","Plantae","Match","2"
"43","Glechoma hederacea","Plantae","Match","3"
"44","Hedera helix","Plantae","Match","1"
"45","Hydrocotyle ranunculoides","Plantae","Match","1"
"46","Hydrophyllum virginianum","Plantae","No Match","1"
"47","Ilex opaca","Plantae","Match","2"
"48","Iris pseudacorus","Plantae","Match","6"
"49","Iris virginica","Plantae","ITIS Match","1"
"50","Juglans nigra","Plantae","No Match","1"
"51","Juncus effusus","Plantae","Match","1"
"52","Lamium purpureum","Plantae","Match","1"
"53","Lindera benzoin","Plantae","Match","3"
"54","Liquidambar styraciflua","Plantae","Match","2"
"55","Liriodendron tulipifera","Plantae","Match","3"
"56","Lonicera japonica","Plantae","Match","1"
"57","Magnolia virginiana","Plantae","Match","3"
"58","Matricaria discoidea","Plantae","No Match","2"
"59","Microstegium vimineum","Plantae","Match","2"
"60","Morus alba","Plantae","Match","1"
"61","Nuphar advena","Plantae","Match","1"
"62","Nyssa sylvatica","Plantae","Match","1"
"63","Oenanthe javanica","Plantae","No Match","1"
"64","Onoclea sensibilis","Plantae","Match","2"
"65","Osmunda regalis","Plantae","Match","2"
"66","Parthenocissus quinquefolia","Plantae","Match","2"
"67","Persicaria maculosa","Plantae","ITIS Match","1"
"68","Persicaria perfoliata","Plantae","ITIS Match","1"
"69","Phragmites australis","Plantae","Match","1"
"70","Phytolacca americana","Plantae","Match","3"
"71","Plantago lanceolata","Plantae","Match","1"
"72","Platanus occidentalis","Plantae","Match","4"
"73","Pontederia cordata","Plantae","Match","2"
"74","Populus deltoides","Plantae","Match","1"
"75","Potentilla indica","Plantae","No Match","3"
"76","Prunus serotina","Plantae","Match","1"
"77","Quercus alba","Plantae","Match","2"
"78","Quercus falcata","Plantae","Match","1"
"79","Quercus macrocarpa","Plantae","No Match","2"
"80","Quercus marilandica","Plantae","No Match","1"
"81","Quercus palustris","Plantae","Match","2"
"82","Quercus phellos","Plantae","Match","1"
"83","Quercus rubra","Plantae","Match","1"
"84","Reynoutria japonica","Plantae","No Match","1"
"85","Rhus glabra","Plantae","No Match","1"
"86","Robinia pseudoacacia","Plantae","Match","1"
"87","Salix nigra","Plantae","Match","1"
"88","Sassafras albidum","Plantae","Match","2"
"89","Stellaria media","Plantae","Match","1"
"90","Taxodium distichum","Plantae","Match","4"
"91","Toxicodendron radicans","Plantae","Match","1"
"92","Trifolium repens","Plantae","Match","1"
"93","Typha latifolia","Plantae","Match","3"
"94","Vaccinium corymbosum","Plantae","Match","1"
"95","Viburnum dentatum","Plantae","Match","1"
"96","Zizania aquatica","Plantae","Match","1"
"97","Chelydra serpentina","Reptilia","No Match","4"
"98","Chrysemys picta","Reptilia","Match","7"
"99","Kinosternon subrubrum","Reptilia","Match","1"
"100","Nerodia sipedon","Reptilia","Match","8"
"101","Plestiodon fasciatus","Reptilia","No Match","5"
"102","Pseudemys rubriventris","Reptilia","Match","1"
"103","Trachemys scripta","Reptilia","Match","2"
"104","Ischnura verticalis","Insecta","Table 4","1"
"105","Nepa apiculata","Insecta","Table 4","6"
"106","Acleris schalleriana","Insecta","Table 4","1"
"107","Notocelia rosaecolana","Insecta","Table 4","1"
"108","Dichomeris ligulella","Insecta","Table 4","1"
"109","Ancylis comptana","Insecta","Table 4","1"
"110","Dichomeris setosella","Insecta","Table 4","2"
"111","Tremella mesenterica","Fungi","Table 4","1"
"112","Lentinus arcularius","Fungi","Table 4","1"
"113","Pycnoporus cinnabarinus","Fungi","Table 4","1"
"114","Resupinatus applicatus","Fungi","Table 4","1"
"115","Auricularia auricula-judae","Fungi","Table 4","1"
"116","Procambarus clarkii","Animalia","Table 4","1"
"117","Notropis hudsonius","Actinopterygii","Table 4","1"
"118","Dolomedes triton","Arachnida","Table 4","2"
"119","Glyptobaris lecontei","Insecta","Table 4","2"
"120","Harmonia axyridis","Insecta","Table 4","2"
"121","Plathemis lydia","Insecta","Table 4","3"
"122","Ischnura posita","Insecta","Table 4","1"
"123","Hentzia mitrata","Arachnida","Table 4","1"
"124","Boisea trivittata","Insecta","Table 4","1"
"125","Oxyporus lateralis","Insecta","Table 4","2"
"126","Loxocera cylindrica","Insecta","Table 4","2"
"127","Odontotaenius disjunctus","Insecta","Table 4","1"
"128","Placopterus thoracicus","Insecta","Table 4","2"
"129","Leptysma marginicollis","Insecta","Table 4","1"
"130","Hemitaxonus dubitatus","Insecta","Table 4","2"
"131","Toxomerus marginatus","Insecta","Table 4","5"
"132","Sumitrosis inaequalis","Insecta","Table 4","2"
"133","Dolichopus cuprinus","Insecta","Table 4","2"
"134","Poecilocapsus lineatus","Insecta","Table 4","1"
"135","Amblytylus nasutus","Insecta","Table 4","2"
"136","Mormidea lugens","Insecta","Table 4","2"
"137","Choristoneura rosaceana","Insecta","Table 4","2"
"138","Trichaptum biforme","Fungi","Table 4","1"
"139","Coccinella septempunctata","Insecta","Table 4","1"
"140","Lepomis gibbosus","Actinopterygii","Table 4","1"
"141","Pachydiplax longipennis","Insecta","Table 4","1"
"142","Pyganodon cataracta","Mollusca","Table 4","1"
"143","Gambusia holbrooki","Actinopterygii","Table 4","2"
"144","Palthis asopialis","Insecta","Table 4","1"
"145","Leucania linita","Insecta","Table 4","2"
"146","Leucania ursula","Insecta","Table 4","1"
"147","Athetis tarda","Insecta","Table 4","1"
"148","Elophila gyralis","Insecta","Table 4","1"
"149","Chilo plejadellus","Insecta","Table 4","1"
"150","Phaecasiophora confixana","Insecta","Table 4","1"
"151","Homophoberia apicosa","Insecta","Table 4","1"
"152","Udea rubigalis","Insecta","Table 4","1"
"153","Costaconvexa centrostrigaria","Insecta","Table 4","1"
"154","Clemensia albata","Insecta","Table 4","1"
"155","Spilosoma virginica","Insecta","Table 4","1"
"156","Lacinipolia renigera","Insecta","Table 4","1"
"157","Atteva aurea","Insecta","Table 4","1"
"158","Nascia acutellus","Insecta","Table 4","1"
"159","Pandemis limitata","Insecta","Table 4","1"
"160","Acleris semipurpurana","Insecta","Table 4","1"
"161","Noctua pronuba","Insecta","Table 4","1"
"162","Bleptina caradrinalis","Insecta","Table 4","1"
"163","Apantesis nais","Insecta","Table 4","1"
"164","Orthodes cynica","Insecta","Table 4","1"
"165","Renia adspergillus","Insecta","Table 4","1"
"166","Horisme intestinata","Insecta","Table 4","1"
"167","Anavitrinella pampinaria","Insecta","Table 4","1"
"168","Planorbella trivolvis","Mollusca","Table 4","1"
"169","Melanolestes picipes","Insecta","Table 4","1"
"170","Paratrea plebeja","Insecta","Table 4","2"
"171","Idia americalis","Insecta","Table 4","1"
"172","Leptopterna dolabrata","Insecta","Table 4","1"
"173","Oulema melanopus","Insecta","Table 4","1"
"174","Forficula auricularia","Insecta","Table 4","1"
"175","Polistes fuscatus","Insecta","Table 4","1"
"176","Vanessa atalanta","Insecta","Table 4","1"
"177","Eudryas unio","Insecta","Table 4","1"
"178","Xylocopa virginica virginica","Insecta","Table 4","2"
"179","Coleomegilla maculata","Insecta","Table 4","1"
"180","Malacosoma americana","Insecta","Table 4","3"
"181","Channa argus","Actinopterygii","Table 4","1"
