"","Scientific_name","Iconic_taxa","iNat_NPS_matches","iNat_NPSsynonym_matches","iNat_ITIS_synonym_matches","iNat_ITIS_nonsyn_matches","iNaturalist_URL"
"1","Anaxyrus fowleri","Amphibia","TRUE","FALSE","FALSE","TRUE","http://www.inaturalist.org/observations/3359518"
"2","Anaxyrus fowleri","Amphibia","TRUE","FALSE","FALSE","TRUE","http://www.inaturalist.org/observations/3261787"
"3","Anaxyrus fowleri","Amphibia","TRUE","FALSE","FALSE","TRUE","http://www.inaturalist.org/observations/3237094"
"4","Anaxyrus fowleri","Amphibia","TRUE","FALSE","FALSE","TRUE","http://www.inaturalist.org/observations/3237396"
"5","Anaxyrus fowleri","Amphibia","TRUE","FALSE","FALSE","TRUE","http://www.inaturalist.org/observations/3229019"
"6","Anaxyrus fowleri","Amphibia","TRUE","FALSE","FALSE","TRUE","http://www.inaturalist.org/observations/3222605"
"7","Anaxyrus fowleri","Amphibia","TRUE","FALSE","FALSE","TRUE","http://www.inaturalist.org/observations/3222735"
"8","Lithobates catesbeianus","Amphibia","FALSE","FALSE","FALSE","TRUE","http://www.inaturalist.org/observations/3261238"
"9","Lithobates catesbeianus","Amphibia","FALSE","FALSE","FALSE","TRUE","http://www.inaturalist.org/observations/3261455"
"10","Lithobates catesbeianus","Amphibia","FALSE","FALSE","FALSE","TRUE","http://www.inaturalist.org/observations/3242957"
"11","Lithobates catesbeianus","Amphibia","FALSE","FALSE","FALSE","TRUE","http://www.inaturalist.org/observations/3227660"
"12","Lithobates catesbeianus","Amphibia","FALSE","FALSE","FALSE","TRUE","http://www.inaturalist.org/observations/3223171"
"13","Lithobates clamitans","Amphibia","FALSE","FALSE","FALSE","FALSE","http://www.inaturalist.org/observations/3956150"
"14","Lithobates clamitans","Amphibia","FALSE","FALSE","FALSE","FALSE","http://www.inaturalist.org/observations/3237753"
"15","Lithobates clamitans","Amphibia","FALSE","FALSE","FALSE","FALSE","http://www.inaturalist.org/observations/3238548"
"16","Lithobates clamitans","Amphibia","FALSE","FALSE","FALSE","FALSE","http://www.inaturalist.org/observations/3226054"
"17","Lithobates clamitans","Amphibia","FALSE","FALSE","FALSE","FALSE","http://www.inaturalist.org/observations/3227346"
"18","Lithobates clamitans","Amphibia","FALSE","FALSE","FALSE","FALSE","http://www.inaturalist.org/observations/3222942"
"19","Lithobates clamitans","Amphibia","FALSE","FALSE","FALSE","FALSE","http://www.inaturalist.org/observations/3223028"
"20","Lithobates clamitans","Amphibia","FALSE","FALSE","FALSE","FALSE","http://www.inaturalist.org/observations/3223149"
"21","Lithobates palustris","Amphibia","FALSE","FALSE","FALSE","TRUE","http://www.inaturalist.org/observations/3272227"
"22","Lithobates palustris","Amphibia","FALSE","FALSE","FALSE","TRUE","http://www.inaturalist.org/observations/3359531"
"23","Lithobates palustris","Amphibia","FALSE","FALSE","FALSE","TRUE","http://www.inaturalist.org/observations/3260831"
"24","Anas platyrhynchos","Aves","TRUE","FALSE","FALSE","TRUE","http://www.inaturalist.org/observations/3238543"
"25","Anas platyrhynchos","Aves","TRUE","FALSE","FALSE","TRUE","http://www.inaturalist.org/observations/3238778"
"26","Anas platyrhynchos","Aves","TRUE","FALSE","FALSE","TRUE","http://www.inaturalist.org/observations/3226775"
"27","Anas platyrhynchos","Aves","TRUE","FALSE","FALSE","TRUE","http://www.inaturalist.org/observations/3226669"
"28","Anas platyrhynchos","Aves","TRUE","FALSE","FALSE","TRUE","http://www.inaturalist.org/observations/3233140"
"29","Anas platyrhynchos","Aves","TRUE","FALSE","FALSE","TRUE","http://www.inaturalist.org/observations/3221649"
"30","Bombycilla cedrorum","Aves","TRUE","FALSE","FALSE","FALSE","http://www.inaturalist.org/observations/3264073"
"31","Branta canadensis","Aves","TRUE","FALSE","FALSE","TRUE","http://www.inaturalist.org/observations/3253991"
"32","Branta canadensis","Aves","TRUE","FALSE","FALSE","TRUE","http://www.inaturalist.org/observations/3237743"
"33","Branta canadensis","Aves","TRUE","FALSE","FALSE","TRUE","http://www.inaturalist.org/observations/3241940"
"34","Branta canadensis","Aves","TRUE","FALSE","FALSE","TRUE","http://www.inaturalist.org/observations/3225466"
"35","Branta canadensis","Aves","TRUE","FALSE","FALSE","TRUE","http://www.inaturalist.org/observations/3233874"
"36","Branta canadensis","Aves","TRUE","FALSE","FALSE","TRUE","http://www.inaturalist.org/observations/3222458"
"37","Branta canadensis","Aves","TRUE","FALSE","FALSE","TRUE","http://www.inaturalist.org/observations/3223721"
"38","Branta canadensis","Aves","TRUE","FALSE","FALSE","TRUE","http://www.inaturalist.org/observations/3223780"
"39","Branta canadensis","Aves","TRUE","FALSE","FALSE","TRUE","http://www.inaturalist.org/observations/3223806"
"40","Branta canadensis","Aves","TRUE","FALSE","FALSE","TRUE","http://www.inaturalist.org/observations/3223817"
"41","Branta canadensis","Aves","TRUE","FALSE","FALSE","TRUE","http://www.inaturalist.org/observations/3223825"
"42","Branta canadensis","Aves","TRUE","FALSE","FALSE","TRUE","http://www.inaturalist.org/observations/3223840"
"43","Branta canadensis","Aves","TRUE","FALSE","FALSE","TRUE","http://www.inaturalist.org/observations/3223968"
"44","Branta canadensis","Aves","TRUE","FALSE","FALSE","TRUE","http://www.inaturalist.org/observations/3223971"
"45","Chordeiles minor","Aves","TRUE","FALSE","FALSE","TRUE","http://www.inaturalist.org/observations/3225150"
"46","Dryocopus pileatus","Aves","TRUE","FALSE","FALSE","FALSE","http://www.inaturalist.org/observations/3956161"
"47","Haliaeetus leucocephalus","Aves","TRUE","FALSE","FALSE","FALSE","http://www.inaturalist.org/observations/3227453"
"48","Pandion haliaetus","Aves","TRUE","FALSE","FALSE","FALSE","http://www.inaturalist.org/observations/3262038"
"49","Setophaga ruticilla","Aves","TRUE","FALSE","FALSE","TRUE","http://www.inaturalist.org/observations/3260545"
"50","Setophaga striata","Aves","TRUE","FALSE","FALSE","TRUE","http://www.inaturalist.org/observations/3259767"
"51","Spinus tristis","Aves","TRUE","FALSE","FALSE","TRUE","http://www.inaturalist.org/observations/3247130"
"52","Vireo gilvus","Aves","TRUE","FALSE","FALSE","FALSE","http://www.inaturalist.org/observations/3242987"
"53","Eptesicus fuscus","Mammalia","TRUE","FALSE","FALSE","FALSE","http://www.inaturalist.org/observations/3258483"
"54","Eptesicus fuscus","Mammalia","TRUE","FALSE","FALSE","FALSE","http://www.inaturalist.org/observations/3237361"
"55","Lasionycteris noctivagans","Mammalia","FALSE","FALSE","FALSE","FALSE","http://www.inaturalist.org/observations/3258626"
"56","Lasionycteris noctivagans","Mammalia","FALSE","FALSE","FALSE","FALSE","http://www.inaturalist.org/observations/3258222"
"57","Lasiurus borealis","Mammalia","TRUE","FALSE","FALSE","TRUE","http://www.inaturalist.org/observations/3258555"
"58","Lasiurus borealis","Mammalia","TRUE","FALSE","FALSE","TRUE","http://www.inaturalist.org/observations/3237464"
"59","Myotis lucifugus","Mammalia","FALSE","FALSE","FALSE","FALSE","http://www.inaturalist.org/observations/3258681"
"60","Myotis lucifugus","Mammalia","FALSE","FALSE","FALSE","FALSE","http://www.inaturalist.org/observations/3252316"
"61","Odocoileus virginianus","Mammalia","TRUE","FALSE","FALSE","TRUE","http://www.inaturalist.org/observations/3262991"
"62","Perimyotis subflavus","Mammalia","FALSE","FALSE","FALSE","FALSE","http://www.inaturalist.org/observations/3258266"
"63","Perimyotis subflavus","Mammalia","FALSE","FALSE","FALSE","FALSE","http://www.inaturalist.org/observations/3237382"
"64","Procyon lotor","Mammalia","TRUE","FALSE","FALSE","FALSE","http://www.inaturalist.org/observations/3234165"
"65","Acer negundo","Plantae","TRUE","FALSE","FALSE","FALSE","http://www.inaturalist.org/observations/3262982"
"66","Acer negundo","Plantae","TRUE","FALSE","FALSE","FALSE","http://www.inaturalist.org/observations/3257519"
"67","Acer rubrum","Plantae","TRUE","FALSE","FALSE","FALSE","http://www.inaturalist.org/observations/3257444"
"68","Acer saccharinum","Plantae","TRUE","FALSE","FALSE","TRUE","http://www.inaturalist.org/observations/3264065"
"69","Acer saccharinum","Plantae","TRUE","FALSE","FALSE","TRUE","http://www.inaturalist.org/observations/3264066"
"70","Acer saccharinum","Plantae","TRUE","FALSE","FALSE","TRUE","http://www.inaturalist.org/observations/3257507"
"71","Alliaria petiolata","Plantae","FALSE","FALSE","FALSE","FALSE","http://www.inaturalist.org/observations/3262678"
"72","Alliaria petiolata","Plantae","FALSE","FALSE","FALSE","FALSE","http://www.inaturalist.org/observations/3262681"
"73","Alnus serrulata","Plantae","TRUE","FALSE","FALSE","TRUE","http://www.inaturalist.org/observations/3257484"
"74","Ampelopsis glandulosa","Plantae","FALSE","FALSE","FALSE","FALSE","http://www.inaturalist.org/observations/3264058"
"75","Asclepias syriaca","Plantae","TRUE","FALSE","FALSE","TRUE","http://www.inaturalist.org/observations/3263007"
"76","Asimina triloba","Plantae","TRUE","FALSE","FALSE","TRUE","http://www.inaturalist.org/observations/3264059"
"77","Athyrium filix-femina","Plantae","FALSE","FALSE","FALSE","FALSE","http://www.inaturalist.org/observations/3257526"
"78","Athyrium filix-femina","Plantae","FALSE","FALSE","FALSE","FALSE","http://www.inaturalist.org/observations/3259297"
"79","Betula nigra","Plantae","TRUE","FALSE","FALSE","FALSE","http://www.inaturalist.org/observations/3257458"
"80","Betula nigra","Plantae","TRUE","FALSE","FALSE","FALSE","http://www.inaturalist.org/observations/3241377"
"81","Campsis radicans","Plantae","TRUE","FALSE","FALSE","TRUE","http://www.inaturalist.org/observations/3262667"
"82","Celtis occidentalis","Plantae","FALSE","FALSE","FALSE","FALSE","http://www.inaturalist.org/observations/3257442"
"83","Cephalanthus occidentalis","Plantae","TRUE","FALSE","FALSE","TRUE","http://www.inaturalist.org/observations/3257478"
"84","Cercis canadensis","Plantae","TRUE","FALSE","FALSE","FALSE","http://www.inaturalist.org/observations/3257452"
"85","Cercis canadensis","Plantae","TRUE","FALSE","FALSE","FALSE","http://www.inaturalist.org/observations/3224890"
"86","Cercis canadensis","Plantae","TRUE","FALSE","FALSE","FALSE","http://www.inaturalist.org/observations/3230338"
"87","Chionanthus virginicus","Plantae","TRUE","FALSE","FALSE","TRUE","http://www.inaturalist.org/observations/3263008"
"88","Clematis terniflora","Plantae","TRUE","FALSE","FALSE","TRUE","http://www.inaturalist.org/observations/3272238"
"89","Cornus amomum","Plantae","TRUE","FALSE","FALSE","FALSE","http://www.inaturalist.org/observations/3257486"
"90","Cornus amomum","Plantae","TRUE","FALSE","FALSE","FALSE","http://www.inaturalist.org/observations/3257488"
"91","Dichanthelium clandestinum","Plantae","TRUE","FALSE","FALSE","TRUE","http://www.inaturalist.org/observations/3257730"
"92","Dichanthelium clandestinum","Plantae","TRUE","FALSE","FALSE","TRUE","http://www.inaturalist.org/observations/3257741"
"93","Dioscorea villosa","Plantae","TRUE","FALSE","FALSE","TRUE","http://www.inaturalist.org/observations/3262429"
"94","Dioscorea villosa","Plantae","TRUE","FALSE","FALSE","TRUE","http://www.inaturalist.org/observations/3257477"
"95","Fraxinus pennsylvanica","Plantae","TRUE","FALSE","FALSE","TRUE","http://www.inaturalist.org/observations/3257510"
"96","Fraxinus pennsylvanica","Plantae","TRUE","FALSE","FALSE","TRUE","http://www.inaturalist.org/observations/3241367"
"97","Glechoma hederacea","Plantae","TRUE","FALSE","FALSE","TRUE","http://www.inaturalist.org/observations/3262263"
"98","Glechoma hederacea","Plantae","TRUE","FALSE","FALSE","TRUE","http://www.inaturalist.org/observations/3257727"
"99","Glechoma hederacea","Plantae","TRUE","FALSE","FALSE","TRUE","http://www.inaturalist.org/observations/3237703"
"100","Hedera helix","Plantae","TRUE","FALSE","FALSE","TRUE","http://www.inaturalist.org/observations/3262045"
"101","Hydrocotyle ranunculoides","Plantae","TRUE","FALSE","FALSE","FALSE","http://www.inaturalist.org/observations/3262993"
"102","Hydrophyllum virginianum","Plantae","FALSE","FALSE","FALSE","FALSE","http://www.inaturalist.org/observations/3257729"
"103","Ilex opaca","Plantae","TRUE","FALSE","FALSE","FALSE","http://www.inaturalist.org/observations/3262046"
"104","Ilex opaca","Plantae","TRUE","FALSE","FALSE","FALSE","http://www.inaturalist.org/observations/3229344"
"105","Iris pseudacorus","Plantae","TRUE","FALSE","FALSE","FALSE","http://www.inaturalist.org/observations/3262011"
"106","Iris pseudacorus","Plantae","TRUE","FALSE","FALSE","FALSE","http://www.inaturalist.org/observations/3257732"
"107","Iris pseudacorus","Plantae","TRUE","FALSE","FALSE","FALSE","http://www.inaturalist.org/observations/3242960"
"108","Iris pseudacorus","Plantae","TRUE","FALSE","FALSE","FALSE","http://www.inaturalist.org/observations/3237709"
"109","Iris pseudacorus","Plantae","TRUE","FALSE","FALSE","FALSE","http://www.inaturalist.org/observations/3222121"
"110","Iris pseudacorus","Plantae","TRUE","FALSE","FALSE","FALSE","http://www.inaturalist.org/observations/3222590"
"111","Iris virginica","Plantae","FALSE","FALSE","FALSE","TRUE","http://www.inaturalist.org/observations/3257489"
"112","Juglans nigra","Plantae","FALSE","FALSE","FALSE","FALSE","http://www.inaturalist.org/observations/3262985"
"113","Juncus effusus","Plantae","TRUE","FALSE","FALSE","FALSE","http://www.inaturalist.org/observations/3257531"
"114","Lamium purpureum","Plantae","TRUE","FALSE","FALSE","FALSE","http://www.inaturalist.org/observations/3263003"
"115","Lindera benzoin","Plantae","TRUE","FALSE","FALSE","TRUE","http://www.inaturalist.org/observations/3262685"
"116","Lindera benzoin","Plantae","TRUE","FALSE","FALSE","TRUE","http://www.inaturalist.org/observations/3263677"
"117","Lindera benzoin","Plantae","TRUE","FALSE","FALSE","TRUE","http://www.inaturalist.org/observations/3257447"
"118","Liquidambar styraciflua","Plantae","TRUE","FALSE","FALSE","FALSE","http://www.inaturalist.org/observations/3257504"
"119","Liquidambar styraciflua","Plantae","TRUE","FALSE","FALSE","FALSE","http://www.inaturalist.org/observations/3229364"
"120","Liriodendron tulipifera","Plantae","TRUE","FALSE","FALSE","FALSE","http://www.inaturalist.org/observations/3264052"
"121","Liriodendron tulipifera","Plantae","TRUE","FALSE","FALSE","FALSE","http://www.inaturalist.org/observations/3246660"
"122","Liriodendron tulipifera","Plantae","TRUE","FALSE","FALSE","FALSE","http://www.inaturalist.org/observations/3229417"
"123","Lonicera japonica","Plantae","TRUE","FALSE","FALSE","TRUE","http://www.inaturalist.org/observations/3272236"
"124","Magnolia virginiana","Plantae","TRUE","FALSE","FALSE","TRUE","http://www.inaturalist.org/observations/3257525"
"125","Magnolia virginiana","Plantae","TRUE","FALSE","FALSE","TRUE","http://www.inaturalist.org/observations/3259299"
"126","Magnolia virginiana","Plantae","TRUE","FALSE","FALSE","TRUE","http://www.inaturalist.org/observations/3241146"
"127","Matricaria discoidea","Plantae","FALSE","FALSE","FALSE","FALSE","http://www.inaturalist.org/observations/3262009"
"128","Matricaria discoidea","Plantae","FALSE","FALSE","FALSE","FALSE","http://www.inaturalist.org/observations/3224258"
"129","Microstegium vimineum","Plantae","TRUE","FALSE","FALSE","TRUE","http://www.inaturalist.org/observations/3262987"
"130","Microstegium vimineum","Plantae","TRUE","FALSE","FALSE","TRUE","http://www.inaturalist.org/observations/3257736"
"131","Morus alba","Plantae","TRUE","FALSE","FALSE","TRUE","http://www.inaturalist.org/observations/3257746"
"132","Nuphar advena","Plantae","TRUE","FALSE","FALSE","FALSE","http://www.inaturalist.org/observations/3253993"
"133","Nyssa sylvatica","Plantae","TRUE","FALSE","FALSE","TRUE","http://www.inaturalist.org/observations/3257450"
"134","Oenanthe javanica","Plantae","FALSE","FALSE","FALSE","FALSE","http://www.inaturalist.org/observations/3272221"
"135","Onoclea sensibilis","Plantae","TRUE","FALSE","FALSE","FALSE","http://www.inaturalist.org/observations/3262033"
"136","Onoclea sensibilis","Plantae","TRUE","FALSE","FALSE","FALSE","http://www.inaturalist.org/observations/3257499"
"137","Osmunda regalis","Plantae","TRUE","FALSE","FALSE","FALSE","http://www.inaturalist.org/observations/3262267"
"138","Osmunda regalis","Plantae","TRUE","FALSE","FALSE","FALSE","http://www.inaturalist.org/observations/3257523"
"139","Parthenocissus quinquefolia","Plantae","TRUE","FALSE","FALSE","TRUE","http://www.inaturalist.org/observations/3262444"
"140","Parthenocissus quinquefolia","Plantae","TRUE","FALSE","FALSE","TRUE","http://www.inaturalist.org/observations/3257476"
"141","Persicaria maculosa","Plantae","FALSE","FALSE","FALSE","TRUE","http://www.inaturalist.org/observations/3272234"
"142","Persicaria perfoliata","Plantae","FALSE","FALSE","FALSE","TRUE","http://www.inaturalist.org/observations/3262989"
"143","Phragmites australis","Plantae","TRUE","FALSE","FALSE","TRUE","http://www.inaturalist.org/observations/3262693"
"144","Phytolacca americana","Plantae","TRUE","FALSE","FALSE","FALSE","http://www.inaturalist.org/observations/3262669"
"145","Phytolacca americana","Plantae","TRUE","FALSE","FALSE","FALSE","http://www.inaturalist.org/observations/3257443"
"146","Phytolacca americana","Plantae","TRUE","FALSE","FALSE","FALSE","http://www.inaturalist.org/observations/3227675"
"147","Plantago lanceolata","Plantae","TRUE","FALSE","FALSE","TRUE","http://www.inaturalist.org/observations/3262044"
"148","Platanus occidentalis","Plantae","TRUE","FALSE","FALSE","TRUE","http://www.inaturalist.org/observations/3263685"
"149","Platanus occidentalis","Plantae","TRUE","FALSE","FALSE","TRUE","http://www.inaturalist.org/observations/3257451"
"150","Platanus occidentalis","Plantae","TRUE","FALSE","FALSE","TRUE","http://www.inaturalist.org/observations/3238780"
"151","Platanus occidentalis","Plantae","TRUE","FALSE","FALSE","TRUE","http://www.inaturalist.org/observations/3234169"
"152","Pontederia cordata","Plantae","TRUE","FALSE","FALSE","TRUE","http://www.inaturalist.org/observations/3263674"
"153","Pontederia cordata","Plantae","TRUE","FALSE","FALSE","TRUE","http://www.inaturalist.org/observations/3257445"
"154","Populus deltoides","Plantae","TRUE","FALSE","FALSE","FALSE","http://www.inaturalist.org/observations/3257515"
"155","Potentilla indica","Plantae","FALSE","FALSE","FALSE","FALSE","http://www.inaturalist.org/observations/3257495"
"156","Potentilla indica","Plantae","FALSE","FALSE","FALSE","FALSE","http://www.inaturalist.org/observations/3246395"
"157","Potentilla indica","Plantae","FALSE","FALSE","FALSE","FALSE","http://www.inaturalist.org/observations/3222937"
"158","Prunus serotina","Plantae","TRUE","FALSE","FALSE","FALSE","http://www.inaturalist.org/observations/3257454"
"159","Quercus alba","Plantae","TRUE","FALSE","FALSE","TRUE","http://www.inaturalist.org/observations/3257516"
"160","Quercus alba","Plantae","TRUE","FALSE","FALSE","TRUE","http://www.inaturalist.org/observations/3227792"
"161","Quercus falcata","Plantae","TRUE","FALSE","FALSE","TRUE","http://www.inaturalist.org/observations/3257524"
"162","Quercus macrocarpa","Plantae","FALSE","FALSE","FALSE","FALSE","http://www.inaturalist.org/observations/3263671"
"163","Quercus macrocarpa","Plantae","FALSE","FALSE","FALSE","FALSE","http://www.inaturalist.org/observations/3257528"
"164","Quercus marilandica","Plantae","FALSE","FALSE","FALSE","FALSE","http://www.inaturalist.org/observations/3257522"
"165","Quercus palustris","Plantae","TRUE","FALSE","FALSE","FALSE","http://www.inaturalist.org/observations/3262427"
"166","Quercus palustris","Plantae","TRUE","FALSE","FALSE","FALSE","http://www.inaturalist.org/observations/3257455"
"167","Quercus phellos","Plantae","TRUE","FALSE","FALSE","FALSE","http://www.inaturalist.org/observations/3257487"
"168","Quercus rubra","Plantae","TRUE","FALSE","FALSE","TRUE","http://www.inaturalist.org/observations/3257521"
"169","Reynoutria japonica","Plantae","FALSE","FALSE","FALSE","FALSE","http://www.inaturalist.org/observations/3262988"
"170","Rhus glabra","Plantae","FALSE","FALSE","FALSE","FALSE","http://www.inaturalist.org/observations/3257517"
"171","Robinia pseudoacacia","Plantae","TRUE","FALSE","FALSE","TRUE","http://www.inaturalist.org/observations/3262689"
"172","Salix nigra","Plantae","TRUE","FALSE","FALSE","TRUE","http://www.inaturalist.org/observations/3257508"
"173","Sassafras albidum","Plantae","TRUE","FALSE","FALSE","TRUE","http://www.inaturalist.org/observations/3229319"
"174","Sassafras albidum","Plantae","TRUE","FALSE","FALSE","TRUE","http://www.inaturalist.org/observations/3221987"
"175","Stellaria media","Plantae","TRUE","FALSE","FALSE","TRUE","http://www.inaturalist.org/observations/3262672"
"176","Taxodium distichum","Plantae","TRUE","FALSE","FALSE","TRUE","http://www.inaturalist.org/observations/3262276"
"177","Taxodium distichum","Plantae","TRUE","FALSE","FALSE","TRUE","http://www.inaturalist.org/observations/3257494"
"178","Taxodium distichum","Plantae","TRUE","FALSE","FALSE","TRUE","http://www.inaturalist.org/observations/3234914"
"179","Taxodium distichum","Plantae","TRUE","FALSE","FALSE","TRUE","http://www.inaturalist.org/observations/3241115"
"180","Toxicodendron radicans","Plantae","TRUE","FALSE","FALSE","FALSE","http://www.inaturalist.org/observations/3257449"
"181","Trifolium repens","Plantae","TRUE","FALSE","FALSE","TRUE","http://www.inaturalist.org/observations/3262674"
"182","Typha latifolia","Plantae","TRUE","FALSE","FALSE","FALSE","http://www.inaturalist.org/observations/3257459"
"183","Typha latifolia","Plantae","TRUE","FALSE","FALSE","FALSE","http://www.inaturalist.org/observations/3237766"
"184","Typha latifolia","Plantae","TRUE","FALSE","FALSE","FALSE","http://www.inaturalist.org/observations/3237768"
"185","Vaccinium corymbosum","Plantae","TRUE","FALSE","FALSE","TRUE","http://www.inaturalist.org/observations/3257473"
"186","Viburnum dentatum","Plantae","TRUE","FALSE","FALSE","FALSE","http://www.inaturalist.org/observations/3238771"
"187","Zizania aquatica","Plantae","TRUE","FALSE","FALSE","TRUE","http://www.inaturalist.org/observations/3272219"
"188","Chelydra serpentina","Reptilia","FALSE","FALSE","FALSE","FALSE","http://www.inaturalist.org/observations/3351930"
"189","Chelydra serpentina","Reptilia","FALSE","FALSE","FALSE","FALSE","http://www.inaturalist.org/observations/3230832"
"190","Chelydra serpentina","Reptilia","FALSE","FALSE","FALSE","FALSE","http://www.inaturalist.org/observations/3229105"
"191","Chelydra serpentina","Reptilia","FALSE","FALSE","FALSE","FALSE","http://www.inaturalist.org/observations/3234177"
"192","Chrysemys picta","Reptilia","TRUE","TRUE","FALSE","FALSE","http://www.inaturalist.org/observations/3262034"
"193","Chrysemys picta","Reptilia","TRUE","TRUE","FALSE","FALSE","http://www.inaturalist.org/observations/3242209"
"194","Chrysemys picta","Reptilia","TRUE","TRUE","FALSE","FALSE","http://www.inaturalist.org/observations/3238553"
"195","Chrysemys picta","Reptilia","TRUE","TRUE","FALSE","FALSE","http://www.inaturalist.org/observations/3224994"
"196","Chrysemys picta","Reptilia","TRUE","TRUE","FALSE","FALSE","http://www.inaturalist.org/observations/3227347"
"197","Chrysemys picta","Reptilia","TRUE","TRUE","FALSE","FALSE","http://www.inaturalist.org/observations/3229887"
"198","Chrysemys picta","Reptilia","TRUE","TRUE","FALSE","FALSE","http://www.inaturalist.org/observations/3222641"
"199","Kinosternon subrubrum","Reptilia","TRUE","TRUE","TRUE","TRUE","http://www.inaturalist.org/observations/3223321"
"200","Nerodia sipedon","Reptilia","TRUE","FALSE","FALSE","FALSE","http://www.inaturalist.org/observations/3237672"
"201","Nerodia sipedon","Reptilia","TRUE","FALSE","FALSE","FALSE","http://www.inaturalist.org/observations/3225283"
"202","Nerodia sipedon","Reptilia","TRUE","FALSE","FALSE","FALSE","http://www.inaturalist.org/observations/3227356"
"203","Nerodia sipedon","Reptilia","TRUE","FALSE","FALSE","FALSE","http://www.inaturalist.org/observations/3227363"
"204","Nerodia sipedon","Reptilia","TRUE","FALSE","FALSE","FALSE","http://www.inaturalist.org/observations/3227568"
"205","Nerodia sipedon","Reptilia","TRUE","FALSE","FALSE","FALSE","http://www.inaturalist.org/observations/3227591"
"206","Nerodia sipedon","Reptilia","TRUE","FALSE","FALSE","FALSE","http://www.inaturalist.org/observations/3230344"
"207","Nerodia sipedon","Reptilia","TRUE","FALSE","FALSE","FALSE","http://www.inaturalist.org/observations/3222887"
"208","Plestiodon fasciatus","Reptilia","FALSE","FALSE","FALSE","FALSE","http://www.inaturalist.org/observations/3956176"
"209","Plestiodon fasciatus","Reptilia","FALSE","FALSE","FALSE","FALSE","http://www.inaturalist.org/observations/3230805"
"210","Plestiodon fasciatus","Reptilia","FALSE","FALSE","FALSE","FALSE","http://www.inaturalist.org/observations/3222961"
"211","Plestiodon fasciatus","Reptilia","FALSE","FALSE","FALSE","FALSE","http://www.inaturalist.org/observations/3223470"
"212","Plestiodon fasciatus","Reptilia","FALSE","FALSE","FALSE","FALSE","http://www.inaturalist.org/observations/3223495"
"213","Pseudemys rubriventris","Reptilia","TRUE","FALSE","FALSE","TRUE","http://www.inaturalist.org/observations/3234579"
"214","Trachemys scripta","Reptilia","TRUE","FALSE","FALSE","FALSE","http://www.inaturalist.org/observations/3248100"
"215","Trachemys scripta","Reptilia","TRUE","FALSE","FALSE","FALSE","http://www.inaturalist.org/observations/3220695"
