"","Scientific_name","Iconic_taxa","Match NPSpecies","iNaturalist_Entry_count"
"1","Rhinella marina","Amphibia","ITIS Match","1"
"2","Acridotheres tristis","Aves","No Match","1"
"3","Anous minutus","Aves","Match","1"
"4","Aplonis atrifusca","Aves","Match","1"
"5","Aplonis tabuensis","Aves","Match","1"
"6","Fregata ariel","Aves","Match","1"
"7","Gallus gallus","Aves","Match","1"
"8","Myzomela nigriventris","Aves","No Match","1"
"9","Pluvialis fulva","Aves","Match","1"
"10","Porphyrio melanotus","Aves","No Match","1"
"11","Todiramphus sacer","Aves","No Match","1"
"12","Pteropus tonganus","Mammalia","Match","1"
"13","Artocarpus altilis","Plantae","Match","2"
"14","Asplenium cuneatum","Plantae","Match","1"
"15","Asplenium listeri","Plantae","No Match","1"
"16","Barringtonia asiatica","Plantae","Match","1"
"17","Bulbophyllum samoanum","Plantae","Match","1"
"18","Cocos nucifera","Plantae","Match","1"
"19","Dendrobium comatum","Plantae","No Match","1"
"20","Dendrobium samoense","Plantae","Match","1"
"21","Dipteris conjugata","Plantae","No Match","1"
"22","Ficus tinctoria","Plantae","Match","1"
"23","Hibiscus tiliaceus","Plantae","Match","1"
"24","Mikania micrantha","Plantae","Match","1"
"25","Morinda citrifolia","Plantae","Match","2"
"26","Mucuna gigantea","Plantae","Match","1"
"27","Phaius tankervilleae","Plantae","Match","1"
"28","Pipturus argenteus","Plantae","Match","1"
"29","Pisonia grandis","Plantae","Match","1"
"30","Pueraria montana","Plantae","Match","1"
"31","Syngonium podophyllum","Plantae","Match","1"
"32","Tacca leontopetaloides","Plantae","Match","1"
"33","Terminalia catappa","Plantae","Match","1"
"34","Thespesia populnea","Plantae","Match","1"
"35","Volkameria inermis","Plantae","ITIS Match","1"
"36","Scolopendra subspinipes","Animalia","Table 4","2"
