"","Scientific_name","Iconic_taxa","iNat_NPS_matches","iNat_NPSsynonym_matches","iNat_ITIS_synonym_matches","iNat_ITIS_nonsyn_matches","iNaturalist_URL"
"1","Rhinella marina","Amphibia","FALSE","FALSE","FALSE","TRUE","http://www.inaturalist.org/observations/3217807"
"2","Acridotheres tristis","Aves","FALSE","FALSE","FALSE","FALSE","http://www.inaturalist.org/observations/3238530"
"3","Anous minutus","Aves","TRUE","FALSE","FALSE","FALSE","http://www.inaturalist.org/observations/3219671"
"4","Aplonis atrifusca","Aves","TRUE","FALSE","FALSE","TRUE","http://www.inaturalist.org/observations/3219665"
"5","Aplonis tabuensis","Aves","TRUE","FALSE","FALSE","TRUE","http://www.inaturalist.org/observations/3218827"
"6","Fregata ariel","Aves","TRUE","FALSE","FALSE","FALSE","http://www.inaturalist.org/observations/3218770"
"7","Gallus gallus","Aves","TRUE","FALSE","FALSE","FALSE","http://www.inaturalist.org/observations/3218860"
"8","Myzomela nigriventris","Aves","FALSE","FALSE","FALSE","FALSE","http://www.inaturalist.org/observations/3238738"
"9","Pluvialis fulva","Aves","TRUE","FALSE","FALSE","TRUE","http://www.inaturalist.org/observations/3219012"
"10","Porphyrio melanotus","Aves","FALSE","FALSE","FALSE","FALSE","http://www.inaturalist.org/observations/3219683"
"11","Todiramphus sacer","Aves","FALSE","FALSE","FALSE","FALSE","http://www.inaturalist.org/observations/3218925"
"12","Pteropus tonganus","Mammalia","TRUE","FALSE","FALSE","FALSE","http://www.inaturalist.org/observations/3217870"
"13","Artocarpus altilis","Plantae","TRUE","FALSE","FALSE","TRUE","http://www.inaturalist.org/observations/3238319"
"14","Artocarpus altilis","Plantae","TRUE","FALSE","FALSE","TRUE","http://www.inaturalist.org/observations/3240481"
"15","Asplenium cuneatum","Plantae","TRUE","FALSE","FALSE","FALSE","http://www.inaturalist.org/observations/3239345"
"16","Asplenium listeri","Plantae","FALSE","FALSE","FALSE","FALSE","http://www.inaturalist.org/observations/3239358"
"17","Barringtonia asiatica","Plantae","TRUE","FALSE","FALSE","FALSE","http://www.inaturalist.org/observations/3216359"
"18","Bulbophyllum samoanum","Plantae","TRUE","FALSE","FALSE","FALSE","http://www.inaturalist.org/observations/3267195"
"19","Cocos nucifera","Plantae","TRUE","FALSE","FALSE","FALSE","http://www.inaturalist.org/observations/3240410"
"20","Dendrobium comatum","Plantae","FALSE","FALSE","FALSE","FALSE","http://www.inaturalist.org/observations/3240183"
"21","Dendrobium samoense","Plantae","TRUE","FALSE","FALSE","FALSE","http://www.inaturalist.org/observations/3241086"
"22","Dipteris conjugata","Plantae","FALSE","FALSE","FALSE","FALSE","http://www.inaturalist.org/observations/3266777"
"23","Ficus tinctoria","Plantae","TRUE","FALSE","FALSE","FALSE","http://www.inaturalist.org/observations/3237336"
"24","Hibiscus tiliaceus","Plantae","TRUE","FALSE","TRUE","FALSE","http://www.inaturalist.org/observations/3240446"
"25","Mikania micrantha","Plantae","TRUE","FALSE","FALSE","FALSE","http://www.inaturalist.org/observations/3240709"
"26","Morinda citrifolia","Plantae","TRUE","FALSE","FALSE","FALSE","http://www.inaturalist.org/observations/3240510"
"27","Morinda citrifolia","Plantae","TRUE","FALSE","FALSE","FALSE","http://www.inaturalist.org/observations/3268161"
"28","Mucuna gigantea","Plantae","TRUE","FALSE","FALSE","FALSE","http://www.inaturalist.org/observations/3240775"
"29","Phaius tankervilleae","Plantae","TRUE","FALSE","FALSE","TRUE","http://www.inaturalist.org/observations/3266222"
"30","Pipturus argenteus","Plantae","TRUE","FALSE","FALSE","FALSE","http://www.inaturalist.org/observations/3218263"
"31","Pisonia grandis","Plantae","TRUE","FALSE","FALSE","FALSE","http://www.inaturalist.org/observations/3240918"
"32","Pueraria montana","Plantae","TRUE","FALSE","FALSE","FALSE","http://www.inaturalist.org/observations/3240551"
"33","Syngonium podophyllum","Plantae","TRUE","FALSE","FALSE","TRUE","http://www.inaturalist.org/observations/3240557"
"34","Tacca leontopetaloides","Plantae","TRUE","FALSE","FALSE","TRUE","http://www.inaturalist.org/observations/3266708"
"35","Terminalia catappa","Plantae","TRUE","FALSE","FALSE","FALSE","http://www.inaturalist.org/observations/3240521"
"36","Thespesia populnea","Plantae","TRUE","FALSE","FALSE","FALSE","http://www.inaturalist.org/observations/3237384"
"37","Volkameria inermis","Plantae","FALSE","FALSE","FALSE","TRUE","http://www.inaturalist.org/observations/3268304"
