"","Scientific_name","Iconic_taxa","iNat_NPS_matches","iNat_NPSsynonym_matches","iNat_ITIS_synonym_matches","iNat_ITIS_nonsyn_matches","iNaturalist_URL"
"1","Plethodon cinereus","Amphibia","TRUE","FALSE","FALSE","TRUE","http://www.inaturalist.org/observations/3243972"
"2","Branta canadensis","Aves","TRUE","TRUE","FALSE","TRUE","http://www.inaturalist.org/observations/3259305"
"3","Cathartes aura","Aves","TRUE","TRUE","FALSE","FALSE","http://www.inaturalist.org/observations/3231958"
"4","Mergus merganser","Aves","TRUE","TRUE","FALSE","FALSE","http://www.inaturalist.org/observations/3269999"
"5","Sturnus vulgaris","Aves","TRUE","TRUE","FALSE","FALSE","http://www.inaturalist.org/observations/3221970"
"6","Acer negundo","Plantae","TRUE","FALSE","FALSE","FALSE","http://www.inaturalist.org/observations/3223038"
"7","Acer platanoides","Plantae","TRUE","FALSE","FALSE","TRUE","http://www.inaturalist.org/observations/3253220"
"8","Acer platanoides","Plantae","TRUE","FALSE","FALSE","TRUE","http://www.inaturalist.org/observations/3256430"
"9","Acer platanoides","Plantae","TRUE","FALSE","FALSE","TRUE","http://www.inaturalist.org/observations/3225210"
"10","Acer rubrum","Plantae","TRUE","FALSE","FALSE","FALSE","http://www.inaturalist.org/observations/3226707"
"11","Acer saccharinum","Plantae","TRUE","FALSE","FALSE","TRUE","http://www.inaturalist.org/observations/3259342"
"12","Acer saccharum","Plantae","TRUE","FALSE","FALSE","FALSE","http://www.inaturalist.org/observations/3225202"
"13","Ageratina altissima","Plantae","TRUE","FALSE","FALSE","FALSE","http://www.inaturalist.org/observations/3256400"
"14","Alliaria petiolata","Plantae","TRUE","FALSE","FALSE","TRUE","http://www.inaturalist.org/observations/3242860"
"15","Alliaria petiolata","Plantae","TRUE","FALSE","FALSE","TRUE","http://www.inaturalist.org/observations/3238189"
"16","Amphicarpaea bracteata","Plantae","FALSE","FALSE","FALSE","FALSE","http://www.inaturalist.org/observations/3256302"
"17","Anthoxanthum odoratum","Plantae","FALSE","FALSE","FALSE","FALSE","http://www.inaturalist.org/observations/3238349"
"18","Artemisia vulgaris","Plantae","FALSE","FALSE","FALSE","FALSE","http://www.inaturalist.org/observations/3246889"
"19","Asclepias syriaca","Plantae","TRUE","FALSE","FALSE","TRUE","http://www.inaturalist.org/observations/3248643"
"20","Asimina triloba","Plantae","TRUE","FALSE","FALSE","TRUE","http://www.inaturalist.org/observations/3243161"
"21","Asplenium platyneuron","Plantae","TRUE","FALSE","FALSE","TRUE","http://www.inaturalist.org/observations/3256742"
"22","Botrypus virginianus","Plantae","FALSE","FALSE","FALSE","FALSE","http://www.inaturalist.org/observations/3257041"
"23","Bromus tectorum","Plantae","TRUE","FALSE","FALSE","TRUE","http://www.inaturalist.org/observations/3248905"
"24","Cardamine concatenata","Plantae","FALSE","FALSE","FALSE","TRUE","http://www.inaturalist.org/observations/3243941"
"25","Celtis occidentalis","Plantae","TRUE","FALSE","FALSE","TRUE","http://www.inaturalist.org/observations/3238867"
"26","Celtis occidentalis","Plantae","TRUE","FALSE","FALSE","TRUE","http://www.inaturalist.org/observations/3223631"
"27","Cercis canadensis","Plantae","TRUE","TRUE","FALSE","FALSE","http://www.inaturalist.org/observations/3223347"
"28","Cornus florida","Plantae","TRUE","FALSE","FALSE","TRUE","http://www.inaturalist.org/observations/3224609"
"29","Dactylis glomerata","Plantae","FALSE","FALSE","FALSE","TRUE","http://www.inaturalist.org/observations/3238272"
"30","Fagus grandifolia","Plantae","TRUE","FALSE","FALSE","TRUE","http://www.inaturalist.org/observations/3227561"
"31","Galium aparine","Plantae","TRUE","FALSE","FALSE","TRUE","http://www.inaturalist.org/observations/3247061"
"32","Hedera helix","Plantae","TRUE","FALSE","FALSE","TRUE","http://www.inaturalist.org/observations/3259354"
"33","Hedera helix","Plantae","TRUE","FALSE","FALSE","TRUE","http://www.inaturalist.org/observations/3247023"
"34","Lamium purpureum","Plantae","TRUE","FALSE","FALSE","FALSE","http://www.inaturalist.org/observations/3247170"
"35","Leonurus cardiaca","Plantae","TRUE","FALSE","FALSE","TRUE","http://www.inaturalist.org/observations/3245493"
"36","Lindera benzoin","Plantae","TRUE","FALSE","FALSE","TRUE","http://www.inaturalist.org/observations/3256715"
"37","Liriodendron tulipifera","Plantae","TRUE","FALSE","FALSE","FALSE","http://www.inaturalist.org/observations/3253322"
"38","Liriodendron tulipifera","Plantae","TRUE","FALSE","FALSE","FALSE","http://www.inaturalist.org/observations/3243059"
"39","Liriodendron tulipifera","Plantae","TRUE","FALSE","FALSE","FALSE","http://www.inaturalist.org/observations/3222679"
"40","Maclura pomifera","Plantae","TRUE","FALSE","FALSE","TRUE","http://www.inaturalist.org/observations/3256491"
"41","Maclura pomifera","Plantae","TRUE","FALSE","FALSE","TRUE","http://www.inaturalist.org/observations/3231642"
"42","Nyssa sylvatica","Plantae","TRUE","FALSE","FALSE","TRUE","http://www.inaturalist.org/observations/3226596"
"43","Opuntia humifusa","Plantae","FALSE","FALSE","FALSE","FALSE","http://www.inaturalist.org/observations/3231460"
"44","Parthenocissus quinquefolia","Plantae","TRUE","FALSE","FALSE","TRUE","http://www.inaturalist.org/observations/3253380"
"45","Parthenocissus quinquefolia","Plantae","TRUE","FALSE","FALSE","TRUE","http://www.inaturalist.org/observations/3256206"
"46","Paulownia tomentosa","Plantae","TRUE","FALSE","FALSE","TRUE","http://www.inaturalist.org/observations/3256476"
"47","Paulownia tomentosa","Plantae","TRUE","FALSE","FALSE","TRUE","http://www.inaturalist.org/observations/3259288"
"48","Paulownia tomentosa","Plantae","TRUE","FALSE","FALSE","TRUE","http://www.inaturalist.org/observations/3223156"
"49","Paulownia tomentosa","Plantae","TRUE","FALSE","FALSE","TRUE","http://www.inaturalist.org/observations/3231785"
"50","Persicaria virginiana","Plantae","FALSE","FALSE","FALSE","TRUE","http://www.inaturalist.org/observations/3244551"
"51","Platanus occidentalis","Plantae","TRUE","FALSE","FALSE","TRUE","http://www.inaturalist.org/observations/3225189"
"52","Poa pratensis","Plantae","FALSE","FALSE","FALSE","FALSE","http://www.inaturalist.org/observations/3250261"
"53","Poa pratensis","Plantae","FALSE","FALSE","FALSE","FALSE","http://www.inaturalist.org/observations/3238519"
"54","Prunus serotina","Plantae","TRUE","FALSE","FALSE","FALSE","http://www.inaturalist.org/observations/3223206"
"55","Quercus alba","Plantae","TRUE","FALSE","FALSE","TRUE","http://www.inaturalist.org/observations/3226673"
"56","Ranunculus bulbosus","Plantae","FALSE","FALSE","FALSE","FALSE","http://www.inaturalist.org/observations/3256900"
"57","Ranunculus bulbosus","Plantae","FALSE","FALSE","FALSE","FALSE","http://www.inaturalist.org/observations/3221012"
"58","Ranunculus recurvatus","Plantae","TRUE","FALSE","FALSE","FALSE","http://www.inaturalist.org/observations/3244020"
"59","Ranunculus repens","Plantae","FALSE","FALSE","FALSE","FALSE","http://www.inaturalist.org/observations/3228951"
"60","Ranunculus repens","Plantae","FALSE","FALSE","FALSE","FALSE","http://www.inaturalist.org/observations/3231498"
"61","Rhodotypos scandens","Plantae","TRUE","FALSE","FALSE","TRUE","http://www.inaturalist.org/observations/3256679"
"62","Robinia pseudoacacia","Plantae","TRUE","FALSE","FALSE","TRUE","http://www.inaturalist.org/observations/3223311"
"63","Rosa multiflora","Plantae","TRUE","FALSE","FALSE","TRUE","http://www.inaturalist.org/observations/3253697"
"64","Rubus phoenicolasius","Plantae","TRUE","FALSE","FALSE","FALSE","http://www.inaturalist.org/observations/3253194"
"65","Smilax rotundifolia","Plantae","TRUE","FALSE","FALSE","TRUE","http://www.inaturalist.org/observations/3250043"
"66","Tilia americana","Plantae","TRUE","FALSE","FALSE","FALSE","http://www.inaturalist.org/observations/3227326"
"67","Typha latifolia","Plantae","TRUE","FALSE","FALSE","FALSE","http://www.inaturalist.org/observations/3253595"
"68","Ulmus rubra","Plantae","TRUE","FALSE","FALSE","TRUE","http://www.inaturalist.org/observations/3223581"
"69","Uvularia perfoliata","Plantae","TRUE","FALSE","FALSE","FALSE","http://www.inaturalist.org/observations/3244134"
"70","Uvularia sessilifolia","Plantae","TRUE","FALSE","FALSE","TRUE","http://www.inaturalist.org/observations/3244314"
"71","Verbascum thapsus","Plantae","TRUE","FALSE","FALSE","FALSE","http://www.inaturalist.org/observations/3256394"
"72","Yucca filamentosa","Plantae","FALSE","FALSE","FALSE","FALSE","http://www.inaturalist.org/observations/3231464"
"73","Pantherophis alleghaniensis","Reptilia","FALSE","FALSE","FALSE","FALSE","http://www.inaturalist.org/observations/3225815"
"74","Pantherophis alleghaniensis","Reptilia","FALSE","FALSE","FALSE","FALSE","http://www.inaturalist.org/observations/3226615"
"75","Terrapene carolina","Reptilia","TRUE","TRUE","FALSE","FALSE","http://www.inaturalist.org/observations/3256276"
