"","Iconic.taxon.name","Scientific.name","Common.name"
"1","Animalia","Apheloria virginiensis","Black-and-gold Flat Millipede"
"2","Fungi","Flavoparmelia caperata","common greenshield lichen"
"3","Fungi","Physcia millegrana","rosette lichen"
"4","Fungi","Tremella mesenterica","witch's butter"
"5","Insecta","Anagrapha falcifera","Celery Looper Moth"
"6","Insecta","Ancyloxypha numitor","Least Skipper"
"7","Insecta","Coccinella septempunctata","Seven-spotted Lady Beetle"
"8","Insecta","Colias eurytheme","Orange Sulphur"
"9","Insecta","Cupido comyntas","Eastern Tailed-Blue"
"10","Insecta","Eubaphe mendica","Beggar Moth"
"11","Insecta","Malacosoma americana","Eastern Tent Caterpillar Moth"
"12","Insecta","Phyciodes tharos","Pearl Crescent"
"13","Insecta","Vanessa atalanta","Red Admiral"
