"","Scientific_name","Iconic_taxa","Match NPSpecies","iNaturalist_Entry_count"
"1","Plethodon cinereus","Amphibia","Match","1"
"2","Branta canadensis","Aves","Match","1"
"3","Cathartes aura","Aves","Match","1"
"4","Mergus merganser","Aves","Match","1"
"5","Sturnus vulgaris","Aves","Match","1"
"6","Acer negundo","Plantae","Match","1"
"7","Acer platanoides","Plantae","Match","3"
"8","Acer rubrum","Plantae","Match","1"
"9","Acer saccharinum","Plantae","Match","1"
"10","Acer saccharum","Plantae","Match","1"
"11","Ageratina altissima","Plantae","Match","1"
"12","Alliaria petiolata","Plantae","Match","2"
"13","Amphicarpaea bracteata","Plantae","No Match","1"
"14","Anthoxanthum odoratum","Plantae","No Match","1"
"15","Artemisia vulgaris","Plantae","No Match","1"
"16","Asclepias syriaca","Plantae","Match","1"
"17","Asimina triloba","Plantae","Match","1"
"18","Asplenium platyneuron","Plantae","Match","1"
"19","Botrypus virginianus","Plantae","No Match","1"
"20","Bromus tectorum","Plantae","Match","1"
"21","Cardamine concatenata","Plantae","ITIS Match","1"
"22","Celtis occidentalis","Plantae","Match","2"
"23","Cercis canadensis","Plantae","Match","1"
"24","Cornus florida","Plantae","Match","1"
"25","Dactylis glomerata","Plantae","ITIS Match","1"
"26","Fagus grandifolia","Plantae","Match","1"
"27","Galium aparine","Plantae","Match","1"
"28","Hedera helix","Plantae","Match","2"
"29","Lamium purpureum","Plantae","Match","1"
"30","Leonurus cardiaca","Plantae","Match","1"
"31","Lindera benzoin","Plantae","Match","1"
"32","Liriodendron tulipifera","Plantae","Match","3"
"33","Maclura pomifera","Plantae","Match","2"
"34","Nyssa sylvatica","Plantae","Match","1"
"35","Opuntia humifusa","Plantae","No Match","1"
"36","Parthenocissus quinquefolia","Plantae","Match","2"
"37","Paulownia tomentosa","Plantae","Match","4"
"38","Persicaria virginiana","Plantae","ITIS Match","1"
"39","Platanus occidentalis","Plantae","Match","1"
"40","Poa pratensis","Plantae","No Match","2"
"41","Prunus serotina","Plantae","Match","1"
"42","Quercus alba","Plantae","Match","1"
"43","Ranunculus bulbosus","Plantae","No Match","2"
"44","Ranunculus recurvatus","Plantae","Match","1"
"45","Ranunculus repens","Plantae","No Match","2"
"46","Rhodotypos scandens","Plantae","Match","1"
"47","Robinia pseudoacacia","Plantae","Match","1"
"48","Rosa multiflora","Plantae","Match","1"
"49","Rubus phoenicolasius","Plantae","Match","1"
"50","Smilax rotundifolia","Plantae","Match","1"
"51","Tilia americana","Plantae","Match","1"
"52","Typha latifolia","Plantae","Match","1"
"53","Ulmus rubra","Plantae","Match","1"
"54","Uvularia perfoliata","Plantae","Match","1"
"55","Uvularia sessilifolia","Plantae","Match","1"
"56","Verbascum thapsus","Plantae","Match","1"
"57","Yucca filamentosa","Plantae","No Match","1"
"58","Pantherophis alleghaniensis","Reptilia","No Match","2"
"59","Terrapene carolina","Reptilia","Match","1"
"60","Apheloria virginiensis","Animalia","Table 4","2"
"61","Tremella mesenterica","Fungi","Table 4","1"
"62","Coccinella septempunctata","Insecta","Table 4","1"
"63","Phyciodes tharos","Insecta","Table 4","1"
"64","Colias eurytheme","Insecta","Table 4","1"
"65","Anagrapha falcifera","Insecta","Table 4","1"
"66","Flavoparmelia caperata","Fungi","Table 4","1"
"67","Physcia millegrana","Fungi","Table 4","2"
"68","Ancyloxypha numitor","Insecta","Table 4","2"
"69","Eubaphe mendica","Insecta","Table 4","1"
"70","Malacosoma americana","Insecta","Table 4","2"
"71","Cupido comyntas","Insecta","Table 4","1"
"72","Vanessa atalanta","Insecta","Table 4","1"
