"","Iconic_taxa","Scientific_name","Occurences in BISON","Invasive.Record"
"1","Plantae","Amphicarpaea bracteata","NC 682; VT 95; IN 156; WY 2; TN 207; ME 63; OK 26; AL 32; AR 45; SC 185; WA 4; NE 45; WV 474; ON CAN 116; MB CAN 14; MA 156; MO 366; QC CAN 45; ND 26; WI 211; NY 203; DC 70; RI 20; KY 121; SD 16; MN 129; KS 127; FL 20; DE 6; NJ 87; PA 134; MI 94; NB CAN 5; IA 64; MS 36; IL 181; TX 27; NS CAN 5; NH 66; CT 55; LA 46; OH 137; GA 92; VA 792; MD 160","No"
"2","Plantae","Anthoxanthum odoratum","NC 155; OR 153; VT 55; IN 11; ME 69; TN 34; BC CAN 52; PE CAN 1; AL 15; AR 12; WA 94; SC 57; NE 1; WV 121; ON CAN 26; MA 199; QC CAN 24; MO 23; AK 53; WI 10; NY 155; DC 36; RI 29; KY 27; HI 201; CA 551; NL CAN 3; DE 16; NJ 74; PA 113; MI 18; NB CAN 6; MS 3; NM 1; NS CAN 75; IL 9; TX 2; CT 181; NH 74; LA 1; OH 21; GA 19; VA 183; MD 103; ID 1","Yes"
"3","Plantae","Artemisia vulgaris","NC 84; IN 7; WY 1; BC CAN 10; PE CAN 8; UT 2; AZ 1; MT 3; KY 17; CA 58; KS 7; FL 8; DE 1; PA 74; MS 2; IA 1; NS CAN 38; IL 37; TX 1; CT 99; GA 1; VA 70; MD 54; ID 6; VT 69; OR 17; ME 62; TN 13; AL 2; WA 21; SC 16; ON CAN 79; WV 14; MB CAN 2; MA 187; CO 4; QC CAN 202; MO 26; AK 6; WI 7; NV 1; NY 630; DC 12; RI 7; HI 32; MN 1; NL CAN 1; NJ 503; NB CAN 22; MI 14; NH 24; LA 1; OH 37","Yes"
"4","Plantae","Botrypus virginianus","NC 905; VT 64; OR 21; IN 9; WY 1; TN 96; OK 14; ME 1; BC CAN 2; SK CAN 7; AL 6; AR 15; SC 105; YT CAN 3; WA 2; NE 1; ON CAN 71; WV 62; MB CAN 8; QC CAN 26; MO 16; AK 2; AB CAN 42; WI 49; NY 9; KY 34; MN 15; CA 4; KS 3; NL CAN 2; DE 3; FL 2; NJ 6; MI 43; PA 32; NB CAN 8; MS 3; IL 34; TX 14; NS CAN 2; NH 5; CT 3; OH 49; GA 22; NT CAN 3; VA 487; MD 91","No"
"5","Plantae","Opuntia humifusa","NC 101; IN 45; TN 48; OK 8; BC CAN 2; AL 17; AR 47; SC 100; NE 1; WV 37; ON CAN 4; MA 56; CO 4; MO 155; ND 1; WI 3; AZ 1; NY 54; KY 44; SD 15; MN 8; KS 35; FL 269; DE 24; NJ 109; PA 67; MI 35; MS 19; NM 5; IL 138; TX 67; CT 64; NH 1; LA 24; OH 68; GA 44; VA 164; MD 52","No"
"6","Plantae","Poa pratensis","NC 101; IN 201; WY 228; BC CAN 169; SK CAN 23; PE CAN 11; UT 479; YT CAN 40; AB CAN 190; AZ 774; MT 1564; KY 98; CA 2143; KS 388; FL 7; DE 3; PA 125; IA 453; MS 22; IL 177; NS CAN 56; TX 27; CT 179; GA 21; VA 193; MD 61; ID 156; OR 318; VT 58; ME 130; TN 68; OK 27; AL 29; AR 115; WA 300; SC 31; NE 146; WV 109; ON CAN 109; MB CAN 63; CO 1733; MA 184; MO 369; QC CAN 311; AK 3472; ND 144; WI 171; NV 577; NY 199; DC 47; RI 23; SD 193; HI 71; MN 120; NL CAN 21; NJ 66; MI 152; NB CAN 13; NU CAN 113; NM 594; NH 106; LA 34; OH 19; NT CAN 215","Yes"
"7","Plantae","Ranunculus bulbosus","NC 70; VT 17; OR 5; IN 4; ME 35; TN 26; BC CAN 6; AL 3; AR 40; SC 19; WA 6; WV 22; ON CAN 4; MA 172; CO 1; MO 8; QC CAN 1; NY 93; DC 39; RI 31; KY 16; KS 7; CA 5; DE 6; NJ 77; PA 50; MI 18; MS 15; NS CAN 9; IL 7; CT 140; NH 34; LA 1; OH 11; GA 17; VA 180; MD 57","Yes"
"8","Plantae","Ranunculus repens","NC 36; IN 11; WY 3; BC CAN 77; PE CAN 18; UT 31; YT CAN 1; AB CAN 3; AZ 1; MT 19; KY 14; CA 168; KS 7; DE 2; PA 74; MS 3; NS CAN 101; IL 30; TX 9; CT 60; VA 44; MD 7; ID 36; OR 187; VT 47; ME 33; TN 3; OK 1; AL 2; AR 2; WA 260; SC 2; WV 37; ON CAN 26; MB CAN 1; MA 161; CO 29; QC CAN 159; MO 9; AK 3664; WI 12; NV 2; NY 323; DC 9; RI 6; HI 14; SD 2; MN 5; NL CAN 2; NJ 60; NB CAN 37; MI 30; NM 2; NH 16; OH 42","Yes"
"9","Plantae","Yucca filamentosa","NC 98; OR 1; IN 7; WY 1; TN 40; BC CAN 4; AL 90; AR 6; SC 167; WA 1; NE 2; WV 20; MA 22; CO 1; MO 23; WI 7; NY 28; DC 8; RI 1; KY 47; KS 55; CA 1; FL 224; DE 15; NJ 32; PA 15; MI 10; MS 28; IA 3; NM 1; IL 37; TX 4; CT 17; LA 44; OH 7; GA 79; VA 121; MD 23","No"
"10","Reptilia","Pantherophis alleghaniensis","NC 306; VT 47; NY 40; DC 31; RI 9; TN 19; FL 1075; DE 17; AL 1; SC 91; NJ 39; PA 61; WV 12; MA 10; TX 1; CT 29; OH 7; GA 105; VA 267; MD 146","No"
