"","Iconic.taxon.name","Scientific.name","Common.name"
"1","Fungi","Armillaria mellea","Honey Mushroom"
"2","Fungi","Bisporella citrina","Yellow Fairy Cups"
"3","Fungi","Boletinellus merulioides","ash-tree bolete"
"4","Fungi","Calostoma cinnabarinum","stalked puffball-in-aspic"
"5","Fungi","Cerioporus squamosus","Dryad's Saddle"
"6","Fungi","Chlorociboria",""
"7","Fungi","Chlorociboria aeruginascens","Green Wood Cup"
"8","Fungi","Daldinia concentrica","King Alfred's Cakes"
"9","Fungi","Fomitopsis betulina","birch polypore"
"10","Fungi","Ganoderma applanatum","artist's bracket"
"11","Fungi","Hygrocybe miniata","Vermilion Waxcap"
"12","Fungi","Hypomyces chrysospermus","bolete mould"
"13","Fungi","Inonotus obliquus","Chaga Mushroom"
"14","Fungi","Irpex lacteus","Milk-white Toothed Polypore"
"15","Fungi","Laetiporus sulphureus","chicken of the woods"
"16","Fungi","Lasallia papulosa","Common Toadskin Lichen"
"17","Fungi","Lobaria pulmonaria","Tree Lungwort"
"18","Fungi","Marasmius capillaris",""
"19","Fungi","Marasmius siccus",""
"20","Fungi","Microglossum rufum",""
"21","Fungi","Mycena subcaerulea",""
"22","Fungi","Neofavolus alveolaris","hexagonal-pored polypore"
"23","Fungi","Omphalotus illudens","Eastern American jack-o'-lantern mushroom"
"24","Fungi","Panellus stipticus","Luminescent Panellus"
"25","Fungi","Phellinus robiniae","Cracked Cap Polypore"
"26","Fungi","Pleurotus dryinus","Veiled Oyster"
"27","Fungi","Pluteus americanus",""
"28","Fungi","Rosellinia subiculata",""
"29","Fungi","Rutstroemia macrospora",""
"30","Fungi","Scleroderma citrinum","common earthball"
"31","Fungi","Scutellinia scutellata","Eyelash Cup"
"32","Fungi","Stemonitis splendens","chocolate tube slime"
"33","Fungi","Strobilomyces floccopus","Old Man of the Woods"
"34","Fungi","Terana caerulea","Cobalt crust fungus"
"35","Fungi","Trametes versicolor","turkey-tail"
"36","Fungi","Trichaptum biforme","violet-toothed polypore"
"37","Fungi","Tyromyces chioneus","White Cheese Polypore"
"38","Fungi","Xylaria polymorpha","dead man's fingers"
"39","Fungi","Xylobolus frustulatus","ceramic parchment"
"40","Insecta","Papilio troilus","Spicebush Swallowtail"
"41","Insecta","Pieris rapae","Cabbage White"
"42","Insecta","Strymon melinus","Gray Hairstreak"
"43","Protozoa","Fuligo septica","Dog Vomit Slime Mold"
"44","Protozoa","Stemonitis splendens","chocolate tube slime"
