"","Scientific_name","Iconic_taxa","iNat_NPS_matches","iNat_NPSsynonym_matches","iNat_ITIS_synonym_matches","iNat_ITIS_nonsyn_matches","iNaturalist_URL"
"1","Anaxyrus americanus","Amphibia","TRUE","FALSE","FALSE","FALSE","http://www.inaturalist.org/observations/4075344"
"2","Plethodon cinereus","Amphibia","TRUE","TRUE","FALSE","TRUE","http://www.inaturalist.org/observations/4066629"
"3","Corvus corax","Aves","TRUE","FALSE","FALSE","FALSE","http://www.inaturalist.org/observations/4071677"
"4","Junco hyemalis","Aves","TRUE","FALSE","FALSE","FALSE","http://www.inaturalist.org/observations/4071163"
"5","Tamias striatus","Mammalia","TRUE","FALSE","FALSE","FALSE","http://www.inaturalist.org/observations/4071151"
"6","Mitchella repens","Plantae","TRUE","FALSE","FALSE","FALSE","http://www.inaturalist.org/observations/4075296"
"7","Sceptridium dissectum","Plantae","FALSE","FALSE","FALSE","FALSE","http://www.inaturalist.org/observations/4075349"
