"","Scientific_name","Iconic_taxa","Match NPSpecies","iNaturalist_Entry_count"
"1","Anaxyrus americanus","Amphibia","Match","1"
"2","Plethodon cinereus","Amphibia","Match","1"
"3","Corvus corax","Aves","Match","1"
"4","Junco hyemalis","Aves","Match","1"
"5","Tamias striatus","Mammalia","Match","1"
"6","Mitchella repens","Plantae","Match","1"
"7","Sceptridium dissectum","Plantae","No Match","1"
"8","Xylaria polymorpha","Fungi","Table 4","1"
"9","Fomitopsis betulina","Fungi","Table 4","1"
"10","Neofavolus alveolaris","Fungi","Table 4","1"
"11","Boletinellus merulioides","Fungi","Table 4","1"
"12","Daldinia concentrica","Fungi","Table 4","1"
"13","Marasmius siccus","Fungi","Table 4","4"
"14","Microglossum rufum","Fungi","Table 4","4"
"15","Pluteus americanus","Fungi","Table 4","2"
"16","Rutstroemia macrospora","Fungi","Table 4","4"
"17","Scleroderma citrinum","Fungi","Table 4","7"
"18","Scutellinia scutellata","Fungi","Table 4","5"
"19","Mycena subcaerulea","Fungi","Table 4","4"
"20","Hygrocybe miniata","Fungi","Table 4","1"
"21","Tyromyces chioneus","Fungi","Table 4","1"
"22","Stemonitis splendens","Fungi","Table 4","2"
"23","Xylobolus frustulatus","Fungi","Table 4","5"
"24","Trichaptum biforme","Fungi","Table 4","4"
"25","Calostoma cinnabarinum","Fungi","Table 4","1"
"26","Pleurotus dryinus","Fungi","Table 4","1"
"27","Rosellinia subiculata","Fungi","Table 4","2"
"28","Chlorociboria aeruginascens","Fungi","Table 4","4"
"29","Terana caerulea","Fungi","Table 4","2"
"30","Chlorociboria","Fungi","Table 4","2"
"31","Hypomyces chrysospermus","Fungi","Table 4","1"
"32","Omphalotus illudens","Fungi","Table 4","2"
"33","Ganoderma applanatum","Fungi","Table 4","1"
"34","Fuligo septica","Protozoa","Table 4","1"
"35","Phellinus robiniae","Fungi","Table 4","5"
"36","Marasmius capillaris","Fungi","Table 4","3"
"37","Irpex lacteus","Fungi","Table 4","2"
"38","Laetiporus sulphureus","Fungi","Table 4","2"
"39","Strobilomyces floccopus","Fungi","Table 4","2"
"40","Armillaria mellea","Fungi","Table 4","2"
"41","Inonotus obliquus","Fungi","Table 4","2"
"42","Lobaria pulmonaria","Fungi","Table 4","1"
"43","Bisporella citrina","Fungi","Table 4","1"
"44","Papilio troilus","Insecta","Table 4","1"
"45","Strymon melinus","Insecta","Table 4","1"
"46","Cerioporus squamosus","Fungi","Table 4","2"
"47","Panellus stipticus","Fungi","Table 4","1"
"48","Trametes versicolor","Fungi","Table 4","1"
"49","Lasallia papulosa","Fungi","Table 4","1"
"50","Stemonitis splendens","Protozoa","Table 4","2"
"51","Pieris rapae","Insecta","Table 4","1"
