"","Iconic_taxa","Scientific_name","Occurences in BISON","Invasive.Record"
"1","Amphibia","Lithobates clamitans","VT 397; NC 215; IN 184; OK 411; ME 182; TN 151; BC CAN 20; PE CAN 83; AL 113; AR 180; SC 82; UT 14; WA 4; ON CAN 2971; WV 102; MB CAN 6; MA 236; QC CAN 911; MO 128; WI 224; NY 1146; RI 141; DC 63; KY 192; MN 240; NL CAN 27; KS 11; FL 119; DE 41; NJ 358; NB CAN 1262; MI 532; PA 335; MS 131; IA 52; TX 434; NS CAN 266; IL 215; CT 356; NH 82; LA 404; OH 483; GA 211; VA 935; MD 518","No"
"2","Aves","Dryobates pubescens","OR 2; IN 2; OK 1; TN 1; BC CAN 9; PE CAN 1; WA 18; UT 1; NE 3; ON CAN 8; WV 3; QC CAN 22; MO 1; WI 2; NY 9; DC 2; MT 2; MN 3; CA 9; KS 2; FL 22; NJ 3; PA 127; IL 6; TX 4; NS CAN 3; OH 2; VA 2; MD 1; ID 12","No"
"3","Plantae","Arabidopsis lyrata","VT 17; NC 3; IN 32; TN 2; BC CAN 1; ON CAN 31; WV 1; MA 16; MO 1; AK 30; AB CAN 2; WI 87; NY 20; DC 5; MT 1; MN 4; DE 3; NJ 5; MI 87; PA 12; MS 2; IA 1; IL 56; CT 85; OH 41; GA 1; MD 46; VA 23","No"
"4","Plantae","Artemisia pycnocephala","OR 6; CA 693","No"
"5","Plantae","Typha ×","No data available","No"
"6","Reptilia","Aspidoscelis sexlineatus","TX 1","No"
