"","Iconic_taxa","iNat_entry","NPSpecies_name","Accepted_TSN","NPS_entry_TSN"
"1","Amphibia","Lithobates catesbeianus","Rana catesbeiana","775084","173441"
"2","Aves","Spinus tristis","Carduelis tristis","179249","179236"
"3","Plantae","Aphyllon uniflorum","Orobanche uniflora","34300","565851"
"4","Plantae","Boechera laevigata","Arabis laevigata var. laevigata","823180","184378"
"5","Plantae","Crocanthemum canadense","Helianthemum canadense","22258","511781"
"6","Plantae","Ionactis linariifolia","Ionactis linariifolius","780388","507245"
"7","Plantae","Persicaria amphibia","Polygonum amphibium","823854","20865"
