"","Scientific_name","Iconic_taxa","Match NPSpecies","iNaturalist_Entry_count"
"1","Lithobates catesbeianus","Amphibia","ITIS Match","1"
"2","Lithobates clamitans","Amphibia","No Match","3"
"3","Notophthalmus viridescens","Amphibia","Match","1"
"4","Anas platyrhynchos","Aves","Match","1"
"5","Branta canadensis","Aves","Match","2"
"6","Dryobates pubescens","Aves","No Match","1"
"7","Larus delawarensis","Aves","Match","1"
"8","Melanerpes carolinus","Aves","Match","1"
"9","Sayornis phoebe","Aves","Match","1"
"10","Spinus tristis","Aves","ITIS Match","1"
"11","Strix varia","Aves","Match","1"
"12","Turdus migratorius","Aves","Match","1"
"13","Odocoileus virginianus","Mammalia","Match","2"
"14","Peromyscus leucopus","Mammalia","Match","1"
"15","Sciurus carolinensis","Mammalia","Match","1"
"16","Acer negundo","Plantae","Match","1"
"17","Achillea millefolium","Plantae","Match","4"
"18","Ammophila breviligulata","Plantae","Match","1"
"19","Aphyllon uniflorum","Plantae","ITIS Match","2"
"20","Aquilegia canadensis","Plantae","Match","13"
"21","Arabidopsis lyrata","Plantae","No Match","2"
"22","Aralia nudicaulis","Plantae","Match","6"
"23","Artemisia campestris","Plantae","Match","5"
"24","Artemisia pycnocephala","Plantae","No Match","1"
"25","Asclepias syriaca","Plantae","Match","5"
"26","Asparagus officinalis","Plantae","Match","1"
"27","Barbarea vulgaris","Plantae","Match","1"
"28","Betula papyrifera","Plantae","Match","2"
"29","Boechera laevigata","Plantae","ITIS Match","2"
"30","Carex buxbaumii","Plantae","Match","2"
"31","Carex garberi","Plantae","Match","1"
"32","Carex stricta","Plantae","Match","1"
"33","Castilleja coccinea","Plantae","Match","2"
"34","Ceanothus americanus","Plantae","Match","1"
"35","Celastrus orbiculatus","Plantae","Match","1"
"36","Ceratophyllum demersum","Plantae","Match","1"
"37","Comandra umbellata","Plantae","Match","4"
"38","Convallaria majalis","Plantae","Match","5"
"39","Coreopsis lanceolata","Plantae","Match","2"
"40","Coreopsis tripteris","Plantae","Match","1"
"41","Cornus sericea","Plantae","Match","2"
"42","Crocanthemum canadense","Plantae","ITIS Match","1"
"43","Dulichium arundinaceum","Plantae","Match","1"
"44","Elaeagnus angustifolia","Plantae","Match","1"
"45","Eupatorium perfoliatum","Plantae","Match","1"
"46","Helianthus divaricatus","Plantae","Match","3"
"47","Helianthus occidentalis","Plantae","Match","1"
"48","Hydrophyllum virginianum","Plantae","Match","1"
"49","Ionactis linariifolia","Plantae","ITIS Match","2"
"50","Iris pseudacorus","Plantae","Match","2"
"51","Juncus balticus","Plantae","Match","1"
"52","Juniperus virginiana","Plantae","Match","1"
"53","Krigia biflora","Plantae","Match","1"
"54","Krigia virginica","Plantae","Match","2"
"55","Lithospermum caroliniense","Plantae","Match","2"
"56","Lonicera dioica","Plantae","Match","2"
"57","Lupinus perennis","Plantae","Match","6"
"58","Maianthemum canadense","Plantae","Match","4"
"59","Maianthemum racemosum","Plantae","Match","2"
"60","Maianthemum stellatum","Plantae","Match","11"
"61","Medicago lupulina","Plantae","Match","1"
"62","Monarda fistulosa","Plantae","Match","1"
"63","Morus alba","Plantae","Match","1"
"64","Ophioglossum pusillum","Plantae","Match","1"
"65","Opuntia humifusa","Plantae","Match","6"
"66","Osmunda regalis","Plantae","Match","2"
"67","Panicum virgatum","Plantae","Match","1"
"68","Parthenocissus quinquefolia","Plantae","Match","1"
"69","Pedicularis canadensis","Plantae","Match","8"
"70","Persicaria amphibia","Plantae","ITIS Match","1"
"71","Phlox pilosa","Plantae","Match","5"
"72","Phragmites australis","Plantae","Match","3"
"73","Plantago major","Plantae","Match","2"
"74","Plantago rugelii","Plantae","Match","1"
"75","Populus deltoides","Plantae","Match","4"
"76","Potentilla simplex","Plantae","Match","4"
"77","Prunus pumila","Plantae","Match","2"
"78","Prunus serotina","Plantae","Match","1"
"79","Prunus virginiana","Plantae","Match","2"
"80","Ptelea trifoliata","Plantae","Match","1"
"81","Pteridium aquilinum","Plantae","Match","6"
"82","Quercus alba","Plantae","Match","1"
"83","Quercus velutina","Plantae","Match","1"
"84","Ranunculus flabellaris","Plantae","Match","1"
"85","Rhus aromatica","Plantae","Match","4"
"86","Rhus typhina","Plantae","NPSpecies synonym match","3"
"87","Robinia pseudoacacia","Plantae","Match","2"
"88","Rosa multiflora","Plantae","Match","1"
"89","Rosa palustris","Plantae","Match","1"
"90","Rumex acetosella","Plantae","Match","1"
"91","Sanguinaria canadensis","Plantae","Match","1"
"92","Sassafras albidum","Plantae","Match","5"
"93","Schizachyrium scoparium","Plantae","Match","2"
"94","Silene latifolia","Plantae","Match","2"
"95","Smilax tamnoides","Plantae","Match","1"
"96","Solidago speciosa","Plantae","Match","2"
"97","Taraxacum officinale","Plantae","Match","2"
"98","Toxicodendron radicans","Plantae","Match","10"
"99","Tradescantia ohiensis","Plantae","Match","2"
"100","Tragopogon dubius","Plantae","Match","1"
"101","Typha ×","Plantae","No Match","1"
"102","Verbascum thapsus","Plantae","Match","1"
"103","Viola pedata","Plantae","Match","11"
"104","Viola sagittata","Plantae","Match","2"
"105","Zizia aurea","Plantae","Match","2"
"106","Aspidoscelis sexlineatus","Reptilia","No Match","1"
"107","Thamnophis sirtalis","Reptilia","Match","1"
"108","Dermacentor variabilis","Arachnida","Table 4","1"
"109","Coprinus comatus","Fungi","Table 4","1"
"110","Lepomis gibbosus","Actinopterygii","Table 4","2"
"111","Coleomegilla maculata","Insecta","Table 4","1"
"112","Bombus impatiens","Insecta","Table 4","1"
"113","Micropterus salmoides","Actinopterygii","Table 4","1"
"114","Cyprinus carpio","Actinopterygii","Table 4","1"
