"","Iconic_taxa","Scientific_name","Occurences in BISON","Invasive.Record"
"1","Aves","Oreothlypis celata","NC 1911; IN 1333; WY 1763; BC CAN 42987; SK CAN 1593; PE CAN 1; UT 8059; YT CAN 2767; AB CAN 6004; AZ 42531; MT 4209; KY 404; CA 279926; KS 10724; FL 15254; DE 175; PA 1201; IA 5000; MS 1544; TX 138082; IL 10096; NS CAN 743; CT 389; GA 5905; VA 1704; MD 1141; ID 7418; OR 53680; VT 179; OK 3115; TN 1590; ME 492; AL 2842; AR 2166; WA 37146; SC 3295; NE 5036; ON CAN 6885; WV 220; MB CAN 3914; CO 21184; MA 3056; MO 5195; QC CAN 2944; AK 66997; USVI 1; ND 2679; WI 8814; NV 7659; NY 2944; DC 242; RI 185; SD 7848; MN 7720; NL CAN 266; NJ 2154; MI 6851; NB CAN 126; NU CAN 31; NM 10675; NH 259; LA 21010; OH 4167; NT CAN 910","No"
"2","Mammalia","Alexandromys oeconomus","No data available","No"
"3","Plantae","Chamaenerion angustifolium","OR 123; VT 50; NC 6; IN 1; WY 51; ME 42; BC CAN 94; SK CAN 10; PE CAN 6; WA 168; UT 31; YT CAN 19; ON CAN 102; WV 3; MB CAN 23; CO 158; MA 3; QC CAN 56; AK 376; AB CAN 40; WI 17; AZ 7; NV 12; NY 11; MT 64; SD 12; MN 56; CA 201; NL CAN 39; NB CAN 34; MI 30; PA 4; NU CAN 11; NM 17; NS CAN 32; NH 9; OH 3; NT CAN 17; VA 9; MD 1; ID 46","No"
"4","Plantae","Chlamydomonas nivalis","WY 1; CO 2; AK 6; CA 8; WA 4; UT 2; NV 1","No"
"5","Plantae","Sphagnum capillifolium","NC 29; IN 14; WY 1; BC CAN 162; SK CAN 13; PE CAN 4; YT CAN 44; UT 3; AB CAN 34; KY 11; KS 13; CA 2; FL 1; PA 38; IA 5; MS 1; NS CAN 124; IL 6; CT 14; GA 2; MD 44; VA 16; ID 3; OR 15; VT 10; ME 119; TN 2; AL 1; AR 1; WA 31; ON CAN 340; WV 37; MB CAN 54; MA 10; QC CAN 1005; MO 20; AK 279; WI 23; NY 204; RI 2; MN 69; NL CAN 58; NJ 36; NB CAN 115; MI 107; NU CAN 6; NH 35; OH 15; NT CAN 96","No"
