"","Scientific_name","Iconic_taxa","iNat_NPS_matches","iNat_NPSsynonym_matches","iNat_ITIS_synonym_matches","iNat_ITIS_nonsyn_matches","iNaturalist_URL"
"1","Acanthis flammea","Aves","FALSE","FALSE","FALSE","TRUE","http://www.inaturalist.org/observations/3264018"
"2","Acanthis flammea","Aves","FALSE","FALSE","FALSE","TRUE","http://www.inaturalist.org/observations/3236801"
"3","Anas acuta","Aves","TRUE","FALSE","FALSE","TRUE","http://www.inaturalist.org/observations/3277663"
"4","Anas acuta","Aves","TRUE","FALSE","FALSE","TRUE","http://www.inaturalist.org/observations/3255823"
"5","Anser albifrons","Aves","TRUE","FALSE","FALSE","FALSE","http://www.inaturalist.org/observations/3277662"
"6","Calcarius lapponicus","Aves","TRUE","FALSE","FALSE","FALSE","http://www.inaturalist.org/observations/3264129"
"7","Calcarius lapponicus","Aves","TRUE","FALSE","FALSE","FALSE","http://www.inaturalist.org/observations/3258545"
"8","Calidris pusilla","Aves","TRUE","FALSE","FALSE","FALSE","http://www.inaturalist.org/observations/3264121"
"9","Cardellina pusilla","Aves","FALSE","FALSE","FALSE","TRUE","http://www.inaturalist.org/observations/3239262"
"10","Corvus corax","Aves","TRUE","FALSE","FALSE","FALSE","http://www.inaturalist.org/observations/3261901"
"11","Corvus corax","Aves","TRUE","FALSE","FALSE","FALSE","http://www.inaturalist.org/observations/3261900"
"12","Corvus corax","Aves","TRUE","FALSE","FALSE","FALSE","http://www.inaturalist.org/observations/3239540"
"13","Lagopus lagopus","Aves","TRUE","FALSE","FALSE","FALSE","http://www.inaturalist.org/observations/3272645"
"14","Lagopus lagopus","Aves","TRUE","FALSE","FALSE","FALSE","http://www.inaturalist.org/observations/3239397"
"15","Lagopus muta","Aves","FALSE","FALSE","FALSE","TRUE","http://www.inaturalist.org/observations/3249137"
"16","Lagopus muta","Aves","FALSE","FALSE","FALSE","TRUE","http://www.inaturalist.org/observations/3238526"
"17","Larus hyperboreus","Aves","TRUE","FALSE","FALSE","FALSE","http://www.inaturalist.org/observations/3239256"
"18","Leucosticte tephrocotis","Aves","TRUE","FALSE","FALSE","FALSE","http://www.inaturalist.org/observations/3264120"
"19","Oreothlypis celata","Aves","FALSE","FALSE","FALSE","FALSE","http://www.inaturalist.org/observations/3239254"
"20","Passerculus sandwichensis","Aves","TRUE","FALSE","FALSE","TRUE","http://www.inaturalist.org/observations/3264149"
"21","Passerella iliaca","Aves","TRUE","FALSE","FALSE","TRUE","http://www.inaturalist.org/observations/3239253"
"22","Phalaropus lobatus","Aves","TRUE","FALSE","FALSE","TRUE","http://www.inaturalist.org/observations/3277664"
"23","Pluvialis dominica","Aves","TRUE","FALSE","FALSE","TRUE","http://www.inaturalist.org/observations/3266187"
"24","Setophaga coronata","Aves","FALSE","FALSE","FALSE","TRUE","http://www.inaturalist.org/observations/3239257"
"25","Spizelloides arborea","Aves","FALSE","FALSE","FALSE","TRUE","http://www.inaturalist.org/observations/3239255"
"26","Stercorarius longicaudus","Aves","TRUE","FALSE","FALSE","FALSE","http://www.inaturalist.org/observations/3261829"
"27","Stercorarius longicaudus","Aves","TRUE","FALSE","FALSE","FALSE","http://www.inaturalist.org/observations/3264124"
"28","Stercorarius longicaudus","Aves","TRUE","FALSE","FALSE","FALSE","http://www.inaturalist.org/observations/3239920"
"29","Stercorarius longicaudus","Aves","TRUE","FALSE","FALSE","FALSE","http://www.inaturalist.org/observations/3240273"
"30","Tringa flavipes","Aves","TRUE","FALSE","FALSE","FALSE","http://www.inaturalist.org/observations/3261636"
"31","Tringa flavipes","Aves","TRUE","FALSE","FALSE","FALSE","http://www.inaturalist.org/observations/3261693"
"32","Tringa solitaria","Aves","TRUE","FALSE","FALSE","FALSE","http://www.inaturalist.org/observations/3239270"
"33","Turdus migratorius","Aves","TRUE","FALSE","FALSE","FALSE","http://www.inaturalist.org/observations/3261230"
"34","Turdus migratorius","Aves","TRUE","FALSE","FALSE","FALSE","http://www.inaturalist.org/observations/3239251"
"35","Zonotrichia leucophrys","Aves","TRUE","FALSE","FALSE","FALSE","http://www.inaturalist.org/observations/3261715"
"36","Zonotrichia leucophrys","Aves","TRUE","FALSE","FALSE","FALSE","http://www.inaturalist.org/observations/3239252"
"37","Alces alces","Mammalia","TRUE","FALSE","FALSE","TRUE","http://www.inaturalist.org/observations/3238794"
"38","Alexandromys oeconomus","Mammalia","FALSE","FALSE","FALSE","FALSE","http://www.inaturalist.org/observations/3240071"
"39","Canis lupus","Mammalia","TRUE","FALSE","FALSE","FALSE","http://www.inaturalist.org/observations/3236856"
"40","Lepus americanus","Mammalia","TRUE","FALSE","FALSE","FALSE","http://www.inaturalist.org/observations/3264647"
"41","Lepus americanus","Mammalia","TRUE","FALSE","FALSE","FALSE","http://www.inaturalist.org/observations/3282786"
"42","Lepus americanus","Mammalia","TRUE","FALSE","FALSE","FALSE","http://www.inaturalist.org/observations/3261563"
"43","Lepus americanus","Mammalia","TRUE","FALSE","FALSE","FALSE","http://www.inaturalist.org/observations/3256954"
"44","Lepus americanus","Mammalia","TRUE","FALSE","FALSE","FALSE","http://www.inaturalist.org/observations/3236654"
"45","Lepus americanus","Mammalia","TRUE","FALSE","FALSE","FALSE","http://www.inaturalist.org/observations/3239247"
"46","Lepus americanus","Mammalia","TRUE","FALSE","FALSE","FALSE","http://www.inaturalist.org/observations/3239250"
"47","Microtus miurus","Mammalia","TRUE","FALSE","FALSE","TRUE","http://www.inaturalist.org/observations/3272936"
"48","Myodes rutilus","Mammalia","FALSE","FALSE","FALSE","TRUE","http://www.inaturalist.org/observations/3240385"
"49","Rangifer tarandus","Mammalia","TRUE","FALSE","FALSE","FALSE","http://www.inaturalist.org/observations/3277720"
"50","Rangifer tarandus","Mammalia","TRUE","FALSE","FALSE","FALSE","http://www.inaturalist.org/observations/3272718"
"51","Rangifer tarandus","Mammalia","TRUE","FALSE","FALSE","FALSE","http://www.inaturalist.org/observations/3230116"
"52","Rangifer tarandus","Mammalia","TRUE","FALSE","FALSE","FALSE","http://www.inaturalist.org/observations/3236666"
"53","Rangifer tarandus","Mammalia","TRUE","FALSE","FALSE","FALSE","http://www.inaturalist.org/observations/3236771"
"54","Urocitellus parryii","Mammalia","FALSE","FALSE","FALSE","TRUE","http://www.inaturalist.org/observations/3283314"
"55","Urocitellus parryii","Mammalia","FALSE","FALSE","FALSE","TRUE","http://www.inaturalist.org/observations/3239280"
"56","Urocitellus parryii","Mammalia","FALSE","FALSE","FALSE","TRUE","http://www.inaturalist.org/observations/3258820"
"57","Andromeda polifolia","Plantae","TRUE","FALSE","FALSE","FALSE","http://www.inaturalist.org/observations/3239307"
"58","Anemone drummondii","Plantae","TRUE","TRUE","FALSE","FALSE","http://www.inaturalist.org/observations/3239327"
"59","Anemone parviflora","Plantae","TRUE","FALSE","FALSE","TRUE","http://www.inaturalist.org/observations/3232625"
"60","Arctous alpina","Plantae","TRUE","FALSE","FALSE","TRUE","http://www.inaturalist.org/observations/3239182"
"61","Arctous rubra","Plantae","TRUE","FALSE","FALSE","TRUE","http://www.inaturalist.org/observations/3238739"
"62","Betula glandulosa","Plantae","TRUE","FALSE","FALSE","FALSE","http://www.inaturalist.org/observations/3239393"
"63","Betula nana","Plantae","TRUE","TRUE","FALSE","FALSE","http://www.inaturalist.org/observations/3239297"
"64","Cassiope tetragona","Plantae","TRUE","TRUE","FALSE","FALSE","http://www.inaturalist.org/observations/3239306"
"65","Cassiope tetragona","Plantae","TRUE","TRUE","FALSE","FALSE","http://www.inaturalist.org/observations/3238796"
"66","Chamaenerion angustifolium","Plantae","FALSE","FALSE","FALSE","FALSE","http://www.inaturalist.org/observations/3269585"
"67","Chamaenerion angustifolium","Plantae","FALSE","FALSE","FALSE","FALSE","http://www.inaturalist.org/observations/3239277"
"68","Chlamydomonas nivalis","Plantae","FALSE","FALSE","FALSE","FALSE","http://www.inaturalist.org/observations/3240266"
"69","Dryas integrifolia","Plantae","TRUE","FALSE","FALSE","FALSE","http://www.inaturalist.org/observations/3256132"
"70","Dryas integrifolia","Plantae","TRUE","FALSE","FALSE","FALSE","http://www.inaturalist.org/observations/3255828"
"71","Dryopteris fragrans","Plantae","TRUE","FALSE","FALSE","TRUE","http://www.inaturalist.org/observations/3240372"
"72","Empetrum nigrum","Plantae","FALSE","FALSE","FALSE","TRUE","http://www.inaturalist.org/observations/3239305"
"73","Empetrum nigrum","Plantae","FALSE","FALSE","FALSE","TRUE","http://www.inaturalist.org/observations/3236678"
"74","Empetrum nigrum","Plantae","FALSE","FALSE","FALSE","TRUE","http://www.inaturalist.org/observations/3238835"
"75","Eriophorum angustifolium","Plantae","TRUE","TRUE","FALSE","FALSE","http://www.inaturalist.org/observations/3264146"
"76","Geum glaciale","Plantae","FALSE","TRUE","FALSE","TRUE","http://www.inaturalist.org/observations/3264153"
"77","Geum glaciale","Plantae","FALSE","TRUE","FALSE","TRUE","http://www.inaturalist.org/observations/3272676"
"78","Geum glaciale","Plantae","FALSE","TRUE","FALSE","TRUE","http://www.inaturalist.org/observations/3256946"
"79","Geum glaciale","Plantae","FALSE","TRUE","FALSE","TRUE","http://www.inaturalist.org/observations/3238174"
"80","Pedicularis lanata","Plantae","TRUE","FALSE","FALSE","TRUE","http://www.inaturalist.org/observations/3290674"
"81","Pedicularis lanata","Plantae","TRUE","FALSE","FALSE","TRUE","http://www.inaturalist.org/observations/3256165"
"82","Pedicularis lanata","Plantae","TRUE","FALSE","FALSE","TRUE","http://www.inaturalist.org/observations/3258749"
"83","Pedicularis lanata","Plantae","TRUE","FALSE","FALSE","TRUE","http://www.inaturalist.org/observations/3239272"
"84","Pedicularis lanata","Plantae","TRUE","FALSE","FALSE","TRUE","http://www.inaturalist.org/observations/3239317"
"85","Rhododendron groenlandicum","Plantae","FALSE","FALSE","FALSE","TRUE","http://www.inaturalist.org/observations/3236729"
"86","Rhododendron lapponicum","Plantae","TRUE","FALSE","FALSE","TRUE","http://www.inaturalist.org/observations/3264147"
"87","Rhododendron tomentosum","Plantae","FALSE","FALSE","FALSE","TRUE","http://www.inaturalist.org/observations/3239320"
"88","Rubus chamaemorus","Plantae","TRUE","FALSE","FALSE","TRUE","http://www.inaturalist.org/observations/3239216"
"89","Salix arctica","Plantae","TRUE","FALSE","TRUE","TRUE","http://www.inaturalist.org/observations/3262004"
"90","Salix arctica","Plantae","TRUE","FALSE","TRUE","TRUE","http://www.inaturalist.org/observations/3261849"
"91","Salix reticulata","Plantae","TRUE","TRUE","FALSE","TRUE","http://www.inaturalist.org/observations/3264144"
"92","Saxifraga oppositifolia","Plantae","TRUE","FALSE","FALSE","FALSE","http://www.inaturalist.org/observations/3264131"
"93","Saxifraga oppositifolia","Plantae","TRUE","FALSE","FALSE","FALSE","http://www.inaturalist.org/observations/3269597"
"94","Saxifraga oppositifolia","Plantae","TRUE","FALSE","FALSE","FALSE","http://www.inaturalist.org/observations/3272664"
"95","Saxifraga oppositifolia","Plantae","TRUE","FALSE","FALSE","FALSE","http://www.inaturalist.org/observations/3237996"
"96","Saxifraga tricuspidata","Plantae","TRUE","FALSE","FALSE","TRUE","http://www.inaturalist.org/observations/3261754"
"97","Saxifraga tricuspidata","Plantae","TRUE","FALSE","FALSE","TRUE","http://www.inaturalist.org/observations/3256932"
"98","Saxifraga tricuspidata","Plantae","TRUE","FALSE","FALSE","TRUE","http://www.inaturalist.org/observations/3239304"
"99","Saxifraga tricuspidata","Plantae","TRUE","FALSE","FALSE","TRUE","http://www.inaturalist.org/observations/3240394"
"100","Silene acaulis","Plantae","TRUE","FALSE","FALSE","TRUE","http://www.inaturalist.org/observations/3269634"
"101","Silene acaulis","Plantae","TRUE","FALSE","FALSE","TRUE","http://www.inaturalist.org/observations/3262137"
"102","Sphagnum capillifolium","Plantae","FALSE","FALSE","FALSE","FALSE","http://www.inaturalist.org/observations/3256914"
"103","Tofieldia coccinea","Plantae","TRUE","FALSE","FALSE","FALSE","http://www.inaturalist.org/observations/3264125"
"104","Vaccinium uliginosum","Plantae","TRUE","FALSE","FALSE","TRUE","http://www.inaturalist.org/observations/3256891"
"105","Vaccinium vitis-idaea","Plantae","TRUE","FALSE","FALSE","TRUE","http://www.inaturalist.org/observations/3261807"
"106","Vaccinium vitis-idaea","Plantae","TRUE","FALSE","FALSE","TRUE","http://www.inaturalist.org/observations/3264080"
"107","Vaccinium vitis-idaea","Plantae","TRUE","FALSE","FALSE","TRUE","http://www.inaturalist.org/observations/3239292"
"108","Vaccinium vitis-idaea","Plantae","TRUE","FALSE","FALSE","TRUE","http://www.inaturalist.org/observations/3236718"
