"","Iconic.taxon.name","Scientific.name","Common.name"
"1","Actinopterygii","Pungitius pungitius","Nine-spined Stickleback"
"2","Actinopterygii","Thymallus arcticus","Arctic Grayling"
"3","Fungi","Arctoparmelia centrifuga","Concentric Ring Lichen"
"4","Fungi","Aspicilia calcarea","calcareous rimmed lichen"
"5","Fungi","Cladonia bellidiflora","Toy Soldiers"
"6","Fungi","Cladonia deformis","Lesser Sulphur-cup Lichen"
"7","Fungi","Cladonia stellaris","Star-tipped Reindeer Lichen"
"8","Fungi","Dactylina arctica","Arctic Butterfingers Lichen"
"9","Fungi","Flavocetraria cucullata","Curled snow lichen"
"10","Fungi","Masonhalea richardsonii","Richardson's Masonhalea Lichen"
"11","Fungi","Peltigera aphthosa","freckled pelt lichen"
"12","Fungi","Rhizocarpon geographicum","yellow map lichen"
"13","Fungi","Stereocaulon tomentosum","Woolly Foam"
"14","Insecta","Coccinella transversoguttata","Transverse Lady Beetle"
"15","Insecta","Papilio machaon","Old World Swallowtail"
"16","Insecta","Thanatophilus lapponicus","Northern Carrion Beetle"
