"","Iconic_taxa","iNat_entry","NPSpecies_name","Accepted_TSN","NPS_entry_TSN"
"1","Aves","Acanthis flammea","Carduelis flammea","179241","179230"
"2","Aves","Cardellina pusilla","Wilsonia pusilla","950080","178973"
"3","Aves","Lagopus muta","Lagopus mutus","677542","175813"
"4","Aves","Setophaga coronata","Dendroica coronata hooveri","950046","178893"
"5","Aves","Spizelloides arborea","Spizella arborea","997961","179432"
"6","Mammalia","Myodes rutilus","Clethrionomys rutilus watsoni","970618","972986"
"7","Mammalia","Urocitellus parryii","Spermophilus parryii","930321","180146"
"8","Plantae","Empetrum nigrum","Empetrum hermaphroditum","23743","23744"
"9","Plantae","Rhododendron groenlandicum","Ledum groenlandicum","520050","23546"
"10","Plantae","Rhododendron tomentosum","Ledum palustre ssp. decumbens","894434","524215"
