"","Scientific_name","Iconic_taxa","Match NPSpecies","iNaturalist_Entry_count"
"1","Acanthis flammea","Aves","ITIS Match","2"
"2","Anas acuta","Aves","Match","2"
"3","Anser albifrons","Aves","Match","1"
"4","Calcarius lapponicus","Aves","Match","2"
"5","Calidris pusilla","Aves","Match","1"
"6","Cardellina pusilla","Aves","ITIS Match","1"
"7","Corvus corax","Aves","Match","3"
"8","Lagopus lagopus","Aves","Match","2"
"9","Lagopus muta","Aves","ITIS Match","2"
"10","Larus hyperboreus","Aves","Match","1"
"11","Leucosticte tephrocotis","Aves","Match","1"
"12","Oreothlypis celata","Aves","No Match","1"
"13","Passerculus sandwichensis","Aves","Match","1"
"14","Passerella iliaca","Aves","Match","1"
"15","Phalaropus lobatus","Aves","Match","1"
"16","Pluvialis dominica","Aves","Match","1"
"17","Setophaga coronata","Aves","ITIS Match","1"
"18","Spizelloides arborea","Aves","ITIS Match","1"
"19","Stercorarius longicaudus","Aves","Match","4"
"20","Tringa flavipes","Aves","Match","2"
"21","Tringa solitaria","Aves","Match","1"
"22","Turdus migratorius","Aves","Match","2"
"23","Zonotrichia leucophrys","Aves","Match","2"
"24","Alces alces","Mammalia","Match","1"
"25","Alexandromys oeconomus","Mammalia","No Match","1"
"26","Canis lupus","Mammalia","Match","1"
"27","Lepus americanus","Mammalia","Match","7"
"28","Microtus miurus","Mammalia","Match","1"
"29","Myodes rutilus","Mammalia","ITIS Match","1"
"30","Rangifer tarandus","Mammalia","Match","5"
"31","Urocitellus parryii","Mammalia","ITIS Match","3"
"32","Andromeda polifolia","Plantae","Match","1"
"33","Anemone drummondii","Plantae","Match","1"
"34","Anemone parviflora","Plantae","Match","1"
"35","Arctous alpina","Plantae","Match","1"
"36","Arctous rubra","Plantae","Match","1"
"37","Betula glandulosa","Plantae","Match","1"
"38","Betula nana","Plantae","Match","1"
"39","Cassiope tetragona","Plantae","Match","2"
"40","Chamaenerion angustifolium","Plantae","No Match","2"
"41","Chlamydomonas nivalis","Plantae","No Match","1"
"42","Dryas integrifolia","Plantae","Match","2"
"43","Dryopteris fragrans","Plantae","Match","1"
"44","Empetrum nigrum","Plantae","ITIS Match","3"
"45","Eriophorum angustifolium","Plantae","Match","1"
"46","Geum glaciale","Plantae","NPSpecies synonym match","4"
"47","Pedicularis lanata","Plantae","Match","5"
"48","Rhododendron groenlandicum","Plantae","ITIS Match","1"
"49","Rhododendron lapponicum","Plantae","Match","1"
"50","Rhododendron tomentosum","Plantae","ITIS Match","1"
"51","Rubus chamaemorus","Plantae","Match","1"
"52","Salix arctica","Plantae","Match","2"
"53","Salix reticulata","Plantae","Match","1"
"54","Saxifraga oppositifolia","Plantae","Match","4"
"55","Saxifraga tricuspidata","Plantae","Match","4"
"56","Silene acaulis","Plantae","Match","2"
"57","Sphagnum capillifolium","Plantae","No Match","1"
"58","Tofieldia coccinea","Plantae","Match","1"
"59","Vaccinium uliginosum","Plantae","Match","1"
"60","Vaccinium vitis-idaea","Plantae","Match","4"
"61","Coccinella transversoguttata","Insecta","Table 4","2"
"62","Papilio machaon","Insecta","Table 4","1"
"63","Cladonia stellaris","Fungi","Table 4","2"
"64","Dactylina arctica","Fungi","Table 4","3"
"65","Arctoparmelia centrifuga","Fungi","Table 4","1"
"66","Thymallus arcticus","Actinopterygii","Table 4","1"
"67","Thanatophilus lapponicus","Insecta","Table 4","1"
"68","Rhizocarpon geographicum","Fungi","Table 4","1"
"69","Pungitius pungitius","Actinopterygii","Table 4","1"
"70","Aspicilia calcarea","Fungi","Table 4","1"
"71","Stereocaulon tomentosum","Fungi","Table 4","1"
"72","Flavocetraria cucullata","Fungi","Table 4","1"
"73","Peltigera aphthosa","Fungi","Table 4","1"
"74","Masonhalea richardsonii","Fungi","Table 4","1"
"75","Cladonia bellidiflora","Fungi","Table 4","1"
"76","Cladonia deformis","Fungi","Table 4","1"
