"","Iconic.taxon.name","Scientific.name","Common.name"
"1","Animalia","Narceus americanus","American Giant Millipede"
"2","Fungi","Artomyces pyxidatus","crown-tipped coral fungus"
"3","Fungi","Cantharellus cinnabarinus","Red Chanterelle"
"4","Fungi","Cantharellus minor",""
"5","Fungi","Laetiporus cincinnatus","White-Pored Chicken of the Woods"
"6","Fungi","Phaeotremella foliacea","leafy brain"
"7","Fungi","Stereum ostrea","false turkey-tail"
"8","Fungi","Tremella mesenterica","witch's butter"
"9","Fungi","Xylaria hypoxylon","Candlesnuff Fungus"
"10","Insecta","Acronicta rubricoma","Ruddy Dagger"
"11","Insecta","Alaus oculatus","Eastern Eyed Click Beetle"
"12","Insecta","Bassareus detritus",""
"13","Insecta","Bombus impatiens","Common Eastern Bumble Bee"
"14","Insecta","Calopteryx maculata","Ebony Jewelwing"
"15","Insecta","Cicindela sexguttata","Six-spotted Tiger Beetle"
"16","Insecta","Diastrophus nebulosus","Blackberry Knot Gall Wasp"
"17","Insecta","Epargyreus clarus","Silver-spotted Skipper"
"18","Insecta","Erythrodiplax minuscula","Little Blue Dragonlet"
"19","Insecta","Euptoieta claudia","Variegated Fritillary"
"20","Insecta","Hyphantria cunea","Fall Webworm Moth"
"21","Insecta","Ischnura hastata","Citrine Forktail"
"22","Insecta","Ischnura posita","Fragile Forktail"
"23","Insecta","Lestes australis","Southern Spreadwing"
"24","Insecta","Libellula axilena","Bar-winged Skimmer"
"25","Insecta","Libellula vibrans","Great Blue Skimmer"
"26","Insecta","Limenitis arthemis astyanax","Red-spotted Purple"
"27","Insecta","Necrophila americana","American Carrion Beetle"
"28","Insecta","Odontotaenius disjunctus","Horned Passalus Beetle"
"29","Insecta","Oncometopia orbona","Broad-headed Sharpshooter"
"30","Insecta","Orgyia leucostigma","White-marked Tussock Moth"
"31","Insecta","Pachydiplax longipennis","Blue Dasher"
"32","Insecta","Papilio glaucus","Eastern Tiger Swallowtail"
"33","Insecta","Solenopsis invicta","Red Imported Fire Ant"
"34","Insecta","Typocerus zebra","Zebra Longhorn Beetle"
"35","Insecta","Vanessa virginiensis","American Lady"
"36","Mollusca","Philomycus carolinianus","Carolina Mantleslug"
