"","Scientific_name","Iconic_taxa","iNat_NPS_matches","iNat_NPSsynonym_matches","iNat_ITIS_synonym_matches","iNat_ITIS_nonsyn_matches","iNaturalist_URL"
"1","Anaxyrus terrestris","Amphibia","TRUE","FALSE","FALSE","TRUE","http://www.inaturalist.org/observations/3286624"
"2","Anaxyrus terrestris","Amphibia","TRUE","FALSE","FALSE","TRUE","http://www.inaturalist.org/observations/3243518"
"3","Anaxyrus terrestris","Amphibia","TRUE","FALSE","FALSE","TRUE","http://www.inaturalist.org/observations/3242773"
"4","Anaxyrus terrestris","Amphibia","TRUE","FALSE","FALSE","TRUE","http://www.inaturalist.org/observations/3221338"
"5","Desmognathus auriculatus","Amphibia","TRUE","FALSE","FALSE","TRUE","http://www.inaturalist.org/observations/3287007"
"6","Hyla chrysoscelis","Amphibia","TRUE","FALSE","FALSE","TRUE","http://www.inaturalist.org/observations/3268301"
"7","Hyla chrysoscelis","Amphibia","TRUE","FALSE","FALSE","TRUE","http://www.inaturalist.org/observations/3253717"
"8","Hyla cinerea","Amphibia","TRUE","FALSE","FALSE","TRUE","http://www.inaturalist.org/observations/3269094"
"9","Hyla squirella","Amphibia","TRUE","FALSE","FALSE","FALSE","https://www.inaturalist.org/observations/21149107"
"10","Hyla squirella","Amphibia","TRUE","FALSE","FALSE","FALSE","http://www.inaturalist.org/observations/3243741"
"11","Hyla squirella","Amphibia","TRUE","FALSE","FALSE","FALSE","http://www.inaturalist.org/observations/3242022"
"12","Lithobates sphenocephalus","Amphibia","TRUE","FALSE","FALSE","FALSE","http://www.inaturalist.org/observations/3261196"
"13","Lithobates sphenocephalus","Amphibia","TRUE","FALSE","FALSE","FALSE","http://www.inaturalist.org/observations/3231389"
"14","Lithobates sphenocephalus","Amphibia","TRUE","FALSE","FALSE","FALSE","http://www.inaturalist.org/observations/3233459"
"15","Pseudotriton montanus","Amphibia","TRUE","FALSE","FALSE","FALSE","https://www.inaturalist.org/observations/21148938"
"16","Anhinga anhinga","Aves","TRUE","FALSE","FALSE","FALSE","http://www.inaturalist.org/observations/3253534"
"17","Ardea alba","Aves","TRUE","FALSE","FALSE","TRUE","http://www.inaturalist.org/observations/3261180"
"18","Baeolophus bicolor","Aves","TRUE","FALSE","FALSE","TRUE","http://www.inaturalist.org/observations/3271766"
"19","Buteo lineatus","Aves","TRUE","FALSE","FALSE","FALSE","http://www.inaturalist.org/observations/3271708"
"20","Butorides virescens","Aves","TRUE","FALSE","FALSE","FALSE","http://www.inaturalist.org/observations/3261172"
"21","Chaetura pelagica","Aves","TRUE","FALSE","FALSE","FALSE","http://www.inaturalist.org/observations/3271385"
"22","Chaetura pelagica","Aves","TRUE","FALSE","FALSE","FALSE","http://www.inaturalist.org/observations/3220233"
"23","Coccyzus americanus","Aves","TRUE","FALSE","FALSE","TRUE","http://www.inaturalist.org/observations/3280658"
"24","Coccyzus americanus","Aves","TRUE","FALSE","FALSE","TRUE","http://www.inaturalist.org/observations/3254695"
"25","Contopus virens","Aves","TRUE","FALSE","FALSE","FALSE","http://www.inaturalist.org/observations/3271377"
"26","Contopus virens","Aves","TRUE","FALSE","FALSE","FALSE","http://www.inaturalist.org/observations/3235550"
"27","Dryocopus pileatus","Aves","TRUE","FALSE","FALSE","FALSE","http://www.inaturalist.org/observations/3271516"
"28","Egretta thula","Aves","TRUE","FALSE","FALSE","FALSE","http://www.inaturalist.org/observations/3261163"
"29","Egretta thula","Aves","TRUE","FALSE","FALSE","FALSE","http://www.inaturalist.org/observations/3252046"
"30","Empidonax virescens","Aves","TRUE","FALSE","FALSE","FALSE","http://www.inaturalist.org/observations/3271782"
"31","Eudocimus albus","Aves","TRUE","FALSE","FALSE","FALSE","http://www.inaturalist.org/observations/3240968"
"32","Ictinia mississippiensis","Aves","TRUE","FALSE","FALSE","TRUE","http://www.inaturalist.org/observations/3247774"
"33","Melanerpes erythrocephalus","Aves","TRUE","FALSE","FALSE","TRUE","http://www.inaturalist.org/observations/3260674"
"34","Melanerpes erythrocephalus","Aves","TRUE","FALSE","FALSE","TRUE","http://www.inaturalist.org/observations/3261200"
"35","Melanerpes erythrocephalus","Aves","TRUE","FALSE","FALSE","TRUE","http://www.inaturalist.org/observations/3254116"
"36","Meleagris gallopavo","Aves","TRUE","FALSE","FALSE","FALSE","http://www.inaturalist.org/observations/3260336"
"37","Myiarchus crinitus","Aves","TRUE","FALSE","FALSE","TRUE","http://www.inaturalist.org/observations/3272147"
"38","Pandion haliaetus","Aves","TRUE","FALSE","FALSE","FALSE","http://www.inaturalist.org/observations/3248264"
"39","Passerina caerulea","Aves","FALSE","FALSE","FALSE","TRUE","http://www.inaturalist.org/observations/3261145"
"40","Passerina cyanea","Aves","TRUE","FALSE","FALSE","TRUE","http://www.inaturalist.org/observations/3238525"
"41","Pipilo erythrophthalmus","Aves","TRUE","FALSE","FALSE","FALSE","http://www.inaturalist.org/observations/3260625"
"42","Pipilo erythrophthalmus","Aves","TRUE","FALSE","FALSE","FALSE","http://www.inaturalist.org/observations/3233454"
"43","Piranga rubra","Aves","TRUE","FALSE","FALSE","FALSE","http://www.inaturalist.org/observations/3234210"
"44","Poecile carolinensis","Aves","TRUE","FALSE","FALSE","TRUE","http://www.inaturalist.org/observations/3271459"
"45","Polioptila caerulea","Aves","TRUE","FALSE","FALSE","FALSE","http://www.inaturalist.org/observations/3233772"
"46","Polioptila caerulea","Aves","TRUE","FALSE","FALSE","FALSE","http://www.inaturalist.org/observations/3234395"
"47","Polioptila caerulea","Aves","TRUE","FALSE","FALSE","FALSE","http://www.inaturalist.org/observations/3226685"
"48","Protonotaria citrea","Aves","TRUE","FALSE","FALSE","FALSE","http://www.inaturalist.org/observations/3230486"
"49","Setophaga americana","Aves","FALSE","FALSE","FALSE","TRUE","http://www.inaturalist.org/observations/3251749"
"50","Setophaga americana","Aves","FALSE","FALSE","FALSE","TRUE","http://www.inaturalist.org/observations/3252600"
"51","Setophaga dominica","Aves","FALSE","FALSE","FALSE","TRUE","http://www.inaturalist.org/observations/3241333"
"52","Setophaga pinus","Aves","FALSE","FALSE","FALSE","TRUE","http://www.inaturalist.org/observations/3271431"
"53","Sialia sialis","Aves","TRUE","FALSE","FALSE","FALSE","http://www.inaturalist.org/observations/3260373"
"54","Sitta carolinensis","Aves","TRUE","FALSE","FALSE","FALSE","http://www.inaturalist.org/observations/3260875"
"55","Strix varia","Aves","TRUE","FALSE","FALSE","TRUE","https://www.inaturalist.org/observations/21148511"
"56","Strix varia","Aves","TRUE","FALSE","FALSE","TRUE","http://www.inaturalist.org/observations/3250308"
"57","Strix varia","Aves","TRUE","FALSE","FALSE","TRUE","http://www.inaturalist.org/observations/3252094"
"58","Strix varia","Aves","TRUE","FALSE","FALSE","TRUE","http://www.inaturalist.org/observations/3245551"
"59","Strix varia","Aves","TRUE","FALSE","FALSE","TRUE","http://www.inaturalist.org/observations/3232003"
"60","Thryothorus ludovicianus","Aves","TRUE","FALSE","FALSE","FALSE","http://www.inaturalist.org/observations/3271423"
"61","Thryothorus ludovicianus","Aves","TRUE","FALSE","FALSE","FALSE","http://www.inaturalist.org/observations/3272069"
"62","Thryothorus ludovicianus","Aves","TRUE","FALSE","FALSE","FALSE","http://www.inaturalist.org/observations/3246811"
"63","Zenaida macroura","Aves","TRUE","FALSE","FALSE","FALSE","http://www.inaturalist.org/observations/3271686"
"64","Dasypus novemcinctus","Mammalia","FALSE","FALSE","FALSE","FALSE","http://www.inaturalist.org/observations/3255603"
"65","Odocoileus virginianus","Mammalia","TRUE","FALSE","FALSE","TRUE","http://www.inaturalist.org/observations/3241386"
"66","Odocoileus virginianus","Mammalia","TRUE","FALSE","FALSE","TRUE","http://www.inaturalist.org/observations/3233463"
"67","Acer negundo","Plantae","TRUE","FALSE","FALSE","FALSE","http://www.inaturalist.org/observations/3241901"
"68","Acer negundo","Plantae","TRUE","FALSE","FALSE","FALSE","http://www.inaturalist.org/observations/3231402"
"69","Acer rubrum","Plantae","TRUE","FALSE","FALSE","FALSE","http://www.inaturalist.org/observations/3241638"
"70","Aesculus pavia","Plantae","TRUE","FALSE","FALSE","FALSE","http://www.inaturalist.org/observations/3246718"
"71","Ampelopsis arborea","Plantae","TRUE","FALSE","FALSE","TRUE","http://www.inaturalist.org/observations/3232011"
"72","Ampelopsis arborea","Plantae","TRUE","FALSE","FALSE","TRUE","http://www.inaturalist.org/observations/3228999"
"73","Aralia spinosa","Plantae","TRUE","FALSE","FALSE","FALSE","http://www.inaturalist.org/observations/3229311"
"74","Arisaema triphyllum","Plantae","TRUE","FALSE","FALSE","TRUE","http://www.inaturalist.org/observations/3286702"
"75","Arundinaria tecta","Plantae","TRUE","FALSE","FALSE","TRUE","http://www.inaturalist.org/observations/3255701"
"76","Arundinaria tecta","Plantae","TRUE","FALSE","FALSE","TRUE","http://www.inaturalist.org/observations/3256532"
"77","Arundinaria tecta","Plantae","TRUE","FALSE","FALSE","TRUE","http://www.inaturalist.org/observations/3242268"
"78","Arundinaria tecta","Plantae","TRUE","FALSE","FALSE","TRUE","http://www.inaturalist.org/observations/3242719"
"79","Arundinaria tecta","Plantae","TRUE","FALSE","FALSE","TRUE","http://www.inaturalist.org/observations/3229904"
"80","Asclepias perennis","Plantae","TRUE","FALSE","FALSE","FALSE","http://www.inaturalist.org/observations/3242623"
"81","Asimina triloba","Plantae","TRUE","FALSE","FALSE","TRUE","http://www.inaturalist.org/observations/3258505"
"82","Asimina triloba","Plantae","TRUE","FALSE","FALSE","TRUE","http://www.inaturalist.org/observations/3252224"
"83","Asimina triloba","Plantae","TRUE","FALSE","FALSE","TRUE","http://www.inaturalist.org/observations/3255256"
"84","Asimina triloba","Plantae","TRUE","FALSE","FALSE","TRUE","http://www.inaturalist.org/observations/3234343"
"85","Asimina triloba","Plantae","TRUE","FALSE","FALSE","TRUE","http://www.inaturalist.org/observations/3229609"
"86","Asplenium platyneuron","Plantae","TRUE","FALSE","FALSE","TRUE","http://www.inaturalist.org/observations/3243507"
"87","Asplenium platyneuron","Plantae","TRUE","FALSE","FALSE","TRUE","http://www.inaturalist.org/observations/3232988"
"88","Baptisia alba","Plantae","TRUE","FALSE","FALSE","TRUE","http://www.inaturalist.org/observations/3244422"
"89","Berchemia scandens","Plantae","TRUE","FALSE","FALSE","FALSE","http://www.inaturalist.org/observations/3228602"
"90","Betula nigra","Plantae","TRUE","FALSE","FALSE","FALSE","http://www.inaturalist.org/observations/3231400"
"91","Bignonia capreolata","Plantae","TRUE","FALSE","FALSE","TRUE","http://www.inaturalist.org/observations/3287611"
"92","Bignonia capreolata","Plantae","TRUE","FALSE","FALSE","TRUE","http://www.inaturalist.org/observations/3255770"
"93","Bignonia capreolata","Plantae","TRUE","FALSE","FALSE","TRUE","http://www.inaturalist.org/observations/3233283"
"94","Bignonia capreolata","Plantae","TRUE","FALSE","FALSE","TRUE","http://www.inaturalist.org/observations/3233465"
"95","Callicarpa americana","Plantae","TRUE","FALSE","FALSE","TRUE","http://www.inaturalist.org/observations/3229131"
"96","Campsis radicans","Plantae","TRUE","FALSE","FALSE","TRUE","http://www.inaturalist.org/observations/3287582"
"97","Campsis radicans","Plantae","TRUE","FALSE","FALSE","TRUE","http://www.inaturalist.org/observations/3256522"
"98","Carpinus caroliniana","Plantae","TRUE","FALSE","FALSE","TRUE","http://www.inaturalist.org/observations/3229801"
"99","Celtis laevigata","Plantae","TRUE","FALSE","FALSE","TRUE","http://www.inaturalist.org/observations/3242192"
"100","Cercis canadensis","Plantae","TRUE","FALSE","FALSE","FALSE","http://www.inaturalist.org/observations/3243350"
"101","Chimaphila maculata","Plantae","TRUE","FALSE","FALSE","TRUE","http://www.inaturalist.org/observations/3230377"
"102","Chimaphila maculata","Plantae","TRUE","FALSE","FALSE","TRUE","http://www.inaturalist.org/observations/3231457"
"103","Chimaphila maculata","Plantae","TRUE","FALSE","FALSE","TRUE","http://www.inaturalist.org/observations/3221517"
"104","Chimaphila maculata","Plantae","TRUE","FALSE","FALSE","TRUE","http://www.inaturalist.org/observations/3225531"
"105","Cnidoscolus stimulosus","Plantae","TRUE","FALSE","TRUE","FALSE","http://www.inaturalist.org/observations/3246184"
"106","Cnidoscolus stimulosus","Plantae","TRUE","FALSE","TRUE","FALSE","http://www.inaturalist.org/observations/3233579"
"107","Dioscorea villosa","Plantae","TRUE","FALSE","FALSE","TRUE","http://www.inaturalist.org/observations/3287356"
"108","Fagus grandifolia","Plantae","TRUE","FALSE","FALSE","TRUE","http://www.inaturalist.org/observations/3248361"
"109","Fagus grandifolia","Plantae","TRUE","FALSE","FALSE","TRUE","http://www.inaturalist.org/observations/3229534"
"110","Ilex opaca","Plantae","TRUE","FALSE","FALSE","FALSE","http://www.inaturalist.org/observations/3286600"
"111","Ilex opaca","Plantae","TRUE","FALSE","FALSE","FALSE","http://www.inaturalist.org/observations/3261988"
"112","Ilex opaca","Plantae","TRUE","FALSE","FALSE","FALSE","http://www.inaturalist.org/observations/3231397"
"113","Ilex opaca","Plantae","TRUE","FALSE","FALSE","FALSE","http://www.inaturalist.org/observations/3225346"
"114","Ilex opaca","Plantae","TRUE","FALSE","FALSE","FALSE","http://www.inaturalist.org/observations/3227141"
"115","Ilex opaca","Plantae","TRUE","FALSE","FALSE","FALSE","http://www.inaturalist.org/observations/3228963"
"116","Juncus effusus","Plantae","TRUE","FALSE","FALSE","FALSE","http://www.inaturalist.org/observations/3228778"
"117","Laportea canadensis","Plantae","TRUE","FALSE","FALSE","TRUE","http://www.inaturalist.org/observations/3286712"
"118","Leucothoe axillaris","Plantae","TRUE","FALSE","FALSE","TRUE","http://www.inaturalist.org/observations/3242830"
"119","Leucothoe axillaris","Plantae","TRUE","FALSE","FALSE","TRUE","http://www.inaturalist.org/observations/3229641"
"120","Ligustrum sinense","Plantae","TRUE","FALSE","FALSE","TRUE","http://www.inaturalist.org/observations/3287405"
"121","Liquidambar styraciflua","Plantae","TRUE","FALSE","FALSE","FALSE","http://www.inaturalist.org/observations/3287581"
"122","Liquidambar styraciflua","Plantae","TRUE","FALSE","FALSE","FALSE","http://www.inaturalist.org/observations/3228851"
"123","Liquidambar styraciflua","Plantae","TRUE","FALSE","FALSE","FALSE","http://www.inaturalist.org/observations/3229189"
"124","Liriodendron tulipifera","Plantae","TRUE","FALSE","FALSE","FALSE","http://www.inaturalist.org/observations/3229839"
"125","Lonicera japonica","Plantae","TRUE","FALSE","FALSE","TRUE","http://www.inaturalist.org/observations/3287590"
"126","Lygodium japonicum","Plantae","TRUE","FALSE","FALSE","FALSE","http://www.inaturalist.org/observations/3287281"
"127","Lygodium japonicum","Plantae","TRUE","FALSE","FALSE","FALSE","http://www.inaturalist.org/observations/3230156"
"128","Microstegium vimineum","Plantae","TRUE","FALSE","FALSE","TRUE","http://www.inaturalist.org/observations/3287439"
"129","Microstegium vimineum","Plantae","TRUE","FALSE","FALSE","TRUE","http://www.inaturalist.org/observations/3241542"
"130","Mitchella repens","Plantae","TRUE","FALSE","FALSE","FALSE","http://www.inaturalist.org/observations/3284744"
"131","Morella cerifera","Plantae","TRUE","FALSE","FALSE","TRUE","http://www.inaturalist.org/observations/3231000"
"132","Morella cerifera","Plantae","TRUE","FALSE","FALSE","TRUE","http://www.inaturalist.org/observations/3231846"
"133","Nyssa aquatica","Plantae","TRUE","FALSE","FALSE","TRUE","http://www.inaturalist.org/observations/3258693"
"134","Onoclea sensibilis","Plantae","TRUE","FALSE","FALSE","FALSE","http://www.inaturalist.org/observations/3286725"
"135","Onoclea sensibilis","Plantae","TRUE","FALSE","FALSE","FALSE","http://www.inaturalist.org/observations/3256531"
"136","Onoclea sensibilis","Plantae","TRUE","FALSE","FALSE","FALSE","http://www.inaturalist.org/observations/3230325"
"137","Osmunda regalis","Plantae","TRUE","FALSE","FALSE","FALSE","http://www.inaturalist.org/observations/3229236"
"138","Packera glabella","Plantae","TRUE","FALSE","FALSE","TRUE","http://www.inaturalist.org/observations/3287448"
"139","Packera glabella","Plantae","TRUE","FALSE","FALSE","TRUE","http://www.inaturalist.org/observations/3258943"
"140","Packera glabella","Plantae","TRUE","FALSE","FALSE","TRUE","http://www.inaturalist.org/observations/3233460"
"141","Parthenocissus quinquefolia","Plantae","TRUE","FALSE","FALSE","TRUE","http://www.inaturalist.org/observations/3275948"
"142","Parthenocissus quinquefolia","Plantae","TRUE","FALSE","FALSE","TRUE","http://www.inaturalist.org/observations/3255875"
"143","Parthenocissus quinquefolia","Plantae","TRUE","FALSE","FALSE","TRUE","http://www.inaturalist.org/observations/3231396"
"144","Parthenocissus quinquefolia","Plantae","TRUE","FALSE","FALSE","TRUE","http://www.inaturalist.org/observations/3231764"
"145","Parthenocissus quinquefolia","Plantae","TRUE","FALSE","FALSE","TRUE","http://www.inaturalist.org/observations/3229230"
"146","Passiflora incarnata","Plantae","TRUE","FALSE","FALSE","FALSE","http://www.inaturalist.org/observations/3243646"
"147","Peltandra virginica","Plantae","TRUE","FALSE","FALSE","TRUE","http://www.inaturalist.org/observations/3256536"
"148","Perilla frutescens","Plantae","TRUE","FALSE","FALSE","FALSE","http://www.inaturalist.org/observations/3241567"
"149","Phytolacca americana","Plantae","TRUE","FALSE","FALSE","FALSE","http://www.inaturalist.org/observations/3286826"
"150","Pinus palustris","Plantae","TRUE","FALSE","FALSE","TRUE","http://www.inaturalist.org/observations/3231387"
"151","Platanus occidentalis","Plantae","TRUE","FALSE","FALSE","TRUE","http://www.inaturalist.org/observations/3231398"
"152","Platanus occidentalis","Plantae","TRUE","FALSE","FALSE","TRUE","http://www.inaturalist.org/observations/3222450"
"153","Pleopeltis michauxiana","Plantae","FALSE","FALSE","FALSE","FALSE","http://www.inaturalist.org/observations/3287328"
"154","Populus heterophylla","Plantae","TRUE","FALSE","FALSE","TRUE","http://www.inaturalist.org/observations/3242800"
"155","Potentilla indica","Plantae","FALSE","FALSE","FALSE","FALSE","http://www.inaturalist.org/observations/3231404"
"156","Pteridium aquilinum","Plantae","TRUE","FALSE","FALSE","FALSE","http://www.inaturalist.org/observations/3246148"
"157","Quercus lyrata","Plantae","TRUE","FALSE","FALSE","FALSE","http://www.inaturalist.org/observations/3249884"
"158","Quercus michauxii","Plantae","TRUE","FALSE","FALSE","TRUE","http://www.inaturalist.org/observations/3287182"
"159","Quercus nigra","Plantae","TRUE","FALSE","FALSE","TRUE","http://www.inaturalist.org/observations/3250919"
"160","Quercus phellos","Plantae","TRUE","FALSE","FALSE","FALSE","http://www.inaturalist.org/observations/3243530"
"161","Quercus phellos","Plantae","TRUE","FALSE","FALSE","FALSE","http://www.inaturalist.org/observations/3241465"
"162","Quercus velutina","Plantae","TRUE","FALSE","FALSE","TRUE","http://www.inaturalist.org/observations/3287423"
"163","Quercus velutina","Plantae","TRUE","FALSE","FALSE","TRUE","http://www.inaturalist.org/observations/3248348"
"164","Ruellia caroliniensis","Plantae","TRUE","FALSE","FALSE","FALSE","http://www.inaturalist.org/observations/3259041"
"165","Ruellia caroliniensis","Plantae","TRUE","FALSE","FALSE","FALSE","http://www.inaturalist.org/observations/3244666"
"166","Sabal minor","Plantae","TRUE","FALSE","FALSE","TRUE","http://www.inaturalist.org/observations/3242681"
"167","Sagittaria latifolia","Plantae","TRUE","FALSE","FALSE","TRUE","http://www.inaturalist.org/observations/3256535"
"168","Salvia lyrata","Plantae","TRUE","FALSE","FALSE","FALSE","http://www.inaturalist.org/observations/3248353"
"169","Salvia lyrata","Plantae","TRUE","FALSE","FALSE","FALSE","http://www.inaturalist.org/observations/3242368"
"170","Sassafras albidum","Plantae","TRUE","FALSE","FALSE","TRUE","http://www.inaturalist.org/observations/3260960"
"171","Sassafras albidum","Plantae","TRUE","FALSE","FALSE","TRUE","http://www.inaturalist.org/observations/3243752"
"172","Saururus cernuus","Plantae","TRUE","FALSE","FALSE","FALSE","http://www.inaturalist.org/observations/3269337"
"173","Saururus cernuus","Plantae","TRUE","FALSE","FALSE","FALSE","http://www.inaturalist.org/observations/3258954"
"174","Saururus cernuus","Plantae","TRUE","FALSE","FALSE","FALSE","http://www.inaturalist.org/observations/3248062"
"175","Saururus cernuus","Plantae","TRUE","FALSE","FALSE","FALSE","http://www.inaturalist.org/observations/3242591"
"176","Saururus cernuus","Plantae","TRUE","FALSE","FALSE","FALSE","http://www.inaturalist.org/observations/3231401"
"177","Saururus cernuus","Plantae","TRUE","FALSE","FALSE","FALSE","http://www.inaturalist.org/observations/3233799"
"178","Saururus cernuus","Plantae","TRUE","FALSE","FALSE","FALSE","http://www.inaturalist.org/observations/3229251"
"179","Scutellaria integrifolia","Plantae","TRUE","FALSE","FALSE","TRUE","http://www.inaturalist.org/observations/3286614"
"180","Scutellaria integrifolia","Plantae","TRUE","FALSE","FALSE","TRUE","http://www.inaturalist.org/observations/3256530"
"181","Sisyrinchium atlanticum","Plantae","TRUE","FALSE","FALSE","TRUE","http://www.inaturalist.org/observations/3266202"
"182","Smilax bona-nox","Plantae","TRUE","FALSE","FALSE","TRUE","http://www.inaturalist.org/observations/3287352"
"183","Solanum carolinense","Plantae","TRUE","FALSE","FALSE","TRUE","http://www.inaturalist.org/observations/3258950"
"184","Solanum carolinense","Plantae","TRUE","FALSE","FALSE","TRUE","http://www.inaturalist.org/observations/3233452"
"185","Taxodium distichum","Plantae","TRUE","FALSE","FALSE","TRUE","http://www.inaturalist.org/observations/3492209"
"186","Taxodium distichum","Plantae","TRUE","FALSE","FALSE","TRUE","http://www.inaturalist.org/observations/3258675"
"187","Taxodium distichum","Plantae","TRUE","FALSE","FALSE","TRUE","http://www.inaturalist.org/observations/3242641"
"188","Thelypteris kunthii","Plantae","TRUE","FALSE","FALSE","TRUE","http://www.inaturalist.org/observations/3287113"
"189","Thyrsanthella difformis","Plantae","FALSE","FALSE","FALSE","TRUE","http://www.inaturalist.org/observations/3244490"
"190","Tillandsia usneoides","Plantae","TRUE","FALSE","FALSE","TRUE","http://www.inaturalist.org/observations/3287295"
"191","Tillandsia usneoides","Plantae","TRUE","FALSE","FALSE","TRUE","http://www.inaturalist.org/observations/3231399"
"192","Tillandsia usneoides","Plantae","TRUE","FALSE","FALSE","TRUE","http://www.inaturalist.org/observations/3225564"
"193","Tillandsia usneoides","Plantae","TRUE","FALSE","FALSE","TRUE","http://www.inaturalist.org/observations/3227099"
"194","Toxicodendron radicans","Plantae","TRUE","FALSE","FALSE","FALSE","http://www.inaturalist.org/observations/3287595"
"195","Toxicodendron radicans","Plantae","TRUE","FALSE","FALSE","FALSE","http://www.inaturalist.org/observations/3229993"
"196","Toxicodendron radicans","Plantae","TRUE","FALSE","FALSE","FALSE","http://www.inaturalist.org/observations/3231394"
"197","Toxicodendron radicans","Plantae","TRUE","FALSE","FALSE","FALSE","http://www.inaturalist.org/observations/3223599"
"198","Toxicodendron radicans","Plantae","TRUE","FALSE","FALSE","FALSE","http://www.inaturalist.org/observations/3229365"
"199","Triodanis perfoliata","Plantae","FALSE","FALSE","FALSE","FALSE","http://www.inaturalist.org/observations/3243383"
"200","Verbascum virgatum","Plantae","FALSE","FALSE","FALSE","FALSE","http://www.inaturalist.org/observations/3243989"
"201","Vitis rotundifolia","Plantae","TRUE","FALSE","FALSE","FALSE","http://www.inaturalist.org/observations/3258534"
"202","Vitis rotundifolia","Plantae","TRUE","FALSE","FALSE","FALSE","http://www.inaturalist.org/observations/3237711"
"203","Vitis rotundifolia","Plantae","TRUE","FALSE","FALSE","FALSE","http://www.inaturalist.org/observations/3228781"
"204","Vitis rotundifolia","Plantae","TRUE","FALSE","FALSE","FALSE","http://www.inaturalist.org/observations/3228824"
"205","Woodwardia areolata","Plantae","TRUE","FALSE","FALSE","TRUE","http://www.inaturalist.org/observations/3229926"
"206","Agkistrodon piscivorus","Reptilia","TRUE","FALSE","FALSE","TRUE","http://www.inaturalist.org/observations/3267794"
"207","Anolis carolinensis","Reptilia","TRUE","FALSE","FALSE","TRUE","http://www.inaturalist.org/observations/3280660"
"208","Anolis carolinensis","Reptilia","TRUE","FALSE","FALSE","TRUE","http://www.inaturalist.org/observations/3268475"
"209","Anolis carolinensis","Reptilia","TRUE","FALSE","FALSE","TRUE","http://www.inaturalist.org/observations/3248021"
"210","Anolis carolinensis","Reptilia","TRUE","FALSE","FALSE","TRUE","http://www.inaturalist.org/observations/3248599"
"211","Chelydra serpentina","Reptilia","TRUE","FALSE","FALSE","TRUE","http://www.inaturalist.org/observations/3269143"
"212","Nerodia erythrogaster","Reptilia","TRUE","FALSE","FALSE","TRUE","http://www.inaturalist.org/observations/3233464"
"213","Pantherophis alleghaniensis","Reptilia","FALSE","FALSE","FALSE","TRUE","http://www.inaturalist.org/observations/3244365"
"214","Pantherophis alleghaniensis","Reptilia","FALSE","FALSE","FALSE","TRUE","http://www.inaturalist.org/observations/3242576"
"215","Pantherophis alleghaniensis","Reptilia","FALSE","FALSE","FALSE","TRUE","http://www.inaturalist.org/observations/3241359"
"216","Pantherophis alleghaniensis","Reptilia","FALSE","FALSE","FALSE","TRUE","http://www.inaturalist.org/observations/3230126"
"217","Pantherophis alleghaniensis","Reptilia","FALSE","FALSE","FALSE","TRUE","http://www.inaturalist.org/observations/3224572"
"218","Pantherophis alleghaniensis","Reptilia","FALSE","FALSE","FALSE","TRUE","http://www.inaturalist.org/observations/3224766"
"219","Pantherophis alleghaniensis","Reptilia","FALSE","FALSE","FALSE","TRUE","http://www.inaturalist.org/observations/3225277"
"220","Pantherophis alleghaniensis","Reptilia","FALSE","FALSE","FALSE","TRUE","http://www.inaturalist.org/observations/3229014"
"221","Pantherophis alleghaniensis","Reptilia","FALSE","FALSE","FALSE","TRUE","http://www.inaturalist.org/observations/3229223"
"222","Plestiodon fasciatus","Reptilia","FALSE","FALSE","FALSE","FALSE","http://www.inaturalist.org/observations/3286773"
"223","Plestiodon fasciatus","Reptilia","FALSE","FALSE","FALSE","FALSE","http://www.inaturalist.org/observations/3256659"
"224","Plestiodon fasciatus","Reptilia","FALSE","FALSE","FALSE","FALSE","http://www.inaturalist.org/observations/3253799"
"225","Plestiodon fasciatus","Reptilia","FALSE","FALSE","FALSE","FALSE","http://www.inaturalist.org/observations/3254176"
"226","Plestiodon laticeps","Reptilia","FALSE","FALSE","FALSE","FALSE","http://www.inaturalist.org/observations/3252205"
"227","Storeria dekayi","Reptilia","TRUE","FALSE","FALSE","TRUE","http://www.inaturalist.org/observations/3286783"
"228","Trachemys scripta","Reptilia","TRUE","FALSE","FALSE","TRUE","http://www.inaturalist.org/observations/3259256"
