"","Iconic_taxa","iNat_entry","NPSpecies_name","Accepted_TSN","NPS_entry_TSN"
"1","Aves","Passerina caerulea","Guiraca caerulea","726198","179145"
"2","Aves","Setophaga americana","Parula americana","950033","178868"
"3","Aves","Setophaga dominica","Dendroica dominica","950049","178905"
"4","Aves","Setophaga pinus","Dendroica pinus","950045","178914"
"5","Plantae","Thyrsanthella difformis","Trachelospermum difforme","893803","30230"
"6","Reptilia","Pantherophis alleghaniensis","Elaphe obsoleta quadrivittata","1082619","209211"
