"","Scientific_name","Iconic_taxa","Match NPSpecies","iNaturalist_Entry_count"
"1","Anaxyrus terrestris","Amphibia","Match","4"
"2","Desmognathus auriculatus","Amphibia","Match","1"
"3","Hyla chrysoscelis","Amphibia","Match","2"
"4","Hyla cinerea","Amphibia","Match","1"
"5","Hyla squirella","Amphibia","Match","3"
"6","Lithobates sphenocephalus","Amphibia","Match","3"
"7","Pseudotriton montanus","Amphibia","Match","1"
"8","Anhinga anhinga","Aves","Match","1"
"9","Ardea alba","Aves","Match","1"
"10","Baeolophus bicolor","Aves","Match","1"
"11","Buteo lineatus","Aves","Match","1"
"12","Butorides virescens","Aves","Match","1"
"13","Chaetura pelagica","Aves","Match","2"
"14","Coccyzus americanus","Aves","Match","2"
"15","Contopus virens","Aves","Match","2"
"16","Dryocopus pileatus","Aves","Match","1"
"17","Egretta thula","Aves","Match","2"
"18","Empidonax virescens","Aves","Match","1"
"19","Eudocimus albus","Aves","Match","1"
"20","Ictinia mississippiensis","Aves","Match","1"
"21","Melanerpes erythrocephalus","Aves","Match","3"
"22","Meleagris gallopavo","Aves","Match","1"
"23","Myiarchus crinitus","Aves","Match","1"
"24","Pandion haliaetus","Aves","Match","1"
"25","Passerina caerulea","Aves","ITIS Match","1"
"26","Passerina cyanea","Aves","Match","1"
"27","Pipilo erythrophthalmus","Aves","Match","2"
"28","Piranga rubra","Aves","Match","1"
"29","Poecile carolinensis","Aves","Match","1"
"30","Polioptila caerulea","Aves","Match","3"
"31","Protonotaria citrea","Aves","Match","1"
"32","Setophaga americana","Aves","ITIS Match","2"
"33","Setophaga dominica","Aves","ITIS Match","1"
"34","Setophaga pinus","Aves","ITIS Match","1"
"35","Sialia sialis","Aves","Match","1"
"36","Sitta carolinensis","Aves","Match","1"
"37","Strix varia","Aves","Match","5"
"38","Thryothorus ludovicianus","Aves","Match","3"
"39","Zenaida macroura","Aves","Match","1"
"40","Dasypus novemcinctus","Mammalia","No Match","1"
"41","Odocoileus virginianus","Mammalia","Match","2"
"42","Acer negundo","Plantae","Match","2"
"43","Acer rubrum","Plantae","Match","1"
"44","Aesculus pavia","Plantae","Match","1"
"45","Ampelopsis arborea","Plantae","Match","2"
"46","Aralia spinosa","Plantae","Match","1"
"47","Arisaema triphyllum","Plantae","Match","1"
"48","Arundinaria tecta","Plantae","Match","5"
"49","Asclepias perennis","Plantae","Match","1"
"50","Asimina triloba","Plantae","Match","5"
"51","Asplenium platyneuron","Plantae","Match","2"
"52","Baptisia alba","Plantae","Match","1"
"53","Berchemia scandens","Plantae","Match","1"
"54","Betula nigra","Plantae","Match","1"
"55","Bignonia capreolata","Plantae","Match","4"
"56","Callicarpa americana","Plantae","Match","1"
"57","Campsis radicans","Plantae","Match","2"
"58","Carpinus caroliniana","Plantae","Match","1"
"59","Celtis laevigata","Plantae","Match","1"
"60","Cercis canadensis","Plantae","Match","1"
"61","Chimaphila maculata","Plantae","Match","4"
"62","Cnidoscolus stimulosus","Plantae","Match","2"
"63","Dioscorea villosa","Plantae","Match","1"
"64","Fagus grandifolia","Plantae","Match","2"
"65","Ilex opaca","Plantae","Match","6"
"66","Juncus effusus","Plantae","Match","1"
"67","Laportea canadensis","Plantae","Match","1"
"68","Leucothoe axillaris","Plantae","Match","2"
"69","Ligustrum sinense","Plantae","Match","1"
"70","Liquidambar styraciflua","Plantae","Match","3"
"71","Liriodendron tulipifera","Plantae","Match","1"
"72","Lonicera japonica","Plantae","Match","1"
"73","Lygodium japonicum","Plantae","Match","2"
"74","Microstegium vimineum","Plantae","Match","2"
"75","Mitchella repens","Plantae","Match","1"
"76","Morella cerifera","Plantae","Match","2"
"77","Nyssa aquatica","Plantae","Match","1"
"78","Onoclea sensibilis","Plantae","Match","3"
"79","Osmunda regalis","Plantae","Match","1"
"80","Packera glabella","Plantae","Match","3"
"81","Parthenocissus quinquefolia","Plantae","Match","5"
"82","Passiflora incarnata","Plantae","Match","1"
"83","Peltandra virginica","Plantae","Match","1"
"84","Perilla frutescens","Plantae","Match","1"
"85","Phytolacca americana","Plantae","Match","1"
"86","Pinus palustris","Plantae","Match","1"
"87","Platanus occidentalis","Plantae","Match","2"
"88","Pleopeltis michauxiana","Plantae","No Match","1"
"89","Populus heterophylla","Plantae","Match","1"
"90","Potentilla indica","Plantae","No Match","1"
"91","Pteridium aquilinum","Plantae","Match","1"
"92","Quercus lyrata","Plantae","Match","1"
"93","Quercus michauxii","Plantae","Match","1"
"94","Quercus nigra","Plantae","Match","1"
"95","Quercus phellos","Plantae","Match","2"
"96","Quercus velutina","Plantae","Match","2"
"97","Ruellia caroliniensis","Plantae","Match","2"
"98","Sabal minor","Plantae","Match","1"
"99","Sagittaria latifolia","Plantae","Match","1"
"100","Salvia lyrata","Plantae","Match","2"
"101","Sassafras albidum","Plantae","Match","2"
"102","Saururus cernuus","Plantae","Match","7"
"103","Scutellaria integrifolia","Plantae","Match","2"
"104","Sisyrinchium atlanticum","Plantae","Match","1"
"105","Smilax bona-nox","Plantae","Match","1"
"106","Solanum carolinense","Plantae","Match","2"
"107","Taxodium distichum","Plantae","Match","3"
"108","Thelypteris kunthii","Plantae","Match","1"
"109","Thyrsanthella difformis","Plantae","ITIS Match","1"
"110","Tillandsia usneoides","Plantae","Match","4"
"111","Toxicodendron radicans","Plantae","Match","5"
"112","Triodanis perfoliata","Plantae","No Match","1"
"113","Verbascum virgatum","Plantae","No Match","1"
"114","Vitis rotundifolia","Plantae","Match","4"
"115","Woodwardia areolata","Plantae","Match","1"
"116","Agkistrodon piscivorus","Reptilia","Match","1"
"117","Anolis carolinensis","Reptilia","Match","4"
"118","Chelydra serpentina","Reptilia","Match","1"
"119","Nerodia erythrogaster","Reptilia","Match","1"
"120","Pantherophis alleghaniensis","Reptilia","ITIS Match","9"
"121","Plestiodon fasciatus","Reptilia","No Match","4"
"122","Plestiodon laticeps","Reptilia","No Match","1"
"123","Storeria dekayi","Reptilia","Match","1"
"124","Trachemys scripta","Reptilia","Match","1"
"125","Cicindela sexguttata","Insecta","Table 4","2"
"126","Artomyces pyxidatus","Fungi","Table 4","1"
"127","Tremella mesenterica","Fungi","Table 4","1"
"128","Philomycus carolinianus","Mollusca","Table 4","1"
"129","Narceus americanus","Animalia","Table 4","2"
"130","Necrophila americana","Insecta","Table 4","1"
"131","Orgyia leucostigma","Insecta","Table 4","2"
"132","Bombus impatiens","Insecta","Table 4","1"
"133","Calopteryx maculata","Insecta","Table 4","2"
"134","Diastrophus nebulosus","Insecta","Table 4","1"
"135","Odontotaenius disjunctus","Insecta","Table 4","2"
"136","Xylaria hypoxylon","Fungi","Table 4","1"
"137","Libellula vibrans","Insecta","Table 4","1"
"138","Lestes australis","Insecta","Table 4","1"
"139","Libellula axilena","Insecta","Table 4","1"
"140","Ischnura posita","Insecta","Table 4","1"
"141","Erythrodiplax minuscula","Insecta","Table 4","1"
"142","Pachydiplax longipennis","Insecta","Table 4","1"
"143","Cantharellus cinnabarinus","Fungi","Table 4","1"
"144","Papilio glaucus","Insecta","Table 4","1"
"145","Bassareus detritus","Insecta","Table 4","2"
"146","Vanessa virginiensis","Insecta","Table 4","1"
"147","Phaeotremella foliacea","Fungi","Table 4","1"
"148","Typocerus zebra","Insecta","Table 4","1"
"149","Euptoieta claudia","Insecta","Table 4","1"
"150","Alaus oculatus","Insecta","Table 4","1"
"151","Hyphantria cunea","Insecta","Table 4","1"
"152","Oncometopia orbona","Insecta","Table 4","1"
"153","Limenitis arthemis astyanax","Insecta","Table 4","1"
"154","Epargyreus clarus","Insecta","Table 4","1"
"155","Solenopsis invicta","Insecta","Table 4","1"
"156","Laetiporus cincinnatus","Fungi","Table 4","1"
"157","Stereum ostrea","Fungi","Table 4","1"
"158","Ischnura hastata","Insecta","Table 4","1"
"159","Acronicta rubricoma","Insecta","Table 4","1"
"160","Cantharellus minor","Fungi","Table 4","2"
