"","Iconic_taxa","Scientific_name","Occurences in BISON","Invasive.Record"
"1","Mammalia","Dasypus novemcinctus","NC 4; OR 2; OK 116; TN 22; ME 1; AL 24; AR 43; SC 15; WA 3; NE 1; CO 3; MO 30; DC 3; NY 2; KY 2; MN 1; KS 29; CA 8; FL 305; DE 1; MS 39; NM 6; TX 1261; IL 12; CT 1; LA 104; GA 54","No"
"2","Plantae","Pleopeltis michauxiana","NC 234; IN 3; TN 20; OK 2; KY 11; FL 259; AL 29; AR 19; SC 156; MI 1; WV 3; MS 16; TX 33; IL 1; MO 6; LA 21; OH 1; GA 51; VA 13; MD 1","No"
"3","Plantae","Potentilla indica","NC 221; OR 3; VT 2; IN 8; TN 68; OK 14; AL 28; AR 10; SC 32; WA 1; NE 3; WV 23; ON CAN 15; MA 6; CO 1; MO 24; WI 4; NY 67; DC 55; KY 22; MN 1; CA 106; KS 4; DE 13; FL 8; NJ 134; PA 56; MI 11; MS 9; TX 120; IL 63; CT 9; LA 47; OH 76; GA 18; MD 217; VA 158","Yes"
"4","Plantae","Triodanis perfoliata","NC 421; IN 124; WY 22; BC CAN 13; UT 11; AZ 111; MT 9; KY 111; KS 379; CA 83; FL 275; DE 2; PA 163; MS 100; IA 27; TX 511; IL 166; CT 55; GA 139; VA 213; MD 77; ID 49; OR 80; VT 3; TN 200; OK 115; AL 190; AR 104; SC 299; WA 46; NE 47; WV 98; ON CAN 6; CO 37; MA 33; MO 330; ND 4; WI 73; NV 1; NY 107; DC 11; RI 3; SD 27; MN 47; NJ 44; MI 56; NM 35; LA 467; OH 108","No"
"5","Plantae","Verbascum virgatum","NC 1; IN 1; TN 1; BC CAN 5; AL 3; SC 30; UT 21; WA 2; ON CAN 1; QC CAN 8; AZ 35; NV 12; NY 1; HI 11; CA 303; FL 73; PA 2; MS 1; NM 2; TX 5; NS CAN 5; IL 3; LA 13; OH 1; GA 3; ID 1","No"
"6","Reptilia","Plestiodon fasciatus","NC 116; VT 6; IN 46; OK 687; TN 202; AL 75; AR 563; SC 59; NE 4; ON CAN 104; WV 20; MA 1; MO 395; WI 6; AZ 2; DC 60; NY 28; KY 162; SD 1; MN 83; KS 881; FL 97; DE 14; NJ 40; MI 28; PA 20; MS 97; IA 16; NM 2; TX 684; IL 98; CT 11; LA 1078; OH 61; GA 172; VA 553; MD 303","No"
"7","Reptilia","Plestiodon laticeps","NC 54; IN 7; OK 133; TN 47; AL 38; AR 43; SC 79; WV 13; MO 38; DC 7; KY 8; KS 31; FL 619; DE 1; MI 6; PA 3; MS 20; TX 164; IL 19; CT 1; LA 352; OH 13; GA 255; VA 88; MD 48","No"
