"","Scientific_name","Iconic_taxa","iNat_NPS_matches","iNat_NPSsynonym_matches","iNat_ITIS_synonym_matches","iNat_ITIS_nonsyn_matches","iNaturalist_URL"
"1","Bombycilla cedrorum","Aves","TRUE","FALSE","FALSE","FALSE","http://www.inaturalist.org/observations/4214173"
"2","Bombycilla cedrorum","Aves","TRUE","FALSE","FALSE","FALSE","http://www.inaturalist.org/observations/4192941"
"3","Branta canadensis","Aves","TRUE","FALSE","FALSE","TRUE","http://www.inaturalist.org/observations/4189952"
"4","Larus argentatus","Aves","TRUE","FALSE","FALSE","FALSE","http://www.inaturalist.org/observations/4193466"
"5","Larus marinus","Aves","TRUE","FALSE","FALSE","FALSE","http://www.inaturalist.org/observations/4195000"
"6","Meleagris gallopavo","Aves","FALSE","FALSE","FALSE","FALSE","http://www.inaturalist.org/observations/4195552"
"7","Meleagris gallopavo","Aves","FALSE","FALSE","FALSE","FALSE","http://www.inaturalist.org/observations/4191336"
"8","Passerculus sandwichensis","Aves","TRUE","FALSE","FALSE","TRUE","http://www.inaturalist.org/observations/4214205"
"9","Phalacrocorax auritus","Aves","TRUE","FALSE","FALSE","FALSE","http://www.inaturalist.org/observations/4193352"
"10","Phalacrocorax auritus","Aves","TRUE","FALSE","FALSE","FALSE","http://www.inaturalist.org/observations/4194999"
"11","Phalacrocorax auritus","Aves","TRUE","FALSE","FALSE","FALSE","http://www.inaturalist.org/observations/4193181"
"12","Acer pseudoplatanus","Plantae","TRUE","FALSE","FALSE","FALSE","http://www.inaturalist.org/observations/4193674"
"13","Achillea millefolium","Plantae","TRUE","FALSE","FALSE","TRUE","http://www.inaturalist.org/observations/4195608"
"14","Achillea millefolium","Plantae","TRUE","FALSE","FALSE","TRUE","http://www.inaturalist.org/observations/4195618"
"15","Achillea millefolium","Plantae","TRUE","FALSE","FALSE","TRUE","http://www.inaturalist.org/observations/4191390"
"16","Aesculus hippocastanum","Plantae","TRUE","FALSE","FALSE","FALSE","http://www.inaturalist.org/observations/4192107"
"17","Ailanthus altissima","Plantae","TRUE","FALSE","FALSE","TRUE","http://www.inaturalist.org/observations/4193043"
"18","Alliaria petiolata","Plantae","TRUE","FALSE","FALSE","TRUE","http://www.inaturalist.org/observations/4194929"
"19","Alliaria petiolata","Plantae","TRUE","FALSE","FALSE","TRUE","http://www.inaturalist.org/observations/4192250"
"20","Arctium lappa","Plantae","TRUE","FALSE","FALSE","TRUE","http://www.inaturalist.org/observations/4192079"
"21","Artemisia vulgaris","Plantae","TRUE","FALSE","FALSE","TRUE","http://www.inaturalist.org/observations/4195617"
"22","Asclepias syriaca","Plantae","TRUE","FALSE","FALSE","TRUE","http://www.inaturalist.org/observations/4191270"
"23","Berberis thunbergii","Plantae","TRUE","FALSE","FALSE","TRUE","http://www.inaturalist.org/observations/4193550"
"24","Celtis occidentalis","Plantae","TRUE","FALSE","FALSE","TRUE","http://www.inaturalist.org/observations/4214188"
"25","Chondrus crispus","Plantae","FALSE","FALSE","FALSE","FALSE","http://www.inaturalist.org/observations/4198893"
"26","Chondrus crispus","Plantae","FALSE","FALSE","FALSE","FALSE","http://www.inaturalist.org/observations/4198940"
"27","Chondrus crispus","Plantae","FALSE","FALSE","FALSE","FALSE","http://www.inaturalist.org/observations/4191908"
"28","Cichorium intybus","Plantae","TRUE","FALSE","FALSE","TRUE","http://www.inaturalist.org/observations/4198688"
"29","Cichorium intybus","Plantae","TRUE","FALSE","FALSE","TRUE","http://www.inaturalist.org/observations/4193339"
"30","Cichorium intybus","Plantae","TRUE","FALSE","FALSE","TRUE","http://www.inaturalist.org/observations/4193440"
"31","Cichorium intybus","Plantae","TRUE","FALSE","FALSE","TRUE","http://www.inaturalist.org/observations/4192878"
"32","Cirsium vulgare","Plantae","TRUE","FALSE","FALSE","TRUE","http://www.inaturalist.org/observations/4193676"
"33","Cirsium vulgare","Plantae","TRUE","FALSE","FALSE","TRUE","http://www.inaturalist.org/observations/4192674"
"34","Codium fragile","Plantae","FALSE","FALSE","FALSE","FALSE","http://www.inaturalist.org/observations/4195603"
"35","Corallina officinalis","Plantae","FALSE","FALSE","FALSE","FALSE","http://www.inaturalist.org/observations/4208748"
"36","Cornus florida","Plantae","FALSE","FALSE","FALSE","FALSE","http://www.inaturalist.org/observations/4191269"
"37","Daucus carota","Plantae","TRUE","FALSE","FALSE","TRUE","http://www.inaturalist.org/observations/4214200"
"38","Daucus carota","Plantae","TRUE","FALSE","FALSE","TRUE","http://www.inaturalist.org/observations/4191501"
"39","Elaeagnus umbellata","Plantae","TRUE","FALSE","FALSE","FALSE","http://www.inaturalist.org/observations/4191168"
"40","Fagus grandifolia","Plantae","FALSE","FALSE","FALSE","FALSE","http://www.inaturalist.org/observations/4191162"
"41","Hedera helix","Plantae","FALSE","FALSE","FALSE","FALSE","http://www.inaturalist.org/observations/4193669"
"42","Ilex opaca","Plantae","TRUE","FALSE","FALSE","FALSE","http://www.inaturalist.org/observations/4191181"
"43","Juglans nigra","Plantae","TRUE","FALSE","FALSE","TRUE","http://www.inaturalist.org/observations/4191718"
"44","Juniperus virginiana","Plantae","TRUE","FALSE","FALSE","FALSE","http://www.inaturalist.org/observations/4191170"
"45","Linaria vulgaris","Plantae","TRUE","FALSE","FALSE","TRUE","http://www.inaturalist.org/observations/4190953"
"46","Linaria vulgaris","Plantae","TRUE","FALSE","FALSE","TRUE","http://www.inaturalist.org/observations/4191185"
"47","Lunaria annua","Plantae","TRUE","FALSE","FALSE","FALSE","http://www.inaturalist.org/observations/4191532"
"48","Lysimachia arvensis","Plantae","FALSE","FALSE","FALSE","FALSE","http://www.inaturalist.org/observations/4195213"
"49","Mastocarpus stellatus","Plantae","FALSE","FALSE","FALSE","FALSE","http://www.inaturalist.org/observations/4208901"
"50","Morella pensylvanica","Plantae","TRUE","FALSE","FALSE","TRUE","http://www.inaturalist.org/observations/4192425"
"51","Morella pensylvanica","Plantae","TRUE","FALSE","FALSE","TRUE","http://www.inaturalist.org/observations/4192430"
"52","Onoclea sensibilis","Plantae","TRUE","FALSE","FALSE","FALSE","http://www.inaturalist.org/observations/4193548"
"53","Palmaria palmata","Plantae","FALSE","FALSE","FALSE","FALSE","http://www.inaturalist.org/observations/4195745"
"54","Parthenocissus quinquefolia","Plantae","TRUE","FALSE","FALSE","TRUE","http://www.inaturalist.org/observations/4192923"
"55","Parthenocissus quinquefolia","Plantae","TRUE","FALSE","FALSE","TRUE","http://www.inaturalist.org/observations/4189315"
"56","Phragmites australis","Plantae","TRUE","FALSE","FALSE","TRUE","http://www.inaturalist.org/observations/4189311"
"57","Phytolacca americana","Plantae","TRUE","FALSE","FALSE","FALSE","http://www.inaturalist.org/observations/4191356"
"58","Phytolacca americana","Plantae","TRUE","FALSE","FALSE","FALSE","http://www.inaturalist.org/observations/4189313"
"59","Plantago lanceolata","Plantae","TRUE","FALSE","FALSE","TRUE","http://www.inaturalist.org/observations/4190250"
"60","Plantago lanceolata","Plantae","TRUE","FALSE","FALSE","TRUE","http://www.inaturalist.org/observations/4190641"
"61","Portulaca oleracea","Plantae","TRUE","FALSE","FALSE","TRUE","http://www.inaturalist.org/observations/4190241"
"62","Portulaca oleracea","Plantae","TRUE","FALSE","FALSE","TRUE","http://www.inaturalist.org/observations/4190440"
"63","Quercus alba","Plantae","TRUE","FALSE","FALSE","TRUE","http://www.inaturalist.org/observations/4191259"
"64","Quercus robur","Plantae","TRUE","FALSE","FALSE","TRUE","http://www.inaturalist.org/observations/4214186"
"65","Quercus robur","Plantae","TRUE","FALSE","FALSE","TRUE","http://www.inaturalist.org/observations/4192705"
"66","Quercus robur","Plantae","TRUE","FALSE","FALSE","TRUE","http://www.inaturalist.org/observations/4193036"
"67","Reynoutria japonica","Plantae","FALSE","FALSE","FALSE","FALSE","http://www.inaturalist.org/observations/4191498"
"68","Rhus typhina","Plantae","TRUE","FALSE","FALSE","TRUE","http://www.inaturalist.org/observations/4192669"
"69","Rhus typhina","Plantae","TRUE","FALSE","FALSE","TRUE","http://www.inaturalist.org/observations/4192677"
"70","Robinia pseudoacacia","Plantae","TRUE","FALSE","FALSE","TRUE","http://www.inaturalist.org/observations/4191389"
"71","Rosa multiflora","Plantae","TRUE","FALSE","FALSE","TRUE","http://www.inaturalist.org/observations/4193038"
"72","Rosa rugosa","Plantae","TRUE","FALSE","FALSE","TRUE","http://www.inaturalist.org/observations/4214192"
"73","Rosa rugosa","Plantae","TRUE","FALSE","FALSE","TRUE","http://www.inaturalist.org/observations/4191952"
"74","Rosa rugosa","Plantae","TRUE","FALSE","FALSE","TRUE","http://www.inaturalist.org/observations/4192112"
"75","Rosa rugosa","Plantae","TRUE","FALSE","FALSE","TRUE","http://www.inaturalist.org/observations/4192429"
"76","Rosa rugosa","Plantae","TRUE","FALSE","FALSE","TRUE","http://www.inaturalist.org/observations/4190701"
"77","Rudbeckia hirta","Plantae","TRUE","FALSE","FALSE","FALSE","http://www.inaturalist.org/observations/4191188"
"78","Rumex crispus","Plantae","TRUE","FALSE","FALSE","TRUE","http://www.inaturalist.org/observations/4214177"
"79","Rumex crispus","Plantae","TRUE","FALSE","FALSE","TRUE","http://www.inaturalist.org/observations/4193046"
"80","Sassafras albidum","Plantae","TRUE","FALSE","FALSE","TRUE","http://www.inaturalist.org/observations/4191160"
"81","Sassafras albidum","Plantae","TRUE","FALSE","FALSE","TRUE","http://www.inaturalist.org/observations/4191261"
"82","Smilax rotundifolia","Plantae","TRUE","FALSE","FALSE","TRUE","http://www.inaturalist.org/observations/4191099"
"83","Smilax rotundifolia","Plantae","TRUE","FALSE","FALSE","TRUE","http://www.inaturalist.org/observations/4191254"
"84","Solanum dulcamara","Plantae","TRUE","FALSE","FALSE","TRUE","http://www.inaturalist.org/observations/4193468"
"85","Solanum dulcamara","Plantae","TRUE","FALSE","FALSE","TRUE","http://www.inaturalist.org/observations/4195619"
"86","Solidago rugosa","Plantae","TRUE","FALSE","FALSE","FALSE","http://www.inaturalist.org/observations/4191163"
"87","Solidago sempervirens","Plantae","TRUE","FALSE","FALSE","FALSE","http://www.inaturalist.org/observations/4198700"
"88","Solidago sempervirens","Plantae","TRUE","FALSE","FALSE","FALSE","http://www.inaturalist.org/observations/4214179"
"89","Solidago sempervirens","Plantae","TRUE","FALSE","FALSE","FALSE","https://www.inaturalist.org/observations/6379948"
"90","Solidago sempervirens","Plantae","TRUE","FALSE","FALSE","FALSE","http://www.inaturalist.org/observations/4192885"
"91","Solidago sempervirens","Plantae","TRUE","FALSE","FALSE","FALSE","http://www.inaturalist.org/observations/4191342"
"92","Solidago sempervirens","Plantae","TRUE","FALSE","FALSE","FALSE","http://www.inaturalist.org/observations/4189310"
"93","Taraxacum officinale","Plantae","TRUE","FALSE","FALSE","TRUE","http://www.inaturalist.org/observations/4214178"
"94","Taraxacum officinale","Plantae","TRUE","FALSE","FALSE","TRUE","http://www.inaturalist.org/observations/4192438"
"95","Taraxacum officinale","Plantae","TRUE","FALSE","FALSE","TRUE","http://www.inaturalist.org/observations/4190517"
"96","Trifolium pratense","Plantae","TRUE","FALSE","FALSE","TRUE","http://www.inaturalist.org/observations/4198658"
"97","Trifolium pratense","Plantae","TRUE","FALSE","FALSE","TRUE","http://www.inaturalist.org/observations/4214201"
"98","Tsuga canadensis","Plantae","TRUE","FALSE","FALSE","TRUE","http://www.inaturalist.org/observations/4191262"
"99","Ulva lactuca","Plantae","FALSE","FALSE","FALSE","FALSE","http://www.inaturalist.org/observations/4198911"
"100","Verbascum thapsus","Plantae","TRUE","FALSE","FALSE","FALSE","http://www.inaturalist.org/observations/4198719"
"101","Verbascum thapsus","Plantae","TRUE","FALSE","FALSE","FALSE","http://www.inaturalist.org/observations/4192108"
"102","Vincetoxicum nigrum","Plantae","FALSE","FALSE","FALSE","TRUE","http://www.inaturalist.org/observations/4192106"
"103","Thamnophis sirtalis","Reptilia","TRUE","FALSE","FALSE","FALSE","http://www.inaturalist.org/observations/4193672"
"104","Thamnophis sirtalis","Reptilia","TRUE","FALSE","FALSE","FALSE","http://www.inaturalist.org/observations/4191892"
"105","Thamnophis sirtalis","Reptilia","TRUE","FALSE","FALSE","FALSE","http://www.inaturalist.org/observations/4191275"
