"","Iconic_taxa","Scientific_name","Occurences in BISON","Invasive.Record"
"1","Aves","Meleagris gallopavo","NC 10285; IN 11816; WY 1398; BC CAN 1392; SK CAN 45; UT 5034; AB CAN 346; AZ 11218; MT 4356; KY 6546; CA 47057; KS 12502; FL 22180; DE 1676; PA 32528; IA 5760; MS 1253; TX 26965; IL 10563; CT 14093; GA 8907; VA 14479; MD 12026; ID 4000; VT 12448; OR 9323; PR 1; TN 14662; ME 12445; OK 4516; AL 2222; AR 2602; WA 8027; SC 6101; NE 10153; ON CAN 38172; WV 5357; MB CAN 650; MA 37605; CO 9924; MO 16544; QC CAN 8764; AK 2; ND 1688; WI 51270; NV 895; NY 43274; RI 1440; DC 242; HI 4520; SD 3512; MN 12712; NJ 20781; MI 36644; NB CAN 25; NM 5060; NH 8400; LA 1208; OH 16024","No"
"2","Plantae","Chondrus crispus","OR 10; RI 55; NY 52; ME 79; HI 1; PE CAN 38; CA 16; NL CAN 11; WA 4; NJ 1; NB CAN 21; ON CAN 6; NU CAN 1; NS CAN 253; MA 185; CT 61; NH 11; QC CAN 2; AK 16","No"
"3","Plantae","Codium fragile","OR 13; NC 3; RI 9; NY 4; ME 4; BC CAN 41; PE CAN 5; CA 320; FL 3; DE 2; WA 40; NJ 2; MA 38; NS CAN 15; CT 13; AK 67","No"
"4","Plantae","Corallina officinalis","NC 3; OR 1; RI 19; NY 12; PR 3; ME 44; BC CAN 6; PE CAN 10; CA 50; NL CAN 29; FL 1; WA 10; SC 1; NB CAN 12; NS CAN 91; MA 60; CT 13; QC CAN 3; NH 2; AK 134","No"
"5","Plantae","Cornus florida","NC 27641; VT 11; OR 1; IN 7173; TN 13785; OK 1408; ME 7; BC CAN 14; AL 23762; AR 12350; SC 16426; WA 2; NE 16; WV 2776; ON CAN 38; MA 92; MO 14695; QC CAN 1; ND 3; WI 7; NY 502; DC 112; RI 34; MT 2; KY 6302; HI 2; MN 2; KS 91; CA 9; FL 3324; DE 146; NJ 371; PA 1479; MI 897; NB CAN 1; MS 11841; IA 3; TX 3403; IL 2206; NS CAN 1; CT 200; NH 13; LA 3335; OH 2957; GA 31145; VA 30161; MD 835","No"
"6","Plantae","Fagus grandifolia","VT 15151; NC 9282; IN 7020; ME 35646; TN 8344; OK 22; BC CAN 1; PE CAN 8; AL 4324; AR 2044; SC 2060; WV 16254; ON CAN 486; MA 3297; CO 2; MO 198; QC CAN 126; WI 1688; NY 38332; RI 151; DC 136; KY 10476; MN 1; CA 2; FL 340; DE 280; NJ 815; MI 19769; PA 19584; NB CAN 52; MS 3279; IA 1; TX 1167; IL 663; NS CAN 159; NH 11769; CT 1388; LA 2978; OH 4610; GA 2447; VA 16941; MD 2374","No"
"7","Plantae","Hedera helix","NC 258; OR 239; VT 1; IN 11; TN 53; OK 4; ME 1; BC CAN 47; AL 34; AR 7; WA 235; SC 52; UT 14; WV 13; ON CAN 13; MA 96; CO 7; MO 21; AK 2; AZ 2; NY 1124; DC 125; RI 1; KY 31; HI 19; CA 656; KS 12; FL 25; DE 3; NJ 219; PA 51; MI 13; MS 36; NM 1; TX 78; IL 23; NS CAN 4; CT 27; LA 37; OH 73; GA 32; MD 251; VA 192; ID 3","Yes"
"8","Plantae","Lysimachia arvensis","NC 1; RI 24; NY 2; ME 29; TN 1; HI 21; CA 95; FL 11; DE 1; NJ 1; PA 2; WV 1; ON CAN 1; MS 1; MA 67; CT 35; NH 10; MO 2; LA 2; MD 1","No"
"9","Plantae","Mastocarpus stellatus","RI 11; ME 21; MA 8; NS CAN 5; NH 11; CT 2; NL CAN 2; CA 1; NB CAN 1","No"
"10","Plantae","Palmaria palmata","OR 4; RI 14; NY 1; ME 7; BC CAN 4; PE CAN 1; NL CAN 13; CA 3; PA 2; NB CAN 2; ON CAN 1; NS CAN 40; MA 15; CT 5; NH 3; QC CAN 2; AK 12; AB CAN 1","No"
"11","Plantae","Reynoutria japonica","NC 17; OR 1; IN 1; TN 10; ME 3; SC 13; WA 3; WV 4; ON CAN 1; CO 3; MO 2; NY 36; DC 7; MT 2; KY 1; CA 1; FL 7; NJ 2; PA 4; MI 2; IL 5; CT 1; LA 5; MD 11; VA 8; ID 1","Yes"
"12","Plantae","Ulva lactuca","NC 34; OR 8; PR 39; ME 63; BC CAN 16; SK CAN 1; PE CAN 6; AL 1; WA 20; SC 6; MB CAN 2; MA 83; QC CAN 11; AK 373; USVI 1; NY 68; RI 25; MT 1; HI 272; CA 89; NL CAN 7; FL 77; DE 2; NJ 20; NB CAN 38; PA 1; MS 1; NS CAN 94; TX 12; CT 40; NH 4; VA 17; MD 6","No"
