"","Iconic.taxon.name","Scientific.name","Common.name"
"1","Actinopterygii","Brevoortia tyrannus","Atlantic Menhaden"
"2","Animalia","Balanus crenatus","Wrinkled Barnacle"
"3","Animalia","Botryllus schlosseri","Golden Star Tunicate"
"4","Animalia","Cancer borealis","Jonah Crab"
"5","Animalia","Cancer irroratus","Atlantic Rock Crab"
"6","Animalia","Carcinus maenas","European Green Crab"
"7","Animalia","Diadumene lineata","Striped Green Sea Anemone"
"8","Animalia","Hemigrapsus sanguineus","Asian Shore Crab"
"9","Animalia","Membranipora membranacea","kelp lace bryozoan"
"10","Animalia","Ovalipes ocellatus","Lady Crab"
"11","Animalia","Semibalanus balanoides","Northern Acorn Barnacle"
"12","Chromista","Ascophyllum nodosum","Knotted Wrack"
"13","Chromista","Chordaria flagelliformis",""
"14","Chromista","Fucus vesiculosus","bladder wrack"
"15","Chromista","Hildenbrandia rubra","rusty rock"
"16","Chromista","Leathesia marina","Sea Cauliflower"
"17","Chromista","Saccharina latissima","Sea Belt"
"18","Fungi","Agaricus campestris","Meadow Mushroom"
"19","Fungi","Dendrothele nivosa",""
"20","Fungi","Fomes fomentarius","Hoof Fungus"
"21","Fungi","Gymnosporangium juniperi-virginianae","juniper-apple rust"
"22","Fungi","Irpex lacteus","Milk-white Toothed Polypore"
"23","Fungi","Leucoagaricus americanus","reddening lepiota"
"24","Fungi","Rhytisma acerinum","Black Tar Spot"
"25","Fungi","Trichaptum biforme","violet-toothed polypore"
"26","Insecta","Carabus nemoralis","Bronze Ground Beetle"
"27","Insecta","Coccinella septempunctata","Seven-spotted Lady Beetle"
"28","Insecta","Danaus plexippus","Monarch"
"29","Insecta","Eristalinus aeneus","Common Lagoon Fly"
"30","Insecta","Harmonia axyridis","Asian Lady Beetle"
"31","Insecta","Megacyllene robiniae","Locust Longhorn Borer"
"32","Insecta","Melanoplus femurrubrum","Red-legged Grasshopper"
"33","Insecta","Polistes dominula","European Paper Wasp"
"34","Insecta","Pyrrharctia isabella","Isabella Tiger Moth"
"35","Insecta","Toxomerus geminatus","Eastern Calligrapher"
"36","Insecta","Vanessa virginiensis","American Lady"
"37","Insecta","Xylocopa virginica","Eastern Carpenter Bee"
"38","Mollusca","Argopecten irradians","Atlantic Bay Scallop"
"39","Mollusca","Crepidula fornicata","Common Atlantic Slippersnail"
"40","Mollusca","Ensis leei","Atlantic jackknife"
"41","Mollusca","Littorina littorea","Common Periwinkle"
"42","Mollusca","Littorina obtusata","Flat Periwinkle"
"43","Mollusca","Mytilus edulis","Blue Mussel"
"44","Mollusca","Nucella lapillus","Dog Whelk"
"45","Mollusca","Ostrea edulis","European Flat Oyster"
"46","Mollusca","Spisula solidissima","West Atlantic Surfclam"
"47","Mollusca","Testudinalia testudinalis","Tortoiseshell Limpet"
