"","Scientific_name","Iconic_taxa","Match NPSpecies","iNaturalist_Entry_count"
"1","Bombycilla cedrorum","Aves","Match","2"
"2","Branta canadensis","Aves","Match","1"
"3","Larus argentatus","Aves","Match","1"
"4","Larus marinus","Aves","Match","1"
"5","Meleagris gallopavo","Aves","No Match","2"
"6","Passerculus sandwichensis","Aves","Match","1"
"7","Phalacrocorax auritus","Aves","Match","3"
"8","Acer pseudoplatanus","Plantae","Match","1"
"9","Achillea millefolium","Plantae","Match","3"
"10","Aesculus hippocastanum","Plantae","Match","1"
"11","Ailanthus altissima","Plantae","Match","1"
"12","Alliaria petiolata","Plantae","Match","2"
"13","Arctium lappa","Plantae","Match","1"
"14","Artemisia vulgaris","Plantae","Match","1"
"15","Asclepias syriaca","Plantae","Match","1"
"16","Berberis thunbergii","Plantae","Match","1"
"17","Celtis occidentalis","Plantae","Match","1"
"18","Chondrus crispus","Plantae","No Match","3"
"19","Cichorium intybus","Plantae","Match","4"
"20","Cirsium vulgare","Plantae","Match","2"
"21","Codium fragile","Plantae","No Match","1"
"22","Corallina officinalis","Plantae","No Match","1"
"23","Cornus florida","Plantae","No Match","1"
"24","Daucus carota","Plantae","Match","2"
"25","Elaeagnus umbellata","Plantae","Match","1"
"26","Fagus grandifolia","Plantae","No Match","1"
"27","Hedera helix","Plantae","No Match","1"
"28","Ilex opaca","Plantae","Match","1"
"29","Juglans nigra","Plantae","Match","1"
"30","Juniperus virginiana","Plantae","Match","1"
"31","Linaria vulgaris","Plantae","Match","2"
"32","Lunaria annua","Plantae","Match","1"
"33","Lysimachia arvensis","Plantae","No Match","1"
"34","Mastocarpus stellatus","Plantae","No Match","1"
"35","Morella pensylvanica","Plantae","Match","2"
"36","Onoclea sensibilis","Plantae","Match","1"
"37","Palmaria palmata","Plantae","No Match","1"
"38","Parthenocissus quinquefolia","Plantae","Match","2"
"39","Phragmites australis","Plantae","Match","1"
"40","Phytolacca americana","Plantae","Match","2"
"41","Plantago lanceolata","Plantae","Match","2"
"42","Portulaca oleracea","Plantae","Match","2"
"43","Quercus alba","Plantae","Match","1"
"44","Quercus robur","Plantae","Match","3"
"45","Reynoutria japonica","Plantae","No Match","1"
"46","Rhus typhina","Plantae","Match","2"
"47","Robinia pseudoacacia","Plantae","Match","1"
"48","Rosa multiflora","Plantae","Match","1"
"49","Rosa rugosa","Plantae","Match","5"
"50","Rudbeckia hirta","Plantae","Match","1"
"51","Rumex crispus","Plantae","Match","2"
"52","Sassafras albidum","Plantae","Match","2"
"53","Smilax rotundifolia","Plantae","Match","2"
"54","Solanum dulcamara","Plantae","Match","2"
"55","Solidago rugosa","Plantae","Match","1"
"56","Solidago sempervirens","Plantae","Match","6"
"57","Taraxacum officinale","Plantae","Match","3"
"58","Trifolium pratense","Plantae","Match","2"
"59","Tsuga canadensis","Plantae","Match","1"
"60","Ulva lactuca","Plantae","No Match","1"
"61","Verbascum thapsus","Plantae","Match","2"
"62","Vincetoxicum nigrum","Plantae","ITIS Match","1"
"63","Thamnophis sirtalis","Reptilia","Match","3"
"64","Dendrothele nivosa","Fungi","Table 4","2"
"65","Cancer borealis","Animalia","Table 4","3"
"66","Fucus vesiculosus","Chromista","Table 4","1"
"67","Ensis leei","Mollusca","Table 4","3"
"68","Mytilus edulis","Mollusca","Table 4","4"
"69","Xylocopa virginica","Insecta","Table 4","1"
"70","Spisula solidissima","Mollusca","Table 4","1"
"71","Megacyllene robiniae","Insecta","Table 4","1"
"72","Danaus plexippus","Insecta","Table 4","2"
"73","Melanoplus femurrubrum","Insecta","Table 4","1"
"74","Argopecten irradians","Mollusca","Table 4","1"
"75","Polistes dominula","Insecta","Table 4","1"
"76","Brevoortia tyrannus","Actinopterygii","Table 4","2"
"77","Gymnosporangium juniperi-virginianae","Fungi","Table 4","1"
"78","Hemigrapsus sanguineus","Animalia","Table 4","7"
"79","Semibalanus balanoides","Animalia","Table 4","5"
"80","Carcinus maenas","Animalia","Table 4","3"
"81","Ascophyllum nodosum","Chromista","Table 4","3"
"82","Coccinella septempunctata","Insecta","Table 4","1"
"83","Nucella lapillus","Mollusca","Table 4","3"
"84","Littorina obtusata","Mollusca","Table 4","1"
"85","Littorina littorea","Mollusca","Table 4","6"
"86","Trichaptum biforme","Fungi","Table 4","1"
"87","Fomes fomentarius","Fungi","Table 4","3"
"88","Leathesia marina","Chromista","Table 4","1"
"89","Testudinalia testudinalis","Mollusca","Table 4","2"
"90","Botryllus schlosseri","Animalia","Table 4","1"
"91","Chordaria flagelliformis","Chromista","Table 4","2"
"92","Toxomerus geminatus","Insecta","Table 4","2"
"93","Ostrea edulis","Mollusca","Table 4","2"
"94","Hildenbrandia rubra","Chromista","Table 4","1"
"95","Membranipora membranacea","Animalia","Table 4","1"
"96","Eristalinus aeneus","Insecta","Table 4","2"
"97","Saccharina latissima","Chromista","Table 4","1"
"98","Vanessa virginiensis","Insecta","Table 4","1"
"99","Ovalipes ocellatus","Animalia","Table 4","1"
"100","Harmonia axyridis","Insecta","Table 4","1"
"101","Crepidula fornicata","Mollusca","Table 4","4"
"102","Leucoagaricus americanus","Fungi","Table 4","2"
"103","Pyrrharctia isabella","Insecta","Table 4","1"
"104","Rhytisma acerinum","Fungi","Table 4","3"
"105","Irpex lacteus","Fungi","Table 4","1"
"106","Carabus nemoralis","Insecta","Table 4","1"
"107","Cancer irroratus","Animalia","Table 4","1"
"108","Balanus crenatus","Animalia","Table 4","1"
"109","Diadumene lineata","Animalia","Table 4","1"
"110","Agaricus campestris","Fungi","Table 4","1"
