"","Iconic.taxon.name","Scientific.name","Common.name"
"1","Arachnida","Arctosa littoralis","Shoreline Wolf Spider"
"2","Arachnida","Argiope aurantia","Yellow Garden Spider"
"3","Arachnida","Peucetia viridans","Green Lynx Spider"
"4","Insecta","Abaeis nicippe","Sleepy Orange"
"5","Insecta","Acmaeodera scalaris",""
"6","Insecta","Aetole unipunctella",""
"7","Insecta","Agrilus delicatulus",""
"8","Insecta","Amblyscirtes tolteca","Toltec Roadside-Skipper"
"9","Insecta","Anthanassa texana","Texan Crescent"
"10","Insecta","Apis mellifera","Western Honey Bee"
"11","Insecta","Apodemia palmerii","Palmer's Metalmark"
"12","Insecta","Archirhoe neomexicana","New Mexico Carpet Moth"
"13","Insecta","Argia sedula","Blue-ringed Dancer"
"14","Insecta","Ascalapha odorata","Black Witch"
"15","Insecta","Asphondylia betheli",""
"16","Insecta","Asterocampa celtis","Hackberry Emperor"
"17","Insecta","Asterocampa clyton","Tawny Emperor"
"18","Insecta","Asterocampa leilia","Empress Leilia"
"19","Insecta","Atrytonopsis edwardsi","Sheep Skipper"
"20","Insecta","Bagrada hilaris","Bagrada Bug"
"21","Insecta","Battus philenor","Pipevine Swallowtail"
"22","Insecta","Brasiella wickhami","Sonoran Tiger Beetle"
"23","Insecta","Brephidium exilis","Western Pygmy-Blue"
"24","Insecta","Cacozelia basiochrealis","Yellow-based Cacozelia Moth"
"25","Insecta","Calephelis arizonensis","Arizona Metalmark"
"26","Insecta","Calephelis nemesis","Fatal Metalmark"
"27","Insecta","Calligrapha serpentina","Globemallow Leaf Beetle"
"28","Insecta","Cargida pyrrha",""
"29","Insecta","Charidotella emarginata",""
"30","Insecta","Chelymorpha phytophagica",""
"31","Insecta","Chloraspilates bicoloraria","Bicolored Chloraspilates"
"32","Insecta","Chrysoecia scira",""
"33","Insecta","Cobubatha lixiva","Dark-banded Cobubatha Moth"
"34","Insecta","Coccinella septempunctata","Seven-spotted Lady Beetle"
"35","Insecta","Collops quadrimaculatus","Four-spotted Collops"
"36","Insecta","Conchylodes ovulalis","Zebra Conchylodes Moth"
"37","Insecta","Copaeodes aurantiaca","Orange Skipperling"
"38","Insecta","Cotinis mutabilis","Green Fig Beetle"
"39","Insecta","Ctenucha venosa","Veined Ctenucha Moth"
"40","Insecta","Cylindera lemniscata","White-striped Tiger Beetle"
"41","Insecta","Danaus gilippus","Queen"
"42","Insecta","Deloyala lecontii",""
"43","Insecta","Digitonthophagus gazella","Gazelle Scarab"
"44","Insecta","Disonycha glabrata","Pigweed Flea Beetle"
"45","Insecta","Disonycha politula",""
"46","Insecta","Dymasia dymas","Tiny Checkerspot"
"47","Insecta","Eleodes obscura",""
"48","Insecta","Emarginea percara","Beloved Emarginea Moth"
"49","Insecta","Enaphalodes seminitidus",""
"50","Insecta","Epicauta abadona",""
"51","Insecta","Euclea incisa","Green Oak-Slug Moth"
"52","Insecta","Eurema mexicana","Mexican Yellow"
"53","Insecta","Euscirrhopterus gloveri","Purslane Moth"
"54","Insecta","Fernaldella fimetaria","Green Broomweed Looper Moth"
"55","Insecta","Hemiargus ceraunus","Ceraunus Blue"
"56","Insecta","Hemiphileurus illatus",""
"57","Insecta","Hetaerina americana","American Rubyspot"
"58","Insecta","Hileithia magualis","Magician Moth"
"59","Insecta","Hylephila phyleus","Fiery Skipper"
"60","Insecta","Hyles lineata","White-lined Sphinx"
"61","Insecta","Hypercompe suffusa",""
"62","Insecta","Hyphantria cunea","Fall Webworm Moth"
"63","Insecta","Idaea basinta","Red-and-white Wave"
"64","Insecta","Insara elegans","Elegant Bush Katydid"
"65","Insecta","Langurites lineatus",""
"66","Insecta","Leptotes marina","Marine Blue"
"67","Insecta","Lipocosma polingi","Mantled Lipocosma"
"68","Insecta","Lochmaeocles marmoratus",""
"69","Insecta","Loxostege albiceralis",""
"70","Insecta","Macaria deceptrix","Deceptive Angle"
"71","Insecta","Macrodactylus uniformis","Western Rose Chafer"
"72","Insecta","Meconemus angulatus",""
"73","Insecta","Megaphorus pulcher",""
"74","Insecta","Melipotis indomita","Indomitable Graphic Moth"
"75","Insecta","Mermiria bivittata","Two-striped Mermiria"
"76","Insecta","Microtia elva","Elf Butterfly"
"77","Insecta","Mimoschinia rufofascialis","Rufous-banded Crambid Moth"
"78","Insecta","Neumoegenia poetica","Poetry Moth"
"79","Insecta","Oecanthus californicus","Western Tree Cricket"
"80","Insecta","Olla v-nigrum","Ashy Gray Lady Beetle"
"81","Insecta","Oslaria viridifera","Green Oslaria Moth"
"82","Insecta","Pachypsylla pallida","Hairy Bud Gall Psyllid"
"83","Insecta","Pachypsylla venusta","Hackberry Petiole Gall Psyllid"
"84","Insecta","Pasimachus californicus","California Warrior Beetle"
"85","Insecta","Persis arizonensis",""
"86","Insecta","Phoebis sennae","Cloudless Sulphur"
"87","Insecta","Phoenicophanta modestula",""
"88","Insecta","Pholisora catullus","Common Sootywing"
"89","Insecta","Plagiodera versicolora","Willow Leaf Beetle"
"90","Insecta","Pogonomyrmex barbatus","Red Harvester Ant"
"91","Insecta","Ponometia nannodes",""
"92","Insecta","Pontia protodice","Checkered White"
"93","Insecta","Pyrausta laticlavia","Southern Purple Mint Moth"
"94","Insecta","Rasahus thoracicus","Western Corsair Bug"
"95","Insecta","Reuteroscopus ornatus","Ornate Plant Bug"
"96","Insecta","Sanctanus sanctus",""
"97","Insecta","Spragueia jaguaralis",""
"98","Insecta","Spragueia magnifica",""
"99","Insecta","Staphylus ceos","Golden-headed Scallopwing"
"100","Insecta","Strymon melinus","Gray Hairstreak"
"101","Insecta","Syssphinx hubbardi","Hubbard's Silk Moth"
"102","Insecta","Thasus neocalifornicus","Giant Mesquite Bug"
"103","Insecta","Tripudia flavofasciata","Orange-banded Tripudia Moth"
"104","Insecta","Zygogramma signatipennis",""
"105","Mollusca","Cornu aspersum","Garden Snail"
"106","Mollusca","Rumina decollata","Decollate Snail"
