"","Scientific_name","Iconic_taxa","iNat_NPS_matches","iNat_NPSsynonym_matches","iNat_ITIS_synonym_matches","iNat_ITIS_nonsyn_matches","iNaturalist_URL"
"1","Anaxyrus woodhousii","Amphibia","FALSE","FALSE","FALSE","FALSE","http://www.inaturalist.org/observations/3927444"
"2","Scaphiopus couchii","Amphibia","TRUE","FALSE","FALSE","FALSE","http://www.inaturalist.org/observations/3929637"
"3","Buteo plagiatus","Aves","FALSE","FALSE","FALSE","FALSE","http://www.inaturalist.org/observations/3933047"
"4","Cardinalis cardinalis","Aves","TRUE","FALSE","FALSE","FALSE","http://www.inaturalist.org/observations/3923975"
"5","Cathartes aura","Aves","TRUE","FALSE","FALSE","FALSE","http://www.inaturalist.org/observations/3923970"
"6","Dryobates scalaris","Aves","FALSE","FALSE","FALSE","FALSE","http://www.inaturalist.org/observations/3967543"
"7","Melanerpes uropygialis","Aves","TRUE","FALSE","FALSE","TRUE","http://www.inaturalist.org/observations/3923948"
"8","Melozone aberti","Aves","FALSE","FALSE","FALSE","TRUE","http://www.inaturalist.org/observations/3936914"
"9","Antrozous pallidus","Mammalia","FALSE","FALSE","FALSE","FALSE","http://www.inaturalist.org/observations/3930502"
"10","Eptesicus fuscus","Mammalia","FALSE","FALSE","FALSE","FALSE","http://www.inaturalist.org/observations/3933048"
"11","Odocoileus hemionus","Mammalia","TRUE","FALSE","FALSE","FALSE","http://www.inaturalist.org/observations/3926931"
"12","Allionia incarnata","Plantae","TRUE","FALSE","FALSE","FALSE","http://conabio.inaturalist.org/observations/3935928"
"13","Allionia incarnata","Plantae","TRUE","FALSE","FALSE","FALSE","http://www.inaturalist.org/observations/3925301"
"14","Allionia incarnata","Plantae","TRUE","FALSE","FALSE","FALSE","http://www.inaturalist.org/observations/3924678"
"15","Amaranthus palmeri","Plantae","TRUE","FALSE","FALSE","TRUE","http://conabio.inaturalist.org/observations/3935835"
"16","Argemone polyanthemos","Plantae","TRUE","FALSE","FALSE","TRUE","http://www.inaturalist.org/observations/3924418"
"17","Baccharis sarothroides","Plantae","TRUE","FALSE","FALSE","FALSE","http://www.inaturalist.org/observations/3924662"
"18","Bouteloua curtipendula","Plantae","TRUE","FALSE","FALSE","TRUE","http://www.inaturalist.org/observations/3924072"
"19","Celtis reticulata","Plantae","TRUE","FALSE","FALSE","TRUE","http://www.inaturalist.org/observations/3924190"
"20","Celtis reticulata","Plantae","TRUE","FALSE","FALSE","TRUE","http://www.inaturalist.org/observations/3924476"
"21","Commelina erecta","Plantae","TRUE","TRUE","FALSE","TRUE","http://www.inaturalist.org/observations/3924959"
"22","Commelina erecta","Plantae","TRUE","TRUE","FALSE","TRUE","http://www.inaturalist.org/observations/3925370"
"23","Cucurbita foetidissima","Plantae","TRUE","FALSE","FALSE","TRUE","http://www.inaturalist.org/observations/3958081"
"24","Cucurbita foetidissima","Plantae","TRUE","FALSE","FALSE","TRUE","http://www.inaturalist.org/observations/3924580"
"25","Cynodon dactylon","Plantae","TRUE","FALSE","FALSE","TRUE","http://www.inaturalist.org/observations/3924542"
"26","Datura wrightii","Plantae","TRUE","FALSE","FALSE","TRUE","http://www.inaturalist.org/observations/3925367"
"27","Datura wrightii","Plantae","TRUE","FALSE","FALSE","TRUE","http://www.inaturalist.org/observations/3924838"
"28","Erigeron arisolius","Plantae","TRUE","FALSE","FALSE","FALSE","http://conabio.inaturalist.org/observations/3935942"
"29","Euphorbia heterophylla","Plantae","TRUE","FALSE","TRUE","TRUE","http://www.inaturalist.org/observations/3925336"
"30","Euphorbia heterophylla","Plantae","TRUE","FALSE","TRUE","TRUE","http://www.inaturalist.org/observations/3924750"
"31","Funastrum heterophyllum","Plantae","FALSE","FALSE","FALSE","FALSE","http://www.inaturalist.org/observations/3958096"
"32","Helianthus annuus","Plantae","TRUE","FALSE","FALSE","TRUE","http://www.inaturalist.org/observations/3924836"
"33","Ipomoea hederacea","Plantae","TRUE","FALSE","TRUE","TRUE","http://www.inaturalist.org/observations/3958203"
"34","Ipomoea hederacea","Plantae","TRUE","FALSE","TRUE","TRUE","http://www.inaturalist.org/observations/3924515"
"35","Kallstroemia grandiflora","Plantae","TRUE","FALSE","FALSE","FALSE","http://conabio.inaturalist.org/observations/3935813"
"36","Kallstroemia grandiflora","Plantae","TRUE","FALSE","FALSE","FALSE","http://www.inaturalist.org/observations/3927454"
"37","Kallstroemia grandiflora","Plantae","TRUE","FALSE","FALSE","FALSE","http://www.inaturalist.org/observations/3924839"
"38","Kallstroemia grandiflora","Plantae","TRUE","FALSE","FALSE","FALSE","http://www.inaturalist.org/observations/3925113"
"39","Kallstroemia grandiflora","Plantae","TRUE","FALSE","FALSE","FALSE","http://www.inaturalist.org/observations/3924821"
"40","Lepidium thurberi","Plantae","TRUE","FALSE","FALSE","FALSE","http://conabio.inaturalist.org/observations/3935926"
"41","Lepidium thurberi","Plantae","TRUE","FALSE","FALSE","FALSE","http://www.inaturalist.org/observations/3924898"
"42","Lepidium thurberi","Plantae","TRUE","FALSE","FALSE","FALSE","http://www.inaturalist.org/observations/3925363"
"43","Mentzelia aspera","Plantae","TRUE","FALSE","FALSE","FALSE","http://www.inaturalist.org/observations/3958221"
"44","Morus alba","Plantae","FALSE","FALSE","FALSE","FALSE","http://www.inaturalist.org/observations/3958324"
"45","Opuntia engelmannii","Plantae","FALSE","FALSE","FALSE","FALSE","http://conabio.inaturalist.org/observations/3935939"
"46","Passiflora mexicana","Plantae","TRUE","FALSE","FALSE","FALSE","http://www.inaturalist.org/observations/3958235"
"47","Passiflora mexicana","Plantae","TRUE","FALSE","FALSE","FALSE","http://www.inaturalist.org/observations/3927446"
"48","Portulaca suffrutescens","Plantae","TRUE","FALSE","FALSE","FALSE","http://www.inaturalist.org/observations/3958245"
"49","Rivina humilis","Plantae","TRUE","FALSE","FALSE","FALSE","http://www.inaturalist.org/observations/3927443"
"50","Rivina humilis","Plantae","TRUE","FALSE","FALSE","FALSE","http://www.inaturalist.org/observations/3924567"
"51","Ruellia nudiflora","Plantae","TRUE","TRUE","FALSE","FALSE","http://www.inaturalist.org/observations/3925089"
"52","Ruellia nudiflora","Plantae","TRUE","TRUE","FALSE","FALSE","http://www.inaturalist.org/observations/3925377"
"53","Senegalia greggii","Plantae","TRUE","FALSE","FALSE","TRUE","http://www.inaturalist.org/observations/3924492"
"54","Aspidoscelis uniparens","Reptilia","FALSE","FALSE","FALSE","FALSE","http://www.inaturalist.org/observations/3927447"
"55","Sceloporus magister","Reptilia","TRUE","FALSE","FALSE","FALSE","http://conabio.inaturalist.org/observations/3939709"
"56","Terrapene ornata","Reptilia","TRUE","FALSE","FALSE","TRUE","http://www.inaturalist.org/observations/3933045"
