"","Iconic_taxa","Scientific_name","Occurences in BISON","Invasive.Record"
"1","Amphibia","Anaxyrus woodhousii","NC 62; OR 16; IN 16; WY 64; OK 2112; TN 7; AL 28; AR 88; UT 490; WA 104; SC 4; NE 310; CO 325; MA 21; MO 344; ND 74; AZ 593; NV 368; NY 21; MT 184; KY 166; SD 127; KS 1436; CA 163; FL 2; NJ 80; MI 14; MS 27; IA 21; NM 443; TX 1582; IL 9; CT 7; LA 162; OH 28; GA 12; VA 5; MD 2; ID 42","No"
"2","Aves","Buteo plagiatus","NM 413; TX 12230; CA 374; KS 1; AZ 19835","No"
"3","Aves","Dryobates scalaris","TX 17; CA 5; AZ 5","No"
"4","Mammalia","Antrozous pallidus","OR 139; MT 29; WY 14; OK 37; BC CAN 1; CA 671; KS 7; WA 51; UT 26; NM 1153; TX 260; CO 11; AK 2; AZ 392; ID 46; NV 115","No"
"5","Mammalia","Eptesicus fuscus","NC 74; IN 95; WY 23; BC CAN 25; SK CAN 6; UT 52; AB CAN 10; AZ 427; MT 7; KY 66; KS 402; CA 308; FL 40; DE 19; PA 32; IA 42; MS 12; TX 113; IL 61; CT 50; GA 60; VA 81; MD 42; ID 187; OR 212; VT 27; PR 36; OK 64; TN 45; ME 4; AL 11; AR 94; WA 334; SC 6; NE 5; ON CAN 371; WV 36; MB CAN 3; CO 606; MA 10; MO 60; QC CAN 20; AK 2; ND 10; WI 72; NV 95; NY 144; RI 19; DC 10; SD 30; MN 13; NJ 11; MI 100; NB CAN 1; NM 1110; NH 8; LA 45; OH 254","No"
"6","Plantae","Funastrum heterophyllum","NM 1; CA 120; AZ 13","No"
"7","Plantae","Morus alba","NC 79; IN 214; WY 2; BC CAN 8; UT 24; GU 1; AZ 38; MT 6; KY 85; CA 457; KS 421; FL 70; DE 19; PA 86; IA 158; MS 65; IL 647; TX 148; CT 99; GA 60; VA 197; MD 160; ID 23; OR 17; VT 17; TN 137; OK 76; ME 11; AL 67; AR 117; SC 66; WA 34; NE 555; ON CAN 95; WV 29; MA 104; CO 17; MO 584; QC CAN 4; ND 1; WI 162; NY 1107; DC 54; RI 6; CNMI 2; SD 42; HI 38; MN 58; NJ 117; MI 237; NB CAN 1; NM 33; NH 4; LA 98; OH 417","Yes"
"8","Plantae","Opuntia engelmannii","NC 2; NM 97; TX 533; CO 2; MO 7; LA 3; CA 36; VA 1; AZ 991; UT 5; WA 1; NV 3","No"
"9","Reptilia","Aspidoscelis uniparens","NM 736; TX 30; AZ 1521","No"
