"","Scientific_name","Iconic_taxa","Match NPSpecies","iNaturalist_Entry_count"
"1","Anaxyrus woodhousii","Amphibia","No Match","1"
"2","Scaphiopus couchii","Amphibia","Match","1"
"3","Buteo plagiatus","Aves","No Match","1"
"4","Cardinalis cardinalis","Aves","Match","1"
"5","Cathartes aura","Aves","Match","1"
"6","Dryobates scalaris","Aves","No Match","1"
"7","Melanerpes uropygialis","Aves","Match","1"
"8","Melozone aberti","Aves","ITIS Match","1"
"9","Antrozous pallidus","Mammalia","No Match","1"
"10","Eptesicus fuscus","Mammalia","No Match","1"
"11","Odocoileus hemionus","Mammalia","Match","1"
"12","Allionia incarnata","Plantae","Match","3"
"13","Amaranthus palmeri","Plantae","Match","1"
"14","Argemone polyanthemos","Plantae","Match","1"
"15","Baccharis sarothroides","Plantae","Match","1"
"16","Bouteloua curtipendula","Plantae","Match","1"
"17","Celtis reticulata","Plantae","Match","2"
"18","Commelina erecta","Plantae","Match","2"
"19","Cucurbita foetidissima","Plantae","Match","2"
"20","Cynodon dactylon","Plantae","Match","1"
"21","Datura wrightii","Plantae","Match","2"
"22","Erigeron arisolius","Plantae","Match","1"
"23","Euphorbia heterophylla","Plantae","Match","2"
"24","Funastrum heterophyllum","Plantae","No Match","1"
"25","Helianthus annuus","Plantae","Match","1"
"26","Ipomoea hederacea","Plantae","Match","2"
"27","Kallstroemia grandiflora","Plantae","Match","5"
"28","Lepidium thurberi","Plantae","Match","3"
"29","Mentzelia aspera","Plantae","Match","1"
"30","Morus alba","Plantae","No Match","1"
"31","Opuntia engelmannii","Plantae","No Match","1"
"32","Passiflora mexicana","Plantae","Match","2"
"33","Portulaca suffrutescens","Plantae","Match","1"
"34","Rivina humilis","Plantae","Match","2"
"35","Ruellia nudiflora","Plantae","Match","2"
"36","Senegalia greggii","Plantae","Match","1"
"37","Aspidoscelis uniparens","Reptilia","No Match","1"
"38","Sceloporus magister","Reptilia","Match","1"
"39","Terrapene ornata","Reptilia","Match","1"
"40","Leptotes marina","Insecta","Table 4","1"
"41","Melipotis indomita","Insecta","Table 4","4"
"42","Dymasia dymas","Insecta","Table 4","4"
"43","Oslaria viridifera","Insecta","Table 4","1"
"44","Pholisora catullus","Insecta","Table 4","3"
"45","Cornu aspersum","Mollusca","Table 4","7"
"46","Staphylus ceos","Insecta","Table 4","3"
"47","Thasus neocalifornicus","Insecta","Table 4","7"
"48","Zygogramma signatipennis","Insecta","Table 4","4"
"49","Microtia elva","Insecta","Table 4","8"
"50","Peucetia viridans","Arachnida","Table 4","4"
"51","Megaphorus pulcher","Insecta","Table 4","2"
"52","Hyphantria cunea","Insecta","Table 4","1"
"53","Tripudia flavofasciata","Insecta","Table 4","2"
"54","Bagrada hilaris","Insecta","Table 4","2"
"55","Cargida pyrrha","Insecta","Table 4","4"
"56","Chloraspilates bicoloraria","Insecta","Table 4","1"
"57","Asphondylia betheli","Insecta","Table 4","2"
"58","Archirhoe neomexicana","Insecta","Table 4","2"
"59","Spragueia jaguaralis","Insecta","Table 4","2"
"60","Spragueia magnifica","Insecta","Table 4","2"
"61","Loxostege albiceralis","Insecta","Table 4","2"
"62","Idaea basinta","Insecta","Table 4","1"
"63","Chrysoecia scira","Insecta","Table 4","2"
"64","Emarginea percara","Insecta","Table 4","1"
"65","Ponometia nannodes","Insecta","Table 4","2"
"66","Macaria deceptrix","Insecta","Table 4","1"
"67","Neumoegenia poetica","Insecta","Table 4","1"
"68","Mimoschinia rufofascialis","Insecta","Table 4","1"
"69","Lipocosma polingi","Insecta","Table 4","1"
"70","Phoenicophanta modestula","Insecta","Table 4","2"
"71","Hileithia magualis","Insecta","Table 4","2"
"72","Pogonomyrmex barbatus","Insecta","Table 4","1"
"73","Reuteroscopus ornatus","Insecta","Table 4","1"
"74","Agrilus delicatulus","Insecta","Table 4","2"
"75","Digitonthophagus gazella","Insecta","Table 4","1"
"76","Disonycha glabrata","Insecta","Table 4","1"
"77","Pachypsylla pallida","Insecta","Table 4","2"
"78","Pachypsylla venusta","Insecta","Table 4","2"
"79","Macrodactylus uniformis","Insecta","Table 4","1"
"80","Persis arizonensis","Insecta","Table 4","2"
"81","Sanctanus sanctus","Insecta","Table 4","2"
"82","Eleodes obscura","Insecta","Table 4","6"
"83","Rasahus thoracicus","Insecta","Table 4","1"
"84","Pasimachus californicus","Insecta","Table 4","1"
"85","Asterocampa leilia","Insecta","Table 4","6"
"86","Calephelis nemesis","Insecta","Table 4","3"
"87","Lochmaeocles marmoratus","Insecta","Table 4","2"
"88","Amblyscirtes tolteca","Insecta","Table 4","3"
"89","Langurites lineatus","Insecta","Table 4","3"
"90","Aetole unipunctella","Insecta","Table 4","2"
"91","Olla v-nigrum","Insecta","Table 4","1"
"92","Ctenucha venosa","Insecta","Table 4","1"
"93","Pyrausta laticlavia","Insecta","Table 4","1"
"94","Conchylodes ovulalis","Insecta","Table 4","1"
"95","Euclea incisa","Insecta","Table 4","2"
"96","Meconemus angulatus","Insecta","Table 4","2"
"97","Enaphalodes seminitidus","Insecta","Table 4","2"
"98","Cylindera lemniscata","Insecta","Table 4","1"
"99","Epicauta abadona","Insecta","Table 4","2"
"100","Hemiphileurus illatus","Insecta","Table 4","2"
"101","Cacozelia basiochrealis","Insecta","Table 4","1"
"102","Danaus gilippus","Insecta","Table 4","5"
"103","Cotinis mutabilis","Insecta","Table 4","4"
"104","Acmaeodera scalaris","Insecta","Table 4","2"
"105","Anthanassa texana","Insecta","Table 4","2"
"106","Argiope aurantia","Arachnida","Table 4","5"
"107","Apis mellifera","Insecta","Table 4","1"
"108","Calephelis arizonensis","Insecta","Table 4","1"
"109","Calligrapha serpentina","Insecta","Table 4","2"
"110","Charidotella emarginata","Insecta","Table 4","2"
"111","Chelymorpha phytophagica","Insecta","Table 4","2"
"112","Coccinella septempunctata","Insecta","Table 4","1"
"113","Deloyala lecontii","Insecta","Table 4","2"
"114","Hypercompe suffusa","Insecta","Table 4","10"
"115","Hemiargus ceraunus","Insecta","Table 4","3"
"116","Insara elegans","Insecta","Table 4","3"
"117","Mermiria bivittata","Insecta","Table 4","1"
"118","Rumina decollata","Mollusca","Table 4","1"
"119","Argia sedula","Insecta","Table 4","2"
"120","Brephidium exilis","Insecta","Table 4","1"
"121","Disonycha politula","Insecta","Table 4","2"
"122","Brasiella wickhami","Insecta","Table 4","2"
"123","Apodemia palmerii","Insecta","Table 4","3"
"124","Euscirrhopterus gloveri","Insecta","Table 4","1"
"125","Fernaldella fimetaria","Insecta","Table 4","1"
"126","Asterocampa clyton","Insecta","Table 4","1"
"127","Hetaerina americana","Insecta","Table 4","2"
"128","Oecanthus californicus","Insecta","Table 4","1"
"129","Collops quadrimaculatus","Insecta","Table 4","1"
"130","Arctosa littoralis","Arachnida","Table 4","2"
"131","Pontia protodice","Insecta","Table 4","4"
"132","Copaeodes aurantiaca","Insecta","Table 4","1"
"133","Asterocampa celtis","Insecta","Table 4","1"
"134","Strymon melinus","Insecta","Table 4","2"
"135","Abaeis nicippe","Insecta","Table 4","1"
"136","Hyles lineata","Insecta","Table 4","1"
"137","Phoebis sennae","Insecta","Table 4","4"
"138","Syssphinx hubbardi","Insecta","Table 4","1"
"139","Cobubatha lixiva","Insecta","Table 4","2"
"140","Eurema mexicana","Insecta","Table 4","1"
"141","Ascalapha odorata","Insecta","Table 4","1"
"142","Hylephila phyleus","Insecta","Table 4","1"
"143","Atrytonopsis edwardsi","Insecta","Table 4","1"
"144","Battus philenor","Insecta","Table 4","1"
"145","Plagiodera versicolora","Insecta","Table 4","1"
