"","Scientific_name","Iconic_taxa","iNat_NPS_matches","iNat_NPSsynonym_matches","iNat_ITIS_synonym_matches","iNat_ITIS_nonsyn_matches","iNaturalist_URL"
"1","Anaxyrus americanus","Amphibia","FALSE","FALSE","FALSE","FALSE","http://www.inaturalist.org/observations/3230442"
"2","Conium maculatum","Plantae","TRUE","FALSE","FALSE","FALSE","http://www.inaturalist.org/observations/3221392"
"3","Hesperis matronalis","Plantae","TRUE","FALSE","FALSE","TRUE","http://www.inaturalist.org/observations/3221971"
"4","Ornithogalum umbellatum","Plantae","TRUE","FALSE","FALSE","FALSE","http://www.inaturalist.org/observations/3226177"
"5","Toxicodendron radicans","Plantae","TRUE","FALSE","FALSE","FALSE","http://www.inaturalist.org/observations/3225908"
"6","Urtica dioica","Plantae","TRUE","FALSE","FALSE","FALSE","http://www.inaturalist.org/observations/3221539"
