"","Iconic.taxon.name","Scientific.name","Common.name"
"1","Insecta","Arilus cristatus","Wheel Bug"
"2","Insecta","Boisea trivittata","Eastern Boxelder Bug"
"3","Insecta","Camponotus pennsylvanicus","Eastern Black Carpenter Ant"
"4","Insecta","Cassida rubiginosa","Thistle Tortoise Beetle"
"5","Insecta","Cerotoma trifurcata","Bean Leaf Beetle"
"6","Insecta","Cicindela sexguttata","Six-spotted Tiger Beetle"
"7","Insecta","Coleomegilla maculata","Spotted Lady Beetle"
"8","Insecta","Entylia carinata","Keeled Treehopper"
"9","Insecta","Grapholita tristrigana","Three-lined Grapholita Moth"
"10","Insecta","Harmonia axyridis","Asian Lady Beetle"
"11","Insecta","Malacosoma americana","Eastern Tent Caterpillar Moth"
"12","Insecta","Necrophila americana","American Carrion Beetle"
"13","Insecta","Odontotaenius disjunctus","Horned Passalus Beetle"
"14","Insecta","Oulema melanopus","Cereal Leaf Beetle"
"15","Insecta","Phalaenophana pyramusalis","Dark-banded Owlet"
"16","Insecta","Phyciodes tharos","Pearl Crescent"
"17","Insecta","Poanes zabulon","Zabulon Skipper"
"18","Insecta","Polygonia comma","Eastern Comma"
"19","Insecta","Propylea quatuordecimpunctata","Fourteen-spotted Lady Beetle"
"20","Insecta","Rhamphomyia longicauda","Long-tailed Dance Fly"
"21","Insecta","Stenocorus schaumii",""
"22","Insecta","Vanessa atalanta","Red Admiral"
