"","Scientific_name","Iconic_taxa","Match NPSpecies","iNaturalist_Entry_count"
"1","Anaxyrus americanus","Amphibia","No Match","1"
"2","Conium maculatum","Plantae","Match","1"
"3","Hesperis matronalis","Plantae","Match","1"
"4","Ornithogalum umbellatum","Plantae","Match","1"
"5","Toxicodendron radicans","Plantae","Match","1"
"6","Urtica dioica","Plantae","Match","1"
"7","Odontotaenius disjunctus","Insecta","Table 4","1"
"8","Rhamphomyia longicauda","Insecta","Table 4","2"
"9","Boisea trivittata","Insecta","Table 4","2"
"10","Camponotus pennsylvanicus","Insecta","Table 4","1"
"11","Vanessa atalanta","Insecta","Table 4","3"
"12","Propylea quatuordecimpunctata","Insecta","Table 4","1"
"13","Polygonia comma","Insecta","Table 4","1"
"14","Cicindela sexguttata","Insecta","Table 4","3"
"15","Harmonia axyridis","Insecta","Table 4","4"
"16","Cassida rubiginosa","Insecta","Table 4","2"
"17","Malacosoma americana","Insecta","Table 4","2"
"18","Entylia carinata","Insecta","Table 4","1"
"19","Phyciodes tharos","Insecta","Table 4","1"
"20","Coleomegilla maculata","Insecta","Table 4","1"
"21","Phalaenophana pyramusalis","Insecta","Table 4","2"
"22","Grapholita tristrigana","Insecta","Table 4","2"
"23","Arilus cristatus","Insecta","Table 4","1"
"24","Oulema melanopus","Insecta","Table 4","1"
"25","Necrophila americana","Insecta","Table 4","2"
"26","Stenocorus schaumii","Insecta","Table 4","2"
"27","Cerotoma trifurcata","Insecta","Table 4","2"
"28","Poanes zabulon","Insecta","Table 4","1"
