"","Scientific_name","Iconic_taxa","iNat_NPS_matches","iNat_NPSsynonym_matches","iNat_ITIS_synonym_matches","iNat_ITIS_nonsyn_matches","iNaturalist_URL"
"1","Anaxyrus americanus","Amphibia","TRUE","FALSE","FALSE","FALSE","http://www.inaturalist.org/observations/3257108"
"2","Anaxyrus americanus","Amphibia","TRUE","FALSE","FALSE","FALSE","http://www.inaturalist.org/observations/3230939"
"3","Anaxyrus americanus","Amphibia","TRUE","FALSE","FALSE","FALSE","http://www.inaturalist.org/observations/3230942"
"4","Eurycea bislineata","Amphibia","TRUE","TRUE","FALSE","TRUE","http://www.inaturalist.org/observations/3257071"
"5","Eurycea bislineata","Amphibia","TRUE","TRUE","FALSE","TRUE","http://www.inaturalist.org/observations/3262970"
"6","Eurycea bislineata","Amphibia","TRUE","TRUE","FALSE","TRUE","http://www.inaturalist.org/observations/3248013"
"7","Eurycea bislineata","Amphibia","TRUE","TRUE","FALSE","TRUE","http://www.inaturalist.org/observations/3246913"
"8","Lithobates clamitans","Amphibia","TRUE","FALSE","FALSE","FALSE","http://www.inaturalist.org/observations/3257092"
"9","Plethodon cinereus","Amphibia","TRUE","TRUE","FALSE","TRUE","http://www.inaturalist.org/observations/3236840"
"10","Plethodon cinereus","Amphibia","TRUE","TRUE","FALSE","TRUE","http://www.inaturalist.org/observations/3239410"
"11","Plethodon cinereus","Amphibia","TRUE","TRUE","FALSE","TRUE","http://www.inaturalist.org/observations/3232080"
"12","Plethodon cinereus","Amphibia","TRUE","TRUE","FALSE","TRUE","http://www.inaturalist.org/observations/3232094"
"13","Plethodon cinereus","Amphibia","TRUE","TRUE","FALSE","TRUE","http://www.inaturalist.org/observations/3232263"
"14","Plethodon cinereus","Amphibia","TRUE","TRUE","FALSE","TRUE","http://www.inaturalist.org/observations/3232734"
"15","Aix sponsa","Aves","TRUE","FALSE","FALSE","FALSE","http://www.inaturalist.org/observations/3277131"
"16","Aix sponsa","Aves","TRUE","FALSE","FALSE","FALSE","http://www.inaturalist.org/observations/3277133"
"17","Anas platyrhynchos","Aves","TRUE","FALSE","FALSE","TRUE","http://www.inaturalist.org/observations/3277136"
"18","Anas platyrhynchos","Aves","TRUE","FALSE","FALSE","TRUE","http://www.inaturalist.org/observations/3237115"
"19","Anas platyrhynchos","Aves","TRUE","FALSE","FALSE","TRUE","http://www.inaturalist.org/observations/3232683"
"20","Anas platyrhynchos","Aves","TRUE","FALSE","FALSE","TRUE","http://www.inaturalist.org/observations/3227562"
"21","Anas platyrhynchos","Aves","TRUE","FALSE","FALSE","TRUE","http://www.inaturalist.org/observations/3225195"
"22","Cardinalis cardinalis","Aves","TRUE","FALSE","FALSE","FALSE","http://www.inaturalist.org/observations/3238614"
"23","Cathartes aura","Aves","TRUE","FALSE","FALSE","FALSE","http://www.inaturalist.org/observations/3237792"
"24","Chaetura pelagica","Aves","TRUE","FALSE","FALSE","FALSE","http://www.inaturalist.org/observations/3232161"
"25","Cyanocitta cristata","Aves","TRUE","FALSE","FALSE","FALSE","http://www.inaturalist.org/observations/3238071"
"26","Cyanocitta cristata","Aves","TRUE","FALSE","FALSE","FALSE","http://www.inaturalist.org/observations/3238824"
"27","Dryocopus pileatus","Aves","TRUE","FALSE","FALSE","FALSE","http://www.inaturalist.org/observations/3249752"
"28","Dumetella carolinensis","Aves","TRUE","FALSE","FALSE","FALSE","http://www.inaturalist.org/observations/3237267"
"29","Dumetella carolinensis","Aves","TRUE","FALSE","FALSE","FALSE","http://www.inaturalist.org/observations/3238073"
"30","Gallus gallus","Aves","FALSE","FALSE","FALSE","FALSE","http://www.inaturalist.org/observations/3269001"
"31","Hirundo rustica","Aves","TRUE","FALSE","FALSE","FALSE","http://www.inaturalist.org/observations/3237139"
"32","Icterus galbula","Aves","TRUE","FALSE","FALSE","TRUE","http://www.inaturalist.org/observations/3235421"
"33","Melanerpes carolinus","Aves","TRUE","FALSE","FALSE","TRUE","http://www.inaturalist.org/observations/3238619"
"34","Mimus polyglottos","Aves","TRUE","FALSE","FALSE","FALSE","http://www.inaturalist.org/observations/3238615"
"35","Molothrus ater","Aves","TRUE","FALSE","FALSE","FALSE","http://www.inaturalist.org/observations/3237177"
"36","Myiarchus crinitus","Aves","TRUE","FALSE","FALSE","TRUE","https://www.inaturalist.org/observations/18339364"
"37","Passer domesticus","Aves","TRUE","FALSE","FALSE","FALSE","http://www.inaturalist.org/observations/3238069"
"38","Passer domesticus","Aves","TRUE","FALSE","FALSE","FALSE","http://www.inaturalist.org/observations/3238995"
"39","Piranga olivacea","Aves","TRUE","FALSE","FALSE","FALSE","http://www.inaturalist.org/observations/3235154"
"40","Poecile carolinensis","Aves","TRUE","FALSE","FALSE","TRUE","http://www.inaturalist.org/observations/3237257"
"41","Quiscalus quiscula","Aves","TRUE","FALSE","FALSE","FALSE","http://www.inaturalist.org/observations/3238821"
"42","Quiscalus quiscula","Aves","TRUE","FALSE","FALSE","FALSE","http://www.inaturalist.org/observations/3238822"
"43","Setophaga citrina","Aves","TRUE","FALSE","FALSE","TRUE","https://www.inaturalist.org/observations/17947468"
"44","Setophaga citrina","Aves","TRUE","FALSE","FALSE","TRUE","https://www.inaturalist.org/observations/18339362"
"45","Spinus tristis","Aves","TRUE","FALSE","FALSE","TRUE","http://www.inaturalist.org/observations/3238823"
"46","Strix varia","Aves","TRUE","FALSE","FALSE","TRUE","http://www.inaturalist.org/observations/3277147"
"47","Sturnus vulgaris","Aves","TRUE","FALSE","FALSE","FALSE","http://www.inaturalist.org/observations/3238609"
"48","Sturnus vulgaris","Aves","TRUE","FALSE","FALSE","FALSE","http://www.inaturalist.org/observations/3238068"
"49","Turdus migratorius","Aves","TRUE","FALSE","FALSE","FALSE","http://www.inaturalist.org/observations/3237199"
"50","Turdus migratorius","Aves","TRUE","FALSE","FALSE","FALSE","http://www.inaturalist.org/observations/3232183"
"51","Zenaida macroura","Aves","TRUE","FALSE","FALSE","FALSE","http://www.inaturalist.org/observations/3238613"
"52","Eptesicus fuscus","Mammalia","TRUE","FALSE","FALSE","FALSE","http://www.inaturalist.org/observations/3253814"
"53","Odocoileus virginianus","Mammalia","TRUE","FALSE","FALSE","TRUE","http://www.inaturalist.org/observations/3231991"
"54","Odocoileus virginianus","Mammalia","TRUE","FALSE","FALSE","TRUE","http://www.inaturalist.org/observations/3220911"
"55","Odocoileus virginianus","Mammalia","TRUE","FALSE","FALSE","TRUE","http://www.inaturalist.org/observations/3221181"
"56","Odocoileus virginianus","Mammalia","TRUE","FALSE","FALSE","TRUE","http://www.inaturalist.org/observations/3221228"
"57","Odocoileus virginianus","Mammalia","TRUE","FALSE","FALSE","TRUE","http://www.inaturalist.org/observations/3221894"
"58","Odocoileus virginianus","Mammalia","TRUE","FALSE","FALSE","TRUE","http://www.inaturalist.org/observations/3221927"
"59","Odocoileus virginianus","Mammalia","TRUE","FALSE","FALSE","TRUE","http://www.inaturalist.org/observations/3221933"
"60","Tamias striatus","Mammalia","TRUE","FALSE","FALSE","FALSE","http://www.inaturalist.org/observations/3234306"
"61","Acer negundo","Plantae","TRUE","FALSE","FALSE","FALSE","http://www.inaturalist.org/observations/3252337"
"62","Acer negundo","Plantae","TRUE","FALSE","FALSE","FALSE","http://www.inaturalist.org/observations/3249059"
"63","Acer negundo","Plantae","TRUE","FALSE","FALSE","FALSE","http://www.inaturalist.org/observations/3246761"
"64","Acer negundo","Plantae","TRUE","FALSE","FALSE","FALSE","http://www.inaturalist.org/observations/3223552"
"65","Acer negundo","Plantae","TRUE","FALSE","FALSE","FALSE","http://www.inaturalist.org/observations/3224002"
"66","Acer negundo","Plantae","TRUE","FALSE","FALSE","FALSE","http://www.inaturalist.org/observations/3224104"
"67","Acer negundo","Plantae","TRUE","FALSE","FALSE","FALSE","http://www.inaturalist.org/observations/3222524"
"68","Acer platanoides","Plantae","TRUE","FALSE","FALSE","TRUE","http://www.inaturalist.org/observations/3235650"
"69","Acer rubrum","Plantae","TRUE","FALSE","FALSE","FALSE","http://www.inaturalist.org/observations/3252578"
"70","Acer rubrum","Plantae","TRUE","FALSE","FALSE","FALSE","http://www.inaturalist.org/observations/3233134"
"71","Acer saccharum","Plantae","TRUE","TRUE","FALSE","FALSE","http://www.inaturalist.org/observations/3222502"
"72","Acer saccharum","Plantae","TRUE","TRUE","FALSE","FALSE","http://www.inaturalist.org/observations/3222262"
"73","Acer saccharum","Plantae","TRUE","TRUE","FALSE","FALSE","http://www.inaturalist.org/observations/3222377"
"74","Achillea millefolium","Plantae","TRUE","FALSE","FALSE","TRUE","http://www.inaturalist.org/observations/3249108"
"75","Achillea millefolium","Plantae","TRUE","FALSE","FALSE","TRUE","http://www.inaturalist.org/observations/3245217"
"76","Akebia quinata","Plantae","TRUE","FALSE","FALSE","FALSE","http://www.inaturalist.org/observations/3249060"
"77","Alliaria petiolata","Plantae","TRUE","FALSE","FALSE","TRUE","http://www.inaturalist.org/observations/3234715"
"78","Alliaria petiolata","Plantae","TRUE","FALSE","FALSE","TRUE","http://www.inaturalist.org/observations/3221624"
"79","Alliaria petiolata","Plantae","TRUE","FALSE","FALSE","TRUE","http://www.inaturalist.org/observations/3221626"
"80","Alliaria petiolata","Plantae","TRUE","FALSE","FALSE","TRUE","http://www.inaturalist.org/observations/3222193"
"81","Alliaria petiolata","Plantae","TRUE","FALSE","FALSE","TRUE","http://www.inaturalist.org/observations/3222187"
"82","Alliaria petiolata","Plantae","TRUE","FALSE","FALSE","TRUE","http://www.inaturalist.org/observations/3221627"
"83","Allium vineale","Plantae","TRUE","FALSE","FALSE","TRUE","http://www.inaturalist.org/observations/3234653"
"84","Amphicarpaea bracteata","Plantae","TRUE","FALSE","FALSE","TRUE","http://www.inaturalist.org/observations/3223383"
"85","Apocynum cannabinum","Plantae","TRUE","FALSE","FALSE","TRUE","http://www.inaturalist.org/observations/3238610"
"86","Apocynum cannabinum","Plantae","TRUE","FALSE","FALSE","TRUE","http://www.inaturalist.org/observations/3231723"
"87","Arctium lappa","Plantae","FALSE","FALSE","FALSE","TRUE","http://www.inaturalist.org/observations/3290446"
"88","Arctium lappa","Plantae","FALSE","FALSE","FALSE","TRUE","http://www.inaturalist.org/observations/3245870"
"89","Arisaema triphyllum","Plantae","TRUE","FALSE","FALSE","TRUE","http://www.inaturalist.org/observations/3226261"
"90","Asclepias syriaca","Plantae","TRUE","FALSE","FALSE","TRUE","http://www.inaturalist.org/observations/3234643"
"91","Asclepias syriaca","Plantae","TRUE","FALSE","FALSE","TRUE","http://www.inaturalist.org/observations/3234802"
"92","Asclepias syriaca","Plantae","TRUE","FALSE","FALSE","TRUE","http://www.inaturalist.org/observations/3231689"
"93","Asimina triloba","Plantae","TRUE","FALSE","FALSE","TRUE","http://www.inaturalist.org/observations/3252212"
"94","Berberis thunbergii","Plantae","TRUE","TRUE","FALSE","TRUE","http://www.inaturalist.org/observations/3224300"
"95","Cardamine concatenata","Plantae","TRUE","TRUE","FALSE","TRUE","http://www.inaturalist.org/observations/3235463"
"96","Cardamine concatenata","Plantae","TRUE","TRUE","FALSE","TRUE","http://www.inaturalist.org/observations/3224553"
"97","Cardamine concatenata","Plantae","TRUE","TRUE","FALSE","TRUE","http://www.inaturalist.org/observations/3224469"
"98","Cardamine concatenata","Plantae","TRUE","TRUE","FALSE","TRUE","http://www.inaturalist.org/observations/3222730"
"99","Carpinus caroliniana","Plantae","TRUE","FALSE","FALSE","TRUE","http://www.inaturalist.org/observations/3225737"
"100","Carya glabra","Plantae","TRUE","FALSE","FALSE","TRUE","http://www.inaturalist.org/observations/3249069"
"101","Carya glabra","Plantae","TRUE","FALSE","FALSE","TRUE","http://www.inaturalist.org/observations/3243725"
"102","Celtis occidentalis","Plantae","TRUE","FALSE","FALSE","TRUE","http://www.inaturalist.org/observations/3245693"
"103","Chionanthus virginicus","Plantae","TRUE","FALSE","FALSE","TRUE","http://www.inaturalist.org/observations/3243162"
"104","Cirsium vulgare","Plantae","TRUE","FALSE","FALSE","TRUE","http://www.inaturalist.org/observations/3232236"
"105","Conopholis americana","Plantae","TRUE","FALSE","FALSE","TRUE","http://www.inaturalist.org/observations/3266744"
"106","Conopholis americana","Plantae","TRUE","FALSE","FALSE","TRUE","http://www.inaturalist.org/observations/3234279"
"107","Cornus florida","Plantae","TRUE","FALSE","FALSE","TRUE","http://www.inaturalist.org/observations/3249096"
"108","Cornus florida","Plantae","TRUE","FALSE","FALSE","TRUE","http://www.inaturalist.org/observations/3243188"
"109","Cornus florida","Plantae","TRUE","FALSE","FALSE","TRUE","http://www.inaturalist.org/observations/3233936"
"110","Dactylis glomerata","Plantae","TRUE","FALSE","FALSE","TRUE","http://www.inaturalist.org/observations/3238618"
"111","Dioscorea polystachya","Plantae","TRUE","FALSE","FALSE","TRUE","http://www.inaturalist.org/observations/3249065"
"112","Dioscorea polystachya","Plantae","TRUE","FALSE","FALSE","TRUE","http://www.inaturalist.org/observations/3245752"
"113","Diospyros virginiana","Plantae","TRUE","FALSE","FALSE","TRUE","http://www.inaturalist.org/observations/3236475"
"114","Erigeron philadelphicus","Plantae","TRUE","FALSE","FALSE","FALSE","http://www.inaturalist.org/observations/3235712"
"115","Fagus grandifolia","Plantae","TRUE","FALSE","FALSE","TRUE","http://www.inaturalist.org/observations/3252151"
"116","Fagus grandifolia","Plantae","TRUE","FALSE","FALSE","TRUE","http://www.inaturalist.org/observations/3244857"
"117","Fagus grandifolia","Plantae","TRUE","FALSE","FALSE","TRUE","http://www.inaturalist.org/observations/3243357"
"118","Fagus grandifolia","Plantae","TRUE","FALSE","FALSE","TRUE","http://www.inaturalist.org/observations/3234629"
"119","Fagus grandifolia","Plantae","TRUE","FALSE","FALSE","TRUE","http://www.inaturalist.org/observations/3226141"
"120","Fagus grandifolia","Plantae","TRUE","FALSE","FALSE","TRUE","http://www.inaturalist.org/observations/3223249"
"121","Ficaria verna","Plantae","FALSE","FALSE","TRUE","FALSE","http://www.inaturalist.org/observations/3222665"
"122","Galium aparine","Plantae","TRUE","FALSE","FALSE","TRUE","http://www.inaturalist.org/observations/3224771"
"123","Galium aparine","Plantae","TRUE","FALSE","FALSE","TRUE","http://www.inaturalist.org/observations/3222612"
"124","Gaylussacia baccata","Plantae","TRUE","FALSE","FALSE","TRUE","http://www.inaturalist.org/observations/3249072"
"125","Glechoma hederacea","Plantae","TRUE","FALSE","FALSE","TRUE","http://www.inaturalist.org/observations/3234600"
"126","Glechoma hederacea","Plantae","TRUE","FALSE","FALSE","TRUE","http://www.inaturalist.org/observations/3223088"
"127","Glechoma hederacea","Plantae","TRUE","FALSE","FALSE","TRUE","http://www.inaturalist.org/observations/3220894"
"128","Glechoma hederacea","Plantae","TRUE","FALSE","FALSE","TRUE","http://www.inaturalist.org/observations/3221209"
"129","Glechoma hederacea","Plantae","TRUE","FALSE","FALSE","TRUE","http://www.inaturalist.org/observations/3222325"
"130","Hamamelis virginiana","Plantae","TRUE","FALSE","FALSE","TRUE","http://www.inaturalist.org/observations/3234995"
"131","Hamamelis virginiana","Plantae","TRUE","FALSE","FALSE","TRUE","http://www.inaturalist.org/observations/3223782"
"132","Hedera helix","Plantae","TRUE","FALSE","FALSE","TRUE","http://www.inaturalist.org/observations/3249113"
"133","Hedera helix","Plantae","TRUE","FALSE","FALSE","TRUE","http://www.inaturalist.org/observations/3222481"
"134","Hedera helix","Plantae","TRUE","FALSE","FALSE","TRUE","http://www.inaturalist.org/observations/3222447"
"135","Hedera helix","Plantae","TRUE","FALSE","FALSE","TRUE","http://www.inaturalist.org/observations/3223230"
"136","Hedera helix","Plantae","TRUE","FALSE","FALSE","TRUE","http://www.inaturalist.org/observations/3222518"
"137","Hedera helix","Plantae","TRUE","FALSE","FALSE","TRUE","http://www.inaturalist.org/observations/3221085"
"138","Hedera helix","Plantae","TRUE","FALSE","FALSE","TRUE","http://www.inaturalist.org/observations/3222427"
"139","Hibiscus syriacus","Plantae","TRUE","FALSE","FALSE","FALSE","http://www.inaturalist.org/observations/3234585"
"140","Ilex cornuta","Plantae","FALSE","FALSE","FALSE","TRUE","http://www.inaturalist.org/observations/3243394"
"141","Ilex opaca","Plantae","TRUE","FALSE","FALSE","FALSE","http://www.inaturalist.org/observations/3252408"
"142","Ilex opaca","Plantae","TRUE","FALSE","FALSE","FALSE","http://www.inaturalist.org/observations/3249088"
"143","Juglans nigra","Plantae","TRUE","FALSE","FALSE","TRUE","http://www.inaturalist.org/observations/3529139"
"144","Juglans nigra","Plantae","TRUE","FALSE","FALSE","TRUE","http://www.inaturalist.org/observations/3233682"
"145","Kalmia latifolia","Plantae","TRUE","FALSE","FALSE","TRUE","http://www.inaturalist.org/observations/3277441"
"146","Ligustrum vulgare","Plantae","TRUE","FALSE","FALSE","FALSE","http://www.inaturalist.org/observations/3235749"
"147","Lindera benzoin","Plantae","TRUE","FALSE","FALSE","TRUE","http://www.inaturalist.org/observations/3249095"
"148","Lindera benzoin","Plantae","TRUE","FALSE","FALSE","TRUE","http://www.inaturalist.org/observations/3225117"
"149","Lindera benzoin","Plantae","TRUE","FALSE","FALSE","TRUE","http://www.inaturalist.org/observations/3222826"
"150","Lindera benzoin","Plantae","TRUE","FALSE","FALSE","TRUE","http://www.inaturalist.org/observations/3223228"
"151","Lindera benzoin","Plantae","TRUE","FALSE","FALSE","TRUE","http://www.inaturalist.org/observations/3221845"
"152","Liquidambar styraciflua","Plantae","TRUE","FALSE","FALSE","FALSE","http://www.inaturalist.org/observations/3249066"
"153","Liriodendron tulipifera","Plantae","TRUE","FALSE","FALSE","FALSE","http://www.inaturalist.org/observations/3279713"
"154","Liriodendron tulipifera","Plantae","TRUE","FALSE","FALSE","FALSE","http://www.inaturalist.org/observations/3252311"
"155","Liriodendron tulipifera","Plantae","TRUE","FALSE","FALSE","FALSE","http://www.inaturalist.org/observations/3247510"
"156","Liriodendron tulipifera","Plantae","TRUE","FALSE","FALSE","FALSE","http://www.inaturalist.org/observations/3250369"
"157","Liriodendron tulipifera","Plantae","TRUE","FALSE","FALSE","FALSE","http://www.inaturalist.org/observations/3246652"
"158","Liriodendron tulipifera","Plantae","TRUE","FALSE","FALSE","FALSE","http://www.inaturalist.org/observations/3246762"
"159","Liriodendron tulipifera","Plantae","TRUE","FALSE","FALSE","FALSE","http://www.inaturalist.org/observations/3233272"
"160","Liriodendron tulipifera","Plantae","TRUE","FALSE","FALSE","FALSE","http://www.inaturalist.org/observations/3224821"
"161","Liriodendron tulipifera","Plantae","TRUE","FALSE","FALSE","FALSE","http://www.inaturalist.org/observations/3225413"
"162","Liriodendron tulipifera","Plantae","TRUE","FALSE","FALSE","FALSE","http://www.inaturalist.org/observations/3222522"
"163","Liriodendron tulipifera","Plantae","TRUE","FALSE","FALSE","FALSE","http://www.inaturalist.org/observations/3222658"
"164","Liriodendron tulipifera","Plantae","TRUE","FALSE","FALSE","FALSE","http://www.inaturalist.org/observations/3222233"
"165","Liriodendron tulipifera","Plantae","TRUE","FALSE","FALSE","FALSE","http://www.inaturalist.org/observations/3222022"
"166","Liriodendron tulipifera","Plantae","TRUE","FALSE","FALSE","FALSE","http://www.inaturalist.org/observations/3222034"
"167","Lonicera japonica","Plantae","TRUE","FALSE","FALSE","TRUE","http://www.inaturalist.org/observations/3245618"
"168","Lonicera japonica","Plantae","TRUE","FALSE","FALSE","TRUE","http://www.inaturalist.org/observations/3231484"
"169","Lonicera japonica","Plantae","TRUE","FALSE","FALSE","TRUE","http://www.inaturalist.org/observations/3222466"
"170","Lonicera maackii","Plantae","TRUE","FALSE","FALSE","TRUE","http://www.inaturalist.org/observations/3234408"
"171","Maianthemum racemosum","Plantae","TRUE","FALSE","FALSE","FALSE","http://www.inaturalist.org/observations/3224645"
"172","Medicago lupulina","Plantae","TRUE","FALSE","FALSE","TRUE","http://www.inaturalist.org/observations/3264025"
"173","Morus alba","Plantae","TRUE","FALSE","FALSE","TRUE","http://www.inaturalist.org/observations/3245631"
"174","Onoclea sensibilis","Plantae","TRUE","FALSE","FALSE","FALSE","http://www.inaturalist.org/observations/3222418"
"175","Osmorhiza claytonii","Plantae","TRUE","FALSE","FALSE","TRUE","http://www.inaturalist.org/observations/3222601"
"176","Oxalis stricta","Plantae","TRUE","FALSE","FALSE","TRUE","http://www.inaturalist.org/observations/3224048"
"177","Parthenocissus quinquefolia","Plantae","TRUE","FALSE","FALSE","TRUE","http://www.inaturalist.org/observations/3234519"
"178","Parthenocissus quinquefolia","Plantae","TRUE","FALSE","FALSE","TRUE","http://www.inaturalist.org/observations/3222936"
"179","Parthenocissus quinquefolia","Plantae","TRUE","FALSE","FALSE","TRUE","http://www.inaturalist.org/observations/3222487"
"180","Parthenocissus quinquefolia","Plantae","TRUE","FALSE","FALSE","TRUE","http://www.inaturalist.org/observations/3222722"
"181","Persicaria perfoliata","Plantae","TRUE","FALSE","FALSE","TRUE","http://www.inaturalist.org/observations/3243628"
"182","Persicaria perfoliata","Plantae","TRUE","FALSE","FALSE","TRUE","http://www.inaturalist.org/observations/3232167"
"183","Persicaria virginiana","Plantae","TRUE","FALSE","FALSE","TRUE","http://www.inaturalist.org/observations/3223516"
"184","Phytolacca americana","Plantae","TRUE","FALSE","FALSE","FALSE","http://www.inaturalist.org/observations/3220946"
"185","Plantago lanceolata","Plantae","TRUE","FALSE","FALSE","TRUE","http://www.inaturalist.org/observations/3231961"
"186","Plantago lanceolata","Plantae","TRUE","FALSE","FALSE","TRUE","http://www.inaturalist.org/observations/3232777"
"187","Platanus occidentalis","Plantae","TRUE","FALSE","FALSE","TRUE","http://www.inaturalist.org/observations/3233105"
"188","Podophyllum peltatum","Plantae","TRUE","FALSE","FALSE","FALSE","http://www.inaturalist.org/observations/3266749"
"189","Podophyllum peltatum","Plantae","TRUE","FALSE","FALSE","FALSE","http://www.inaturalist.org/observations/3227729"
"190","Podophyllum peltatum","Plantae","TRUE","FALSE","FALSE","FALSE","http://www.inaturalist.org/observations/3224686"
"191","Podophyllum peltatum","Plantae","TRUE","FALSE","FALSE","FALSE","http://www.inaturalist.org/observations/3222635"
"192","Podophyllum peltatum","Plantae","TRUE","FALSE","FALSE","FALSE","http://www.inaturalist.org/observations/3222600"
"193","Podophyllum peltatum","Plantae","TRUE","FALSE","FALSE","FALSE","http://www.inaturalist.org/observations/3222614"
"194","Podophyllum peltatum","Plantae","TRUE","FALSE","FALSE","FALSE","http://www.inaturalist.org/observations/3222238"
"195","Polystichum acrostichoides","Plantae","TRUE","FALSE","FALSE","TRUE","https://www.inaturalist.org/observations/27114688"
"196","Polystichum acrostichoides","Plantae","TRUE","FALSE","FALSE","TRUE","http://www.inaturalist.org/observations/3224434"
"197","Polystichum acrostichoides","Plantae","TRUE","FALSE","FALSE","TRUE","http://www.inaturalist.org/observations/3222618"
"198","Polystichum acrostichoides","Plantae","TRUE","FALSE","FALSE","TRUE","http://www.inaturalist.org/observations/3222895"
"199","Polystichum acrostichoides","Plantae","TRUE","FALSE","FALSE","TRUE","http://www.inaturalist.org/observations/3223063"
"200","Polystichum acrostichoides","Plantae","TRUE","FALSE","FALSE","TRUE","http://www.inaturalist.org/observations/3223212"
"201","Polystichum acrostichoides","Plantae","TRUE","FALSE","FALSE","TRUE","http://www.inaturalist.org/observations/3223229"
"202","Polystichum acrostichoides","Plantae","TRUE","FALSE","FALSE","TRUE","http://www.inaturalist.org/observations/3221002"
"203","Polystichum acrostichoides","Plantae","TRUE","FALSE","FALSE","TRUE","http://www.inaturalist.org/observations/3221005"
"204","Potentilla indica","Plantae","FALSE","FALSE","FALSE","FALSE","http://www.inaturalist.org/observations/3225034"
"205","Potentilla indica","Plantae","FALSE","FALSE","FALSE","FALSE","http://www.inaturalist.org/observations/3226108"
"206","Potentilla indica","Plantae","FALSE","FALSE","FALSE","FALSE","http://www.inaturalist.org/observations/3222732"
"207","Potentilla indica","Plantae","FALSE","FALSE","FALSE","FALSE","http://www.inaturalist.org/observations/3223435"
"208","Prunus virginiana","Plantae","TRUE","FALSE","FALSE","FALSE","http://www.inaturalist.org/observations/3252356"
"209","Quercus alba","Plantae","TRUE","FALSE","FALSE","TRUE","http://www.inaturalist.org/observations/3529134"
"210","Quercus alba","Plantae","TRUE","FALSE","FALSE","TRUE","http://www.inaturalist.org/observations/3252190"
"211","Quercus alba","Plantae","TRUE","FALSE","FALSE","TRUE","http://www.inaturalist.org/observations/3249081"
"212","Quercus alba","Plantae","TRUE","FALSE","FALSE","TRUE","http://www.inaturalist.org/observations/3249083"
"213","Quercus alba","Plantae","TRUE","FALSE","FALSE","TRUE","http://www.inaturalist.org/observations/3243210"
"214","Quercus falcata","Plantae","TRUE","FALSE","FALSE","TRUE","http://www.inaturalist.org/observations/3529133"
"215","Quercus falcata","Plantae","TRUE","FALSE","FALSE","TRUE","http://www.inaturalist.org/observations/3234023"
"216","Quercus montana","Plantae","TRUE","FALSE","FALSE","TRUE","http://www.inaturalist.org/observations/3252161"
"217","Quercus montana","Plantae","TRUE","FALSE","FALSE","TRUE","http://www.inaturalist.org/observations/3245117"
"218","Quercus phellos","Plantae","TRUE","FALSE","FALSE","FALSE","http://www.inaturalist.org/observations/3233909"
"219","Quercus stellata","Plantae","TRUE","FALSE","FALSE","TRUE","http://www.inaturalist.org/observations/3529135"
"220","Quercus stellata","Plantae","TRUE","FALSE","FALSE","TRUE","http://www.inaturalist.org/observations/3249097"
"221","Reynoutria japonica","Plantae","FALSE","FALSE","TRUE","FALSE","http://www.inaturalist.org/observations/3243245"
"222","Robinia pseudoacacia","Plantae","TRUE","FALSE","FALSE","TRUE","http://www.inaturalist.org/observations/3245861"
"223","Robinia pseudoacacia","Plantae","TRUE","FALSE","FALSE","TRUE","http://www.inaturalist.org/observations/3244146"
"224","Robinia pseudoacacia","Plantae","TRUE","FALSE","FALSE","TRUE","http://www.inaturalist.org/observations/3231338"
"225","Rosa multiflora","Plantae","TRUE","FALSE","FALSE","TRUE","http://www.inaturalist.org/observations/3266725"
"226","Rosa multiflora","Plantae","TRUE","FALSE","FALSE","TRUE","http://www.inaturalist.org/observations/3244077"
"227","Rosa multiflora","Plantae","TRUE","FALSE","FALSE","TRUE","http://www.inaturalist.org/observations/3234467"
"228","Rubus phoenicolasius","Plantae","TRUE","FALSE","FALSE","FALSE","http://www.inaturalist.org/observations/3249098"
"229","Rubus phoenicolasius","Plantae","TRUE","FALSE","FALSE","FALSE","http://www.inaturalist.org/observations/3243335"
"230","Rubus phoenicolasius","Plantae","TRUE","FALSE","FALSE","FALSE","http://www.inaturalist.org/observations/3222643"
"231","Rubus phoenicolasius","Plantae","TRUE","FALSE","FALSE","FALSE","http://www.inaturalist.org/observations/3222446"
"232","Rubus phoenicolasius","Plantae","TRUE","FALSE","FALSE","FALSE","http://www.inaturalist.org/observations/3222661"
"233","Rumex acetosella","Plantae","TRUE","FALSE","FALSE","TRUE","http://www.inaturalist.org/observations/3232317"
"234","Salvia lyrata","Plantae","TRUE","FALSE","FALSE","FALSE","http://www.inaturalist.org/observations/3269568"
"235","Salvia lyrata","Plantae","TRUE","FALSE","FALSE","FALSE","http://www.inaturalist.org/observations/3263842"
"236","Salvia lyrata","Plantae","TRUE","FALSE","FALSE","FALSE","http://www.inaturalist.org/observations/3234038"
"237","Salvia lyrata","Plantae","TRUE","FALSE","FALSE","FALSE","http://www.inaturalist.org/observations/3234040"
"238","Salvia lyrata","Plantae","TRUE","FALSE","FALSE","FALSE","http://www.inaturalist.org/observations/3236734"
"239","Sanguinaria canadensis","Plantae","TRUE","FALSE","FALSE","TRUE","http://www.inaturalist.org/observations/3224351"
"240","Sassafras albidum","Plantae","TRUE","FALSE","FALSE","TRUE","http://www.inaturalist.org/observations/3243490"
"241","Sassafras albidum","Plantae","TRUE","FALSE","FALSE","TRUE","http://www.inaturalist.org/observations/3238698"
"242","Smilax rotundifolia","Plantae","TRUE","FALSE","FALSE","TRUE","http://www.inaturalist.org/observations/3233945"
"243","Stellaria media","Plantae","TRUE","FALSE","FALSE","TRUE","http://www.inaturalist.org/observations/3232050"
"244","Stellaria media","Plantae","TRUE","FALSE","FALSE","TRUE","http://www.inaturalist.org/observations/3232891"
"245","Stellaria pubera","Plantae","TRUE","FALSE","FALSE","TRUE","http://www.inaturalist.org/observations/3224613"
"246","Toxicodendron radicans","Plantae","TRUE","FALSE","FALSE","FALSE","http://www.inaturalist.org/observations/3234885"
"247","Toxicodendron radicans","Plantae","TRUE","FALSE","FALSE","FALSE","http://www.inaturalist.org/observations/3235436"
"248","Toxicodendron radicans","Plantae","TRUE","FALSE","FALSE","FALSE","http://www.inaturalist.org/observations/3231662"
"249","Toxicodendron radicans","Plantae","TRUE","FALSE","FALSE","FALSE","http://www.inaturalist.org/observations/3224074"
"250","Toxicodendron radicans","Plantae","TRUE","FALSE","FALSE","FALSE","http://www.inaturalist.org/observations/3222585"
"251","Toxicodendron radicans","Plantae","TRUE","FALSE","FALSE","FALSE","http://www.inaturalist.org/observations/3223002"
"252","Toxicodendron radicans","Plantae","TRUE","FALSE","FALSE","FALSE","http://www.inaturalist.org/observations/3222295"
"253","Trifolium repens","Plantae","TRUE","FALSE","FALSE","TRUE","http://www.inaturalist.org/observations/3232983"
"254","Trifolium repens","Plantae","TRUE","FALSE","FALSE","TRUE","http://www.inaturalist.org/observations/3230686"
"255","Vaccinium fuscatum","Plantae","FALSE","FALSE","TRUE","FALSE","http://www.inaturalist.org/observations/3249093"
"256","Vaccinium fuscatum","Plantae","FALSE","FALSE","TRUE","FALSE","http://www.inaturalist.org/observations/3243130"
"257","Verbesina alternifolia","Plantae","TRUE","FALSE","FALSE","TRUE","http://www.inaturalist.org/observations/3224266"
"258","Veronica arvensis","Plantae","TRUE","FALSE","FALSE","FALSE","http://www.inaturalist.org/observations/3226083"
"259","Veronica arvensis","Plantae","TRUE","FALSE","FALSE","FALSE","http://www.inaturalist.org/observations/3222085"
"260","Veronica persica","Plantae","TRUE","FALSE","FALSE","TRUE","http://www.inaturalist.org/observations/3225952"
"261","Viburnum acerifolium","Plantae","TRUE","FALSE","FALSE","TRUE","http://www.inaturalist.org/observations/3235329"
"262","Viburnum acerifolium","Plantae","TRUE","FALSE","FALSE","TRUE","http://www.inaturalist.org/observations/3236769"
"263","Viburnum dentatum","Plantae","TRUE","FALSE","FALSE","FALSE","http://www.inaturalist.org/observations/3249073"
"264","Viburnum dilatatum","Plantae","TRUE","FALSE","FALSE","FALSE","http://www.inaturalist.org/observations/3223213"
"265","Viburnum plicatum","Plantae","TRUE","FALSE","FALSE","TRUE","http://www.inaturalist.org/observations/3266718"
"266","Viburnum plicatum","Plantae","TRUE","FALSE","FALSE","TRUE","http://www.inaturalist.org/observations/3223350"
"267","Viburnum prunifolium","Plantae","TRUE","FALSE","FALSE","TRUE","http://www.inaturalist.org/observations/3245477"
"268","Vicia sativa","Plantae","TRUE","FALSE","FALSE","FALSE","http://www.inaturalist.org/observations/3231610"
"269","Vicia sativa","Plantae","TRUE","FALSE","FALSE","FALSE","http://www.inaturalist.org/observations/3226175"
"270","Vinca major","Plantae","FALSE","FALSE","FALSE","FALSE","http://www.inaturalist.org/observations/3249105"
"271","Viola sororia","Plantae","TRUE","FALSE","FALSE","FALSE","http://www.inaturalist.org/observations/3235359"
"272","Carphophis amoenus","Reptilia","TRUE","TRUE","FALSE","FALSE","http://www.inaturalist.org/observations/3249677"
"273","Nerodia sipedon","Reptilia","TRUE","FALSE","FALSE","TRUE","http://www.inaturalist.org/observations/3237275"
"274","Nerodia sipedon","Reptilia","TRUE","FALSE","FALSE","TRUE","http://www.inaturalist.org/observations/3228947"
"275","Nerodia sipedon","Reptilia","TRUE","FALSE","FALSE","TRUE","http://www.inaturalist.org/observations/3226433"
"276","Pantherophis alleghaniensis","Reptilia","FALSE","FALSE","FALSE","TRUE","http://www.inaturalist.org/observations/3227657"
"277","Pantherophis alleghaniensis","Reptilia","FALSE","FALSE","FALSE","TRUE","http://www.inaturalist.org/observations/3227690"
"278","Terrapene carolina","Reptilia","TRUE","TRUE","FALSE","FALSE","http://www.inaturalist.org/observations/3234146"
