"","Iconic.taxon.name","Scientific.name","Common.name"
"1","Actinopterygii","Anguilla rostrata","American Eel"
"2","Actinopterygii","Campostoma anomalum","Central Stoneroller"
"3","Actinopterygii","Dorosoma cepedianum","American Gizzard Shad"
"4","Actinopterygii","Etheostoma blennioides","Greenside Darter"
"5","Actinopterygii","Etheostoma olmstedi","Tessellated Darter"
"6","Actinopterygii","Gambusia holbrooki","Eastern Mosquitofish"
"7","Actinopterygii","Lepomis cyanellus","Green Sunfish"
"8","Actinopterygii","Lepomis gibbosus","Pumpkinseed"
"9","Actinopterygii","Lepomis macrochirus","Bluegill"
"10","Actinopterygii","Notropis procne","swallowtail shiner"
"11","Actinopterygii","Rhinichthys cataractae","Longnose Dace"
"12","Animalia","Armadillidium nasatum","Nosy Pill Woodlouse"
"13","Animalia","Hyloniscus riparius",""
"14","Animalia","Narceus americanus","American Giant Millipede"
"15","Animalia","Oniscus asellus","Common Shiny Woodlouse"
"16","Animalia","Philoscia muscorum","Common Striped Woodlouse"
"17","Arachnida","Acalitus ferrugineum",""
"18","Arachnida","Colonus sylvanus","Sylvan Jumping Spider"
"19","Arachnida","Naphrys pulex","Flea Jumping Spider"
"20","Fungi","Artomyces pyxidatus","crown-tipped coral fungus"
"21","Fungi","Dacrymyces stillatus","Jelly Spot Fungus"
"22","Fungi","Pycnoporus cinnabarinus","Northern Cinnabar Polypore"
"23","Fungi","Schizophyllum commune","splitgill mushroom"
"24","Insecta","Achatia distincta","Distinct Quaker"
"25","Insecta","Aphaenogaster picea","Pitch-black Collared Ant"
"26","Insecta","Camponotus castaneus","Chestnut Carpenter Ant"
"27","Insecta","Camponotus chromaiodes","Ferruginous Carpenter Ant"
"28","Insecta","Camponotus pennsylvanicus","Eastern Black Carpenter Ant"
"29","Insecta","Charidotella sexpunctata bicolor","golden tortoise beetle"
"30","Insecta","Chlaenius aestivus",""
"31","Insecta","Cicindela sexguttata","Six-spotted Tiger Beetle"
"32","Insecta","Coccinella septempunctata","Seven-spotted Lady Beetle"
"33","Insecta","Entylia carinata","Keeled Treehopper"
"34","Insecta","Epimecis hortaria","Tulip-tree Beauty"
"35","Insecta","Forficula auricularia","European Earwig"
"36","Insecta","Harmonia axyridis","Asian Lady Beetle"
"37","Insecta","Hormaphis hamamelidis","Witch-hazel Cone Gall Aphid"
"38","Insecta","Hypercompe scribonia","Giant Leopard Moth"
"39","Insecta","Junonia coenia","Common Buckeye"
"40","Insecta","Labidomera clivicollis","Milkweed Leaf Beetle"
"41","Insecta","Leptopterna dolabrata","Meadow Plant Bug"
"42","Insecta","Lithophane antennata","Ashen Pinion Moth"
"43","Insecta","Madarellus undulatus",""
"44","Insecta","Malacosoma americana","Eastern Tent Caterpillar Moth"
"45","Insecta","Malacosoma disstria","Forest Tent Caterpillar Moth"
"46","Insecta","Murgantia histrionica","Harlequin Bug"
"47","Insecta","Odontotaenius disjunctus","Horned Passalus Beetle"
"48","Insecta","Oncometopia orbona","Broad-headed Sharpshooter"
"49","Insecta","Papilio glaucus","Eastern Tiger Swallowtail"
"50","Insecta","Patrobus longicornis",""
"51","Insecta","Phlegyas abbreviatus",""
"52","Insecta","Phyciodes tharos","Pearl Crescent"
"53","Insecta","Platycerus quercus","Oak Stag Beetle"
"54","Insecta","Platydracus maculosus","Brown Rove Beetle"
"55","Insecta","Polistes dominula","European Paper Wasp"
"56","Insecta","Propylea quatuordecimpunctata","Fourteen-spotted Lady Beetle"
"57","Insecta","Pyreferra hesperidago","Mustard Sallow"
"58","Insecta","Rhagio punctipennis",""
"59","Insecta","Rhinoncomimus latipes","Mile-a-minute weevil"
"60","Insecta","Rhyssomatus lineaticollis","Milkweed Stem Weevil"
"61","Insecta","Xylocopa virginica","Eastern Carpenter Bee"
"62","Mollusca","Corbicula fluminea","Asian Clam"
"63","Mollusca","Limax maximus","Leopard Slug"
"64","Mollusca","Philomycus carolinianus","Carolina Mantleslug"
"65","Mollusca","Ventridens ligera","Globose Dome"
"66","Protozoa","Reticularia lycoperdon","False Puffball"
