"","Scientific_name","Iconic_taxa","Match NPSpecies","iNaturalist_Entry_count"
"1","Anaxyrus americanus","Amphibia","Match","3"
"2","Eurycea bislineata","Amphibia","Match","4"
"3","Lithobates clamitans","Amphibia","Match","1"
"4","Plethodon cinereus","Amphibia","Match","6"
"5","Aix sponsa","Aves","Match","2"
"6","Anas platyrhynchos","Aves","Match","5"
"7","Cardinalis cardinalis","Aves","Match","1"
"8","Cathartes aura","Aves","Match","1"
"9","Chaetura pelagica","Aves","Match","1"
"10","Cyanocitta cristata","Aves","Match","2"
"11","Dryocopus pileatus","Aves","Match","1"
"12","Dumetella carolinensis","Aves","Match","2"
"13","Gallus gallus","Aves","No Match","1"
"14","Hirundo rustica","Aves","Match","1"
"15","Icterus galbula","Aves","Match","1"
"16","Melanerpes carolinus","Aves","Match","1"
"17","Mimus polyglottos","Aves","Match","1"
"18","Molothrus ater","Aves","Match","1"
"19","Myiarchus crinitus","Aves","Match","1"
"20","Passer domesticus","Aves","Match","2"
"21","Piranga olivacea","Aves","Match","1"
"22","Poecile carolinensis","Aves","Match","1"
"23","Quiscalus quiscula","Aves","Match","2"
"24","Setophaga citrina","Aves","Match","2"
"25","Spinus tristis","Aves","Match","1"
"26","Strix varia","Aves","Match","1"
"27","Sturnus vulgaris","Aves","Match","2"
"28","Turdus migratorius","Aves","Match","2"
"29","Zenaida macroura","Aves","Match","1"
"30","Eptesicus fuscus","Mammalia","Match","1"
"31","Odocoileus virginianus","Mammalia","Match","7"
"32","Tamias striatus","Mammalia","Match","1"
"33","Acer negundo","Plantae","Match","7"
"34","Acer platanoides","Plantae","Match","1"
"35","Acer rubrum","Plantae","Match","2"
"36","Acer saccharum","Plantae","Match","3"
"37","Achillea millefolium","Plantae","Match","2"
"38","Akebia quinata","Plantae","Match","1"
"39","Alliaria petiolata","Plantae","Match","6"
"40","Allium vineale","Plantae","Match","1"
"41","Amphicarpaea bracteata","Plantae","Match","1"
"42","Apocynum cannabinum","Plantae","Match","2"
"43","Arctium lappa","Plantae","ITIS Match","2"
"44","Arisaema triphyllum","Plantae","Match","1"
"45","Asclepias syriaca","Plantae","Match","3"
"46","Asimina triloba","Plantae","Match","1"
"47","Berberis thunbergii","Plantae","Match","1"
"48","Cardamine concatenata","Plantae","Match","4"
"49","Carpinus caroliniana","Plantae","Match","1"
"50","Carya glabra","Plantae","Match","2"
"51","Celtis occidentalis","Plantae","Match","1"
"52","Chionanthus virginicus","Plantae","Match","1"
"53","Cirsium vulgare","Plantae","Match","1"
"54","Conopholis americana","Plantae","Match","2"
"55","Cornus florida","Plantae","Match","3"
"56","Dactylis glomerata","Plantae","Match","1"
"57","Dioscorea polystachya","Plantae","Match","2"
"58","Diospyros virginiana","Plantae","Match","1"
"59","Erigeron philadelphicus","Plantae","Match","1"
"60","Fagus grandifolia","Plantae","Match","6"
"61","Ficaria verna","Plantae","ITIS Match","1"
"62","Galium aparine","Plantae","Match","2"
"63","Gaylussacia baccata","Plantae","Match","1"
"64","Glechoma hederacea","Plantae","Match","5"
"65","Hamamelis virginiana","Plantae","Match","2"
"66","Hedera helix","Plantae","Match","7"
"67","Hibiscus syriacus","Plantae","Match","1"
"68","Ilex cornuta","Plantae","ITIS Match","1"
"69","Ilex opaca","Plantae","Match","2"
"70","Juglans nigra","Plantae","Match","2"
"71","Kalmia latifolia","Plantae","Match","1"
"72","Ligustrum vulgare","Plantae","Match","1"
"73","Lindera benzoin","Plantae","Match","5"
"74","Liquidambar styraciflua","Plantae","Match","1"
"75","Liriodendron tulipifera","Plantae","Match","14"
"76","Lonicera japonica","Plantae","Match","3"
"77","Lonicera maackii","Plantae","Match","1"
"78","Maianthemum racemosum","Plantae","Match","1"
"79","Medicago lupulina","Plantae","Match","1"
"80","Morus alba","Plantae","Match","1"
"81","Onoclea sensibilis","Plantae","Match","1"
"82","Osmorhiza claytonii","Plantae","Match","1"
"83","Oxalis stricta","Plantae","Match","1"
"84","Parthenocissus quinquefolia","Plantae","Match","4"
"85","Persicaria perfoliata","Plantae","Match","2"
"86","Persicaria virginiana","Plantae","Match","1"
"87","Phytolacca americana","Plantae","Match","1"
"88","Plantago lanceolata","Plantae","Match","2"
"89","Platanus occidentalis","Plantae","Match","1"
"90","Podophyllum peltatum","Plantae","Match","7"
"91","Polystichum acrostichoides","Plantae","Match","9"
"92","Potentilla indica","Plantae","No Match","4"
"93","Prunus virginiana","Plantae","Match","1"
"94","Quercus alba","Plantae","Match","5"
"95","Quercus falcata","Plantae","Match","2"
"96","Quercus montana","Plantae","Match","2"
"97","Quercus phellos","Plantae","Match","1"
"98","Quercus stellata","Plantae","Match","2"
"99","Reynoutria japonica","Plantae","ITIS Match","1"
"100","Robinia pseudoacacia","Plantae","Match","3"
"101","Rosa multiflora","Plantae","Match","3"
"102","Rubus phoenicolasius","Plantae","Match","5"
"103","Rumex acetosella","Plantae","Match","1"
"104","Salvia lyrata","Plantae","Match","5"
"105","Sanguinaria canadensis","Plantae","Match","1"
"106","Sassafras albidum","Plantae","Match","2"
"107","Smilax rotundifolia","Plantae","Match","1"
"108","Stellaria media","Plantae","Match","2"
"109","Stellaria pubera","Plantae","Match","1"
"110","Toxicodendron radicans","Plantae","Match","7"
"111","Trifolium repens","Plantae","Match","2"
"112","Vaccinium fuscatum","Plantae","ITIS Match","2"
"113","Verbesina alternifolia","Plantae","Match","1"
"114","Veronica arvensis","Plantae","Match","2"
"115","Veronica persica","Plantae","Match","1"
"116","Viburnum acerifolium","Plantae","Match","2"
"117","Viburnum dentatum","Plantae","Match","1"
"118","Viburnum dilatatum","Plantae","Match","1"
"119","Viburnum plicatum","Plantae","Match","2"
"120","Viburnum prunifolium","Plantae","Match","1"
"121","Vicia sativa","Plantae","Match","2"
"122","Vinca major","Plantae","No Match","1"
"123","Viola sororia","Plantae","Match","1"
"124","Carphophis amoenus","Reptilia","Match","1"
"125","Nerodia sipedon","Reptilia","Match","3"
"126","Pantherophis alleghaniensis","Reptilia","ITIS Match","2"
"127","Terrapene carolina","Reptilia","Match","1"
"128","Rhinoncomimus latipes","Insecta","Table 4","2"
"129","Charidotella sexpunctata bicolor","Insecta","Table 4","2"
"130","Cicindela sexguttata","Insecta","Table 4","4"
"131","Rhyssomatus lineaticollis","Insecta","Table 4","1"
"132","Oniscus asellus","Animalia","Table 4","3"
"133","Naphrys pulex","Arachnida","Table 4","2"
"134","Chlaenius aestivus","Insecta","Table 4","4"
"135","Camponotus castaneus","Insecta","Table 4","4"
"136","Patrobus longicornis","Insecta","Table 4","2"
"137","Platycerus quercus","Insecta","Table 4","4"
"138","Ventridens ligera","Mollusca","Table 4","2"
"139","Camponotus chromaiodes","Insecta","Table 4","2"
"140","Hyloniscus riparius","Animalia","Table 4","2"
"141","Philoscia muscorum","Animalia","Table 4","1"
"142","Aphaenogaster picea","Insecta","Table 4","2"
"143","Camponotus pennsylvanicus","Insecta","Table 4","1"
"144","Reticularia lycoperdon","Protozoa","Table 4","1"
"145","Rhagio punctipennis","Insecta","Table 4","4"
"146","Schizophyllum commune","Fungi","Table 4","2"
"147","Acalitus ferrugineum","Arachnida","Table 4","2"
"148","Hormaphis hamamelidis","Insecta","Table 4","5"
"149","Coccinella septempunctata","Insecta","Table 4","14"
"150","Harmonia axyridis","Insecta","Table 4","7"
"151","Narceus americanus","Animalia","Table 4","14"
"152","Odontotaenius disjunctus","Insecta","Table 4","5"
"153","Armadillidium nasatum","Animalia","Table 4","1"
"154","Dacrymyces stillatus","Fungi","Table 4","1"
"155","Lithophane antennata","Insecta","Table 4","1"
"156","Achatia distincta","Insecta","Table 4","1"
"157","Pyreferra hesperidago","Insecta","Table 4","1"
"158","Colonus sylvanus","Arachnida","Table 4","2"
"159","Phyciodes tharos","Insecta","Table 4","1"
"160","Entylia carinata","Insecta","Table 4","2"
"161","Leptopterna dolabrata","Insecta","Table 4","18"
"162","Phlegyas abbreviatus","Insecta","Table 4","4"
"163","Propylea quatuordecimpunctata","Insecta","Table 4","1"
"164","Forficula auricularia","Insecta","Table 4","1"
"165","Murgantia histrionica","Insecta","Table 4","3"
"166","Platydracus maculosus","Insecta","Table 4","2"
"167","Limax maximus","Mollusca","Table 4","2"
"168","Philomycus carolinianus","Mollusca","Table 4","3"
"169","Papilio glaucus","Insecta","Table 4","2"
"170","Gambusia holbrooki","Actinopterygii","Table 4","1"
"171","Etheostoma blennioides","Actinopterygii","Table 4","4"
"172","Etheostoma olmstedi","Actinopterygii","Table 4","2"
"173","Campostoma anomalum","Actinopterygii","Table 4","2"
"174","Rhinichthys cataractae","Actinopterygii","Table 4","2"
"175","Anguilla rostrata","Actinopterygii","Table 4","3"
"176","Notropis procne","Actinopterygii","Table 4","1"
"177","Lepomis cyanellus","Actinopterygii","Table 4","1"
"178","Lepomis macrochirus","Actinopterygii","Table 4","2"
"179","Lepomis gibbosus","Actinopterygii","Table 4","4"
"180","Xylocopa virginica","Insecta","Table 4","2"
"181","Dorosoma cepedianum","Actinopterygii","Table 4","2"
"182","Malacosoma americana","Insecta","Table 4","2"
"183","Malacosoma disstria","Insecta","Table 4","1"
"184","Epimecis hortaria","Insecta","Table 4","1"
"185","Labidomera clivicollis","Insecta","Table 4","4"
"186","Corbicula fluminea","Mollusca","Table 4","3"
"187","Polistes dominula","Insecta","Table 4","1"
"188","Oncometopia orbona","Insecta","Table 4","1"
"189","Junonia coenia","Insecta","Table 4","1"
"190","Madarellus undulatus","Insecta","Table 4","2"
"191","Pycnoporus cinnabarinus","Fungi","Table 4","1"
"192","Artomyces pyxidatus","Fungi","Table 4","1"
"193","Hypercompe scribonia","Insecta","Table 4","1"
