"","Iconic_taxa","iNat_entry","NPSpecies_name","Accepted_TSN","NPS_entry_TSN"
"1","Plantae","Arctium lappa","Arctium nemorosum","36545","36547"
"2","Plantae","Ficaria verna","Ranunculus ficaria","18603","513567"
"3","Plantae","Ilex cornuta","Ilex cornuta var. burfordii","503155","835372"
"4","Plantae","Reynoutria japonica","Fallopia japonica var. japonica","823876","520007"
"5","Plantae","Vaccinium fuscatum","Vaccinium corymbosum","23573","23594"
"6","Reptilia","Pantherophis alleghaniensis","Elaphe obsoleta quadrivittata","1082619","209211"
